1.77458e+09   -0.899487 -0.0592345    2.47332 -0.355086 0.0633765  0.940219
1.77458e+09  -0.888835 -0.132738   2.48078 -0.436873 -0.178323   1.03665
1.77458e+09    -0.7887 -0.110367    2.4861 -0.305281 -0.105081  0.861361
1.77458e+09   -0.722654 -0.0879967    2.47971 -0.372664 -0.154641   1.04666
1.77458e+09   -0.76846 -0.130607   2.47012 -0.335311 0.0580054  0.980014
1.77458e+09   -0.79083 -0.111432   2.44562  -0.297225 -0.0557642   0.947055
1.77458e+09   -0.803614 -0.0890619    2.43497 -0.327254 0.0338354  0.933383
1.77458e+09   -0.844094 -0.0869314    2.43923  -0.388777 -0.0818872    1.01517
1.77458e+09   -0.821723 -0.0911925    2.45202    -0.330916 -0.000588385      1.00052
1.77458e+09   -0.888835 -0.0954535    2.43923 -0.454695 0.0807104  0.959994
1.77458e+09  -0.906944 -0.148717   2.43284 -0.340193 -0.139016  0.926303
1.77458e+09   -0.833441 -0.0858661    2.45202 -0.317244 -0.306252  0.906283
1.77458e+09  -0.683239 -0.139129   2.47012  -0.48741 -0.120217   1.00931
1.77458e+09  -0.656607 -0.211567   2.51167 -0.394637 -0.179543  0.906039
1.77458e+09   -0.46699 -0.134868   2.57985 -0.102156 -0.506936  0.895053
1.77458e+09    -0.20387 -0.0272766    2.60435 -0.0906817  -0.722512    1.03543
1.77458e+09  0.0304885  0.109077    2.6182 0.0526289 -0.309915  0.849643
1.77458e+09  0.0762948  0.146362   2.58304  -0.230086 -0.0262232   0.849154
1.77458e+09  -0.0856254   0.138905     2.5383 -0.133895  0.230613  0.740023
1.77458e+09  -0.127171  0.123991   2.52445 -0.126082   0.13198  0.604037
1.77458e+09  -0.310396  0.225191   2.44136  -0.159773 -0.0987329   0.452182
1.77458e+09  -0.685369  0.249692   2.29116 -0.818953  0.786277   1.07083
1.77458e+09    -1.04649 -0.0475166    2.28051 -0.470076 0.0338354   1.05741
1.77458e+09   -1.11254 0.0121382     2.207  -0.138045 -0.0201196    1.05667
1.77458e+09   -1.08697 -0.101845     2.207 -0.650252 -0.226907   1.24662
1.77458e+09  -0.868595 -0.228612     2.207  -0.16075 -0.685647   1.07547
1.77458e+09  -0.572451 -0.133803   2.23151 -0.393904 -0.368752   1.02518
1.77458e+09   -0.48723 -0.203045   2.29755 -0.383162 -0.237161    1.0701
1.77458e+09  -0.373247 -0.164696   2.33484 -0.131697 -0.259622  0.916293
1.77458e+09  -0.232632 -0.138064    2.3391 -0.192488 -0.409036  0.930941
1.77458e+09   -0.103735 -0.0816051    2.33377 -0.131697 -0.233743  0.864535
1.77458e+09   -0.096278 -0.0144934    2.35934  -0.203963 -0.0210962   0.871371
1.77458e+09  -0.109061 0.0249214   2.34336 -0.135359 -0.199563  0.833773
1.77458e+09  -0.0973433  0.0611404    2.30714 -0.0545489 -0.0777368   0.564486
1.77458e+09  -0.231567   0.18045    2.2347 -0.226912  0.163718  0.769076
1.77458e+09  -0.452076  0.123991   2.19209 -0.280867  0.273337  0.925814
1.77458e+09  -0.622519  0.152753   2.18357 -0.0403887   0.268455   0.678744
1.77458e+09  -0.751416  0.208147   2.14948 -0.116805 0.0355444  0.708529
1.77458e+09  -0.757807  0.292303   2.19103 -0.179549  0.153708  0.773471
1.77458e+09  -0.710936  0.323195   2.21766  -0.30284 -0.179299   1.07791
1.77458e+09  -0.633171  0.258214   2.28051 -0.296004  0.079978  0.988559
1.77458e+09  -0.634237  0.265671   2.33803 -0.0560137  -0.130471   0.805453
1.77458e+09  -0.561799  0.329587   2.31353 -0.151473 -0.293801  0.863559
1.77458e+09  -0.421184  0.314673   2.34229  -0.21202 -0.106545  0.787387
1.77458e+09  -0.32744 0.365806  2.40514 -0.255232  0.138083  0.839389
1.77458e+09  -0.393487  0.329587   2.43178 -0.310408  0.154929   0.90848
1.77458e+09  -0.373247  0.296564   2.44243 -0.251082 0.0103979  0.991977
1.77458e+09  -0.391356  0.256084   2.42645 -0.335311 0.0753393  0.959018
1.77458e+09  -0.376443  0.237974   2.44562 -0.358016  0.189841  0.981234
1.77458e+09  -0.514927  0.154884   2.47971 -0.280867 0.0260229   1.01883
1.77458e+09  -0.514927  0.154884   2.47971 -0.280867 0.0260229   1.01883
1.77458e+09  -0.56819 0.150623   2.3636 -0.273055 0.0772925  0.820102
1.77458e+09  -0.56819 0.150623   2.3636 -0.273055 0.0772925  0.820102
1.77458e+09  -0.481904  0.102686   2.40727 -0.270613 -0.168801  0.999301
1.77458e+09  -0.481904  0.102686   2.40727 -0.270613 -0.168801  0.999301
1.77458e+09  -0.308266 0.0238561    2.4094  -0.289412 -0.0557642   0.945102
1.77458e+09  -0.308266 0.0238561    2.4094  -0.289412 -0.0557642   0.945102
1.77458e+09  -0.298678 0.0387698   2.41154 -0.376814  0.081687   1.00028
1.77458e+09  -0.298678 0.0387698   2.41154 -0.376814  0.081687   1.00028
1.77458e+09  -0.344485 0.0451614   2.37425   -0.331404 -0.00229737      1.0452
1.77458e+09  -0.344485 0.0451614   2.37425   -0.331404 -0.00229737      1.0452
1.77458e+09  -0.469121 0.0132035   2.31779  -0.14952 0.0123511  0.859164
1.77458e+09  -0.469121 0.0132035   2.31779  -0.14952 0.0123511  0.859164
1.77458e+09   -0.496817 -0.0507124     2.3114  -0.257674 -0.0333032    1.00345
1.77458e+09   -0.496817 -0.0507124     2.3114  -0.257674 -0.0333032    1.00345
1.77458e+09   -0.50747 -0.041125   2.28264   -0.3441 0.0731421  0.915805
1.77458e+09   -0.50747 -0.041125   2.28264   -0.3441 0.0731421  0.915805
1.77458e+09  -0.526645 0.0398351   2.30714  -0.295027 0.00697997   0.938021
1.77458e+09  -0.526645 0.0398351   2.30714  -0.295027 0.00697997   0.938021
1.77458e+09  -0.579908 0.0600751   2.27305 -0.363875 -0.317727     1.095
1.77458e+09  -0.579908 0.0600751   2.27305 -0.363875 -0.317727     1.095
1.77458e+09  -0.0717769  -0.189197    2.08876  -1.03477 -0.995461   2.39676
1.77458e+09  -0.0717769  -0.189197    2.08876  -1.03477 -0.995461   2.39676
1.77458e+09    0.34048 -0.568431   1.88423 -0.368514 -0.790383   1.34452
1.77458e+09    0.34048 -0.568431   1.88423 -0.368514 -0.790383   1.34452
1.77458e+09  0.319175 -0.68348  1.65626 -0.228621 -0.204202  0.898227
1.77458e+09  0.319175 -0.68348  1.65626 -0.228621 -0.204202  0.898227
1.77458e+09  -0.0419495  -0.495993    1.29514 -0.228133  0.229392  0.949496
1.77458e+09  -0.0419495  -0.495993    1.29514 -0.228133  0.229392  0.949496
1.77458e+09  -0.633171 -0.180675  0.899925  -0.190047 -0.0887232    1.07938
1.77458e+09  -0.633171 -0.180675  0.899925  -0.190047 -0.0887232    1.07938
1.77458e+09     -0.549015 -0.000644969     0.546257  -0.10118 -0.304788  0.976107
1.77458e+09  -0.484034 -0.020885  0.452514 -0.302107 -0.492776   1.11209
1.77458e+09   -0.409466 -0.0198197    0.33427 -0.126326 -0.370461  0.934604
1.77458e+09   -0.409466 -0.0198197    0.33427 -0.126326 -0.370461  0.934604
1.77458e+09  -0.359398 -0.020885  0.172349  -0.336775 -0.0809107   0.854525
1.77458e+09   -0.323179 -0.0581692   0.165958    -0.192 -0.409524  0.875277
1.77458e+09  -0.209196 -0.119955 0.0722145 -0.305037 -0.497415   1.03104
1.77458e+09  -0.113322 -0.196654 0.0221471 -0.148543   -0.2147  0.846713
1.77458e+09  -0.0653853  -0.189197  0.0455829  -0.291854 -0.0472192   0.785678
1.77458e+09  -0.0291663  -0.247786  0.0274734 -0.227645 -0.245706  0.781283
1.77458e+09   0.00598739   -0.224351 -0.00341925 -0.0801836  -0.185647   0.661898
1.77458e+09  -0.00892632   -0.186001  -0.0343119  -0.142684 -0.0560083   0.707553
1.77458e+09  -0.0291663  -0.159369 -0.0311161 -0.125838 -0.105081  0.713656
1.77458e+09  -0.0110568   -0.10291  -0.038573 -0.0821368  -0.161477   0.674594
1.77458e+09  -0.00146946  -0.0294071  -0.0630741 -0.110457 -0.182961  0.724154
1.77458e+09  -0.0163832  0.0249214 -0.0673351 -0.0943438 -0.0789575   0.725619
1.77458e+09  -0.0462106  0.0984246 -0.0662699 -0.110945 -0.158792  0.826937
1.77458e+09  -0.0206442    0.11973 -0.0652046 -0.191512 -0.157083  0.913363
1.77458e+09  -0.00253473    0.131448  -0.0779878 -0.193709 -0.169534  0.957309
1.77458e+09   0.0464674   0.128252 -0.0779878 -0.22618 -0.14219  1.02323
1.77458e+09   0.0336843   0.103751 -0.0822488 -0.267928 -0.189797   1.06839
1.77458e+09   0.0816212  0.0813804 -0.0801183 -0.229109 -0.102395  0.994662
1.77458e+09   0.0656422  0.0845762 -0.0865099 -0.230086 -0.108499  0.993441
1.77458e+09   0.0901433  0.0654014 -0.0854446  -0.251082 -0.0394067    1.02762
1.77458e+09   0.0997307  0.0483572 -0.0854446  -0.268904 -0.0667505    1.07498
1.77458e+09   0.0443369  0.0323782 -0.0865099 -0.283797 0.0599585    1.0784
1.77458e+09    0.012379 0.00894241  -0.079053 -0.253523 0.0562964   1.09574
1.77458e+09   0.00811792 0.000420297  -0.0652046 -0.280135 0.0089331   1.12479
1.77458e+09    0.048598 -0.0315376 -0.0534867  -0.273055 -0.0127954    1.09403
1.77458e+09   0.0294232 -0.0187545 -0.0481604 -0.241805 0.0465308   1.04642
1.77458e+09   0.0432716 -0.0230155 -0.0300509 -0.254012 0.0619116   1.02787
1.77458e+09   0.0358148 -0.0251461 -0.0289856 -0.227156  0.050437    1.0015
1.77458e+09   0.0475327 -0.0198197 -0.0151372 -0.217879 0.0953589  0.941439
1.77458e+09   0.0272927 -0.0155587 -0.0247245 -0.226668   0.11074  0.936557
1.77458e+09   -0.0004042 -0.00916708  -0.0257898 -0.213484 0.0843726  0.921908
1.77458e+09  0.000661066  -0.0102323  -0.0204635 -0.221785 0.0475073  0.928744
1.77458e+09  0.000661066  -0.0134281  -0.0193982  -0.22325 0.0558081  0.923861
1.77458e+09   0.0209011 -0.0198197 -0.0268551 -0.229109 0.0416479  0.938021
1.77458e+09     0.01664 -0.0262113 -0.0257898 -0.225203 0.0416479  0.925082
1.77458e+09  0.00705265 -0.0187545 -0.0289856 -0.204939  0.039939   0.91434
1.77458e+09   0.0102484 -0.0166239 -0.0343119 -0.218367  0.067771  0.924594
1.77458e+09   -0.0163832 -0.00916708  -0.0353772 -0.219832 0.0567847  0.941684
1.77458e+09    0.012379 -0.0112976 -0.0364424 -0.205916 0.0572729  0.940707
1.77458e+09  -0.0153179 0.00148556 -0.0364424 -0.217635 0.0697241   0.96268
1.77458e+09  0.000661066 -0.00171023  -0.0353772 -0.227645 0.0609351  0.980258
1.77458e+09  0.00172633 0.00255083 -0.0353772 -0.222029 0.0443335  0.986117
1.77458e+09  -0.00679579  0.00361609  -0.0343119 -0.229842 0.0401831  0.997836
1.77458e+09  -0.0259705 0.00574662 -0.0236593 -0.236189 0.0328589   1.01517
1.77458e+09  -0.0376885 0.00361609 -0.0204635  -0.24034 0.0252905   1.00663
1.77458e+09    -0.0355579 -0.000644969   -0.0162024 -0.237898 0.0186987  0.999789
1.77458e+09   -0.0344927 -0.00490603  -0.0130066 -0.235457 0.0113745  0.994418
1.77458e+09   -0.0366232 -0.00703656  -0.0076803 -0.232039 0.0121069  0.978061
1.77458e+09  -0.00573052  -0.0134281  0.00190707   -0.223982 -0.00693604    0.968295
1.77458e+09   -0.0227748  -0.0144934 -0.00235398 -0.228865 -0.015481  0.964389
1.77458e+09  -0.0344927 -0.0144934 0.00190707  -0.223982 -0.0127954   0.960238
1.77458e+09   -0.0430148 -0.00916708    0.013625  -0.224715 -0.0215845   0.954135
1.77458e+09  -0.0323621 -0.0112976   0.017886  -0.219588 -0.0413599   0.973178
1.77458e+09  -0.0387537 -0.0155587  0.0104292  -0.231063 -0.0303735   0.977328
1.77458e+09  -0.0249053 -0.0251461  0.0125597  -0.219588 -0.0345239   0.967807
1.77458e+09    -0.02384 -0.0251461  0.0104292 -0.216414 -0.057229  0.964389
1.77458e+09  -0.0206442 -0.0230155  0.0157555  -0.219588 -0.0513696   0.967562
1.77458e+09  -0.00573052  -0.0230155   0.0189513  -0.212508 -0.0542993   0.967074
1.77458e+09  -0.00359999   -0.020885   0.0189513  -0.211775 -0.0455103   0.966342
1.77458e+09  -0.0163832 -0.0166239  0.0146903  -0.216414 -0.0438013   0.973422
1.77458e+09  -0.00466526  -0.0166239   0.0221471  -0.218856 -0.0501489   0.980746
1.77458e+09  -0.0249053 -0.0123629  0.0232124  -0.216902 -0.0491724   0.980502
1.77458e+09  -0.0323621 -0.0102323  0.0242776  -0.210311 -0.0596704   0.979525
1.77458e+09  0.00705265 -0.0166239  0.0285387  -0.216414 -0.0582056   0.979037
1.77458e+09  -0.00573052  -0.0134281   0.0253429  -0.209578 -0.0528345   0.966342
1.77458e+09  -0.00253473 -0.00916708   0.0264082  -0.210799 -0.0462427   0.966342
1.77458e+09  0.00918318 -0.0123629  0.0274734  -0.210311 -0.0501489   0.965121
1.77458e+09   -0.0153179 -0.00703656    0.017886  -0.209578 -0.0494165   0.967807
1.77458e+09   -0.0217095 -0.00703656   0.0157555   -0.21324 -0.0445337     0.9639
1.77458e+09   -0.0004042 -0.00810182   0.0232124  -0.205916 -0.0440454   0.963412
1.77458e+09   0.0113137 -0.0102323   0.013625  -0.210799 -0.0337915    0.96683
1.77458e+09   0.0336843 -0.0176892 0.00829866  -0.207869 -0.0281763   0.965365
1.77458e+09  -0.00466526 -0.00703656  0.00510287  -0.207137 -0.0257349   0.967318
1.77458e+09  -0.00892632 -0.00703656  0.00616813  -0.211775 -0.0149927   0.973666
1.77458e+09     0.0187706   -0.0155587 -0.000223458  -0.210066 -0.0159692   0.977328
1.77458e+09   0.0304885 -0.0144934  0.0040376   -0.211043 -0.00840088    0.977816
1.77458e+09     0.0198358   -0.0123629 -0.000223458   -0.211043 -0.00595948    0.980746
1.77458e+09    0.0145095  -0.0112976 -0.00341925    -0.210799 -0.000344244     0.980014
1.77458e+09   0.00385686 -0.00916708  0.00297233  -0.210066 0.00697997   0.979525
1.77458e+09   0.0209011 -0.0134281 0.00297233 -0.209822 0.0103979  0.977084
1.77458e+09   0.00705265 -0.00810182  0.00190707 -0.211043 0.0125952  0.978061
1.77458e+09  -0.00786105 -0.00490603  0.00616813 -0.208357 0.0204077  0.971713
1.77458e+09  -0.00679579 -0.00384076    0.013625 -0.203719 0.0143042  0.966342
1.77458e+09   0.0145095 -0.0102323  0.0125597 -0.208846 0.0196753  0.969516
1.77458e+09   0.00279159 -0.00703656   0.0104292 -0.205672 0.0152808  0.967074
1.77458e+09  -0.00786105 -0.00597129   0.0104292 -0.204451 0.0167456  0.964877
1.77458e+09  -0.00679579 -0.00384076   0.0125597 -0.207381 0.0165015  0.968295
1.77458e+09   0.0145095 -0.0102323  0.0072334  -0.205916 0.00942138   0.968295
1.77458e+09    0.0187706 -0.00916708    0.013625 -0.207381 0.0145483  0.967807
1.77458e+09   0.00811792 -0.00703656  0.00510287 -0.206404 0.0133276  0.965365
1.77458e+09  -0.00999158  -0.0027755  0.00616813  -0.207381 0.00575927   0.971713
1.77458e+09     0.012379 -0.00703656   0.0072334  -0.207869 0.00795654   0.973178
1.77458e+09  -0.0344927 0.00255083 0.00829866   -0.207381 -0.00327393    0.971469
1.77458e+09  -0.0344927 0.00148556  0.0040376   -0.210066 -0.00742432    0.974643
1.77458e+09   0.00492212 -0.00490603  0.00510287   -0.211287 -0.00620362    0.978793
1.77458e+09   -0.0110568 -0.00171023  0.00936393  -0.211287 -0.0115747   0.979281
1.77458e+09   -0.0259705 -0.00384076  0.00616813  -0.212264 -0.0281763   0.963412
1.77458e+09  -0.0206442 -0.0027755 -0.0130066  -0.191023 -0.0484399   0.960727
1.77458e+09    -0.0206442 -0.000644969   -0.0204635  -0.218123 -0.0235376   0.991488
1.77458e+09    -0.019579 -0.00597129  -0.0343119  -0.192488 -0.0738306   0.964389
1.77458e+09   0.00705265 0.000420297  -0.0460298  -0.195662 -0.0845728   0.969516
1.77458e+09    0.0209011 -0.00171023  -0.0524214  -0.223494 -0.0303735   0.977816
1.77458e+09   0.0177053 0.00255083 -0.0566825  -0.200789 -0.0511255   0.961459
1.77458e+09   0.0294232 0.00148556 -0.0630741  -0.202986 -0.0318384   0.975863
1.77458e+09  -0.0185137 0.00148556 -0.0684004  -0.235701 -0.0364771   0.977084
1.77458e+09   -0.00679579 -0.000644969   -0.0992931 -0.158797 -0.119485   0.96976
1.77458e+09  -0.0142526 0.00787715   -0.12912  -0.220809 -0.0247583    1.00174
1.77458e+09   -0.0249053 -0.00810182   -0.134447  -0.220076 -0.0726099   0.993441
1.77458e+09   0.00385686 -0.00916708   -0.160013 -0.182967 -0.208596  0.995883
1.77458e+09    0.0837517 -0.00703656   -0.190906 -0.194686 -0.124368   1.00907
1.77458e+09   0.0933391 -0.0230155  -0.222864  -0.207381 -0.0562524   0.998568
1.77458e+09    0.0880128 -0.00597129   -0.244169  -0.163436 -0.0677271    0.94559
1.77458e+09   0.0358148 0.00468135  -0.273996  -0.220809 -0.0977564    1.02371
1.77458e+09   0.0400758 -0.0123629  -0.317672 -0.175154 -0.101418   1.01273
1.77458e+09    0.0422064 -0.00810182   -0.364544  -0.166121 -0.0267114   0.915561
1.77458e+09  0.0145095 0.0217256 -0.394371  -0.185164 -0.0843286   0.987094
1.77458e+09  -0.0121221  0.0100077  -0.423133   -0.23741 -0.0413599    1.04007
1.77458e+09   -0.0153179 -0.00490603   -0.466809 -0.123885 -0.165383   0.98807
1.77458e+09  0.0272927 0.0270519 -0.507289 -0.202986 -0.148293  0.983676
1.77458e+09  0.0187706 0.0163993 -0.526464 -0.244734 -0.112893   1.00833
1.77458e+09  0.0251621 0.0377046 -0.543508 -0.171736 -0.058938   1.00882
1.77458e+09  0.0187706 0.0281172 -0.585054 -0.207869 -0.199075   1.05081
1.77458e+09  0.0560548 0.0259866 -0.613816 -0.185164 -0.138284  0.957797
1.77458e+09  0.0773601 0.0483572 -0.634056 -0.239852 -0.113625  0.987582
1.77458e+09   0.134884 0.0206603 -0.639382  -0.230086 -0.0770044    1.01737
1.77458e+09    0.11784 0.0409003 -0.675601 -0.125838  -0.17051  0.994906
1.77458e+09   0.161516 0.0611404 -0.705429 -0.238387 -0.109719  0.971713
1.77458e+09   0.148733 0.0579446 -0.722473   -0.22032 -0.0789575   0.941439
1.77458e+09   0.155124 0.0909678 -0.738452 -0.182479 -0.045022  0.925814
1.77458e+09   0.181756   0.10162 -0.767214 -0.161238 -0.131204  0.981723
1.77458e+09   0.225432  0.141035 -0.802368 -0.158064 -0.164895  0.907992
1.77458e+09   0.247802  0.181515 -0.818347  -0.19908 -0.121194  0.909945
1.77458e+09   0.269108  0.214538 -0.828999  -0.222029 -0.0906763   0.951449
1.77458e+09  0.306392 0.217734 -0.87374 -0.217879 -0.170266   1.02494
1.77458e+09  0.325567 0.230517 -0.91209  -0.199324 -0.0740747   0.955844
1.77458e+09   0.272303   0.26141 -0.942982 -0.264266 0.0204077  0.955355
1.77458e+09    0.25739  0.256084 -0.985593  -0.236922 -0.0687036   0.986605
1.77458e+09  0.280826 0.273128 -1.01649  -0.208357 -0.0894556    1.01639
1.77458e+09  0.308522 0.257149 -1.05164  -0.259383 -0.0628442   0.997836
1.77458e+09  0.294674 0.264606 -1.08573  -0.253279 -0.0369653   0.961459
1.77458e+09  0.270173 0.277389 -1.11875  -0.261824 -0.0374536    0.99393
1.77458e+09  0.294674 0.256084 -1.15817  -0.256453 -0.0738306    1.06009
1.77458e+09  0.282956 0.245431 -1.20078  -0.227889 -0.0142603   0.994662
1.77458e+09  0.258455 0.257149 -1.22847  -0.29576 -0.039895  0.997348
1.77458e+09  0.264847  0.23904 -1.27002  -0.264022 -0.0315942   0.996859
1.77458e+09  0.258455 0.253953 -1.28919  -0.245467 -0.0394067    1.06473
1.77458e+09   0.23715 0.230517 -1.32009  -0.326277 -0.0142603    1.08426
1.77458e+09  0.228628  0.20069 -1.33074 -0.226912   0.10781  0.891879
1.77458e+09  0.164712 0.268867 -1.36696   -0.204939 -0.00327393    0.899203
1.77458e+09  0.195604 0.251823 -1.39465  -0.293563 -0.0667505    1.09476
1.77458e+09  0.213714 0.221995 -1.40637   -0.22325 -0.0291528   0.991488
1.77458e+09   0.23928 0.240105 -1.42555   -0.186873 -0.00986573    0.941684
1.77458e+09  0.278695 0.232648 -1.45005  -0.255965 -0.0562524   0.948031
1.77458e+09  0.302131 0.250757 -1.46283  -0.196395 0.00917724   0.954135
1.77458e+09  0.343676 0.260345  -1.4607   -0.28282 -0.0333032    1.06034
1.77458e+09  0.375634 0.223061 -1.47242  -0.29576 0.0177222   1.10208
1.77458e+09  0.353264 0.212408  -1.4884 -0.279891 0.0716772  0.995639
1.77458e+09  0.307457 0.201755 -1.51077 -0.288191 0.0748511   1.04129
1.77458e+09  0.275499 0.159145 -1.54912 -0.252303 0.0321265    1.0015
1.77458e+09  0.258455 0.162341 -1.58321  -0.142684 -0.0230493   0.885775
1.77458e+09  0.265912 0.199625 -1.61623  -0.191512 -0.0914087   0.886752
1.77458e+09  0.324501 0.209212 -1.63008  -0.235701 -0.0523462   0.937533
1.77458e+09  0.334089 0.215604 -1.63434   -0.219832 -0.00180909     0.96683
1.77458e+09  0.342611  0.22093 -1.65884  -0.165877 -0.0318384   0.918979
1.77458e+09  0.336219 0.251823 -1.67802 -0.226668 0.0311499  0.931674
1.77458e+09  0.319175 0.248627 -1.68334  -0.24034 0.0306616  0.934115
1.77458e+09  0.292544 0.256084 -1.70039 -0.187117 0.0252905  0.897494
1.77458e+09  0.310653 0.276324 -1.69932     -0.192 -0.0257349   0.849154
1.77458e+09  0.407592  0.29976 -1.69719  -0.260848 -0.0733423   0.944613
1.77458e+09  0.387352 0.267802 -1.70997 -0.289168 0.0953589  0.918979
1.77458e+09  0.319175 0.273128 -1.73447  -0.178572 0.00258544    0.91141
1.77458e+09  0.284021 0.284846 -1.76537   -0.27867 -0.0135278    0.93973
1.77458e+09  0.298935 0.237974 -1.79093  -0.252059 -0.0630884   0.886996
1.77458e+09  0.262716 0.275259  -1.8165 -0.181502  0.067771  0.742465
1.77458e+09  0.211583 0.311478   -1.841  -0.231307 -0.0860376   0.873324
1.77458e+09  0.264847 0.296564 -1.87083 -0.375106 -0.261331    1.2117
1.77458e+09  0.350068 0.190037 -1.90066 -0.510604 -0.404153   1.42191
1.77458e+09   0.364982 0.0813804  -1.94646 -0.420516 -0.165872    1.2222
1.77458e+09    0.32024 0.0739235  -1.99227 -0.313338 -0.209329   1.12479
1.77458e+09   0.288282 0.0345088  -2.02849 -0.415633 -0.173684   1.13333
1.77458e+09    0.301066 -0.0155587   -2.06151 -0.234969 -0.251809   0.96268
1.77458e+09  0.334089 0.031313 -2.09986 -0.194197 -0.119973  0.821078
1.77458e+09   0.253129 0.0494225  -2.11051  -0.285262 -0.0284204    0.90726
1.77458e+09   0.194539 0.0536835  -2.11371 -0.232283 -0.118997  0.929721
1.77458e+09   0.217975 0.0547488  -2.13288  -0.26866 -0.245461  0.977084
1.77458e+09   0.229693 0.0419656  -2.16271  -0.28575 -0.119973  0.959262
1.77458e+09   0.210518 0.0430309  -2.16484 -0.291365 -0.138528  0.944613
1.77458e+09   0.204127 0.0377046  -2.18508 -0.287947 -0.195168  0.963168
1.77458e+09     0.1988 0.0270519  -2.19467 -0.263533 -0.261575  0.946811
1.77458e+09   0.232889 0.0323782  -2.21171 -0.259383 -0.110696  0.838656
1.77458e+09  0.207322 0.035574 -2.22343 -0.277693 -0.123635  0.885287
1.77458e+09  0.173234 0.015334 -2.24047 -0.257918   -0.1522  0.885287
1.77458e+09   0.182821 0.0132035  -2.25752 -0.245955 -0.239602  0.899203
1.77458e+09   0.170038 0.0132035  -2.28309 -0.275984 -0.158303  0.859652
1.77458e+09   0.145537 0.0195951  -2.28948 -0.255721 -0.193948  0.875766
1.77458e+09   0.160451 0.0142687  -2.29587 -0.278426 -0.259866   0.91849
1.77458e+09    0.232889 -0.0027755   -2.29906 -0.252791 -0.292336  0.884311
1.77458e+09    0.23715 0.0281172  -2.30013 -0.245223 -0.157083  0.813998
1.77458e+09   0.227562 0.0462267  -2.30333 -0.257918  -0.16929  0.843783
1.77458e+09    0.21904 0.0494225  -2.30865  -0.28282 -0.213967  0.874301
1.77458e+09   0.266977 0.0440961  -2.30972 -0.283064  -0.29551   0.90018
1.77458e+09   0.308522 0.0462267   -2.3193 -0.309676  -0.19175  0.896029
1.77458e+09   0.335154 0.0398351  -2.31078 -0.308455 -0.225686  0.918979
1.77458e+09   0.339415 0.0323782  -2.31717 -0.294539 -0.251809   0.86893
1.77458e+09  0.403331 0.035574 -2.31291 -0.286727 -0.276711  0.852328
1.77458e+09  0.423571 0.035574 -2.32143 -0.30992 -0.19468 0.852816
1.77458e+09   0.391613 0.0398351  -2.33528  -0.29283 -0.157083  0.847445
1.77458e+09  0.351133 0.035574 -2.34274 -0.333846 -0.196633  0.856723
1.77458e+09   0.384156 0.0387698  -2.35765 -0.327254 -0.212258  0.852816
1.77458e+09   0.384156 0.0387698  -2.35765 -0.353621 -0.180032  0.902133
1.77458e+09   0.409723 0.0174645  -2.36831 -0.341414 -0.215432  0.909213
1.77458e+09   0.415049 0.0323782  -2.36937 -0.348006 -0.224709  0.840365
1.77458e+09   0.398005 0.0270519  -2.37789 -0.369246 -0.187844  0.875766
1.77458e+09   0.398005 0.0270519  -2.37789 -0.369246 -0.187844  0.875766
1.77458e+09   0.370308 0.0334435  -2.37789 -0.386824 -0.136819  0.841586
1.77458e+09   0.370308 0.0334435  -2.37789 -0.386824 -0.136819  0.841586
1.77458e+09   0.364982 0.0206603   -2.3715 -0.401717 -0.151711  0.868441
1.77458e+09   0.364982 0.0206603   -2.3715 -0.401717 -0.151711  0.868441
1.77458e+09   0.357525 0.0472919  -2.37683 -0.361922   -0.1605  0.784945
1.77458e+09   0.357525 0.0472919  -2.37683 -0.361922   -0.1605  0.784945
1.77458e+09   0.294674 0.0377046  -2.38215 -0.458846 -0.170754  0.961947
1.77458e+09   0.294674 0.0377046  -2.38215 -0.458846 -0.170754  0.961947
1.77458e+09   0.372438 0.0366393  -2.38322 -0.380965 -0.231057  0.794955
1.77458e+09   0.372438 0.0366393  -2.38322 -0.380965 -0.231057  0.794955
1.77458e+09   0.190278 0.0195951  -2.38855  -0.537703 -0.0123071   0.919223
1.77458e+09   0.190278 0.0195951  -2.38855  -0.537703 -0.0123071   0.919223
1.77458e+09   0.0315537 -0.0890619   -2.39707  -0.433455 -0.0418481   0.755893
1.77458e+09   0.0315537 -0.0890619   -2.39707  -0.433455 -0.0418481   0.755893
1.77458e+09  -0.111192 0.0419656  -2.38109 -0.273543 -0.178567  0.953402
1.77458e+09  -0.111192 0.0419656  -2.38109 -0.273543 -0.178567  0.953402
1.77458e+09  0.0304885  0.196429  -2.42157 -0.259139 -0.534036  0.996371
1.77458e+09  0.0304885  0.196429  -2.42157 -0.259139 -0.534036  0.996371
1.77458e+09  0.598274 0.233713 -2.29906 -0.498152 -0.807473   1.09818
1.77458e+09  0.598274 0.233713 -2.29906 -0.498152 -0.807473   1.09818
1.77458e+09  0.913593 0.109077 -2.26924 -0.626814 -0.419778    1.1995
1.77458e+09  0.913593 0.109077 -2.26924 -0.626814 -0.419778    1.1995
1.77458e+09   1.19589 0.106947 -2.25113  -0.45201 -0.314797   1.10477
1.77458e+09     1.24596 0.00787715   -2.28735  -0.45201 -0.314797   1.10477
1.77458e+09     1.29602 -0.0389945   -2.33741 -0.381453 -0.239358   1.09427
1.77458e+09     1.29602 -0.0389945   -2.33741 -0.381453 -0.239358   1.09427
1.77458e+09   1.46007 -0.10078 -2.37896 -0.307723 -0.200051  0.948764
1.77458e+09     1.51121 -0.0517777   -2.39281 -0.307723 -0.200051  0.948764
1.77458e+09     1.53038 -0.0592345   -2.36831 -0.342147  0.152976  0.745639
1.77458e+09     1.53038 -0.0592345   -2.36831 -0.342147  0.152976  0.745639
1.77458e+09      1.57512 -0.00171023    -2.36191   -0.366072 -0.00156495     0.93143
1.77458e+09      1.57512 -0.00171023    -2.36191   -0.366072 -0.00156495     0.93143
1.77458e+09    1.76687 -0.144456  -2.37363 -0.201522 -0.104592  0.947055
1.77458e+09    1.76687 -0.144456  -2.37363 -0.201522 -0.104592  0.947055
1.77458e+09    1.78391 -0.275483  -2.36298 -0.322859  0.279441   0.82767
1.77458e+09    1.69656 -0.195588  -2.39174 -0.107039   0.14199   0.88016
1.77458e+09    1.63052 -0.236068  -2.46311 -0.513045  0.218162     1.137
1.77458e+09    1.63052 -0.236068  -2.46311 -0.513045  0.218162     1.137
1.77458e+09    1.20761 -0.379879  -2.55473 -0.136092   0.54116  0.656527
1.77458e+09     1.0084 -0.340464  -2.61012 -0.207869  0.385886   0.82059
1.77458e+09  0.833698 -0.38201 -2.67617 -0.256941  0.440818  0.888217
1.77458e+09    0.64195 -0.426751  -2.74221 -0.128035  0.172751  0.992465
1.77458e+09    0.68243 -0.272287  -2.70386 0.164445 0.253806  1.00687
1.77458e+09   0.644081 -0.150847  -2.64634 -0.0743243 -0.0376978    1.10062
1.77458e+09     0.723976 -0.00810182    -2.55047 -0.0167071   0.173972   0.952914
1.77458e+09   0.636624 0.0291824  -2.47909 -0.245223  0.154685   1.14652
1.77458e+09    0.504531 -0.0283418   -2.44714 -0.303816  0.366843  0.955355
1.77458e+09     0.48003 -0.0688219   -2.39068 -0.0240313 0.00917724   0.993686
1.77458e+09   0.534359 0.0142687  -2.38642 -0.120711  0.237449  0.980014
1.77458e+09   0.440615 -0.127411   -2.3747 -0.116316 0.0489722   1.14505
1.77458e+09   0.403331 -0.140195  -2.43116 -0.099959   0.23281   0.91434
1.77458e+09   0.306392 -0.174283  -2.45566  0.298478 0.0431128  0.834506
1.77458e+09   0.258455 0.0792499  -2.47803 0.352434 0.158103 0.528598
1.77458e+09  0.282956 0.135709 -2.47483 -0.0665118 -0.0533228    1.03031
1.77458e+09        0.3 0.0345088  -2.50679  0.0609297 -0.0335474   0.671664
1.77458e+09  0.341546 0.210277 -2.49827   0.408098 -0.0489282   0.842807
1.77458e+09  0.440615 0.213473 -2.49507 -0.160262 -0.597024    1.2117
1.77458e+09  0.935963 0.196429 -2.35446 -0.631941  -1.01939   2.41605
1.77458e+09    1.41001 -0.226481  -2.31824  -1.09166 -0.694436   2.40018
1.77458e+09    1.52292 -0.428881  -2.38855  0.260148 -0.122415   1.29886
1.77458e+09    1.14369 -0.240329  -2.47377 -0.0677325   0.497947   0.975131
1.77458e+09   0.785761 -0.326616  -2.51318 -0.127791  0.818748   0.66141
1.77458e+09   0.347937 -0.134868  -2.58136 0.252824 0.414207 0.462436
1.77458e+09    0.171103 -0.0315376   -2.66125 -0.0613848 -0.0264673    1.00467
1.77458e+09   0.084817 -0.110367  -2.66445 0.0208906  0.142234  0.970736
1.77458e+09  -0.00999158  -0.0528429    -2.65806 -0.0142657   0.133933   0.898715
1.77458e+09  -0.169781 -0.061365  -2.68469 -0.0921465  0.0721655   0.806186
1.77458e+09   -0.171912 -0.0400598   -2.65912 0.0101484 -0.327981  0.710238
1.77458e+09  -0.137823  0.087772  -2.67404   0.15175 -0.247903  0.777865
1.77458e+09  -0.129301  0.151688  -2.63462  0.0123457 -0.0403833   0.706332
1.77458e+09  -0.161259  0.226256  -2.66019 0.0748457 -0.343362  0.657504
1.77458e+09  -0.149541  0.260345  -2.73689 -0.187361 -0.387307  0.883822
1.77458e+09  -0.22411 0.231583 -2.77204 -0.0423418 -0.0633325   0.779086
1.77458e+09  -0.338093  0.331718  -2.82317  0.0540937 -0.0921411   0.636508
1.77458e+09  -0.356203   0.44357  -2.81891 -0.0438067  -0.377542   0.989047
1.77458e+09  -0.398813  0.449962  -2.86046 -0.239363 -0.473245   1.21732
1.77458e+09  -0.236893  0.327457  -2.82637 -0.319197 -0.207131  0.928988
1.77458e+09  -0.191087  0.505356  -2.78056 -0.117293 -0.736184   1.05277
1.77458e+09  0.0347495  0.442505  -2.78482 -0.704451  -0.42759   1.58548
1.77458e+09  0.150863  0.22093 -2.74541 -0.533797 -0.431252   1.59696
1.77458e+09  0.506662 0.128252 -2.62717 -0.262313 -0.526711  0.728061
1.77458e+09  0.543946 0.315739 -2.64314 -0.249861 -0.296975  0.775668
1.77458e+09  0.596144 0.277389 -2.63569 -0.674666 -0.314065   1.03861
1.77458e+09  0.616384 0.194298 -2.64634 -0.347029  -0.19468  0.901156
1.77458e+09  0.649407 0.264606  -2.6506  -0.24034 -0.204202  0.765902
1.77458e+09  0.573773  0.26141 -2.66765  -0.399031 -0.0691919   0.735629
1.77458e+09  0.533293  0.29976 -2.68469 -0.292098 -0.076272  0.671908
1.77458e+09  0.455529 0.373263 -2.73369  -0.365096 -0.0240259   0.651889
1.77458e+09  0.421441 0.405221 -2.75819  -0.456893 -0.0481958   0.825229
1.77458e+09  0.329828 0.399894 -2.76139  -0.403426 -0.0320825   0.786654
1.77458e+09  0.323436 0.392438   -2.755  -0.433455 -0.0420923   0.885043
1.77458e+09  0.262716 0.394568 -2.76245  -0.559432 -0.0142603    0.89017
1.77458e+09  0.181756 0.409482   -2.755   -0.43492 -0.0552759   0.853061
1.77458e+09   0.15619 0.430787 -2.74221 -0.488875 -0.230325  0.919711
1.77458e+09  0.258455 0.414808 -2.70493 -0.520369 -0.227395   1.00443
1.77458e+09  0.280826 0.383916 -2.68576 -0.660262 -0.151711   1.11356
1.77458e+09  0.287217 0.269932 -2.67084 -0.582869 -0.253518  0.866488
1.77458e+09  0.369243 0.286976 -2.61332 -0.498152 -0.264016  0.834018
1.77458e+09  0.481095 0.191103 -2.57284 -0.793318  -0.46592   1.01419
1.77458e+09   0.566317 0.0728583  -2.50786 -0.598006 -0.189797  0.813021
1.77458e+09   0.598274 0.0792499  -2.48762 -0.381453 -0.395608  0.913363
1.77458e+09   0.542881 0.0962941  -2.52064 -0.265486  0.112693  0.788119
1.77458e+09  0.443811 0.280585  -2.5004 -0.142439 -0.074563  0.737094
1.77458e+09  0.406527 0.369002 -2.47057 -0.307723 -0.126565  0.881869
1.77458e+09  0.374569 0.373263 -2.53236 -0.290633 -0.314797  0.934115
1.77458e+09  0.532228 0.407351 -2.53129  -0.36241 -0.458352   1.04398
1.77458e+09   0.70054 0.391372 -2.49401 -0.503279 -0.589456   1.03348
1.77458e+09  0.878439  0.40096 -2.46098 -0.294051 -0.376321  0.800082
1.77458e+09  0.895483 0.442505 -2.45246 -0.377059  -0.20054  0.844271
1.77458e+09   1.01053 0.397764 -2.43542 -0.354354 -0.273538  0.920443
1.77458e+09   1.09788 0.439309 -2.44181 -0.331893 -0.470315  0.944613
1.77458e+09   1.22998 0.402025 -2.42903 -0.326277 -0.186135   0.84476
1.77458e+09   1.28111 0.448897 -2.40239 -0.264998 -0.195168  0.852572
1.77458e+09   1.35142 0.460615 -2.38535 -0.447127 -0.122903  0.982699
1.77458e+09   1.38444 0.366871 -2.39813 -0.459334 -0.126809   1.06449
1.77458e+09     1.361 0.366871 -2.40453  -0.357527 -0.0784692   0.955355
1.77458e+09   1.38337  0.32213 -2.41944 -0.527449 -0.189065   1.01126
1.77458e+09   1.43344 0.266736 -2.43542   -0.40782 -0.0486841   0.980014
1.77458e+09   1.40361 0.268867 -2.42263  -0.513289 -0.0396509    1.01224
1.77458e+09   1.44516 0.199625  -2.3992  -0.52452 -0.088479   1.10819
1.77458e+09   1.52186 0.111208 -2.40133 -0.585799 -0.250344   1.15335
1.77458e+09    1.59643 0.0100077  -2.41731 -0.519393 -0.125833   1.08841
1.77458e+09     1.62519 -0.0517777   -2.41837 -0.495467 0.0416479    0.9639
1.77458e+09     1.48671 -0.0741482   -2.41092 -0.457869  0.234763  0.711703
1.77458e+09     1.51014 -0.0965188    -2.3992 -0.551131 0.0755835  0.930697
1.77458e+09    1.47392 -0.225416  -2.41305  -0.468123 -0.0577173    1.07352
1.77458e+09    1.38231 -0.293593  -2.47164 -0.526229  0.471824  0.711459
1.77458e+09      1.165 -0.326616  -2.46205 -0.400984  0.298972  0.707797
1.77458e+09    1.05953 -0.342595  -2.50999 -0.343367  0.235251  0.848178
1.77458e+09   0.869917 -0.380944   -2.5739  -0.2899 0.334617 0.754916
1.77458e+09    0.58123 -0.376683  -2.64314 -0.226424  0.591941  0.602328
1.77458e+09   0.359655 -0.355378  -2.71239 -0.288191  0.298972  0.758578
1.77458e+09   0.333024 -0.334073  -2.73263 -0.283309  -0.12803   1.00833
1.77458e+09    0.45979 -0.207306  -2.65912 0.00648629 -0.0271997    0.99393
1.77458e+09   0.552468 -0.130607  -2.58562 -0.188338 -0.131692   1.06888
1.77458e+09   0.651538 0.0654014  -2.52383  0.0472578 -0.0511255   0.921664
1.77458e+09  0.539685 0.163406 -2.51318 -0.346297  0.153953  0.981234
1.77458e+09  0.467247 0.120795 -2.50253 -0.30699 0.366599  1.06668
1.77458e+09  0.317045 0.015334  -2.5217 -0.410262  0.195945   1.05448
1.77458e+09     0.23715 -0.0272766    -2.5249   -0.23741 -0.0374536    1.11942
1.77458e+09    0.333024 -0.0784093   -2.52916 -0.305525 -0.180764    1.2952
1.77458e+09  0.269108 -0.12102 -2.56218 -0.0272051   0.177878   0.635287
1.77458e+09   0.21691 0.087772 -2.55579 -0.0545489   0.175925   0.791293
1.77458e+09  0.168973 0.015334 -2.59947 -0.311141  -0.20762   1.05277
1.77458e+09    0.19667 0.0536835  -2.61332    0.11635 0.00453857   0.735629
1.77458e+09  0.240346 0.188972 -2.61864  -0.14952 -0.162454  0.883334
1.77458e+09  0.321306 0.145296 -2.61651 -0.0245196  -0.179543   0.702182
1.77458e+09  0.440615 0.284846 -2.64528 0.0941328  -0.61509  0.534457
1.77458e+09   0.74315 0.372198 -2.50786  -0.489852 -0.0774927    1.19608
1.77458e+09   1.27152 0.357284 -2.27776  -1.27647 -0.806252   2.35379
1.77458e+09    1.72213 -0.194523  -2.36831 -0.669783  -1.05235   2.01786
1.77458e+09    1.70295 -0.205176  -2.43222 0.141496 0.313132 0.533969
1.77458e+09     1.61134 -0.0123629   -2.37257 -0.222518  0.324363  0.578891
1.77458e+09    1.23104 -0.110367  -2.39707 -0.540389   1.23135  0.756137
1.77458e+09   0.909332 -0.139129  -2.43861 -0.256697   0.38906  0.625277
1.77458e+09  0.625971 -0.18174 -2.62077 -0.183943  0.260886  0.725375
1.77458e+09   0.448072 -0.200915  -2.61545 -0.147078  0.534568  0.701937
1.77458e+09   0.243541 -0.205176  -2.64421 -0.392928  0.548972  0.863559
1.77458e+09  0.0720338 -0.266961  -2.66445 -0.171248  0.563865  0.505893
1.77458e+09   -0.283765 -0.0752135   -2.76565 0.0367597  0.446677  0.500033
1.77458e+09  -0.463794 -0.112498  -2.83489 -0.409285  0.273093  0.800326
1.77458e+09  -0.398813 -0.129542   -2.8072 -0.171736 -0.136331  0.881869
1.77458e+09   -0.358333 -0.0517777   -2.80933   -0.152938 -0.00132081    0.599398
1.77458e+09   -0.366855 -0.0464513   -2.81678 -0.461043 0.0338354  0.859652
1.77458e+09  -0.153802 -0.107171  -2.75819 -0.475203 -0.660989   1.14994
1.77458e+09   0.121036 -0.191327  -2.72091 -0.40367 -0.32676  1.00467
1.77458e+09    0.27763 -0.229677  -2.70493 -0.293318 -0.275735  0.928256
1.77458e+09   0.346872 -0.235003  -2.64528  -0.56407 0.0133276   1.17899
1.77458e+09   0.247802 -0.443795  -2.65273 -0.613387  0.307761  0.938266
1.77458e+09   0.126362 -0.403315  -2.70706 -0.0274493  -0.161965    1.01371
1.77458e+09   0.155124 -0.337269  -2.76352 -0.157332 -0.195657   1.16068
1.77458e+09   0.265912 -0.225416  -2.75287 -0.00523246   -0.231057     0.93558
1.77458e+09   0.139145 -0.073083  -2.69321 -0.0149981   0.412253   0.708529
1.77458e+09  0.089078 0.163406 -2.61758 0.0330976 -0.552834  0.880404
1.77458e+09       0.3 0.395633 -2.58349  0.141984 -0.482034  0.908969
1.77458e+09  0.478965 0.427591 -2.58136 -0.0882403  -0.120461    1.26883
1.77458e+09  0.221171 0.489377 -2.57923 -0.415389  0.422751   1.71707
1.77458e+09  -0.00359999    0.366871    -2.55792 -0.46202 0.719871  1.77274
1.77458e+09  -0.241154  0.290172  -2.55899 -0.220076  0.203025   1.57987
1.77458e+09  -0.235828  0.354088  -2.62504 -0.392928 -0.141946   1.62039
1.77458e+09  -0.22624 0.232648 -2.62717 -0.474471 -0.223733   1.87967
1.77458e+09  -0.293352  0.109077  -2.66445 -0.19615 0.392478  0.72977
1.77458e+09  -0.230501  0.435048  -2.60266 0.0157636 -0.578957   1.16776
1.77458e+09  -0.0845601   0.293368   -2.67936 -0.819686 -0.384866   1.59818
1.77458e+09  0.126362 0.193233 -2.67297 -0.204939 -0.507913   1.29618
1.77458e+09  0.249933 0.229452 -2.64314 -0.432967 -0.323586   1.18656
1.77458e+09  0.321306 0.175124 -2.64634 -0.234481 -0.280862  0.963168
1.77458e+09  0.410788 0.274193 -2.64954 -0.304061 -0.360696  0.830844
1.77458e+09  0.511988 0.253953 -2.69854 -0.395125 -0.199563  0.840854
1.77458e+09  0.551403 0.268867 -2.68149 -0.269637 -0.110696  0.750521
1.77458e+09  0.543946 0.282715 -2.68469 -0.350203 -0.107034  0.699496
1.77458e+09  0.590818 0.274193  -2.6538 -0.371932 -0.185159  0.712191
1.77458e+09  0.605731 0.304021 -2.66232   -0.296981 -0.00132081    0.696322
1.77458e+09  0.542881 0.333848  -2.7028   -0.347029 -0.00913331    0.714877
1.77458e+09  0.590818 0.297629 -2.67723    -0.4149 -0.0980005    0.71976
1.77458e+09  0.655799 0.334913 -2.63675 -0.310897 -0.193704   0.71683
1.77458e+09  0.696279 0.333848 -2.62504 -0.461287 0.0484839   0.75223
1.77458e+09  0.649407 0.286976 -2.63249 -0.422225 0.0409155  0.764682
1.77458e+09  0.612123 0.307216 -2.61545 -0.391219 0.0682593  0.737094
1.77458e+09  0.573773 0.274193 -2.58562 -0.500106 0.0658179  0.849887
1.77458e+09  0.497074   0.2188 -2.57497 -0.421248  0.240378   0.72391
1.77458e+09  0.411853 0.243301 -2.59201 -0.343611  0.188132  0.633822
1.77458e+09  0.307457 0.249692 -2.57497 -0.431014  0.256492  0.688998
1.77458e+09   0.23928 0.232648 -2.55047 -0.417342   0.10781  0.756137
1.77458e+09  0.186017 0.225191 -2.54514 -0.460066 0.0997534  0.849398
1.77458e+09  0.180691 0.192168 -2.54088  -0.394881 -0.0364771   0.888461
1.77458e+09  0.183887 0.190037  -2.5249  -0.41368 -0.060647  0.852816
1.77458e+09  0.199866 0.152753 -2.52597  -0.46324 -0.120461  0.858187
1.77458e+09  0.162581 0.154884 -2.51105  -0.393416 -0.0132837   0.788607
1.77458e+09    0.1988 0.130383 -2.51638 -0.392684   -0.1522  0.810336
1.77458e+09  0.174299 0.144231 -2.50999  -0.335311 -0.0379419   0.678012
1.77458e+09  0.161516 0.167667 -2.51318 -0.402938 -0.132668  0.724643
1.77458e+09  0.150863 0.155949 -2.50786 -0.502791 -0.191262  0.950961
1.77458e+09   0.264847 0.0654014  -2.48975 -0.518904  -0.45884  0.994174
1.77458e+09   0.335154 0.0888373  -2.50679 -0.390486 -0.341897  0.937045
1.77458e+09   0.374569 0.0685972   -2.5217  -0.56993 -0.303323     0.991
1.77458e+09   0.294674 0.0217256  -2.51105 -0.315291  0.158347  0.933627
1.77458e+09  0.0741643 0.0952288   -2.5217 -0.248397 0.0890112  0.748812
1.77458e+09  -0.0472758   0.257149   -2.57177  -0.173445 -0.0230493   0.724154
1.77458e+09  -0.0408842   0.405221   -2.52064 -0.344588 -0.322122   0.91434
1.77458e+09  0.103992 0.392438 -2.48975 -0.424666 -0.411477  0.978061
1.77458e+09  0.193474 0.393503 -2.46418 -0.467879 -0.443948  0.970248
1.77458e+09  0.347937  0.36261 -2.45992 -0.523055 -0.480081   1.11795
1.77458e+09  0.578034 0.313608 -2.41518 -0.523543 -0.570901   1.19266
1.77458e+09  0.694148  0.26141 -2.38642 -0.402449 -0.126077   1.00125
1.77458e+09  0.760195 0.249692 -2.37363 -0.486678 -0.258401    1.0994
1.77458e+09  0.823045 0.177254 -2.38855 -0.539168 -0.269631   1.14603
1.77458e+09  0.959399 0.135709 -2.36724 -0.401717   -0.2501   1.07694
1.77458e+09   1.06166 0.131448 -2.36511 -0.444441  -0.24717   1.11112
1.77458e+09    1.14795 0.0259866  -2.39813 -0.512068 -0.277444   1.16947
1.77458e+09     1.24809 -0.0240808   -2.40772 -0.437117  -0.23887   1.10428
1.77458e+09     1.35461 -0.0784093   -2.41731  -0.49742 -0.167581  0.977572
1.77458e+09     1.41959 -0.0741482   -2.38429 -0.291121 0.0199194  0.741488
1.77458e+09     1.53145 -0.0485819   -2.40239  -0.438094 -0.0496606   0.947055
1.77458e+09    1.48457 -0.196654  -2.45992 -0.553816 0.0250464   1.19608
1.77458e+09    1.41427 -0.329812  -2.47377 -0.489363  0.411277   0.85599
1.77458e+09    1.37698 -0.281875  -2.44501  -0.20616 -0.112161  0.755893
1.77458e+09    1.42385 -0.261635  -2.49294  -0.43785 0.0497046   1.01126
1.77458e+09    1.43451 -0.410772  -2.51425 -0.416854  0.108787   1.14774
1.77458e+09   1.27898 -0.44273 -2.59201 -0.406844   0.32656  0.871615
1.77458e+09    1.03929 -0.288266  -2.62823 -0.254012  0.315574  0.688021
1.77458e+09    1.03929 -0.288266  -2.62823   0.258928 -0.0054712   0.785434
1.77458e+09    0.799609 -0.0869314    -2.7028 -0.307234  0.339988   1.05057
1.77458e+09    0.799609 -0.0869314    -2.7028 -0.307234  0.339988   1.05057
1.77458e+09    0.628102 0.00148556   -2.75287 0.0855879  0.284568  0.686557
1.77458e+09  0.494944  0.16021 -2.64101 -0.324813  0.341208  0.894076
1.77458e+09    0.401201 -0.0560387   -2.54727 -0.305525  0.116111   1.07401
1.77458e+09    0.401201 -0.0560387   -2.54727 -0.305525  0.116111   1.07401
1.77458e+09   0.347937 -0.223285  -2.43755 -0.0748125  -0.360696    1.29032
1.77458e+09   0.347937 -0.223285  -2.43755 -0.0748125  -0.360696    1.29032
1.77458e+09   0.433158 -0.224351  -2.38748  -0.225447 -0.0457544    1.24613
1.77458e+09   0.433158 -0.224351  -2.38748  -0.225447 -0.0457544    1.24613
1.77458e+09   0.334089 -0.236068  -2.45033 0.0843671  0.200339   0.78934
1.77458e+09   0.334089 -0.236068  -2.45033 0.0843671  0.200339   0.78934
1.77458e+09     0.19667 -0.0027755   -2.43009 0.00721871  0.0687476   0.866488
1.77458e+09     0.19667 -0.0027755   -2.43009 0.00721871  0.0687476   0.866488
1.77458e+09    0.272303 -0.0326029   -2.42477  0.285051 -0.101663  0.709018
1.77458e+09    0.272303 -0.0326029   -2.42477  0.285051 -0.101663  0.709018
1.77458e+09   0.384156 0.0888373  -2.38855   0.183244 -0.0701685   0.668002
1.77458e+09   0.384156 0.0888373  -2.38855   0.183244 -0.0701685   0.668002
1.77458e+09  0.541815 0.240105 -2.30759   0.141496 -0.0320825   0.732455
1.77458e+09  0.541815 0.240105 -2.30759   0.141496 -0.0320825   0.732455
1.77458e+09  0.910397 0.317869 -2.05086 -0.679305 -0.322122   2.10672
1.77458e+09  0.910397 0.317869 -2.05086 -0.679305 -0.322122   2.10672
1.77458e+09    1.51973 -0.328746  -1.93155   0.18007 -0.189065   1.21439
1.77458e+09    1.51973 -0.328746  -1.93155   0.18007 -0.189065   1.21439
1.77458e+09    1.10747 -0.157239   -1.9209 -0.150252  0.717918  0.797152
1.77458e+09    1.10747 -0.157239   -1.9209 -0.150252  0.717918  0.797152
1.77458e+09    0.595079 0.00787715   -1.83887  0.21132 0.249412  0.76102
1.77458e+09    0.595079 0.00787715   -1.83887  0.21132 0.249412  0.76102
1.77458e+09    0.189213 -0.0954535   -1.89959 0.0533613  0.415183  0.963168
1.77458e+09    0.189213 -0.0954535   -1.89959 0.0533613  0.415183  0.963168
1.77458e+09  -0.0845601  -0.097584   -1.84739 0.00624215   0.093894    0.81058
1.77458e+09  -0.0845601  -0.097584   -1.84739 0.00624215   0.093894    0.81058
1.77458e+09  -0.128236  0.087772  -1.79519 -0.151961  0.127585   1.02176
1.77458e+09  -0.128236  0.087772  -1.79519 -0.151961  0.127585   1.02176
1.77458e+09  -0.120779  0.153818  -1.75791 0.0118574 -0.143167  0.758822
1.77458e+09  -0.0270358   0.204951   -1.78348 -0.0372149  -0.236672   0.877963
1.77458e+09  0.0592506  0.212408  -1.72276 -0.107283 -0.162942  0.915316
1.77458e+09  0.0880128  0.198559  -1.72808   -0.067 -0.23887 0.817416
1.77458e+09  0.108253 0.232648 -1.72489 -0.0760332 -0.0984888    0.76224
1.77458e+09  0.0709685  0.270997  -1.70784   -0.121199 0.000144037    0.809115
1.77458e+09  0.0251621  0.280585  -1.72595 -0.125594 -0.205911  0.991732
1.77458e+09  0.0113137  0.268867  -1.76111  -0.159773 -0.0643091    1.11869
1.77458e+09  -0.110126  0.243301  -1.78028 -0.357527 0.0184546   1.37479
1.77458e+09  -0.0888212  0.0835109   -1.77922 -0.357527 0.0184546   1.37479
1.77458e+09  -0.0483411   0.169797   -1.72595   0.117326 -0.0840845   0.661166
1.77458e+09  0.089078 0.349827 -1.68973 -0.203963  -0.32969   1.00711
1.77458e+09  0.0198358  0.306151  -1.78135  -0.367049 -0.0911646    1.40433
1.77458e+09  0.0368801  0.229452  -1.71743 -0.379256 0.0672827   1.17093
1.77458e+09  0.00598739   0.264606   -1.68334 -0.0770098 -0.0726099   0.869418
1.77458e+09  0.0837517  0.371132  -1.68867 -0.206404 -0.301858  0.944125
1.77458e+09  0.0901433  0.357284  -1.74939 -0.33702  -0.1522  1.04691
1.77458e+09  0.269108 0.327457 -1.66949   -0.5399 0.0257788   1.12479
1.77458e+09  0.171103 0.252888 -1.56936 -0.239852 -0.124124   0.93265
1.77458e+09  0.325567 0.416939  -1.5342 -0.158309 -0.188088  0.718051
1.77458e+09  0.570578  0.44357 -1.48094 -0.594832 -0.184915   1.13089
1.77458e+09  0.661125 0.310412 -1.26789 -0.436385  0.234519  0.787387
1.77458e+09  0.745281 0.493638 -1.11769 -0.361434 0.0514136  0.742953
1.77458e+09   0.865656  0.414808 -0.982397 -0.752059  0.064353   1.24271
1.77458e+09   0.846481  0.316804 -0.876936 -0.372664  0.519431  0.901645
1.77458e+09   0.679235  0.429722 -0.825803 -0.453231  0.425437  0.754428
1.77458e+09   0.455529  0.358349 -0.778932 -0.775008  0.632468  0.944125
1.77458e+09  0.314914 0.270997  -0.6511 -0.58409  0.35781  1.03275
1.77458e+09   0.191343  0.175124 -0.582923 -0.628523  0.655173     1.043
1.77458e+09  -0.0419495   0.115469  -0.482788 -0.441512  0.588767   1.00833
1.77458e+09  -0.168716  0.143166 -0.332586 -0.304305  0.308005  0.981234
1.77458e+09  -0.212392  0.131448 -0.223929 -0.526961  0.324607   1.01493
1.77458e+09  -0.283765 0.0451614 -0.133382 -0.453231  0.197654  0.969271
1.77458e+09   -0.151672  0.0622056 -0.0769225  -0.390975 -0.0916528   0.855502
1.77458e+09  -0.0653853  0.0536835  0.0125597  -0.544051 -0.0643091    1.06229
1.77458e+09   0.0400758 -0.0123629  0.0818019  -0.318953 -0.0669946   0.879184
1.77458e+09   0.149798 0.0643362  0.144653 -0.204939 -0.130715  0.761508
1.77458e+09   0.290413 0.0664667  0.178741 -0.414412 -0.182473  0.997348
1.77458e+09     0.4779 0.0451614  0.208568 -0.301375 -0.160989  0.950961
1.77458e+09  0.554599 0.103751 0.240526  -0.302107 -0.0740747   0.913852
1.77458e+09   0.633428 0.0909678  0.256505  -0.323836 -0.0169458   0.948031
1.77458e+09   0.60147 0.103751 0.249048 -0.290877  0.101951  0.981234
1.77458e+09   0.573773 0.0909678  0.247983 -0.408797  0.151267   1.09183
1.77458e+09   0.545011 0.0494225  0.234135 -0.333846   0.06948   1.03739
1.77458e+09    0.54075 0.0760541  0.239461  -0.256697 -0.0323267   0.978549
1.77458e+09   0.602536 0.0696625  0.236265 -0.320174 0.0252905   1.05081
1.77458e+09   0.616384 0.0526183  0.237331 -0.323348  0.103904   1.02371
1.77458e+09   0.614253 0.0547488  0.245853 -0.309188 0.0975561  0.989047
1.77458e+09   0.613188 0.0504877  0.246918 -0.268172 0.0479956  0.980014
1.77458e+09   0.607862 0.0579446    0.2352 -0.270857  0.130027  0.926303
1.77458e+09    0.56099 0.0685972  0.225613 -0.294539  0.163718  0.973178
1.77458e+09   0.516249 0.0504877  0.233069 -0.34117 0.221335 0.979525
1.77458e+09  0.450203 0.031313 0.219221 -0.261092  0.205955  0.920932
1.77458e+09   0.385222 0.0440961  0.210699 -0.288436  0.167625  0.962924
1.77458e+09   0.327697 0.0100077   0.19685 -0.360457   0.19155   1.03495
1.77458e+09    0.265912 -0.0294071   0.177676 -0.297957  0.174216  0.984164
1.77458e+09    0.214779 -0.0304724   0.170219 -0.272078  0.172996  0.947055
1.77458e+09    0.187082 -0.0560387   0.158501 -0.311141 0.0809546  0.966342
1.77458e+09    0.163647 -0.0666914    0.15637 -0.272078  0.104392  0.955111
1.77458e+09   0.173234 -0.093323  0.151044 -0.299178  0.130027   0.94852
1.77458e+09    0.119971 -0.0965188   0.143587 -0.246932 0.0738745  0.918979
1.77458e+09     0.15832 -0.0922577   0.149979 -0.252791  0.103416    0.8931
1.77458e+09  0.144472 -0.10291 0.142522 -0.279402  0.146384  0.940707
1.77458e+09  0.0922738 -0.108237  0.144653 -0.260604   0.13491  0.921908
1.77458e+09  0.0901433  -0.10291     0.134 -0.228621 0.0873022  0.909945
1.77458e+09   0.0613811 -0.0890619   0.125478  -0.2545 0.102439 0.934604
1.77458e+09   0.0400758 -0.0986493   0.130804 -0.23741  0.14321 0.938266
1.77458e+09   0.0102484 -0.0890619   0.124412 -0.242537  0.117087  0.951449
1.77458e+09  -0.00999158  -0.0965188    0.114825 -0.261336  0.112693  0.970248
1.77458e+09  -0.0142526  -0.103976   0.108434 -0.239852   0.11074  0.973178
1.77458e+09   -0.04408 -0.097584  0.103107 -0.238143 0.0968237  0.980014
1.77458e+09  -0.0696464   -0.10078  0.0999114 -0.265242 0.0877905   1.00101
1.77458e+09  -0.076038 -0.113563 0.0967156 -0.240828 0.0797339  0.998324
1.77458e+09  -0.060059 -0.113563  0.090324 -0.224959 0.0628882  0.987582
1.77458e+09  -0.0781685  -0.113563  0.0871282 -0.242293 0.0516577   1.00125
1.77458e+09  -0.0739074  -0.116759  0.0924546 -0.236922 0.0667944  0.985141
1.77458e+09  -0.0696464   -0.12315  0.0839324 -0.230086 0.0582495  0.974643
1.77458e+09  -0.0653853  -0.116759  0.0764756  -0.21617 0.0350561  0.962436
1.77458e+09  -0.0664506  -0.106106  0.0732798 -0.207625 0.0431128  0.966586
1.77458e+09  -0.0877559  -0.106106  0.0754103 -0.226668 0.0497046  0.967318
1.77458e+09  -0.0696464  -0.117824   0.070084 -0.205184 0.0707007  0.936557
1.77458e+09  -0.105865 -0.097584 0.0626271 -0.202254 0.0235815  0.947543
1.77458e+09  -0.0909517 -0.0986493   0.054105 -0.218123 0.0475073  0.950473
1.77458e+09  -0.0898864  -0.097584  0.0455829   -0.193953 -0.00132081    0.965854
1.77458e+09  -0.0685811  -0.061365  0.0583661 -0.132674 -0.031106  0.972445
1.77458e+09  0.000661066  -0.0166239   0.0690187 -0.151229 -0.110696  0.986117
1.77458e+09   0.032619 0.0206603 0.0818019  -0.161238 -0.0203638   0.999301
1.77458e+09   0.052859 0.0334435 0.0881935  -0.180037 -0.0208521    1.01224
1.77458e+09  0.0677727 0.0409003 0.0892588   -0.201277 -0.00376221     1.00174
1.77458e+09  0.0571201  0.035574  0.100977 -0.248885 0.0311499   1.01444
1.77458e+09   0.0400758 0.00361609  0.0988461 -0.255721  0.017478  0.995395
1.77458e+09  0.00918318 -0.0187545  0.0935198   -0.23033 0.00405029   0.986361
1.77458e+09  -0.00786105  -0.0496471   0.0935198 -0.263045 0.0223608  0.971713
1.77458e+09  -0.00146946  -0.0901272   0.0892588   -0.215682 -0.00815674    0.944125
1.77458e+09  -0.00253473  -0.0922577   0.0818019  -0.204451 -0.0145044   0.924838
1.77458e+09  -0.0259705  -0.109302   0.086063  -0.210066 0.00624755   0.927279
1.77458e+09  -0.0334274  -0.108237   0.086063   -0.15782 0.00502685    0.89432
1.77458e+09  -0.0323621 -0.0879967  0.0945851 -0.171248 -0.010354  0.917758
1.77458e+09  -0.0217095 -0.0805398  0.0924546   -0.153182 -0.00644776    0.913363
1.77458e+09  -0.0494064 -0.0539082  0.0999114 -0.130721 0.0169897  0.894076
1.77458e+09  -0.0259705 -0.0357987   0.100977 -0.137068 0.0123511  0.900668
1.77458e+09   -0.0568632 -0.00490603    0.100977  -0.151961 -0.0271997   0.955355
1.77458e+09   -0.0163832 -0.00171023    0.104172  -0.164656 -0.0235376   0.977572
1.77458e+09  -0.0174484 0.00361609   0.111629  -0.161238 -0.0132837   0.977328
1.77458e+09  -0.0121221  0.0110729   0.110564  -0.181746 -0.0320825    1.00467
1.77458e+09  -0.0185137  0.0110729   0.112695  -0.201033 -0.0474634    1.02713
1.77458e+09   0.0113137 0.00148556   0.120151  -0.202742 -0.0389185    1.03421
1.77458e+09   0.0155748 -0.0102323   0.127608  -0.205916 -0.0196314    1.02323
1.77458e+09  -0.00999158  -0.0112976    0.128674 -0.193465 -0.010354   1.01468
1.77458e+09   0.0113137 -0.0283418   0.129739   -0.21202 -0.0140161    1.02005
1.77458e+09   0.0177053 -0.0357987   0.125478  -0.183699 -0.0235376    1.00125
1.77458e+09  0.0198358 -0.036864  0.124412  -0.172713 0.00502685   0.960971
1.77458e+09  -0.00253473  -0.0294071    0.121217   -0.17491 -0.0235376   0.968051
1.77458e+09  0.00279159 -0.0262113   0.126543  -0.194441 -0.0491724   0.988803
1.77458e+09   0.0177053 -0.0294071   0.131869  -0.173934 -0.0455103   0.976596
1.77458e+09   0.0368801 -0.0304724   0.125478   -0.161727 -0.00425049     0.94559
1.77458e+09  0.00279159 -0.0166239   0.120151  -0.172469 0.00209716   0.960482
1.77458e+09     0.01664 -0.0198197   0.128674   -0.199568 -0.00864503    0.986117
1.77458e+09   0.0113137 -0.0251461   0.124412 -0.175643 0.0145483  0.964877
1.77458e+09   0.0187706 -0.0230155   0.125478 -0.163191 0.0323706  0.933139
1.77458e+09  -0.0163832 -0.0123629   0.127608 -0.181502  0.015769  0.960482
1.77458e+09   0.0198358 -0.0230155   0.122282  -0.181502 -0.0206079     0.9639
1.77458e+09   0.0145095 -0.0112976   0.126543    -0.1649 -0.0127954   0.965854
1.77458e+09     0.01664 -0.0102323   0.123347 -0.178816 0.0248022  0.953402
1.77458e+09  -0.0110568 0.00148556   0.126543 -0.17076 0.017478 0.958041
1.77458e+09   0.0134442 0.00148556   0.124412 -0.192488 0.0077124  0.976596
1.77458e+09   0.00172633 0.000420297    0.127608  -0.185652 0.00990966   0.989291
1.77458e+09  0.00172633 -0.0027755   0.118021 -0.190047 0.0311499  0.989535
1.77458e+09  -0.00999158 -0.00810182    0.110564 -0.192488 0.0206518  0.999789
1.77458e+09  -0.00999158  -0.0123629    0.114825 -0.193221 0.0121069  0.980258
1.77458e+09  -0.00359999  -0.0123629    0.120151 -0.180525 0.0233374  0.977572
1.77458e+09  -0.00999158  -0.0102323    0.109499 -0.185164   0.03823  0.971713
1.77458e+09   -0.0259705 -0.00916708    0.103107 -0.18199 0.022605 0.974887
1.77458e+09   -0.0281011 -0.00597129    0.105238  -0.187606 0.00405029   0.968783
1.77458e+09   -0.00892632 -0.000644969      0.11376 -0.183455 0.0150366  0.968295
1.77458e+09  -0.00573052 0.000420297    0.112695  -0.18907 0.0238257  0.970492
1.77458e+09  -0.0217095 0.00468135   0.110564 -0.191023  0.022605  0.973422
1.77458e+09   -0.00679579 -0.000644969     0.105238 -0.197371 0.0201636  0.968295
1.77458e+09   0.00385686 0.000420297    0.102042 -0.179793 0.0428686  0.950961
1.77458e+09  -0.0249053  0.0100077   0.102042 -0.188826 0.0404272  0.953402
1.77458e+09  -0.00466526  0.00468135    0.111629 -0.183211 0.0294409  0.954379
1.77458e+09  0.0741643 0.0249214  0.123347   -0.15367 -0.0247583   0.967807
1.77458e+09  -0.112257 0.0409003  0.148914 -0.218611  0.974021  0.752963
1.77458e+09    -0.280569 -0.00490603    0.300181 -0.424422  0.314841   1.14896
1.77458e+09  -0.273112 0.0323782  0.348118 0.0450605 0.0604468  0.980258
1.77458e+09  -0.306135  0.149557  0.441861 -0.499373  0.788718   1.13211
1.77458e+09  -0.393487 0.0121382  0.567563 -0.363143  0.378074   1.14749
1.77458e+09  -0.377508 0.0568793  0.689003 -0.17076 0.178855 0.944125
1.77458e+09  -0.322114 0.0632709  0.800855 -0.389022  0.291648   1.06327
1.77458e+09   -0.288026 0.00681188   0.924426 -0.326033  0.267234  0.990512
1.77458e+09  -0.199609 0.0163993   1.03947 -0.309676  0.166892   1.02005
1.77458e+09   -0.166585 -0.0283418    1.10339 -0.279402  0.197166  0.957064
1.77458e+09    -0.16339 -0.0283418     1.1705 -0.246443  0.238181  0.885043
1.77458e+09   -0.181499 -0.0624303    1.23016 -0.317977  0.280173  0.894076
1.77458e+09  -0.232632  -0.10078   1.26105 -0.241316  0.251609  0.847445
1.77458e+09   -0.243285 -0.0848009    1.28981 -0.182967  0.151755    0.8931
1.77458e+09   -0.240089 -0.0805398    1.30899 -0.202498  0.179832  0.895785
1.77458e+09   -0.241154 -0.0816051    1.32923 -0.221541 0.0658179  0.938998
1.77458e+09  -0.250741 -0.057104   1.34734 -0.185164 0.0294409  0.951205
1.77458e+09  -0.237958 -0.061365    1.3239 -0.144637  0.112693  0.921908
1.77458e+09   -0.258198 -0.0230155    1.33242 -0.121932  0.137107  0.883334
1.77458e+09  -0.272047 0.0185298   1.32177 -0.159529 0.0682593   0.94559
1.77458e+09  -0.241154 0.0462267   1.33881 -0.211287  0.119041   1.00345
1.77458e+09  -0.263525 0.0462267   1.33881 -0.210799  0.106833  0.977084
1.77458e+09  -0.298678 0.0771193   1.35479 -0.193709  0.190818  0.956576
1.77458e+09  -0.329571  0.103751   1.36225 -0.241072  0.179343   1.03128
1.77458e+09  -0.355137 0.0856415   1.38036 -0.257674   0.16323   1.01639
1.77458e+09  -0.379638 0.0867067   1.38462 -0.192488 0.0978003  0.960971
1.77458e+09  -0.382834  0.110143   1.41125 -0.275008  0.141746  0.996371
1.77458e+09  -0.408401 0.0899025   1.42936 -0.307479 0.0770483   1.06961
1.77458e+09  -0.366855 0.0632709   1.44854 -0.299666 0.0875464   1.04349
1.77458e+09  -0.402009 0.0174645   1.45812 -0.283309 0.0790015   1.00809
1.77458e+09  -0.390291 0.0110729   1.48049 -0.298445 0.0716772  0.976596
1.77458e+09    -0.403074 -0.00703656      1.5018 -0.325301 0.0826636   1.00492
1.77458e+09   -0.384965 -0.0326029     1.5263 -0.299666 0.0572729   1.01126
1.77458e+09   -0.397748 -0.0709524    1.54015 -0.290877 0.0572729  0.970004
1.77458e+09   -0.375377 -0.0688219    1.56358 -0.247908 0.0658179   0.94974
1.77458e+09  -0.402009 -0.061365   1.57104 -0.287703  0.108787  0.988803
1.77458e+09   -0.42651 -0.103976   1.58276 -0.314803 0.0731421   1.02591
1.77458e+09  -0.461664 -0.109302   1.59554  -0.215193 0.00649169   0.949984
1.77458e+09   -0.469121 -0.0656261    1.60939  -0.24449 0.0621558  0.907992
1.77458e+09    -0.50534 -0.0720177    1.60726 -0.275496 0.0663061    1.0054
1.77458e+09   -0.535167 -0.0709524    1.61578 -0.238631 0.0269995  0.998324
1.77458e+09   -0.557537 -0.0784093    1.62004 -0.273543 0.0333472  0.997348
1.77458e+09   -0.524514 -0.0826703    1.62857  -0.258895 -0.0499048   0.958285
1.77458e+09   -0.480838 -0.0581692    1.63283  -0.255232 -0.0933618    0.98685
1.77458e+09   -0.433967 -0.0698872    1.65413 -0.317488 -0.106057   1.08426
1.77458e+09  -0.398813 -0.107171   1.67224  -0.274275 -0.0206079    1.01029
1.77458e+09  -0.379638 -0.112498   1.69142    -0.30699 -0.00278565    0.996859
1.77458e+09  -0.368986 -0.140195   1.69994  -0.272566 0.00575927   0.999789
1.77458e+09  -0.399878 -0.146586   1.73616 -0.247664 0.0650854  0.983432
1.77458e+09  -0.414792 -0.168957   1.74361 -0.232527 0.0484839  0.927035
1.77458e+09  -0.427575 -0.152978   1.75959   -0.173201 -0.00644776    0.897738
1.77458e+09  -0.410531 -0.129542   1.77664   -0.157576 -0.00693604    0.900424
1.77458e+09  -0.398813 -0.126346   1.78942  -0.143416 -0.0113306   0.887729
1.77458e+09  -0.378573 -0.101845    1.8086  -0.155867 -0.0386743   0.913852
1.77458e+09    -0.34768 -0.0943882    1.82777  -0.158309 -0.0843286   0.884311
1.77458e+09   -0.252872 -0.0602998     1.8576 -0.0801836 -0.0547876   0.832797
1.77458e+09   -0.234762 -0.0262113    1.89595    -0.1649 -0.0149927   0.877963
1.77458e+09  -0.207066 -0.020885   1.91406 -0.0938555 -0.0254907   0.842074
1.77458e+09  -0.172977 0.0195951   1.92045  -0.11534 0.0011206  0.864047
1.77458e+09  -0.171912 0.0259866   1.93962 -0.137557 0.0421362  0.897982
1.77458e+09     -0.206 0.0472919   1.95347 -0.100447 0.0836401  0.838412
1.77458e+09  -0.211327 0.0771193   1.97158 -0.0684649  0.0445776    0.79349
1.77458e+09  -0.235828  0.117599   1.97584 -0.113875 0.0401831   0.73685
1.77458e+09  -0.298678  0.187907    1.9556 -0.228133 0.0672827  0.978549
1.77458e+09  -0.414792  0.105881    1.9343 -0.518172  0.207908   1.26468
1.77458e+09  -0.504274 0.0163993   1.91725 -0.250838   0.06948   1.06717
1.77458e+09  -0.561799 0.0281172   1.91832 -0.256941  0.212058   1.06571
1.77458e+09  -0.596952 -0.041125   1.94815  -0.27452 0.0560522   1.02518
1.77458e+09   -0.515992 -0.0464513     1.9588 -0.229598 -0.118508  0.964877
1.77458e+09   -0.452076 -0.0475166    1.98756  -0.352645 -0.0542993     1.0662
1.77458e+09  -0.394552 -0.180675   2.05148 -0.462752  0.101462   1.16288
1.77458e+09  -0.394552 -0.180675   2.05148  -0.239852 -0.0208521   0.970248
1.77458e+09  -0.225175 -0.168957   2.10048   -0.200789 -0.00571534    0.908969
1.77458e+09  -0.225175 -0.168957   2.10048   -0.200789 -0.00571534    0.908969
1.77458e+09  -0.161259 -0.139129   2.16013 -0.178328 0.0748511  0.865023
1.77458e+09  -0.161259 -0.139129   2.16013 -0.178328 0.0748511  0.865023
1.77458e+09   -0.137823 -0.0624303    2.18037  -0.121688 -0.0765161    0.82059
1.77458e+09   -0.137823 -0.0624303    2.18037  -0.121688 -0.0765161    0.82059
1.77458e+09  -0.0547327  0.0632709    2.24003 -0.0921465  0.0125952   0.801547
1.77458e+09  -0.0547327  0.0632709    2.24003 -0.0921465  0.0125952   0.801547
1.77458e+09  -0.00573052    0.111208     2.23896  -0.111434 -0.0127954   0.827914
1.77458e+09  -0.00573052    0.111208     2.23896  -0.111434 -0.0127954   0.827914
1.77458e+09  -0.00999158    0.185776     2.26453 -0.252791 0.0826636  0.957797
1.77458e+09  -0.00999158    0.185776     2.26453 -0.252791 0.0826636  0.957797
1.77458e+09  -0.0664506   0.169797    2.21233 -0.192977  0.093894  0.866732
1.77458e+09  -0.0909517   0.178319    2.23577 -0.278182  0.133445   1.01517
1.77458e+09  -0.128236  0.161275   2.24216 -0.246932 0.0968237  0.928744
1.77458e+09  -0.128236  0.161275   2.24216 -0.246932 0.0968237  0.928744
1.77458e+09  -0.278438  0.308282   2.17292 -0.0560137   0.285056   0.785434
1.77458e+09  -0.278438  0.308282   2.17292 -0.0560137   0.285056   0.785434
1.77458e+09  -0.321049  0.247562   2.18357   -0.192 0.196677 0.899691
1.77458e+09  -0.321049  0.247562   2.18357   -0.192 0.196677 0.899691
1.77458e+09  -0.58843 0.451027  2.18996 -0.263045  0.306785   1.05008
1.77458e+09  -0.58843 0.451027  2.18996 -0.263045  0.306785   1.05008
1.77458e+09  -0.700283  0.456353   2.24962 -0.0984942   0.124167   0.778598
1.77458e+09  -0.700283  0.456353   2.24962 -0.0984942   0.124167   0.778598
1.77458e+09  -0.531971   0.56501   2.33271 -0.134627 -0.172463  0.959018
1.77458e+09  -0.531971   0.56501   2.33271 -0.134627 -0.172463  0.959018
1.77458e+09  -0.383899  0.467006   2.41473 -0.307234  0.186912  0.934115
1.77458e+09  -0.383899  0.467006   2.41473 -0.307234  0.186912  0.934115
1.77458e+09  -0.551146  0.411612    2.4094 -0.175643 0.0750952   0.79227
1.77458e+09  -0.602279  0.416939   2.39343 -0.175643 0.0750952   0.79227
1.77458e+09  -0.546885  0.425461   2.44136 -0.287215  0.210349  0.892367
1.77458e+09  -0.546885  0.425461   2.44136 -0.287215  0.210349  0.892367
1.77458e+09  -0.676847  0.356219   2.46906 -0.250594  0.247703  0.855014
1.77458e+09  -0.767395  0.390307   2.44562 -0.245223   0.25283  0.840854
1.77458e+09  -0.801483  0.372198   2.42858  -0.38243 0.0611792   1.03446
1.77458e+09  -0.726915      0.32   2.47971 -0.466658  0.272117    1.1016
1.77458e+09  -0.704544  0.232648   2.49889  -0.372176 -0.0540552   0.999301
1.77458e+09  -0.66939 0.300825  2.50847 -0.249617  0.115867   0.97977
1.77458e+09  -0.633171  0.236909   2.53937   -0.5399 0.0811987    1.2034
1.77458e+09  -0.590561  0.126122   2.54789 -0.429549  0.174949   1.19364
1.77458e+09  -0.600148 0.0984246   2.56493 -0.296248    0.3749  0.752475
1.77458e+09  -0.692826  0.170863   2.57346 -0.254012  0.228904  0.909945
1.77458e+09  -0.813201  0.164471   2.53084 -0.325789  0.268943  0.991244
1.77458e+09  -0.911205 0.0803151   2.52871 -0.325789  0.268943  0.991244
1.77458e+09   -1.11893 0.0952288   2.51593 -0.174422    0.4103   0.65433
1.77458e+09  -1.23185 0.188972  2.51061  -0.440535 -0.0743189    1.20877
1.77458e+09   -0.92825 0.0632709   2.54895  -1.02696 -0.970315   2.42704
1.77458e+09  -0.497883 -0.338334   2.54469  -1.30015 -0.534768   2.64432
1.77458e+09   -0.46486 -0.663239   2.57985  -0.77452 -0.406838   1.76322
1.77458e+09  -0.399878 -0.673892   2.54682 -0.413436 -0.494485   1.39261
1.77458e+09  -0.451011 -0.700524   2.43923 -0.260604 -0.149514  0.981723
1.77458e+09  -0.641693 -0.484275   2.18996 -0.127547  0.466941  0.932162
1.77458e+09  -1.18072  -0.2627  2.18676 -0.39366 0.772849 0.795443
1.77458e+09    -1.26487 -0.0837356    2.16226 -0.132674 -0.414407   1.17386
1.77458e+09    -1.1413 0.0685972   2.11965 -0.263533 -0.314553   1.23392
1.77458e+09  -0.975121  0.151688   2.10474 -0.488875 -0.438088   1.56986
1.77458e+09  -0.879247 0.0238561   2.07704 -0.462264 -0.223733   1.30106
1.77458e+09   -0.905879 -0.0432555    2.03337 -0.328963 -0.185403   1.26956
1.77458e+09   -0.853681 -0.0911925    2.07811 -0.571395 0.0103979   1.25345
1.77458e+09  -0.836637  -0.16363   2.09728 -0.489363 0.0436011   1.00077
1.77458e+09  -0.840898 -0.191327   2.16439  -0.456893 -0.0130396    1.02738
1.77458e+09  -0.832376 -0.352182   2.15587  -0.324813 -0.0528345   0.853305
1.77458e+09  -0.848355 -0.314898   2.20914 -0.264754  0.120505  0.606723
1.77458e+09  -0.847289 -0.342595   2.27944 -0.385359  0.115867   0.56473
1.77458e+09  -0.801483 -0.369226   2.34762 -0.319441 0.0167456  0.601107
1.77458e+09  -0.821723 -0.370292   2.33058  -0.220564 -0.0250024   0.566684
1.77458e+09  -0.823854 -0.312767   2.39556 -0.257674  0.172507  0.660189
1.77458e+09  -0.804679 -0.348986   2.42751 -0.25865  -0.1251 0.575229
1.77458e+09   -0.76846 -0.258439   2.43284   -0.18492 -0.0528345   0.612582
1.77458e+09  -0.746089 -0.256308   2.42325 -0.278914   -0.1605  0.754184
1.77458e+09  -0.717327   -0.1615   2.47012 -0.139022  0.106101  0.569125
1.77458e+09  -0.692826 -0.118889   2.50315 -0.165633 -0.233743  0.622836
1.77458e+09   -0.598018 -0.0400598    2.48078 -0.269148  -0.23179  0.869906
1.77458e+09   -0.511731 -0.0869314    2.49463  -0.407332 -0.0735864   0.925082
1.77458e+09   -0.517057 -0.0890619    2.50741  -0.166854 -0.0894556   0.805941
1.77458e+09   -0.509601 -0.0219503    2.51167 -0.264754 -0.128518  0.907016
1.77458e+09   -0.402009 -0.0901272    2.49889  -0.33824 -0.362893   1.00907
1.77458e+09   -0.331701 -0.0347334    2.50847 -0.218856 -0.170022  0.872592
1.77458e+09   -0.288026 -0.0230155    2.51487 -0.326766 -0.143655  0.999545
1.77458e+09   -0.231567 -0.0219503    2.53084 -0.201766 -0.244485  0.992221
1.77458e+09  -0.118649 0.0249214   2.55428 -0.316023 -0.187844   1.05863
1.77458e+09  -0.0717769  -0.041125    2.55961 -0.317244  -0.14634   1.06302
1.77458e+09  -0.0451453 0.00255083    2.55854  -0.166854 -0.0765161   0.890902
1.77458e+09  -0.0472758  0.0334435    2.55854  -0.315779 -0.0591821    1.01688
1.77458e+09  -0.0728422 -0.0027755    2.55322 -0.267684 -0.109475   1.02323
1.77458e+09  -0.0653853  0.0249214    2.55535  -0.186629 -0.0477075   0.897006
1.77458e+09  -0.0494064  0.0302477    2.56919  -0.183943 0.00380615   0.837436
1.77458e+09  -0.0291663    0.10162    2.58198 -0.191023 0.0716772  0.790561
1.77458e+09  -0.34555 0.126122  2.40621 -0.944197  0.455955   1.71659
1.77458e+09  -0.700283  -0.30318   2.36466 -0.770369  0.619041     1.543
1.77458e+09  -0.923988 -0.250982   2.38171 -0.114607  0.367087  0.865756
1.77458e+09  -0.82918 -0.20198  2.43497 -0.408309 -0.221047   1.04276
1.77458e+09  -0.722654 -0.327681   2.41899 -0.441023 -0.198831  0.950961
1.77458e+09  -0.593756 -0.294658   2.41154 -0.196883 -0.342385  0.711459
1.77458e+09  -0.518123 -0.249917   2.42006  -0.319441 -0.0540552   0.738803
1.77458e+09   -0.40627 -0.279744   2.47545  -0.340193 -0.0521021   0.827426
1.77458e+09  -0.372182 -0.326616   2.47012 -0.318953  0.118552  0.822055
1.77458e+09  -0.274177 -0.405445   2.55108 -0.257186  -0.13218  0.912631
1.77458e+09  -0.0344927  -0.248852    2.62459 0.104875 -0.65342 0.770053
1.77458e+09   0.244607 0.0291824   2.69596 -0.0213457  -0.254495   0.806186
1.77458e+09    0.357525 0.00681188     2.6917 -0.0848223 -0.0943384    0.81473
1.77458e+09    0.25952 0.0835109   2.61074 -0.0372149   0.254294   0.633578
1.77458e+09  0.152994 0.113338  2.60115 -0.232039   0.20571   0.71976
1.77458e+09  0.0752296  0.147427   2.60754 -0.233504  0.171531  0.683627
1.77458e+09  0.0240969  0.170863   2.59583 -0.232527 0.0367651  0.720004
1.77458e+09  -0.0632548   0.198559    2.54043 -0.203231  0.100242  0.844271
1.77458e+09  -0.0877559   0.232648    2.53298 -0.218123  0.152244  0.946566
1.77458e+09  -0.136758  0.245431   2.49037 -0.152205 0.0277319  0.974887
1.77458e+09  -0.22624 0.234778  2.40727 -0.111922  0.140037  0.610629
1.77458e+09  -0.411596   0.38072   2.34229 -0.209822  0.529685  0.577426
1.77458e+09  -0.674717  0.366871    2.3359  -0.4066 0.504294 0.854525
1.77458e+09  -0.832376  0.334913   2.34229 -0.173689  0.345847  0.842318
1.77458e+09  -0.927184   0.36048    2.2901 -0.178572  0.170554  0.829379
1.77458e+09  -1.03691 0.375393  2.26879 -0.312606  0.389792  0.859164
1.77458e+09  -1.21481 0.384981  2.27731 -0.222518  0.240623   0.80765
1.77458e+09  -1.25102 0.394568  2.27412 -0.177596  0.066062    0.7056
1.77458e+09  -1.20096 0.402025  2.34442 -0.103621  0.115623  0.453402
1.77458e+09  -1.06993 0.545836  2.36466 -0.00401176   -0.334329      1.0513
1.77458e+09   -0.8899 0.425461  2.41686 -0.585799 0.0421362   1.22562
1.77458e+09  -0.703479   0.34024   2.51487  -0.248885 -0.0447778    1.02201
1.77458e+09  -0.62891 0.395633  2.57559 -0.187117 0.0567847  0.961947
1.77458e+09  -0.521318  0.305086    2.5937 -0.248152 -0.230569   1.01273
1.77458e+09  -0.438228  0.345566   2.57452 -0.0650469  0.0306616   0.765414
1.77458e+09  -0.301874   0.42333   2.66826    -0.2191 0.00917724   0.795932
1.77458e+09  -0.34555 0.395633  2.66294 -0.330428  0.539207  0.946566
1.77458e+09  -0.486165  0.364741    2.6949 -0.201277 0.0811987  0.714633
1.77458e+09  -0.572451  0.475528   2.63205 -0.154647  0.282615  0.746371
1.77458e+09  -0.610801  0.439309   2.57772 -0.306014 0.0951147  0.910922
1.77458e+09  -0.74822 0.398829  2.55002 -0.410018  0.392722  0.971957
1.77458e+09  -0.824919  0.364741     2.517 -0.299422 0.0396948   0.93558
1.77458e+09  -0.794026  0.379654   2.47545 -0.320174  -0.13218  0.914828
1.77458e+09  -0.738632   0.34024   2.40301 -0.369979 0.0143042   0.95682
1.77458e+09  -0.712001  0.288042   2.39343 -0.441756  -0.13926   1.08036
1.77458e+09  -0.564994  0.194298   2.37958  -0.328475 -0.0955591   0.919223
1.77458e+09  -0.537297  0.283781   2.36466 -0.151229 -0.122415  0.848422
1.77458e+09  -0.494687  0.233713   2.34762 -0.416365  0.143699   1.04862
1.77458e+09  -0.610801  0.172993   2.31353 -0.190535  0.390525   0.78226
1.77458e+09  -0.74822 0.245431  2.32205 -0.295516  0.350486  0.915805
1.77458e+09  -0.783374  0.195364   2.32099 -0.362898 -0.134377   1.27689
1.77458e+09  -0.677912   0.20069   2.29649 -0.516951 -0.580911   1.86063
1.77458e+09   -0.394552 -0.0272766    2.29329  -1.10997 -0.545022   2.32108
1.77458e+09   -0.26459 -0.310637   2.27625 -0.569197  -0.80552   1.79056
1.77458e+09  -0.111192 -0.240329   2.19209 -0.502547  -0.54844   1.61722
1.77458e+09  -0.0504716  -0.461904    2.13031 -0.528426  -0.41343   1.43875
1.77458e+09   -0.16339 -0.436338   2.02165 -0.279891 0.0885229  0.920932
1.77458e+09  -0.332767 -0.490667   1.99289 -0.613875  0.158591   1.23661
1.77458e+09  -0.427575 -0.524755   1.95134 -0.253279 -0.265725  0.968295
1.77458e+09  -0.398813 -0.408641   1.90767 -0.444686 -0.252297   1.10208
1.77458e+09  -0.263525 -0.524755   1.91938 -0.477156 -0.754983   1.27616
1.77458e+09  -0.346615 -0.385205   1.65839  -0.130721 -0.0350122   0.755404
1.77458e+09  -0.724784 -0.419294   1.31218 -0.425154  0.515525   1.26761
1.77458e+09   -1.08271 -0.311702   1.17583    0.114641 -0.00742432    0.842318
1.77458e+09    -1.02306 -0.0134281   0.974494 0.0243086  -0.98887  0.947543
1.77458e+09  -0.855812 -0.020885  0.850923 -0.188582 -0.795754   1.09671
1.77458e+09  -0.595887 0.0398351  0.715634   -0.1649 -0.740823   1.00785
1.77458e+09  -0.439293 0.0259866  0.569693  -0.41368 -0.648782  0.987338
1.77458e+09    -0.342354 -0.00810182    0.454644 -0.0569903  -0.475198   0.653598
1.77458e+09  -0.267786 0.0664667  0.407773 -0.168807 -0.386331  0.749789
1.77458e+09   -0.221979 -0.0187545   0.322552 -0.340193 -0.360696    1.0286
1.77458e+09  -0.153802 -0.106106  0.267158 -0.184188 -0.423928  0.970492
1.77458e+09    -0.1048 -0.112498  0.181937  -0.257674 -0.0733423   0.794223
1.77458e+09     -0.206 -0.178544  0.162762  -0.297713 0.00209716   0.727572
1.77458e+09  -0.198543 -0.178544  0.181937 -0.242293 -0.286477  0.829867
1.77458e+09  -0.0973433  -0.246721   0.159566 -0.266951 -0.246194  0.761752
1.77458e+09  -0.0334274  -0.235003   0.121217 -0.0604082  -0.295266   0.618441
1.77458e+09  0.0294232 -0.170022  0.129739 -0.0689532 -0.0591821   0.626742
1.77458e+09  0.0454022 -0.115694  0.103107 -0.104598 -0.244729  0.673129
1.77458e+09   0.114644 -0.020885  0.090324 -0.0335528  -0.145852   0.620883
1.77458e+09  0.0986654 0.0856415 0.0945851 -0.0948321   0.015769    0.69974
1.77458e+09  0.0571201   0.11973 0.0807366 -0.144148 -0.088479  0.788363
1.77458e+09  0.0752296  0.162341 0.0722145  -0.14659 -0.248391  0.938021
1.77458e+09  0.127428 0.155949 0.070084 -0.251814 -0.233743  0.993441
1.77458e+09   0.174299  0.149557 0.0668882  -0.154402 -0.0926294   0.986117
1.77458e+09   0.175364  0.158079 0.0370608 -0.219588 -0.256936    1.0015
1.77458e+09   0.165777  0.141035 0.0168208 -0.215682 -0.143167   1.08133
1.77458e+09    0.15832  0.113338 0.0072334 -0.228377 -0.168313   1.01444
1.77458e+09    0.147668   0.116534 -0.0119414 -0.123641 -0.150735  0.989047
1.77458e+09    0.170038   0.113338 -0.0151372 -0.157576 -0.186135  0.933871
1.77458e+09     0.19667    0.13997 -0.0343119 -0.0042559  0.0602026   0.797396
1.77458e+09  -0.0131874   0.215604  -0.100358 -0.548201  0.302878   1.38871
1.77458e+09   -0.329571 -0.0347334  -0.188775 -0.674178  0.518943   1.76468
1.77458e+09  -0.549015 -0.187066 -0.214342 -0.482527  0.198875   1.48563
1.77458e+09  -0.557537 -0.203045 -0.197297 -0.0757891   0.141746    1.05716
1.77458e+09  -0.457403 -0.116759 -0.104619  -0.198104 -0.0672388    1.01444
1.77458e+09   -0.329571  -0.149782 -0.0971625 -0.283064 -0.282083   1.11527
1.77458e+09  -0.195348 -0.135934 -0.107815  -0.27452 -0.210549  0.957064
1.77458e+09   -0.109061   -0.10078 -0.0715962 -0.176863 -0.102395   0.90726
1.77458e+09  -0.0355579 -0.0560387 -0.0321814  -0.184676 -0.0376978   0.884311
1.77458e+09   0.0240969 -0.0517777 0.00829866  -0.23741 0.0128393  0.956576
1.77458e+09   0.0752296 -0.0709524  0.0200166 -0.257674 0.0228491  0.985141
1.77458e+09   0.0826864 -0.0879967  0.0306692 -0.269148  0.129539   0.93973
1.77458e+09   0.0379453 -0.0986493  0.0274734 -0.240096 0.0914526  0.885531
1.77458e+09   0.0475327 -0.0943882  0.0306692 -0.234236 0.0697241  0.863803
1.77458e+09   0.0177053 -0.0965188   0.017886 -0.216902  0.053855  0.829623
1.77458e+09  -0.00679579   -0.073083   0.0210818 -0.189559 0.0755835  0.855746
1.77458e+09  -0.0344927 -0.0645608  0.0114945 -0.227645 0.0707007  0.886264
1.77458e+09  -0.0621895  -0.061365 0.00829866 -0.190047 0.0497046  0.880648
1.77458e+09   -0.055798 -0.0400598 0.00297233 -0.241805 0.0304175  0.915316
1.77458e+09  -0.0728422 -0.0400598  0.0072334 -0.256209 0.0509253  0.945346
1.77458e+09  -0.0547327 -0.0347334   0.017886 -0.222029 0.0389624  0.926791
1.77458e+09  -0.0334274 -0.0294071  0.0200166 -0.219832 0.0121069  0.923373
1.77458e+09  -0.0131874 -0.0176892  0.0221471  -0.223494 0.00917724   0.902621
1.77458e+09  -0.00359999 0.000420297   0.0242776  -0.210799 0.00307372   0.904818
1.77458e+09  -0.019579 0.0132035 0.0210818 -0.238631 0.0103979  0.931186
1.77458e+09  -0.0408842  0.0195951  0.0200166 -0.241316 0.0289526  0.940219
1.77458e+09  -0.0611243  0.0238561  0.0274734 -0.254744 0.0296851   0.94559
1.77458e+09  -0.0281011 0.00681188  0.0274734  -0.254744 0.00380615   0.957797
1.77458e+09  -0.0504716  0.0132035  0.0210818    -0.24449 -0.00620362    0.966098
1.77458e+09  -0.0462106 0.00681188  0.0264082  -0.262068 -0.0201196   0.981234
1.77458e+09   -0.0323621 -0.00384076   0.0264082  -0.262557 -0.0235376   0.986117
1.77458e+09  -0.0121221 -0.0134281  0.0232124  -0.260359 -0.0362329   0.989047
1.77458e+09  -0.0185137 -0.0166239  0.0306692  -0.253768 -0.0447778   0.988559
1.77458e+09    -0.04408 -0.0166239  0.0210818  -0.257186 -0.0462427   0.993686
1.77458e+09  -0.0227748 -0.0219503  0.0274734  -0.255232 -0.0452661    1.00687
1.77458e+09  -0.0291663 -0.0294071  0.0200166  -0.260604 -0.0413599    1.00614
1.77458e+09  -0.0291663 -0.0347334   0.017886  -0.244246 -0.0486841   0.994418
1.77458e+09  -0.0259705 -0.0357987  0.0232124  -0.242293 -0.0528345   0.984164
1.77458e+09  -0.0249053  -0.036864  0.0200166  -0.234725 -0.0611353   0.981723
1.77458e+09   -0.039819 -0.0326029  0.0242776  -0.230574 -0.0550317   0.972201
1.77458e+09  -0.0142526 -0.0336682   0.029604  -0.224227 -0.0508814   0.962924
1.77458e+09  0.000661066  -0.0357987   0.0317345  -0.229109 -0.0447778   0.967807
1.77458e+09  -0.00679579   -0.036864   0.0349303   -0.22618 -0.0459985   0.972201
1.77458e+09  -0.0163832 -0.0389945   0.033865  -0.228133 -0.0355005   0.974154
1.77458e+09  -0.0259705 -0.0421903  0.0349303  -0.231063 -0.0376978   0.979281
1.77458e+09  -0.0515369 -0.0400598  0.0327997  -0.229109 -0.0372095   0.977816
1.77458e+09  -0.0504716 -0.0400598  0.0466482  -0.215438 -0.0440454    0.97098
1.77458e+09  -0.0131874 -0.0432555  0.0509092  -0.219344 -0.0362329   0.966586
1.77458e+09  -0.0291663 -0.0443208  0.0509092  -0.215193 -0.0352564   0.967807
1.77458e+09  -0.0387537 -0.0389945  0.0466482  -0.204207 -0.0376978   0.949496
1.77458e+09  -0.0355579 -0.0294071  0.0551703  -0.198104 -0.0396509   0.951449
1.77458e+09   -0.019579 -0.0304724  0.0573008  -0.200789 -0.0330591   0.956088
1.77458e+09  -0.0270358 -0.0294071  0.0551703  -0.205428 -0.0257349   0.963412
1.77458e+09  -0.00573052   -0.036864   0.0594314  -0.201522 -0.0335474   0.959506
1.77458e+09  -0.0259705 -0.0283418  0.0530398  -0.187117 -0.0447778   0.955111
1.77458e+09  -0.0227748 -0.0230155   0.049844  -0.201522 -0.0411157     0.9639
1.77458e+09  -0.0227748 -0.0251461  0.0487787  -0.194686 -0.0313501   0.960971
1.77458e+09  -0.0259705 -0.0176892  0.0509092  -0.190779 -0.0403833   0.960971
1.77458e+09  -0.00786105  -0.0187545    0.049844  -0.196639 -0.0394067   0.977084
1.77458e+09  0.00598739 -0.0230155  0.0370608   -0.19493 -0.0315942   0.979037
1.77458e+09  -0.00253473  -0.0230155   0.0370608  -0.198348 -0.0271997   0.981967
1.77458e+09  -0.0185137 -0.0198197   0.029604  -0.199324 -0.0315942    0.98392
1.77458e+09  -0.0206442 -0.0176892  0.0274734 -0.194686 -0.039895  0.984896
1.77458e+09  -0.0131874 -0.0166239  0.0274734  -0.192488 -0.0342798   0.980014
1.77458e+09  0.00279159 -0.0166239  0.0253429  -0.191756 -0.0301294   0.976107
1.77458e+09  0.0262274 -0.020885  0.013625  -0.189803 -0.0350122   0.976596
1.77458e+09  0.0262274 -0.020885  0.013625  -0.189803 -0.0215845     0.9639
1.77458e+09  0.00598739 -0.0187545  0.0104292 -0.189559 -0.022561  0.967807
1.77458e+09  -0.0142526 -0.0102323 0.00616813  -0.190047 -0.0313501   0.967562
1.77458e+09    -0.019579 -0.00490603  0.00936393  -0.188826 -0.0123071   0.963412
1.77458e+09    -0.019579 -0.00490603  0.00936393  -0.188826 -0.0123071   0.963412
1.77458e+09  -0.00679579 -0.00384076   0.0104292  -0.195906 -0.0167017   0.971713
1.77458e+09  -0.00679579 -0.00384076   0.0104292  -0.195906 -0.0167017   0.971713
1.77458e+09   0.0177053 -0.0134281  0.0125597  -0.192488 -0.0127954    0.97977
1.77458e+09   0.0177053 -0.0134281  0.0125597  -0.192488 -0.0127954    0.97977
1.77458e+09    0.0177053 -0.00916708  0.00616813   -0.197371 -0.00742432     0.97684
1.77458e+09    0.0177053 -0.00916708  0.00616813   -0.197371 -0.00742432     0.97684
1.77458e+09  0.00172633 -0.0102323 0.00297233 -0.197859 -0.013772  0.982943
1.77458e+09  0.00172633 -0.0102323 0.00297233 -0.197859 -0.013772  0.982943
1.77458e+09   -0.0217095 -0.00597129  0.00510287   -0.196883 -0.00840088    0.979525
1.77458e+09   -0.0217095 -0.00597129  0.00510287   -0.196883 -0.00840088    0.979525
1.77458e+09   -0.0131874 -0.00597129   0.0157555   -0.191512 -0.00986573     0.97391
1.77458e+09   -0.0131874 -0.00597129   0.0157555   -0.191512 -0.00986573     0.97391
1.77458e+09  -0.00359999 -0.00703656   0.0157555  -0.189559 -0.0152368   0.970248
1.77458e+09  -0.00359999 -0.00703656   0.0157555  -0.189559 -0.0152368   0.970248
1.77458e+09   0.0187706 -0.0102323 0.00829866  -0.192977 -0.0162134   0.967562
1.77458e+09   0.0187706 -0.0102323 0.00829866  -0.192977 -0.0162134   0.967562
1.77458e+09  -0.00679579  -0.0027755    0.013625  -0.190535 -0.0193872   0.971713
1.77458e+09  -0.00679579  -0.0027755    0.013625  -0.190535 -0.0193872   0.971713
1.77458e+09  -0.00146946  -0.0027755    0.017886  -0.192488 -0.0167017   0.974398
1.77458e+09  -0.00146946  -0.0027755    0.017886  -0.192488 -0.0167017   0.974398
1.77458e+09    -0.019579 -0.00171023   0.0189513  -0.196395 -0.0181665   0.978793
1.77458e+09    -0.019579 -0.00171023   0.0189513  -0.196395 -0.0181665   0.978793
1.77458e+09    0.0134442 -0.00916708   0.0104292  -0.197859 -0.0201196   0.982211
1.77458e+09   -0.0227748 -0.00171023   0.0114945  -0.196395 -0.0220728   0.979281
1.77458e+09  -0.0312969 0.00468135  0.0146903  -0.196639 -0.0210962    0.97098
1.77458e+09  -0.0312969 0.00468135  0.0146903  -0.196639 -0.0210962    0.97098
1.77458e+09  -0.0131874 0.00361609  0.0189513  -0.202742 -0.0223169   0.981479
1.77458e+09  -0.0131874 0.00361609  0.0189513  -0.202742 -0.0223169   0.981479
1.77458e+09    0.0134442 -0.00384076    0.017886 -0.198348 -0.022561  0.969516
1.77458e+09     0.012379 -0.00703656   0.0104292 -0.198348 -0.022561  0.969516
1.77458e+09   0.00385686 -0.00810182   0.0104292   -0.20201 -0.0271997   0.973666
1.77458e+09   0.00385686 -0.00810182   0.0104292   -0.20201 -0.0271997   0.973666
1.77458e+09    -0.0206442 -0.000644969   0.00936393 -0.200301 -0.022561  0.968295
1.77458e+09  -0.0259705 0.00361609  0.0146903   -0.19908 -0.0247583   0.971225
1.77458e+09  -0.0270358 0.00361609  0.0104292  -0.202742 -0.0220728   0.973178
1.77458e+09    -0.02384 0.00468135   0.013625  -0.202742 -0.0269556   0.971713
1.77458e+09  -0.0163832 0.00468135  0.0104292  -0.205428 -0.0210962   0.973666
1.77458e+09  -0.0153179 0.00148556 0.00936393  -0.205428 -0.0274439   0.978549
1.77458e+09  -0.0142526 0.00255083 0.00616813  -0.207869 -0.0210962   0.978061
1.77458e+09  -0.0142526 0.00255083 0.00616813  -0.207869 -0.0210962   0.978061
1.77458e+09  -0.0131874 0.00255083  0.0104292 -0.206893  -0.02427  0.976107
1.77458e+09  -0.00999158 0.000420297  0.00936393  -0.208846 -0.0193872    0.97684
1.77458e+09    0.0187706 -0.00810182  0.00510287  -0.203719 -0.0215845   0.973666
1.77458e+09    -0.0174484 -0.000644969    0.0040376  -0.208357 -0.0281763   0.974887
1.77458e+09  -0.0302316 0.00468135 0.00616813  -0.207381 -0.0152368   0.971957
1.77458e+09  -0.00892632  0.00255083  0.00936393  -0.207625 -0.0230493    0.97391
1.77458e+09   -0.0004042 0.000420297    0.013625  -0.206404 -0.0206079   0.970492
1.77458e+09   0.00811792 -0.00384076   0.0114945  -0.208357 -0.0171899   0.972689
1.77458e+09  -0.0153179 0.00148556  0.0072334  -0.211287 -0.0201196   0.976596
1.77458e+09    -0.0004042 -0.000644969    0.0072334  -0.208357 -0.0186548   0.972689
1.77458e+09    0.0230316 -0.00597129    0.013625  -0.208113 -0.0176782   0.971225
1.77458e+09    0.0219664 -0.00916708   0.0104292  -0.212996 -0.0203638   0.977816
1.77458e+09      0.01664 -0.00703656   0.0114945  -0.206404 -0.0167017   0.974154
1.77458e+09    0.0219664 -0.00810182  0.00829866  -0.207869 -0.0210962   0.972689
1.77458e+09   0.00598739 -0.00916708  0.00297233  -0.209334 -0.0181665   0.973178
1.77458e+09   0.00492212 -0.00703656  0.00616813  -0.209334 -0.0164575   0.976596
1.77458e+09   -0.0217095 -0.00171023   0.0114945  -0.207869 -0.0206079   0.975375
1.77458e+09   0.00598739 -0.00597129  0.00829866  -0.207869 -0.0162134   0.973666
1.77458e+09  -0.00146946 -0.00597129   0.0125597  -0.208846 -0.0188989   0.976352
1.77458e+09   0.00918318 -0.00810182  0.00936393  -0.204695 -0.0215845   0.974154
1.77458e+09   0.00492212 -0.00597129   0.0114945  -0.205672 -0.0208521   0.972689
1.77458e+09    0.012379 -0.0102323  0.0072334  -0.205184 -0.0215845   0.972689
1.77458e+09    0.0145095 -0.00916708  0.00936393  -0.205916 -0.0196314    0.97684
1.77458e+09   -0.0206442 -0.00171023   0.0072334  -0.203475 -0.0210962   0.972689
1.77458e+09   -0.00786105 -0.000644969    0.0125597  -0.204207 -0.0201196   0.975131
1.77458e+09  -0.00146946 -0.00171023   0.0146903  -0.205916 -0.0206079   0.975131
1.77458e+09    0.0113137 -0.00597129   0.0125597  -0.203719 -0.0240259   0.973666
1.77458e+09    0.0155748 -0.00916708  0.00616813  -0.203231 -0.0215845   0.975131
1.77458e+09  -0.00573052  -0.0027755  0.00936393  -0.204695 -0.0215845   0.975131
1.77458e+09    0.0177053 -0.00810182   0.0072334  -0.203475 -0.0179224   0.972689
1.77458e+09   0.0219664 -0.0123629 0.00510287  -0.202742 -0.0220728   0.971225
1.77458e+09     0.01664 -0.0102323 0.00510287  -0.203231 -0.0184107   0.974154
1.77458e+09  -0.00679579 -0.00597129   0.0040376  -0.203475 -0.0220728    0.97391
1.77458e+09  -0.0206442 -0.0027755 0.00510287  -0.200545 -0.0188989   0.972201
1.77458e+09    -0.0163832 -0.000644969    0.0125597  -0.203475 -0.0223169   0.976596
1.77458e+09    -0.0174484 -0.000644969   0.00936393  -0.204207 -0.0188989   0.973422
1.77458e+09   0.000661066 -0.000644969     0.013625  -0.201766 -0.0176782   0.971469
1.77458e+09   0.00172633 -0.00490603  0.00936393  -0.206404 -0.0201196   0.979037
1.77458e+09   -0.0004042 -0.00490603  0.00510287  -0.205672 -0.0164575   0.976596
1.77458e+09  0.000661066 -0.00490603  0.00510287  -0.202986 -0.0210962   0.976107
1.77458e+09  -0.00466526 -0.00384076   0.0114945  -0.204207 -0.0191431   0.976352
1.77458e+09  -0.00573052 -0.00597129    0.013625  -0.202742 -0.0228052   0.973666
1.77458e+09  -0.00573052 -0.00490603   0.0114945 -0.202742 -0.022561  0.973666
1.77458e+09   0.00385686 -0.00597129   0.0114945  -0.202742 -0.0196314   0.972689
1.77458e+09    -0.019579 -0.00171023   0.0104292  -0.202742 -0.0198755   0.971957
1.77458e+09   0.00705265 -0.00384076    0.013625   -0.20201 -0.0206079   0.972689
1.77458e+09    0.0187706 -0.00597129   0.0072334  -0.203475 -0.0196314   0.971713
1.77458e+09    -0.0131874 -0.000644969    0.0072334  -0.202498 -0.0235376   0.973666
1.77458e+09  -0.00786105  0.00148556   0.0125597  -0.204939 -0.0206079   0.976107
1.77458e+09  -0.00999158  0.00148556   0.0104292 -0.203719 -0.022561  0.975619
1.77458e+09   -0.0110568 -0.00171023  0.00616813  -0.206893 -0.0206079   0.975863
1.77458e+09  0.000661066  -0.0027755  0.00829866  -0.206404 -0.0157251   0.971957
1.77458e+09    0.0102484 -0.00384076  0.00936393  -0.205184 -0.0210962   0.976107
1.77458e+09  -0.0281011 0.00148556 0.00616813  -0.206404 -0.0176782   0.976107
1.77458e+09    0.0134442 -0.00597129   0.0072334  -0.203231 -0.0142603   0.970492
1.77458e+09  -0.0142526 -0.0027755 0.00297233  -0.206893 -0.0206079   0.974154
1.77458e+09  -0.00146946 -0.00490603  0.00616813  -0.208357 -0.0181665   0.977572
1.77458e+09   0.00598739 -0.00703656  0.00829866  -0.205184 -0.0181665   0.974398
1.77458e+09   -0.0004042 -0.00597129   0.0040376  -0.204939 -0.0191431   0.973666
1.77458e+09    -0.0163832 -0.000644969    0.0146903  -0.203963 -0.0210962   0.974398
1.77458e+09    0.0155748 -0.00490603   0.0189513  -0.204451 -0.0176782    0.97391
1.77458e+09    0.0177053 -0.00916708   0.0104292  -0.204207 -0.0198755   0.971713
1.77458e+09    -0.019579  -0.0027755 0.000841811  -0.202742 -0.0235376   0.971713
1.77458e+09   0.00385686 -0.00597129  0.00829866  -0.205428 -0.0176782   0.975619
1.77458e+09   0.00918318 -0.00597129   0.0104292 -0.203231 -0.022561  0.974643
1.77458e+09   0.00385686 -0.00703656 0.000841811  -0.202986 -0.0215845   0.974643
1.77458e+09   -0.0121221 -0.00171023   0.0040376  -0.206404 -0.0196314   0.975863
1.77458e+09   0.00385686 -0.00384076  0.00616813  -0.202498 -0.0218286   0.973422
1.77458e+09   0.00705265 -0.00597129   0.0114945  -0.204695 -0.0210962   0.978061
1.77458e+09    0.0145095 -0.00703656  0.00829866  -0.202742 -0.0206079    0.97391
1.77458e+09   0.00811792 -0.00384076   0.0125597  -0.202742 -0.0186548   0.972445
1.77458e+09   0.00492212 -0.00703656 0.000841811  -0.203719 -0.0193872   0.972201
1.77458e+09  -0.0131874 0.00148556  0.0125597  -0.204695 -0.0215845   0.974887
1.77458e+09    0.0187706 -0.00703656   0.0072334  -0.204207 -0.0171899   0.973178
1.77458e+09   -0.0142526 0.000420297    0.013625  -0.203231 -0.0206079   0.971469
1.77458e+09    0.0134442 -0.00597129    0.013625  -0.207381 -0.0257349   0.985629
1.77458e+09    -0.0004042  -0.00490603 -0.000223458  -0.206404 -0.0330591   0.977084
1.77458e+09   0.00385686 -0.00597129 -0.00235398  -0.202498 -0.0157251   0.964633
1.77458e+09    0.0187706 -0.00384076 -0.00235398  -0.199568 -0.0477075   0.971713
1.77458e+09   0.00705265 -0.00171023 -0.00874557  -0.220076 -0.0279321    0.98685
1.77458e+09    0.00811792  -0.00384076 -0.000223458  -0.201766 -0.0181665   0.974398
1.77458e+09   0.00811792 -0.00703656  -0.0151372  -0.200057 -0.0340356   0.971469
1.77458e+09  -0.00999158 -0.00384076 -0.00341925  -0.211043 -0.0169458   0.974154
1.77458e+09   0.00918318 -0.00703656 -0.00874557  -0.204939 -0.0184107   0.964389
1.77458e+09  -0.00679579 -0.00384076  -0.0130066  -0.206404 -0.0208521   0.970248
1.77458e+09    0.0102484 -0.00490603 -0.00661504  -0.200545 -0.0291528    0.97098
1.77458e+09    0.0102484 -0.00384076  -0.0140719  -0.204207 -0.0167017   0.972201
1.77458e+09  -0.00573052  0.00255083 -0.00235398  -0.205916 -0.0157251   0.970248
1.77458e+09    0.00705265 -0.000644969  -0.00448451  -0.207137 -0.0171899   0.974643
1.77458e+09    0.0145095 -0.00384076 -0.00341925    -0.21202 -0.00962159    0.975863
1.77458e+09    0.00279159 -0.000644969  -0.00235398  -0.205184 -0.0159692   0.973422
1.77458e+09  -0.0110568 0.00361609 0.00616813  -0.211287 -0.0201196   0.979281
1.77458e+09    0.0145095 -0.00703656  0.00297233   -0.21324 -0.0171899   0.984164
1.77458e+09    -0.0131874   -0.0027755 -0.000223458 -0.212752 -0.013772  0.977816
1.77458e+09   0.00598739 -0.00597129   0.0072334  -0.211043 -0.0203638   0.977328
1.77458e+09  -0.00466526 -0.00916708  0.00190707  -0.209334 -0.0142603   0.976107
1.77458e+09  -0.00146946 -0.00703656  0.00510287  -0.210799 -0.0210962   0.976107
1.77458e+09   -0.0206442 -0.00384076   0.0114945  -0.199813 -0.0149927   0.967318
1.77458e+09  -0.0185137 -0.0027755  0.0104292 -0.20909 -0.02427  0.97098
1.77458e+09  -0.00786105  -0.0027755   0.0104292  -0.209822 -0.0191431   0.972934
1.77458e+09    0.0155748 -0.00916708   0.0114945  -0.202986 -0.0245142   0.969271
1.77458e+09    0.012379 -0.0112976 0.00190707  -0.202986 -0.0228052   0.972689
1.77458e+09   -0.0131874 -0.00384076   0.0040376  -0.204695 -0.0179224    0.97098
1.77458e+09   -0.0227748 -0.00171023  0.00829866  -0.206404 -0.0191431   0.970736
1.77458e+09   -0.0174484 -0.00490603  0.00297233  -0.204207 -0.0206079   0.972934
1.77458e+09  -0.00892632 -0.00384076   0.0104292 -0.205428 -0.022561  0.974643
1.77458e+09   0.00811792 -0.00810182  0.00510287   -0.20616 -0.0257349   0.975863
1.77458e+09   -0.0131874 -0.00171023  0.00297233  -0.204695 -0.0210962   0.975863
1.77458e+09    0.0113137 -0.00597129   0.0104292  -0.208357 -0.0215845    0.97977
1.77458e+09   0.0251621 -0.0112976 0.00297233  -0.205672 -0.0198755   0.979037
1.77458e+09    0.00385686  -0.00916708 -0.000223458  -0.204207 -0.0171899   0.975131
1.77458e+09   -0.0153179 -0.00384076  0.00297233  -0.202498 -0.0210962   0.973178
1.77458e+09   0.0209011 -0.0102323 0.00297233  -0.203719 -0.0169458   0.972934
1.77458e+09  -0.0153179 -0.0027755 0.00510287  -0.205184 -0.0188989   0.972201
1.77458e+09     0.012379 -0.00810182  0.00190707  -0.200789 -0.0186548   0.971225
1.77458e+09  -0.00466526 -0.00171023 0.000841811  -0.205428 -0.0162134   0.973422
1.77458e+09   0.00918318 -0.00703656 0.000841811  -0.202986 -0.0206079   0.973422
1.77458e+09   -0.0131874 -0.00171023 -0.00448451  -0.203231 -0.0169458   0.974154
1.77458e+09   -0.0110568 -0.00490603 -0.00128872  -0.205184 -0.0240259   0.974154
1.77458e+09   -0.0163832  -0.0027755 -0.00448451  -0.205672 -0.0240259   0.977572
1.77458e+09  -0.00359999 -0.00384076  0.00190707  -0.206893 -0.0210962   0.978061
1.77458e+09    0.0209011 -0.00810182   0.0040376  -0.199324 -0.0228052    0.97098
1.77458e+09   -0.00253473  -0.00703656 -0.000223458  -0.206893 -0.0164575   0.974643
1.77458e+09   -0.0121221 -0.00384076   0.0040376  -0.202986 -0.0130396   0.971957
1.77458e+09    -0.0131874  -0.00597129 -0.000223458  -0.201277 -0.0215845   0.974398
1.77458e+09    0.0134442  -0.0112976 0.000841811  -0.201766 -0.0201196   0.975131
1.77458e+09   -0.0153179 -0.00703656 -0.00341925  -0.200545 -0.0206079   0.974398
1.77458e+09  -0.0185137 -0.0027755  0.0040376  -0.203231 -0.0240259   0.978305
1.77458e+09    0.0155748 -0.00916708  0.00616813  -0.201277 -0.0228052   0.974643
1.77458e+09  -0.00359999 -0.00597129 0.000841811  -0.201033 -0.0220728   0.977572
1.77458e+09   0.00385686 -0.00703656  0.00616813  -0.200057 -0.0191431   0.974154
1.77458e+09    0.0145095 -0.00703656   0.0040376  -0.200789 -0.0237817   0.974398
1.77458e+09    -0.0249053 -0.000644969    0.0072334  -0.200789 -0.0162134    0.97391
1.77458e+09  -0.00999158  -0.0027755   0.0040376  -0.201277 -0.0218286   0.977328
1.77458e+09  -0.0174484 -0.0027755 0.00190707  -0.200545 -0.0191431   0.975131
1.77458e+09    0.0145095 -0.00703656  0.00829866  -0.198104 -0.0220728    0.97098
1.77458e+09  0.000661066 -0.00703656  0.00829866  -0.202254 -0.0179224   0.975619
1.77458e+09  -0.00466526 -0.00384076   0.0114945  -0.200789 -0.0201196   0.974643
1.77458e+09    -0.019579 0.000420297   0.0104292  -0.199568 -0.0176782   0.972201
1.77458e+09   -0.0249053 0.000420297  0.00616813  -0.202254 -0.0159692   0.975619
1.77458e+09  -0.00892632 -0.00171023  0.00829866 -0.198104 -0.022561  0.974887
1.77458e+09    0.0134442 -0.00490603  0.00190707  -0.199813 -0.0159692   0.970736
1.77458e+09  -0.0121221 0.00148556  0.0040376  -0.200057 -0.0271997   0.972201
1.77458e+09  -0.00786105  0.00255083  0.00616813  -0.201766 -0.0257349   0.977816
1.77458e+09   -0.0004042 -0.00597129 -0.00128872  -0.206893 -0.0232935   0.978305
1.77458e+09   0.00492212 -0.00703656  0.00297233  -0.199324 -0.0262232   0.977084
1.77458e+09  -0.0110568 -0.0027755 0.00510287  -0.207381 -0.0179224   0.981234
1.77458e+09     0.012379 -0.00703656  0.00829866  -0.200545 -0.0171899   0.972689
1.77458e+09    0.0102484 -0.00810182  0.00510287  -0.199568 -0.0171899   0.970248
1.77458e+09  -0.00999158 -0.00384076  0.00190707  -0.201766 -0.0181665    0.97391
1.77458e+09  -0.0281011 0.00255083  0.0040376  -0.198348 -0.0181665   0.972689
1.77458e+09  -0.00999158 0.000420297  0.00297233  -0.199813 -0.0193872   0.972689
1.77458e+09   -0.00466526   -0.0027755 -0.000223458  -0.202986 -0.0191431   0.973178
1.77458e+09  -0.0227748 0.00361609  0.0104292   -0.20201 -0.0169458   0.975131
1.77458e+09    0.0240969 -0.00703656   0.0072334  -0.202742 -0.0157251   0.976352
1.77458e+09  -0.0270358 0.00148556 0.00297233  -0.202498 -0.0169458   0.977328
1.77458e+09  -0.00146946 -0.00490603   0.0072334  -0.204939 -0.0181665   0.978061
1.77458e+09  -0.00892632  -0.0027755    0.013625  -0.202986 -0.0167017   0.972201
1.77458e+09  -0.00146946 -0.00490603  0.00829866  -0.204451 -0.0184107   0.977084
1.77458e+09      0.01664 -0.00810182  0.00936393  -0.201277 -0.0179224   0.975619
1.77458e+09  -0.00146946 -0.00384076   0.0157555  -0.204207 -0.0176782   0.973178
1.77458e+09    0.0155748 -0.00384076  0.00936393  -0.201277 -0.0181665   0.970248
1.77458e+09   0.00705265 -0.00384076   0.0114945  -0.202742 -0.0193872   0.972689
1.77458e+09  -0.0185137 0.00255083 0.00936393  -0.205428 -0.0240259   0.977328
1.77458e+09     0.012379 -0.00384076   0.0125597  -0.207137 -0.0181665   0.972689
1.77458e+09   -0.0153179 0.000420297   0.0104292  -0.202742 -0.0257349   0.975375
1.77458e+09   0.00492212 -0.00171023   0.0114945  -0.207137 -0.0210962   0.975131
1.77458e+09  -0.00146946 -0.00597129  0.00190707  -0.207381 -0.0215845   0.975619
1.77458e+09   -0.0004042 -0.00384076  0.00510287  -0.207869 -0.0210962   0.973666
1.77458e+09   0.0145095 -0.0112976 0.00616813  -0.204207 -0.0223169   0.975131
1.77458e+09  -0.00253473 -0.00703656 -0.00128872 -0.204939 -0.022561  0.975863
1.77458e+09  -0.00146946 -0.00384076  0.00616813  -0.203963 -0.0201196   0.970248
1.77458e+09   0.00705265 -0.00384076  0.00616813  -0.201033 -0.0223169   0.969271
1.77458e+09    0.0198358 -0.00597129  0.00829866  -0.206893 -0.0206079   0.975375
1.77458e+09    -0.019579 0.000420297  0.00616813  -0.202742 -0.0220728   0.974643
1.77458e+09      0.01664 -0.00490603   0.0114945  -0.202986 -0.0208521   0.972934
1.77458e+09   -0.0227748  0.00148556 -0.00128872  -0.206648 -0.0220728   0.976107
1.77458e+09  0.000661066 -0.00384076  0.00510287  -0.207625 -0.0184107   0.976596
1.77458e+09   -0.0004042 -0.00384076   0.0125597  -0.205428 -0.0228052   0.975375
1.77458e+09  -0.0142526 -0.0027755  0.0104292  -0.204939 -0.0181665   0.974643
1.77458e+09  -0.00359999  -0.0027755   0.0157555  -0.204939 -0.0215845   0.977084
1.77458e+09   0.00705265 -0.00597129   0.0072334  -0.203719 -0.0206079   0.972689
1.77458e+09  -0.0121221 -0.0027755 0.00616813  -0.200545 -0.0213403    0.96976
1.77458e+09  -0.00253473 0.000420297   0.0210818 -0.203963 -0.025979  0.974887
1.77458e+09   0.00492212 -0.00384076   0.0114945  -0.203231 -0.0201196   0.973666
1.77458e+09   -0.00466526 -0.000644969     0.013625  -0.201277 -0.0254907   0.973666
1.77458e+09  -0.00786105  -0.0027755  0.00829866  -0.204695 -0.0220728   0.976107
1.77458e+09  -0.00786105 -0.00171023  0.00829866  -0.205672 -0.0196314   0.976596
1.77458e+09   0.00918318 -0.00703656   0.0125597  -0.205428 -0.0196314   0.976107
1.77458e+09  -0.0153179 -0.0027755 0.00829866  -0.200789 -0.0215845   0.971225
1.77458e+09  -0.00466526  -0.0027755  0.00510287  -0.202742 -0.0206079   0.973666
1.77458e+09  -0.00573052 -0.00384076  0.00510287  -0.204695 -0.0228052   0.978061
1.77458e+09   0.00172633 -0.00490603  0.00297233  -0.202254 -0.0176782   0.971713
1.77458e+09    0.0155748 -0.00597129   0.0072334  -0.204695 -0.0230493    0.97391
1.77458e+09   -0.0131874 -0.00171023 -0.00128872  -0.204207 -0.0206079   0.977328
1.77458e+09    0.0187706 -0.00490603   0.0114945  -0.205428 -0.0232935    0.97684
1.77458e+09  -0.0131874 -0.0027755 0.00190707  -0.204451 -0.0223169   0.975131
1.77458e+09    -0.0206442 -0.000644969    0.0072334  -0.203475 -0.0196314   0.975863
1.77458e+09  -0.00359999  -0.0027755   0.0072334  -0.205428 -0.0176782   0.975863
1.77458e+09      0.01664  -0.0112976 -0.00235398  -0.203231 -0.0167017   0.971713
1.77458e+09    -0.0121221  -0.00384076 -0.000223458  -0.203719 -0.0171899   0.973422
1.77458e+09    -0.0174484 -0.000644969   0.00510287  -0.206648 -0.0159692   0.975131
1.77458e+09  -0.00679579 -0.00171023  0.00616813  -0.204207 -0.0176782   0.974154
1.77458e+09  -0.00679579 -0.00171023  0.00616813  -0.204207 -0.0176782   0.974154
1.77458e+09   -0.0153179 0.000420297  0.00510287  -0.203231 -0.0167017   0.975131
1.77458e+09   -0.0153179 0.000420297  0.00510287  -0.203231 -0.0167017   0.975131
1.77458e+09    -0.0163832 -0.000644969    0.0072334  -0.204207 -0.0179224   0.976107
1.77458e+09    -0.0163832 -0.000644969    0.0072334  -0.204207 -0.0179224   0.976107
1.77458e+09  -0.0142526 -0.0027755  0.0114945  -0.201766 -0.0181665   0.971225
1.77458e+09  -0.0142526 -0.0027755  0.0114945  -0.201766 -0.0181665   0.971225
1.77458e+09    0.0134442 -0.00597129  0.00936393  -0.202742 -0.0188989   0.974154
1.77458e+09    0.0134442 -0.00597129  0.00936393  -0.202742 -0.0188989   0.974154
1.77458e+09   -0.0004042 -0.00384076   0.0104292  -0.200545 -0.0201196   0.972934
1.77458e+09   -0.0004042 -0.00384076   0.0104292  -0.200545 -0.0201196   0.972934
1.77458e+09   0.00918318 -0.00597129  0.00616813  -0.202254 -0.0215845   0.977328
1.77458e+09   0.00918318 -0.00597129  0.00616813  -0.202254 -0.0215845   0.977328
1.77458e+09   0.00492212 -0.00810182   0.0040376  -0.203719 -0.0208521   0.974643
1.77458e+09   0.00492212 -0.00810182   0.0040376  -0.203719 -0.0208521   0.974643
1.77458e+09  -0.00573052 -0.00171023   0.0072334  -0.201522 -0.0220728   0.972934
1.77458e+09  -0.00573052 -0.00171023   0.0072334  -0.201522 -0.0220728   0.972934
1.77458e+09    -0.0142526 -0.000644969   0.00936393  -0.204695 -0.0210962   0.976352
1.77458e+09    -0.0142526 -0.000644969   0.00936393  -0.204695 -0.0210962   0.976352
1.77458e+09   -0.0142526 0.000420297   0.0072334  -0.201766 -0.0201196   0.972201
1.77458e+09   -0.0142526 0.000420297   0.0072334  -0.201766 -0.0201196   0.972201
1.77458e+09     0.0134442  -0.00597129 -0.000223458  -0.200789 -0.0191431   0.971957
1.77458e+09     0.0134442  -0.00597129 -0.000223458  -0.200789 -0.0191431   0.971957
1.77458e+09   0.000661066  -0.00490603 -0.000223458  -0.204695 -0.0176782   0.974887
1.77458e+09   0.000661066  -0.00490603 -0.000223458  -0.204695 -0.0176782   0.974887
1.77458e+09   -0.00679579 -0.000644969    0.0114945   -0.20616 -0.0193872   0.976352
1.77458e+09   -0.00679579 -0.000644969    0.0114945   -0.20616 -0.0193872   0.976352
1.77458e+09  -0.00466526 -0.00384076  0.00936393  -0.205916 -0.0188989   0.976352
1.77458e+09  -0.00466526 -0.00384076  0.00936393  -0.205916 -0.0188989   0.976352
1.77458e+09  0.00811792 -0.0027755  0.0125597  -0.204207 -0.0198755   0.972689
1.77458e+09  0.00811792 -0.0027755  0.0125597  -0.204207 -0.0198755   0.972689
1.77458e+09  -0.0206442 0.00361609  0.0104292  -0.204939 -0.0206079   0.975619
1.77458e+09    0.0102484 -0.00597129  0.00936393  -0.205184 -0.0230493   0.975375
1.77458e+09    -0.019579 -0.00171023   0.0072334  -0.20201 -0.022561  0.973178
1.77458e+09    -0.019579 -0.00171023   0.0072334  -0.20201 -0.022561  0.973178
1.77458e+09   -0.00999158 -0.000644969    0.0125597  -0.203475 -0.0191431   0.971957
1.77458e+09    -0.0153179 -0.000644969    0.0072334  -0.205428 -0.0220728   0.972201
1.77458e+09     0.012379 -0.00384076   0.0146903  -0.205916 -0.0220728    0.97684
1.77458e+09  0.000661066 -0.00490603  0.00190707  -0.205916 -0.0220728    0.97684
1.77458e+09   -0.0227748 -0.00171023  0.00190707  -0.205428 -0.0235376   0.972201
1.77458e+09   0.00492212 -0.00384076   0.0072334  -0.20201 -0.022561  0.971469
1.77458e+09    0.0134442 -0.00597129  0.00616813  -0.207625 -0.0186548    0.97391
1.77458e+09   -0.00786105 -0.000644969    0.0146903   -0.20201 -0.0237817   0.973178
1.77458e+09   -0.00146946 -0.000644969    0.0072334  -0.205428 -0.0171899   0.973666
1.77458e+09   -0.00359999 -0.000644969     0.013625  -0.205672 -0.0171899   0.974887
1.77458e+09    0.0134442 -0.00384076   0.0114945  -0.204695 -0.0230493   0.977572
1.77458e+09    0.0177053 -0.00810182   0.0104292  -0.205428 -0.0171899   0.973422
1.77458e+09    0.0113137 -0.00916708   0.0104292  -0.204451 -0.0206079   0.975131
1.77458e+09   -0.0217095 -0.00171023   0.0072334 -0.205428 -0.022561  0.977572
1.77458e+09  -0.0312969 0.00361609 0.00936393  -0.199813 -0.0220728   0.974154
1.77458e+09  -0.0217095 0.00148556 0.00936393  -0.205916 -0.0220728   0.976107
1.77458e+09  -0.0174484 0.00148556  0.0104292  -0.202742 -0.0162134   0.971469
1.77458e+09   -0.0004042 -0.00171023    0.013625  -0.202986 -0.0230493   0.974398
1.77458e+09     0.012379 -0.00597129  0.00829866  -0.202254 -0.0184107   0.975619
1.77458e+09    0.0134442 -0.00597129   0.0114945  -0.201033 -0.0208521   0.973178
1.77458e+09    0.0262274 -0.00810182  0.00936393  -0.203719 -0.0215845   0.974643
1.77458e+09  -0.0142526 -0.0027755  0.0040376  -0.203231 -0.0218286   0.973178
1.77458e+09  -0.00253473 -0.00384076   0.0072334  -0.201766 -0.0193872   0.975131
1.77458e+09   -0.0004042 -0.00490603   0.0040376 -0.203231 -0.022561  0.973666
1.77458e+09  -0.0004042 -0.0027755  0.0072334  -0.199813 -0.0184107   0.972445
1.77458e+09   0.00172633 -0.00384076  0.00190707  -0.202498 -0.0196314   0.974398
1.77458e+09   0.00385686 -0.00597129  0.00936393  -0.204939 -0.0181665   0.973666
1.77458e+09    -0.0121221 -0.000644969   0.00829866  -0.200789 -0.0206079   0.973422
1.77458e+09    0.0177053 -0.00810182  0.00616813  -0.205184 -0.0198755   0.978061
1.77458e+09    0.0187706 -0.00916708  0.00510287  -0.204207 -0.0201196    0.97684
1.77458e+09    0.0230316 -0.00916708  0.00829866  -0.203231 -0.0181665   0.975375
1.77458e+09   0.00705265 -0.00703656  0.00510287  -0.205672 -0.0186548   0.973666
1.77458e+09   0.00279159 -0.00597129   0.0104292  -0.201766 -0.0215845   0.974154
1.77458e+09  -0.0110568 0.00148556 0.00829866  -0.203231 -0.0206079   0.974643
1.77458e+09    0.0134442 -0.00171023   0.0168208  -0.201766 -0.0215845    0.97391
1.77458e+09    0.0240969 -0.00703656  0.00616813  -0.204451 -0.0206079   0.973666
1.77458e+09      0.01664 -0.00703656  0.00829866  -0.203963 -0.0171899   0.975619
1.77458e+09  0.000661066 -0.00490603 -0.00128872  -0.204695 -0.0208521   0.975863
1.77458e+09   0.00172633 -0.00490603  0.00510287  -0.200789 -0.0191431   0.972934
1.77458e+09   0.00705265 -0.00703656 0.000841811  -0.205428 -0.0196314   0.974643
1.77458e+09  -0.0153179 -0.0027755  0.0040376  -0.204939 -0.0176782   0.975863
1.77458e+09  -0.0259705 0.00255083  0.0072334   -0.20201 -0.0240259   0.974398
1.77458e+09  -0.00466526  -0.0027755  0.00297233  -0.206893 -0.0184107   0.974154
1.77458e+09  -0.0004042 -0.0027755 0.00829866  -0.203231 -0.0228052   0.976596
1.77458e+09  -0.00146946  -0.0027755  0.00510287  -0.205184 -0.0196314   0.975619
1.77458e+09  -0.00892632  -0.0027755  0.00829866  -0.203475 -0.0181665   0.972689
1.77458e+09   0.00811792 -0.00490603  0.00936393  -0.204695 -0.0188989   0.972689
1.77458e+09   -0.0185137 0.000420297   0.0072334  -0.204939 -0.0167017   0.972201
1.77458e+09    0.0219664 -0.00810182   0.0146903  -0.202742 -0.0235376   0.975375
1.77458e+09    0.0219664 -0.00810182  0.00616813  -0.204695 -0.0159692    0.97391
1.77458e+09   0.00385686 -0.00490603  0.00510287  -0.205184 -0.0237817    0.97684
1.77458e+09  -0.00146946 -0.00384076   0.0040376  -0.203231 -0.0167017    0.97391
1.77458e+09   -0.0174484 0.000420297  0.00616813  -0.204451 -0.0193872   0.972689
1.77458e+09     0.012379 -0.00597129   0.0114945  -0.204695 -0.0232935   0.975619
1.77458e+09    0.0177053 -0.00703656   0.0072334  -0.204207 -0.0174341   0.975131
1.77458e+09   -0.0227748 -0.00171023   0.0072334  -0.205672 -0.0191431   0.974154
1.77458e+09  -0.0249053 0.00148556  0.0125597  -0.203231 -0.0240259   0.975131
1.77458e+09   -0.00466526 -0.000644969    0.0125597  -0.206648 -0.0169458   0.977084
1.77458e+09    0.0177053 -0.00490603   0.0114945  -0.201766 -0.0206079   0.971225
1.77458e+09    0.0240969 -0.00597129   0.0104292  -0.202986 -0.0232935    0.97098
1.77458e+09    0.0155748 -0.00703656  0.00829866   -0.20616 -0.0198755   0.977084
1.77458e+09    -0.0131874 -0.000644969   0.00616813  -0.205428 -0.0220728   0.974643
1.77458e+09  -0.00253473 0.000420297   0.0114945  -0.205916 -0.0228052   0.975619
1.77458e+09  0.000661066 -0.00171023   0.0104292 -0.205916 -0.022561  0.978061
1.77458e+09  -0.00146946 -0.00384076   0.0114945  -0.207869 -0.0206079   0.977816
1.77458e+09   0.00811792 -0.00703656   0.0125597 -0.203231 -0.022561  0.971957
1.77458e+09   0.00598739 -0.00490603  0.00829866  -0.202986 -0.0196314   0.972201
1.77458e+09     0.012379 -0.00703656   0.0072334  -0.204695 -0.0220728   0.974154
1.77458e+09   -0.0163832  -0.0027755 0.000841811  -0.199813 -0.0220728   0.969516
1.77458e+09    -0.02384 0.00148556 0.00829866  -0.205184 -0.0210962   0.972201
1.77458e+09  -0.00573052 -0.00171023  0.00829866  -0.204695 -0.0250024   0.977572
1.77458e+09    -0.02384 0.00148556 0.00297233  -0.204695 -0.0203638   0.974154
1.77458e+09   0.00492212 -0.00384076    0.013625  -0.205916 -0.0196314   0.972934
1.77458e+09   -0.0142526 0.000420297   0.0104292  -0.204695 -0.0210962   0.978549
1.77458e+09    0.0187706 -0.00916708  0.00510287  -0.204939 -0.0193872   0.976596
1.77458e+09  -0.00573052 -0.00597129 -0.00235398  -0.203719 -0.0208521   0.972689
1.77458e+09   -0.0281011 -0.00171023 0.000841811  -0.203719 -0.0223169   0.974398
1.77458e+09    -0.0110568 -0.000644969   0.00936393  -0.201766 -0.0206079   0.975863
1.77458e+09    0.0145095 -0.00490603    0.013625  -0.200057 -0.0235376   0.972934
1.77458e+09    0.0209011 -0.00490603   0.0125597  -0.200789 -0.0186548    0.97098
1.77458e+09    0.0209011 -0.00810182  0.00510287  -0.204939 -0.0206079   0.976107
1.77458e+09   -0.0121221  -0.0027755 0.000841811  -0.201277 -0.0169458   0.973666
1.77458e+09   0.00492212 -0.00171023    0.013625  -0.203475 -0.0208521   0.974398
1.77458e+09  0.00918318 -0.0027755  0.0104292  -0.203719 -0.0210962   0.978061
1.77458e+09    0.0145095 -0.00490603   0.0104292  -0.203719 -0.0188989   0.977084
1.77458e+09    0.0145095 -0.00490603   0.0072334  -0.201766 -0.0201196   0.973666
1.77458e+09   0.00172633 -0.00384076   0.0072334  -0.201766 -0.0179224   0.972689
1.77458e+09  -0.00466526 -0.00171023   0.0104292  -0.203231 -0.0152368   0.973178
1.77458e+09   0.00705265 -0.00490603  0.00829866  -0.199813 -0.0213403   0.971469
1.77458e+09  -0.0217095 0.00148556 0.00190707  -0.202742 -0.0206079   0.975863
1.77458e+09  -0.0227748 0.00148556  0.0072334  -0.204695 -0.0218286   0.977572
1.77458e+09  -0.0259705 0.00148556 0.00616813  -0.204695 -0.0203638   0.975619
1.77458e+09   -0.00999158 -0.000644969   0.00829866  -0.205428 -0.0174341   0.973666
1.77458e+09  -0.00892632 -0.00171023  0.00829866  -0.202986 -0.0196314   0.973666
1.77458e+09    0.0240969 -0.00810182   0.0104292  -0.204207 -0.0162134   0.974643
1.77458e+09  -0.00253473 -0.00490603  0.00829866  -0.202742 -0.0196314   0.974154
1.77458e+09   -0.0227748 0.000420297   0.0114945  -0.204451 -0.0203638   0.971713
1.77458e+09    0.00172633 -0.000644969    0.0157555  -0.203231 -0.0220728   0.974643
1.77458e+09    0.0219664 -0.00703656   0.0104292  -0.204939 -0.0220728   0.976596
1.77458e+09   0.00492212 -0.00597129 -0.00341925  -0.200301 -0.0206079   0.972689
1.77458e+09  -0.0249053 0.00148556  0.0040376  -0.206404 -0.0188989   0.976352
1.77458e+09    -0.02384 0.00255083 0.00829866  -0.206404 -0.0206079   0.976352
1.77458e+09    0.0134442 -0.00490603   0.0114945  -0.203231 -0.0186548   0.972689
1.77458e+09  -0.00786105 -0.00171023   0.0104292 -0.207625 -0.022561  0.977816
1.77458e+09   0.00172633 -0.00384076   0.0157555  -0.203719 -0.0240259   0.976596
1.77458e+09   -0.00146946 -0.000644969    0.0104292  -0.205184 -0.0220728   0.972201
1.77458e+09    0.0187706 -0.00597129   0.0114945  -0.204207 -0.0223169   0.975619
1.77458e+09   0.00385686 -0.00490603   0.0040376  -0.203231 -0.0215845   0.971713
1.77458e+09  -0.00359999  -0.0027755  0.00190707  -0.204939 -0.0196314   0.971713
1.77458e+09  0.000661066  -0.0027755   0.0114945  -0.203719 -0.0201196   0.972445
1.77458e+09   0.00385686 -0.00384076  0.00297233  -0.205428 -0.0210962   0.975131
1.77458e+09   -0.0185137 0.000420297   0.0072334  -0.206893 -0.0215845   0.975375
1.77458e+09  -0.00999158 0.000420297  0.00510287   -0.20201 -0.0215845   0.972934
1.77458e+09  0.00172633 -0.0027755  0.0072334  -0.205916 -0.0213403   0.974887
1.77458e+09  -0.00786105 -0.00171023  0.00510287  -0.205916 -0.0201196   0.976107
1.77458e+09   0.0102484 -0.0027755  0.0168208  -0.206404 -0.0169458   0.976352
1.77458e+09     0.01664 -0.0102323 0.00510287  -0.206893 -0.0184107   0.974643
1.77458e+09   -0.0174484 -0.00384076  0.00297233  -0.205428 -0.0179224   0.976596
1.77458e+09    -0.0302316 -0.000644969   0.00936393  -0.206404 -0.0237817   0.976107
1.77458e+09   0.00492212 -0.00384076   0.0157555 -0.199813 -0.022561  0.971469
1.77458e+09   0.0240969 -0.0102323  0.0072334  -0.203963 -0.0218286   0.973178
1.77458e+09   -0.0121221 -0.00384076  0.00616813   -0.20201 -0.0206079   0.973422
1.77458e+09  -0.00466526 0.000420297   0.0114945  -0.200301 -0.0196314   0.971713
1.77458e+09  -0.00999158  -0.0027755  0.00190707  -0.203719 -0.0208521    0.97391
1.77458e+09    -0.0174484 -0.000644969   0.00829866  -0.202742 -0.0220728   0.976596
1.77458e+09   -0.0206442 0.000420297  0.00510287  -0.203963 -0.0198755   0.977572
1.77458e+09    -0.0217095 -0.000644969   0.00616813 -0.201033  -0.02427  0.974643
1.77458e+09  -0.00359999 -0.00490603  0.00190707  -0.202986 -0.0181665   0.971713
1.77458e+09    -0.0174484 -0.000644969  0.000841811 -0.201766  -0.02427  0.975619
1.77458e+09  -0.00146946 0.000420297   0.0146903  -0.200789 -0.0215845   0.974643
1.77458e+09   -0.0004042 -0.00171023   0.0114945  -0.203719 -0.0174341   0.974643
1.77458e+09  0.000661066 -0.00384076  0.00616813  -0.204695 -0.0198755   0.975131
1.77458e+09   0.00172633 -0.00171023  0.00936393  -0.203719 -0.0181665   0.976596
1.77458e+09   0.00385686 -0.00490603  0.00829866  -0.203475 -0.0218286   0.974398
1.77458e+09  -0.00892632 -0.00171023   0.0104292  -0.202742 -0.0206079   0.974643
1.77458e+09    0.0262274 -0.00916708 0.000841811  -0.204207 -0.0162134   0.973666
1.77458e+09  0.000661066 -0.00703656 0.000841811  -0.202254 -0.0201196   0.971713
1.77458e+09    -0.0217095 -0.000644969   0.00616813  -0.198836 -0.0181665    0.96976
1.77458e+09  0.000661066  -0.0027755  0.00936393  -0.204207 -0.0201196   0.976107
1.77458e+09    0.0155748 -0.00703656  0.00936393  -0.203475 -0.0215845   0.976596
1.77458e+09  -0.00146946 -0.00703656 -0.00341925  -0.201033 -0.0196314   0.974398
1.77458e+09    -0.0249053 -0.000644969   0.00297233   -0.20616 -0.0203638   0.977084
1.77458e+09  -0.00892632 -0.00171023  0.00936393  -0.202742 -0.0210962   0.975375
1.77458e+09   0.00811792 -0.00597129  0.00936393  -0.202742 -0.0210962   0.974154
1.77458e+09   0.00598739 -0.00490603  0.00616813  -0.203231 -0.0176782   0.974643
1.77458e+09    0.0145095 -0.00384076  0.00936393  -0.202254 -0.0196314   0.974887
1.77458e+09    0.0240969 -0.00490603   0.0125597  -0.202742 -0.0206079   0.972689
1.77458e+09    0.0113137 -0.00384076   0.0125597  -0.203963 -0.0174341   0.971469
1.77458e+09      0.01664 -0.00384076  0.00936393  -0.202254 -0.0257349   0.975619
1.77458e+09  -0.0206442 0.00148556  0.0040376  -0.202986 -0.0230493   0.973178
1.77458e+09  -0.00999158 0.000420297  0.00616813  -0.204451 -0.0198755   0.974887
1.77458e+09     -0.019579 -0.000644969   0.00297233  -0.207381 -0.0230493   0.976596
1.77458e+09    -0.0142526 -0.000644969   0.00829866  -0.203719 -0.0186548   0.975131
1.77458e+09  -0.00679579 -0.00171023  0.00829866  -0.206893 -0.0198755   0.972445
1.77458e+09  -0.00679579 -0.00384076   0.0072334  -0.203231 -0.0191431   0.973178
1.77458e+09    0.0134442 -0.00384076    0.013625  -0.203719 -0.0201196   0.974887
1.77458e+09   -0.0185137 -0.00171023  0.00616813  -0.205916 -0.0206079   0.974643
1.77458e+09   -0.0270358 0.000420297   0.0125597  -0.203719 -0.0201196   0.972445
1.77458e+09  -0.00146946  -0.0027755    0.013625   -0.20616 -0.0206079   0.975619
1.77458e+09    0.0155748 -0.00597129  0.00936393   -0.20201 -0.0247583   0.977572
1.77458e+09  -0.00466526 -0.00384076 -0.00235398  -0.204695 -0.0210962   0.972689
1.77458e+09  -0.0259705 0.00148556 0.00829866  -0.205916 -0.0181665   0.974643
1.77458e+09  0.000661066  -0.0027755   0.0125597  -0.203231 -0.0257349   0.977816
1.77458e+09   -0.0163832 -0.00171023  0.00510287  -0.204939 -0.0171899   0.974398
1.77458e+09  -0.00359999 -0.00597129  0.00829866  -0.204695 -0.0191431   0.975131
1.77458e+09  0.000661066 -0.00703656  0.00616813  -0.204695 -0.0250024   0.978549
1.77458e+09      0.01664 -0.00916708  0.00616813  -0.203231 -0.0152368   0.971469
1.77458e+09    0.0198358 -0.00703656   0.0114945  -0.201766 -0.0281763   0.972445
1.77458e+09    0.0145095 -0.00703656  0.00829866  -0.201277 -0.0215845   0.973178
1.77458e+09  -0.00253473  0.00148556   0.0104292  -0.202254 -0.0186548   0.972201
1.77458e+09   -0.0110568 -0.00171023  0.00297233  -0.204695 -0.0252466   0.975863
1.77458e+09  -0.00573052 -0.00490603 0.000841811  -0.204939 -0.0176782   0.976596
1.77458e+09   -0.0110568 -0.00384076   0.0040376  -0.204939 -0.0232935   0.978061
1.77458e+09  -0.00573052 -0.00384076  0.00616813  -0.205672 -0.0218286   0.974887
1.77458e+09   -0.0110568  -0.0027755 0.000841811  -0.204695 -0.0208521   0.971713
1.77458e+09   0.00492212 -0.00171023  0.00936393  -0.204695 -0.0235376    0.97684
1.77458e+09   -0.00359999  -0.00490603 -0.000223458  -0.202498 -0.0186548   0.972689
1.77458e+09  -0.0281011 0.00148556 0.00190707  -0.202742 -0.0208521   0.970492
1.77458e+09   -0.00466526 -0.000644969   0.00936393  -0.203963 -0.0186548   0.971713
1.77458e+09    0.0134442 -0.00384076  0.00829866  -0.204207 -0.0186548   0.974154
1.77458e+09  -0.00146946 -0.00384076   0.0040376  -0.203719 -0.0188989   0.971469
1.77458e+09    -0.0185137 -0.000644969   0.00297233  -0.202254 -0.0228052   0.973178
1.77458e+09  -0.0206442 0.00255083  0.0104292  -0.205672 -0.0176782   0.978061
1.77458e+09  0.00811792 -0.0027755  0.0125597  -0.203719 -0.0215845   0.976596
1.77458e+09  -0.00359999  -0.0027755   0.0104292  -0.203475 -0.0162134   0.972445
1.77458e+09   -0.0004042 -0.00171023  0.00510287  -0.206648 -0.0159692   0.975863
1.77458e+09  -0.0185137 0.00255083  0.0072334  -0.203231 -0.0220728   0.976596
1.77458e+09   -0.0185137 0.000420297   0.0072334  -0.202254 -0.0181665   0.973666
1.77458e+09  -0.0163832 -0.0027755  0.0072334  -0.204695 -0.0201196   0.976107
1.77458e+09   -0.0259705 0.000420297  0.00616813  -0.203719 -0.0230493   0.974398
1.77458e+09    0.0155748 -0.00597129   0.0125597  -0.201033 -0.0191431   0.972445
1.77458e+09  -0.00786105  -0.0027755   0.0104292  -0.204451 -0.0208521   0.973666
1.77458e+09   -0.0174484 -0.00171023   0.0114945  -0.204695 -0.0176782   0.975131
1.77458e+09    -0.0163832 -0.000644969   0.00829866  -0.200789 -0.0196314   0.971957
1.77458e+09  -0.00999158 0.000420297   0.0104292   -0.20201 -0.0201196   0.971469
1.77458e+09   0.00918318 -0.00490603   0.0072334  -0.203231 -0.0215845   0.975131
1.77458e+09  -0.0270358 0.00361609 0.00510287  -0.205672 -0.0201196   0.974154
1.77458e+09  -0.0131874 0.00255083  0.0125597  -0.203231 -0.0201196   0.976352
1.77458e+09  0.00811792 -0.0027755  0.0114945  -0.202742 -0.0271997   0.977328
1.77458e+09      0.01664 -0.00597129  0.00616813  -0.205184 -0.0201196   0.978549
1.77458e+09    0.00172633  -0.00597129 -0.000223458  -0.202254 -0.0230493   0.974887
1.77458e+09   -0.0217095 0.000420297 -0.00128872  -0.201766 -0.0188989   0.971225
1.77458e+09  -0.0259705 0.00255083 0.00936393 -0.204939  -0.02427  0.977816
1.77458e+09    0.0155748 -0.00490603   0.0125597   -0.20201 -0.0188989   0.972689
1.77458e+09   -0.0110568 0.000420297  0.00297233  -0.204207 -0.0213403   0.973178
1.77458e+09  -0.00466526 -0.00171023   0.0040376  -0.203963 -0.0201196   0.972201
1.77458e+09  -0.00466526 -0.00171023  0.00616813   -0.20616 -0.0186548   0.978061
1.77458e+09   -0.0206442 0.000420297   0.0072334  -0.202742 -0.0257349   0.973666
1.77458e+09      0.01664 -0.00810182  0.00510287  -0.206893 -0.0215845   0.977328
1.77458e+09      0.01664 -0.00810182  0.00510287  -0.206893 -0.0215845   0.977328
1.77458e+09    0.0219664 -0.00810182  0.00936393  -0.201766 -0.0201196   0.973422
1.77458e+09    0.0219664 -0.00810182  0.00936393  -0.201766 -0.0201196   0.973422
1.77458e+09  -0.00786105 -0.00384076  0.00936393  -0.204695 -0.0208521   0.976107
1.77458e+09   -0.0227748 0.000420297  0.00936393  -0.201522 -0.0181665   0.975131
1.77458e+09     0.012379 -0.00384076   0.0125597  -0.204695 -0.0210962   0.972445
1.77458e+09    0.0187706 -0.00597129  0.00829866  -0.202498 -0.0186548   0.973178
1.77458e+09    0.00279159 -0.000644969   0.00616813   -0.20616 -0.0167017   0.973178
1.77458e+09    0.00279159 -0.000644969   0.00616813   -0.20616 -0.0167017   0.973178
1.77458e+09     0.012379 -0.00384076   0.0104292 -0.207381 -0.022561  0.980014
1.77458e+09     0.012379 -0.00384076   0.0104292 -0.207381 -0.022561  0.980014
1.77458e+09   -0.0131874 -0.00171023  0.00190707  -0.199568 -0.0232935   0.971225
1.77458e+09   -0.0131874 -0.00171023  0.00190707  -0.199568 -0.0232935   0.971225
1.77458e+09  -0.00999158  -0.0027755  0.00616813  -0.201277 -0.0184107   0.970248
1.77458e+09  -0.00999158  -0.0027755  0.00616813  -0.201277 -0.0184107   0.970248
1.77458e+09  -0.0281011 0.00148556 0.00829866  -0.204939 -0.0218286   0.972689
1.77458e+09  -0.0281011 0.00148556 0.00829866  -0.204939 -0.0218286   0.972689
1.77458e+09    0.0198358 -0.00384076   0.0157555  -0.204207 -0.0208521   0.974398
1.77458e+09    0.0198358 -0.00384076   0.0157555  -0.204207 -0.0208521   0.974398
1.77458e+09  -0.00999158  -0.0027755  0.00297233  -0.203963 -0.0215845   0.976352
1.77458e+09  -0.00999158  -0.0027755  0.00297233  -0.203963 -0.0215845   0.976352
1.77458e+09    -0.0185137 -0.000644969   0.00936393  -0.202254 -0.0191431   0.971957
1.77458e+09    -0.0185137 -0.000644969   0.00936393  -0.202254 -0.0191431   0.971957
1.77458e+09   0.00705265 -0.00384076   0.0104292  -0.204939 -0.0181665   0.976596
1.77458e+09   0.00705265 -0.00384076   0.0104292  -0.204939 -0.0181665   0.976596
1.77458e+09  -0.00253473 -0.00384076   0.0104292  -0.203719 -0.0223169   0.972689
1.77458e+09  -0.00253473 -0.00384076   0.0104292  -0.203719 -0.0223169   0.972689
1.77458e+09   0.00705265 -0.00384076    0.013625  -0.203231 -0.0213403   0.976107
1.77458e+09   0.00705265 -0.00384076    0.013625  -0.203231 -0.0213403   0.976107
1.77458e+09   0.00918318 -0.00490603 0.000841811  -0.205916 -0.0240259   0.978061
1.77458e+09   0.00918318 -0.00490603 0.000841811  -0.205916 -0.0240259   0.978061
1.77458e+09  -0.0249053 0.00148556  0.0072334  -0.200301 -0.0230493   0.972445
1.77458e+09  -0.0249053 0.00148556  0.0072334  -0.200301 -0.0230493   0.972445
1.77458e+09    -0.0110568 -0.000644969    0.0114945  -0.202986 -0.0147485   0.971713
1.77458e+09    -0.0110568 -0.000644969    0.0114945  -0.202986 -0.0147485   0.971713
1.77458e+09   -0.0121221 0.000420297  0.00829866  -0.204451 -0.0186548   0.973666
1.77458e+09   -0.00359999 -0.000644969   0.00936393  -0.205184 -0.0230493   0.978061
1.77458e+09   0.00385686 -0.00171023    0.013625  -0.204207 -0.0215845   0.976107
1.77458e+09    0.0134442 -0.00490603  0.00616813  -0.204207 -0.0215845   0.976107
1.77458e+09  -0.0131874 -0.0027755  0.0072334  -0.204695 -0.0198755   0.975619
1.77458e+09    0.0145095 -0.00810182   0.0114945  -0.203719 -0.0206079   0.974154
1.77458e+09    -0.0206442 -0.000644969   0.00936393  -0.203475 -0.0210962   0.973666
1.77458e+09    -0.0206442 -0.000644969   0.00936393  -0.203475 -0.0210962   0.973666
1.77458e+09    0.0209011 -0.00810182  0.00936393  -0.204695 -0.0208521   0.976596
1.77458e+09   0.00598739 -0.00597129  0.00510287  -0.203231 -0.0210962   0.972689
1.77458e+09   -0.0142526 -0.00171023  0.00297233 -0.203231  -0.02427  0.971713
1.77458e+09  -0.00892632  -0.0027755  0.00297233  -0.203719 -0.0191431    0.97391
1.77458e+09   0.00705265 -0.00490603   0.0072334 -0.205916 -0.022561  0.976107
1.77458e+09   0.00811792 -0.00597129  0.00829866  -0.203719 -0.0196314   0.974398
1.77458e+09    -0.0121221 -0.000644969   0.00616813  -0.202742 -0.0186548   0.972445
1.77458e+09    0.0134442 -0.00810182   0.0040376  -0.205428 -0.0235376   0.978061
1.77458e+09    0.0219664 -0.00810182   0.0104292  -0.200789 -0.0184107   0.972445
1.77458e+09     -0.019579 -0.000644969  0.000841811  -0.201277 -0.0232935   0.972201
1.77458e+09  -0.00359999  -0.0027755   0.0168208  -0.203963 -0.0210962   0.977084
1.77458e+09  0.00492212 -0.0027755 0.00936393  -0.201766 -0.0220728   0.974887
1.77458e+09   -0.0004042 -0.00171023   0.0125597  -0.203719 -0.0210962   0.972445
1.77458e+09    0.0209011 -0.00810182   0.0104292  -0.201766 -0.0210962   0.974643
1.77458e+09   0.00492212 -0.00703656  0.00190707   -0.20616 -0.0198755   0.979525
1.77458e+09  -0.00573052  -0.0027755  0.00616813  -0.202742 -0.0196314   0.972689
1.77458e+09   -0.0185137 0.000420297   0.0072334  -0.201766 -0.0171899   0.971713
1.77458e+09  -0.0217095 0.00148556  0.0072334  -0.204451 -0.0203638   0.975131
1.77458e+09      0.01664 -0.00703656  0.00616813  -0.201522 -0.0157251    0.97391
1.77458e+09   -0.00892632   -0.0027755 -0.000223458  -0.204207 -0.0235376   0.973422
1.77458e+09   -0.019579 0.00148556 0.00936393  -0.203475 -0.0186548   0.975131
1.77458e+09  -0.0259705 0.00148556  0.0104292  -0.205916 -0.0191431   0.976107
1.77458e+09    0.0155748 -0.00597129   0.0125597  -0.205184 -0.0240259   0.974643
1.77458e+09   0.00385686 -0.00597129   0.0072334  -0.203231 -0.0186548   0.973666
1.77458e+09   0.00705265 -0.00703656  0.00936393  -0.206404 -0.0228052   0.979525
1.77458e+09   0.00172633 -0.00490603  0.00829866  -0.204451 -0.0203638   0.974643
1.77458e+09   0.00492212 -0.00597129  0.00936393  -0.204207 -0.0191431   0.969027
1.77458e+09    0.0145095 -0.00703656   0.0157555  -0.204695 -0.0252466    0.97684
1.77458e+09  0.00492212 -0.0027755 0.00936393  -0.200545 -0.0196314   0.972445
1.77458e+09    -0.019579 0.000420297   0.0040376  -0.201766 -0.0223169   0.971957
1.77458e+09    0.0209011 -0.00597129   0.0072334 -0.204207  -0.02427  0.975863
1.77458e+09   0.00598739 -0.00171023  0.00936393   -0.20616 -0.0174341   0.975619
1.77458e+09    0.0134442 -0.00597129  0.00829866  -0.204695 -0.0240259   0.977816
1.77458e+09    0.0177053 -0.00916708  0.00510287  -0.203719 -0.0235376   0.975863
1.77458e+09   0.00598739 -0.00703656   0.0040376  -0.205428 -0.0167017   0.977328
1.77458e+09   -0.00253473  -0.00597129 -0.000223458  -0.201277 -0.0232935   0.972201
1.77458e+09  -0.0249053 0.00148556 0.00616813  -0.202498 -0.0171899   0.971225
1.77458e+09    -0.0142526 -0.000644969   0.00936393  -0.200789 -0.0184107   0.972689
1.77458e+09  -0.0185137 -0.0027755  0.0040376  -0.200545 -0.0193872   0.971713
1.77458e+09   -0.00466526 -0.000644969    0.0125597   -0.20201 -0.0164575   0.971225
1.77458e+09    0.0155748 -0.00810182   0.0114945  -0.204451 -0.0206079   0.976352
1.77458e+09  -0.00359999 -0.00490603  0.00297233  -0.203963 -0.0223169   0.977816
1.77458e+09    -0.0227748 -0.000644969   0.00510287  -0.202498 -0.0157251   0.974154
1.77458e+09  -0.00999158 -0.00171023   0.0157555  -0.202742 -0.0247583   0.975131
1.77458e+09  -0.00573052 -0.00171023   0.0125597  -0.204207 -0.0179224   0.975619
1.77458e+09  -0.00679579 -0.00171023   0.0114945  -0.203475 -0.0162134   0.972689
1.77458e+09   0.00811792 -0.00703656   0.0072334  -0.205916 -0.0281763   0.978061
1.77458e+09   0.00279159 -0.00384076   0.0146903  -0.204695 -0.0162134   0.974154
1.77458e+09   -0.0174484 0.000420297   0.0114945  -0.203231 -0.0264673   0.977328
1.77458e+09   0.00385686 -0.00490603  0.00616813  -0.203719 -0.0218286   0.975619
1.77458e+09    -0.0153179 -0.000644969   0.00936393  -0.202742 -0.0210962   0.971225
1.77458e+09  -0.00999158  -0.0027755   0.0072334  -0.204939 -0.0210962   0.975375
1.77458e+09   -0.0163832 -0.00384076  0.00616813  -0.202742 -0.0223169   0.971713
1.77458e+09   -0.0153179 0.000420297   0.0125597  -0.200789 -0.0218286   0.969271
1.77458e+09    -0.0004042 -0.000644969     0.013625  -0.204939 -0.0223169   0.977572
1.77458e+09    0.0209011 -0.00490603   0.0168208  -0.204207 -0.0203638   0.974154
1.77458e+09    0.0134442 -0.00703656  0.00616813  -0.203719 -0.0213403   0.972689
1.77458e+09  -0.0131874 -0.0027755 0.00190707  -0.204695 -0.0198755   0.975131
1.77458e+09    0.0145095 -0.00597129  0.00616813  -0.203475 -0.0193872   0.976596
1.77458e+09   -0.0110568 -0.00171023  0.00616813   -0.20201 -0.0188989   0.973422
1.77458e+09  0.00811792 -0.0027755  0.0146903 -0.204695 -0.022561  0.974643
1.77458e+09    0.0198358 -0.00703656  0.00829866  -0.204939 -0.0206079   0.976352
1.77458e+09   -0.00253473  -0.00384076 -0.000223458  -0.203963 -0.0220728   0.976107
1.77458e+09   -0.00999158 -0.000644969    0.0146903  -0.205916 -0.0220728   0.975131
1.77458e+09   -0.00999158 -0.000644969   0.00616813  -0.202254 -0.0215845   0.977084
1.77458e+09   -0.00146946 -0.000644969    0.0040376  -0.206893 -0.0169458   0.975131
1.77458e+09    0.0102484 -0.00703656   0.0040376  -0.204451 -0.0210962   0.972934
1.77458e+09   -0.0153179 -0.00171023  0.00297233  -0.204695 -0.0206079   0.973178
1.77458e+09  -0.00466526 -0.00490603   0.0040376  -0.204207 -0.0210962   0.974643
1.77458e+09      0.01664 -0.00703656  0.00829866  -0.202254 -0.0240259   0.973178
1.77458e+09    -0.0163832 -0.000644969    0.0040376  -0.204207 -0.0228052   0.973666
1.77458e+09   0.00811792 -0.00810182  0.00190707  -0.204207 -0.0171899   0.973422
1.77458e+09      0.01664 -0.00810182  0.00297233  -0.201766 -0.0179224   0.970736
1.77458e+09    0.0177053 -0.00810182   0.0040376  -0.203231 -0.0171899   0.972934
1.77458e+09  -0.00679579 -0.00384076  0.00297233  -0.204939 -0.0179224   0.976107
1.77458e+09    -0.02384 0.00148556 0.00297233  -0.202742 -0.0171899   0.974643
1.77458e+09  -0.0153179 0.00255083 0.00829866  -0.207625 -0.0196314   0.978061
1.77458e+09      0.01664 -0.00597129   0.0125597  -0.204207 -0.0184107   0.977084
1.77458e+09  -0.00999158  -0.0027755  0.00829866  -0.203963 -0.0220728   0.975131
1.77458e+09    0.0187706 -0.00916708   0.0125597   -0.20201 -0.0208521   0.974643
1.77458e+09   0.00918318  -0.0102323 0.000841811  -0.202742 -0.0196314   0.973666
1.77458e+09   -0.0249053 -0.00171023   0.0072334  -0.204939 -0.0181665   0.973178
1.77458e+09    -0.0217095 -0.000644969    0.0104292  -0.200789 -0.0191431   0.972445
1.77458e+09  0.00918318 -0.0027755  0.0168208  -0.201277 -0.0208521   0.973666
1.77458e+09    0.0113137 -0.00490603    0.013625  -0.203963 -0.0230493   0.975863
1.77458e+09   -0.00573052 -0.000644969   0.00936393  -0.204207 -0.0191431   0.973422
1.77458e+09  -0.0142526 0.00148556   0.013625  -0.203231 -0.0232935   0.973422
1.77458e+09    0.0145095 -0.00490603   0.0146903  -0.205184 -0.0218286   0.975619
1.77458e+09   0.00918318 -0.00384076    0.013625  -0.202742 -0.0223169   0.977328
1.77458e+09   -0.00679579 -0.000644969   0.00936393  -0.202254 -0.0240259   0.975863
1.77458e+09   0.00918318 -0.00597129  0.00510287  -0.201522 -0.0230493   0.974154
1.77458e+09    -0.0259705 -0.000644969    0.0040376  -0.204451 -0.0230493   0.975619
1.77458e+09   -0.0249053 0.000420297   0.0040376  -0.202254 -0.0206079   0.973178
1.77458e+09    -0.0217095 -0.000644969 -0.000223458   -0.20201 -0.0245142   0.971469
1.77458e+09   0.00172633 -0.00171023  0.00510287  -0.204695 -0.0181665    0.97391
1.77458e+09    0.0102484 -0.00171023   0.0104292  -0.203719 -0.0191431   0.977084
1.77458e+09   0.00385686 -0.00490603  0.00190707  -0.203719 -0.0215845   0.974154
1.77458e+09   -0.0121221  -0.0027755 -0.00128872  -0.203719 -0.0210962    0.97391
1.77458e+09    -0.0185137 -0.000644969    0.0104292  -0.202742 -0.0198755   0.976352
1.77458e+09    0.0198358 -0.00916708   0.0040376  -0.203231 -0.0206079   0.974643
1.77458e+09  -0.0185137 -0.0027755 0.00190707  -0.203719 -0.0186548   0.973178
1.77458e+09  -0.0259705 0.00255083 0.00829866  -0.204939 -0.0171899   0.975619
1.77458e+09   -0.00146946 -0.000644969    0.0114945  -0.204939 -0.0208521   0.976596
1.77458e+09    0.0177053 -0.00597129   0.0072334  -0.203231 -0.0186548   0.972689
1.77458e+09    0.0145095 -0.00810182 0.000841811 -0.203719 -0.022561  0.973178
1.77458e+09    0.0145095 -0.00597129  0.00829866  -0.205428 -0.0193872   0.976352
1.77458e+09    0.0209011 -0.00916708  0.00829866  -0.204695 -0.0176782   0.976107
1.77458e+09    0.0102484 -0.00810182  0.00616813  -0.203231 -0.0201196   0.973178
1.77458e+09   -0.00466526 -0.000644969     0.013625  -0.203963 -0.0181665   0.973178
1.77458e+09   -0.0217095 0.000420297   0.0104292 -0.203231 -0.022561  0.978549
1.77458e+09  0.000661066 -0.00597129  0.00936393  -0.200545 -0.0206079   0.972445
1.77458e+09    -0.0185137 -0.000644969    0.0104292  -0.204207 -0.0193872    0.97391
1.77458e+09   -0.019579 -0.0027755 0.00829866  -0.204207 -0.0196314   0.976352
1.77458e+09  -0.00466526 -0.00490603 -0.00128872  -0.201766 -0.0193872   0.971713
1.77458e+09  -0.00892632 -0.00384076  0.00510287  -0.204207 -0.0230493   0.971469
1.77458e+09  -0.0249053 0.00361609  0.0072334  -0.206893 -0.0240259   0.979037
1.77458e+09   -0.00146946 -0.000644969    0.0125597  -0.207625 -0.0176782   0.977572
1.77458e+09    0.0145095 -0.00597129   0.0104292  -0.203231 -0.0252466   0.976107
1.77458e+09  -0.00786105 -0.00490603 0.000841811  -0.204695 -0.0181665   0.974154
1.77458e+09    0.0145095 -0.00916708  0.00829866  -0.202742 -0.0186548   0.970248
1.77458e+09   -0.0110568 -0.00171023   0.0072334  -0.203475 -0.0167017   0.973178
1.77458e+09   -0.0004042 -0.00384076   0.0125597  -0.202254 -0.0213403   0.972201
1.77458e+09   0.00918318 -0.00703656  0.00829866  -0.200789 -0.0210962   0.973422
1.77458e+09    0.0187706 -0.00810182  0.00616813  -0.203231 -0.0196314   0.973666
1.77458e+09   -0.0110568 0.000420297   0.0114945  -0.200789 -0.0215845   0.972445
1.77458e+09   0.00492212 -0.00490603   0.0072334  -0.204451 -0.0208521   0.975619
1.77458e+09  0.00811792 -0.0027755  0.0072334  -0.203231 -0.0171899    0.97391
1.77458e+09   0.00492212 -0.00171023  0.00936393 -0.205916 -0.022561  0.978793
1.77458e+09   -0.0110568 -0.00171023   0.0104292  -0.207869 -0.0188989   0.978549
1.77458e+09   -0.0131874 -0.00384076   0.0072334 -0.205672  -0.02427  0.979037
1.77458e+09   0.00598739 -0.00703656  0.00829866  -0.206404 -0.0218286   0.975131
1.77458e+09  -0.0174484 -0.0027755   0.013625  -0.202742 -0.0198755   0.971957
1.77458e+09  -0.0131874 -0.0027755 0.00510287  -0.203719 -0.0230493   0.973666
1.77458e+09   -0.0004042 -0.00490603  0.00616813   -0.20201 -0.0210962   0.970736
1.77458e+09   -0.0174484 -0.00171023 0.000841811  -0.201766 -0.0210962   0.968783
1.77458e+09  -0.00786105 0.000420297  0.00829866  -0.205672 -0.0250024   0.973666
1.77458e+09    0.0145095 -0.00490603  0.00829866   -0.20616 -0.0186548   0.975375
1.77458e+09   0.00811792 -0.00703656  0.00936393  -0.207381 -0.0220728   0.976352
1.77458e+09  -0.0185137 -0.0027755 0.00936393  -0.205184 -0.0235376   0.975619
1.77458e+09  -0.00359999  -0.0027755   0.0168208  -0.205672 -0.0162134   0.974154
1.77458e+09   -0.0153179 -0.00171023    0.013625  -0.204207 -0.0230493   0.974154
1.77458e+09  -0.0217095 0.00148556  0.0146903  -0.205916 -0.0193872   0.974643
1.77458e+09   0.00705265 -0.00490603   0.0146903  -0.205916 -0.0167017   0.976352
1.77458e+09    0.0209011 -0.00916708  0.00616813 -0.202986  -0.02427  0.976596
1.77458e+09  -0.00892632 -0.00384076   0.0040376  -0.202742 -0.0213403   0.972689
1.77458e+09   0.00279159 -0.00703656  0.00190707 -0.203719 -0.022561  0.975131
1.77458e+09   0.00492212 -0.00384076  0.00936393  -0.204207 -0.0210962   0.976352
1.77458e+09  0.00279159 -0.0027755 0.00616813  -0.202742 -0.0240259   0.975131
1.77458e+09  -0.00999158 -0.00171023  0.00297233 -0.202498  -0.02427  0.974398
1.77458e+09   0.00705265 -0.00810182  0.00616813  -0.204939 -0.0203638   0.976596
1.77458e+09    0.0187706 -0.00810182   0.0072334  -0.202742 -0.0210962   0.976596
1.77458e+09   -0.0142526 -0.00384076  0.00936393  -0.200301 -0.0176782   0.970248
1.77458e+09    0.0155748 -0.00916708  0.00616813  -0.200057 -0.0215845   0.973666
1.77458e+09    0.0177053 -0.00810182   0.0072334  -0.201033 -0.0193872   0.975375
1.77458e+09   0.00598739 -0.00597129   0.0072334  -0.198104 -0.0235376   0.971469
1.77458e+09    -0.0142526 -0.000644969   0.00616813  -0.201766 -0.0203638   0.973666
1.77458e+09  -0.00679579 -0.00171023  0.00936393  -0.205916 -0.0171899   0.978549
1.77458e+09    0.0187706 -0.00490603  0.00936393  -0.200545 -0.0220728   0.975619
1.77458e+09    0.0230316 -0.00703656   0.0072334   -0.20201 -0.0171899   0.972201
1.77458e+09   0.00705265 -0.00384076   0.0104292  -0.204451 -0.0208521   0.977084
1.77458e+09     0.0102484  -0.00916708 -0.000223458  -0.204939 -0.0179224   0.975375
1.77458e+09    0.0134442 -0.00810182 -0.00235398  -0.201522 -0.0208521   0.972689
1.77458e+09  0.000661066 -0.00490603  0.00510287  -0.204939 -0.0206079   0.974398
1.77458e+09   0.00598739 -0.00490603   0.0125597  -0.203963 -0.0210962   0.975131
1.77458e+09   0.00492212 -0.00490603   0.0072334  -0.203231 -0.0206079   0.974398
1.77458e+09  0.00705265 -0.0027755  0.0146903  -0.203475 -0.0201196   0.970248
1.77458e+09   0.00918318 -0.00703656   0.0040376  -0.203963 -0.0198755   0.974887
1.77458e+09   -0.0174484 -0.00171023 -0.00128872  -0.205428 -0.0201196   0.975131
1.77458e+09   -0.0270358 0.000420297  0.00190707  -0.202742 -0.0171899   0.971713
1.77458e+09   0.00705265 -0.00384076   0.0104292  -0.205916 -0.0196314    0.97391
1.77458e+09   0.00705265 -0.00490603  0.00829866  -0.204207 -0.0206079   0.976107
1.77458e+09    0.0209011 -0.00810182  0.00510287  -0.203963 -0.0181665   0.973666
1.77458e+09    0.0102484 -0.00810182  0.00510287  -0.204695 -0.0196314   0.974154
1.77458e+09  -0.0217095 0.00148556 0.00829866  -0.204451 -0.0171899   0.975375
1.77458e+09   0.00705265 -0.00490603   0.0072334  -0.204939 -0.0174341   0.976352
1.77458e+09   0.00705265 -0.00490603   0.0114945  -0.204207 -0.0181665   0.974154
1.77458e+09  0.00172633 -0.0027755   0.013625  -0.206893 -0.0167017    0.97977
1.77458e+09  -0.00253473 -0.00171023    0.017886 -0.203719  -0.02427  0.975131
1.77458e+09  -0.0131874 0.00361609  0.0114945  -0.203231 -0.0218286   0.970736
1.77458e+09   -0.00573052 -0.000644969   0.00936393  -0.206404 -0.0245142   0.971957
1.77458e+09   0.00385686 0.000420297   0.0146903  -0.210555 -0.0235376   0.979037
1.77458e+09     0.012379 -0.00384076   0.0104292  -0.209334 -0.0203638   0.976107
1.77458e+09    0.0113137 -0.00490603   0.0125597  -0.204207 -0.0237817   0.972689
1.77458e+09  -0.00253473 -0.00384076  0.00936393  -0.212752 -0.0171899    0.97684
1.77458e+09  -0.00253473 -0.00597129   0.0125597  -0.207137 -0.0201196   0.972445
1.77458e+09  -0.00359999 -0.00597129  0.00616813  -0.207137 -0.0208521   0.968783
1.77458e+09    0.012379 -0.0123629 0.00616813  -0.207381 -0.0206079   0.972934
1.77458e+09   0.00385686 -0.00810182 -0.00128872  -0.205428 -0.0201196   0.972201
1.77458e+09   -0.0291663 0.000420297   0.0040376  -0.204695 -0.0215845   0.972689
1.77458e+09   -0.0110568 0.000420297   0.0168208  -0.208357 -0.0176782   0.973178
1.77458e+09    0.0134442 -0.00810182   0.0114945  -0.208846 -0.0186548   0.973422
1.77458e+09   0.00279159 -0.00597129  0.00297233  -0.204939 -0.0210962   0.974887
1.77458e+09  -0.00999158 -0.00384076   0.0072334  -0.207137 -0.0232935    0.97391
1.77458e+09  -0.0174484 0.00148556  0.0146903  -0.207625 -0.0201196   0.978305
1.77458e+09    0.0187706 -0.00916708  0.00829866 -0.211287 -0.022561  0.980502
1.77458e+09   -0.0110568 -0.00597129   0.0072334   -0.20616 -0.0240259   0.974154
1.77458e+09  -0.00892632 -0.00703656   0.0072334 -0.207137 -0.022561  0.975375
1.77458e+09  -0.00786105 -0.00916708  0.00297233  -0.207869 -0.0228052   0.980014
1.77458e+09  0.00385686 -0.0112976 0.00936393   -0.20201 -0.0274439   0.975619
1.77458e+09  0.000661066  -0.0123629  0.00190707  -0.203231 -0.0174341   0.970736
1.77458e+09   -0.0153179 -0.00810182   0.0072334  -0.199568 -0.0215845   0.968783
1.77458e+09    0.0102484 -0.00703656    0.013625   -0.19908 -0.0230493   0.972201
1.77458e+09  -0.00466526 -0.00597129   0.0125597  -0.197127 -0.0262232   0.973422
1.77458e+09   -0.0153179 -0.00384076   0.0072334  -0.198836 -0.0235376   0.973178
1.77458e+09  -0.00466526 -0.00490603  0.00190707  -0.201033 -0.0215845   0.974643
1.77458e+09  -0.00466526 -0.00490603  0.00190707  -0.197371 -0.0240259   0.973666
1.77458e+09  -0.00573052 -0.00597129   0.0040376  -0.202254 -0.0152368   0.977816
1.77458e+09  -0.00573052 -0.00597129   0.0040376  -0.202254 -0.0152368   0.977816
1.77458e+09   -0.0259705 0.000420297  0.00510287  -0.202986 -0.0198755   0.980014
1.77458e+09   -0.0259705 0.000420297  0.00510287  -0.202986 -0.0198755   0.980014
1.77458e+09   0.00918318 -0.00597129  0.00936393 -0.199568  -0.02427  0.976107
1.77458e+09   0.00918318 -0.00597129  0.00936393 -0.199568  -0.02427  0.976107
1.77458e+09   -0.00573052  -0.00490603 -0.000223458  -0.198104 -0.0157251   0.974154
1.77458e+09   -0.00573052  -0.00490603 -0.000223458  -0.198104 -0.0157251   0.974154
1.77458e+09    0.00279159  -0.00490603 -0.000223458  -0.197859 -0.0164575   0.973666
1.77458e+09    0.00279159  -0.00490603 -0.000223458  -0.197859 -0.0164575   0.973666
1.77458e+09      0.01664 -0.00810182  0.00829866  -0.200545 -0.0188989    0.97684
1.77458e+09      0.01664 -0.00810182  0.00829866  -0.200545 -0.0188989    0.97684
1.77458e+09   -0.0163832 0.000420297   0.0072334  -0.196395 -0.0220728   0.972201
1.77458e+09   -0.0163832 0.000420297   0.0072334  -0.196395 -0.0220728   0.972201
1.77458e+09    0.0145095 -0.00490603   0.0114945  -0.199813 -0.0147485   0.972201
1.77458e+09    0.0145095 -0.00490603   0.0114945  -0.199813 -0.0147485   0.972201
1.77458e+09   0.00279159 -0.00171023   0.0125597  -0.201522 -0.0181665   0.978305
1.77458e+09   0.00279159 -0.00171023   0.0125597  -0.201522 -0.0181665   0.978305
1.77458e+09  0.000661066 -0.00384076  0.00936393  -0.202498 -0.0174341   0.977816
1.77458e+09  0.000661066 -0.00384076  0.00936393  -0.202498 -0.0174341   0.977816
1.77458e+09   -0.0206442 0.000420297  0.00829866  -0.204207 -0.0188989   0.978061
1.77458e+09   -0.0206442 0.000420297  0.00829866  -0.204207 -0.0188989   0.978061
1.77458e+09    0.0262274 -0.00810182   0.0125597   -0.20201 -0.0167017   0.970492
1.77458e+09    0.0262274 -0.00810182   0.0125597   -0.20201 -0.0167017   0.970492
1.77458e+09   -0.019579 0.00148556 0.00936393  -0.199568 -0.0167017   0.971713
1.77458e+09   -0.019579 0.00148556 0.00936393  -0.199568 -0.0167017   0.971713
1.77458e+09  -0.0110568 0.00148556  0.0146903  -0.204207 -0.0191431   0.975131
1.77458e+09  -0.0110568 0.00148556  0.0146903  -0.204207 -0.0191431   0.975131
1.77458e+09   -0.0121221 -0.00171023  0.00829866  -0.203231 -0.0235376   0.974887
1.77458e+09   -0.0121221 -0.00171023  0.00829866  -0.203231 -0.0235376   0.974887
1.77458e+09    0.0177053 -0.00810182   0.0072334  -0.202986 -0.0220728   0.975131
1.77458e+09    0.0113137 -0.00597129  0.00829866  -0.204695 -0.0196314   0.974154
1.77458e+09  -0.00146946  -0.0027755    0.013625  -0.201277 -0.0179224   0.973666
1.77458e+09  -0.00146946  -0.0027755    0.013625  -0.201277 -0.0179224   0.973666
1.77458e+09    0.0230316 -0.00703656  0.00936393  -0.204207 -0.0186548   0.975131
1.77458e+09    0.0230316 -0.00703656  0.00936393  -0.204207 -0.0186548   0.975131
1.77458e+09   -0.0110568 -0.00171023  0.00829866  -0.202498 -0.0271997   0.976352
1.77458e+09    -0.0227748 -0.000644969   0.00829866  -0.202986 -0.0184107   0.976596
1.77458e+09  -0.0121221 -0.0027755  0.0114945  -0.202254 -0.0262232   0.976107
1.77458e+09  -0.0110568 -0.0027755 0.00616813  -0.201766 -0.0193872   0.972201
1.77458e+09    0.0187706 -0.00703656   0.0146903  -0.203231 -0.0193872   0.975619
1.77458e+09    0.0187706 -0.00703656   0.0146903  -0.203231 -0.0193872   0.975619
1.77458e+09  -0.0259705 0.00148556  0.0040376   -0.20201 -0.0213403   0.974154
1.77458e+09  -0.0227748 0.00361609 0.00936393  -0.201766 -0.0228052   0.973666
1.77458e+09  -0.00359999  0.00255083   0.0168208  -0.202986 -0.0220728   0.974643
1.77458e+09   0.0145095 -0.0027755  0.0146903  -0.203719 -0.0247583   0.978061
1.77458e+09    0.0209011 -0.00703656  0.00829866  -0.203719 -0.0235376   0.980258
1.77458e+09   0.00385686 -0.00703656   0.0125597  -0.202742 -0.0201196   0.974154
1.77458e+09   -0.0004042 -0.00490603   0.0146903 -0.204939 -0.022561  0.975619
1.77458e+09   -0.019579 -0.0027755 0.00510287 -0.204695 -0.022561  0.976107
1.77458e+09   -0.0110568 -0.00490603   0.0040376  -0.202986 -0.0196314   0.974154
1.77458e+09  0.000661066 -0.00703656  0.00297233 -0.202742 -0.022561  0.975131
1.77458e+09    0.0113137 -0.00490603   0.0072334  -0.200057 -0.0206079   0.971957
1.77458e+09    0.0102484 -0.00384076   0.0072334  -0.202742 -0.0213403   0.971469
1.77458e+09   -0.0131874 -0.00171023   0.0072334  -0.201766 -0.0201196   0.973178
1.77458e+09   -0.0163832 0.000420297   0.0072334  -0.201277 -0.0203638   0.973178
1.77458e+09   0.00279159 -0.00597129  0.00297233  -0.203475 -0.0176782   0.974887
1.77458e+09   0.00918318 -0.00810182 -0.00128872  -0.204695 -0.0203638   0.976596
1.77458e+09   0.00385686 -0.00597129  0.00190707  -0.203475 -0.0184107   0.976107
1.77458e+09   0.00279159 -0.00490603  0.00616813  -0.201277 -0.0169458   0.972689
1.77458e+09   -0.0163832  -0.0027755 0.000841811  -0.203475 -0.0176782   0.974887
1.77458e+09   -0.00253473 -0.000644969    0.0125597  -0.201522 -0.0171899   0.972689
1.77458e+09    0.0230316 -0.00916708   0.0104292  -0.200789 -0.0196314   0.974398
1.77458e+09   0.00492212 -0.00597129 0.000841811  -0.204451 -0.0157251   0.974887
1.77458e+09   -0.0174484 0.000420297   0.0104292  -0.200057 -0.0196314   0.974643
1.77458e+09   0.000661066 -0.000644969     0.013625  -0.201766 -0.0179224   0.974643
1.77458e+09    0.0155748 -0.00597129    0.013625  -0.201766 -0.0169458   0.976352
1.77458e+09   0.0251621 -0.0112976  0.0072334  -0.202742 -0.0201196   0.975619
1.77458e+09   -0.0004042 -0.00703656   0.0040376  -0.203231 -0.0184107   0.972689
1.77458e+09    0.0155748 -0.00703656  0.00936393  -0.200789 -0.0179224   0.973422
1.77458e+09    0.0155748 -0.00490603   0.0157555  -0.202742 -0.0196314   0.974154
1.77458e+09  -0.0110568 0.00148556  0.0157555  -0.201033 -0.0188989   0.971957
1.77458e+09  -0.0163832 0.00148556  0.0125597  -0.202254 -0.0196314   0.973422
1.77458e+09  -0.00466526 -0.00171023   0.0125597  -0.201766 -0.0181665   0.975131
1.77458e+09  -0.00253473  -0.0027755   0.0114945  -0.202742 -0.0230493   0.976596
1.77458e+09    0.0113137 -0.00597129  0.00190707 -0.199324 -0.027688  0.971957
1.77458e+09  -0.00786105  0.00148556   0.0114945  -0.203719 -0.0169458   0.973666
1.77458e+09  -0.00679579  0.00148556   0.0114945  -0.205428 -0.0318384   0.980014
1.77458e+09   0.000661066 -0.000644969     0.013625  -0.205184 -0.0125513   0.977084
1.77458e+09  0.000661066 -0.00490603   0.0104292  -0.207869 -0.0201196   0.976596
1.77458e+09    -0.0121221  -0.00597129 -0.000223458  -0.200301 -0.0267114   0.973422
1.77458e+09    -0.0121221 -0.000644969   0.00616813  -0.207381 -0.0142603   0.975131
1.77458e+09    0.0102484 -0.00597129    0.013625   -0.20201 -0.0235376   0.970248
1.77458e+09    0.0155748 -0.00810182  0.00616813  -0.204695 -0.0198755   0.971225
1.77458e+09   -0.0131874 -0.00384076  0.00190707  -0.202254 -0.0198755   0.971469
1.77458e+09  -0.0163832 0.00148556 0.00936393  -0.200789 -0.0210962   0.971713
1.77458e+09   0.000661066 -0.000644969    0.0146903  -0.204207 -0.0210962    0.97391
1.77458e+09    0.00598739 -0.000644969    0.0146903  -0.202742 -0.0220728   0.975375
1.77458e+09   0.00811792 -0.00703656  0.00510287  -0.208846 -0.0196314   0.980502
1.77458e+09  -0.00679579 -0.00171023   0.0146903  -0.203231 -0.0220728   0.975375
1.77458e+09   0.00705265 -0.00490603   0.0125597  -0.205428 -0.0201196   0.977084
1.77458e+09    -0.0206442 -0.000644969    0.0114945  -0.204939 -0.0208521   0.978549
1.77458e+09  -0.00892632 -0.00490603  0.00616813  -0.202742 -0.0196314   0.974643
1.77458e+09    0.0145095 -0.00703656  0.00936393  -0.203231 -0.0218286    0.97391
1.77458e+09   0.00598739 -0.00490603   0.0072334  -0.202254 -0.0232935   0.972201
1.77458e+09  -0.0217095 0.00148556 0.00829866  -0.199324 -0.0250024   0.971957
1.77458e+09   -0.0142526 0.000420297   0.0104292  -0.201033 -0.0240259   0.974398
1.77458e+09  -0.00786105 -0.00171023    0.013625  -0.203719 -0.0206079   0.974887
1.77458e+09  -0.00573052  -0.0027755  0.00616813  -0.202254 -0.0206079   0.973422
1.77458e+09  -0.00892632  -0.0027755   0.0072334  -0.204207 -0.0201196   0.974643
1.77458e+09     0.012379 -0.00490603   0.0104292  -0.201766 -0.0232935   0.973422
1.77458e+09   0.00705265 -0.00597129  0.00297233  -0.202498 -0.0215845   0.975863
1.77458e+09   -0.0259705 0.000420297  0.00190707  -0.202254 -0.0223169   0.973178
1.77458e+09  -0.0206442 0.00255083   0.013625  -0.201277 -0.0210962   0.975131
1.77458e+09    0.0219664 -0.00490603   0.0114945  -0.202986 -0.0193872   0.974154
1.77458e+09  -0.00146946 -0.00597129  0.00190707  -0.200789 -0.0210962    0.97391
1.77458e+09    -0.0163832 -0.000644969   0.00616813  -0.201766 -0.0186548   0.975619
1.77458e+09    -0.0153179 -0.000644969   0.00936393  -0.203231 -0.0206079    0.97684
1.77458e+09  0.00172633 -0.0027755 0.00829866  -0.201766 -0.0193872   0.973422
1.77458e+09      0.01664 -0.00703656   0.0040376  -0.203231 -0.0186548   0.974398
1.77458e+09     0.0230316  -0.00916708 -0.000223458  -0.202742 -0.0181665   0.976107
1.77458e+09    0.0230316 -0.00703656  0.00829866   -0.20201 -0.0191431   0.975131
1.77458e+09    0.0102484 -0.00171023   0.0125597  -0.202986 -0.0176782   0.972934
1.77458e+09  -0.0174484 0.00148556  0.0125597  -0.202254 -0.0186548   0.974643
1.77458e+09   -0.0110568 0.000420297    0.013625  -0.202254 -0.0223169   0.975375
1.77458e+09    0.0102484 -0.00384076    0.013625  -0.201277 -0.0167017   0.970736
1.77458e+09  -0.00359999 -0.00171023   0.0114945  -0.201766 -0.0191431   0.973666
1.77458e+09  -0.00892632 0.000420297  0.00510287  -0.204207 -0.0171899   0.975375
1.77458e+09  -0.00466526 -0.00171023   0.0072334  -0.204695 -0.0164575   0.976107
1.77458e+09    -0.0121221 -0.000644969    0.0040376  -0.203475 -0.0193872   0.975375
1.77458e+09   -0.0110568 -0.00171023  0.00829866  -0.204695 -0.0198755   0.974643
1.77458e+09      0.01664 -0.00597129    0.013625  -0.202742 -0.0196314   0.977572
1.77458e+09   0.0262274 -0.0112976 0.00829866  -0.203719 -0.0193872   0.973666
1.77458e+09   0.00705265 -0.00810182  0.00936393  -0.205672 -0.0186548    0.97391
1.77458e+09  -0.00892632  -0.0027755  0.00936393  -0.201277 -0.0210962   0.973666
1.77458e+09   -0.0153179 -0.00171023    0.013625  -0.203719 -0.0215845   0.975131
1.77458e+09    0.0187706 -0.00703656   0.0125597  -0.202742 -0.0213403   0.974643
1.77458e+09    0.0198358 -0.00703656   0.0125597  -0.202254 -0.0230493   0.975375
1.77458e+09   -0.00679579  -0.00490603 -0.000223458  -0.205184 -0.0203638   0.975619
1.77458e+09  -0.0142526 -0.0027755 0.00616813  -0.202498 -0.0208521   0.973666
1.77458e+09  -0.0110568 -0.0027755 0.00936393  -0.204207 -0.0230493   0.975619
1.77458e+09   0.00385686 -0.00597129  0.00510287  -0.205184 -0.0191431   0.975619
1.77458e+09    0.0177053 -0.00597129    0.013625  -0.203231 -0.0232935   0.975619
1.77458e+09  -0.00679579  -0.0027755   0.0114945  -0.202742 -0.0235376   0.976107
1.77458e+09  -0.00573052 -0.00171023   0.0114945  -0.200545 -0.0230493   0.972689
1.77458e+09    0.0134442 -0.00597129   0.0114945 -0.202254 -0.022561  0.972934
1.77458e+09    -0.02384 0.00148556  0.0040376  -0.203475 -0.0206079   0.973178
1.77458e+09  -0.00679579 -0.00171023  0.00510287  -0.200301 -0.0193872   0.971713
1.77458e+09   0.00385686 -0.00384076   0.0040376  -0.203963 -0.0213403   0.976596
1.77458e+09   0.00385686 -0.00490603  0.00616813  -0.203963 -0.0193872   0.978305
1.77458e+09   0.00279159 -0.00490603  0.00190707  -0.203231 -0.0240259   0.975131
1.77458e+09   -0.0185137 -0.00171023   0.0040376  -0.202742 -0.0235376   0.974643
1.77458e+09    0.0134442 -0.00703656   0.0146903  -0.204695 -0.0206079   0.978549
1.77458e+09   0.0155748 -0.0102323 0.00510287  -0.202254 -0.0220728   0.971713
1.77458e+09   -0.0281011 0.000420297   0.0040376  -0.200789 -0.0186548   0.972201
1.77458e+09  0.00492212 -0.0027755   0.013625  -0.203719 -0.0206079   0.974887
1.77458e+09   0.00918318 -0.00597129   0.0104292  -0.199568 -0.0167017   0.972445
1.77458e+09  -0.0185137 0.00148556  0.0072334  -0.201522 -0.0218286   0.972201
1.77458e+09  -0.00679579 0.000420297   0.0114945  -0.203231 -0.0186548   0.974398
1.77458e+09   0.00492212 -0.00597129  0.00297233  -0.202742 -0.0203638   0.976596
1.77458e+09   0.00172633 -0.00490603   0.0040376  -0.203231 -0.0193872    0.97684
1.77458e+09   -0.0163832 -0.00171023  0.00510287  -0.203231 -0.0208521   0.974643
1.77458e+09    -0.019579 0.000420297   0.0104292  -0.201766 -0.0201196   0.976107
1.77458e+09  -0.0131874 0.00148556   0.013625  -0.204695 -0.0181665   0.975375
1.77458e+09   0.0102484 -0.0027755  0.0157555  -0.202254 -0.0257349   0.976596
1.77458e+09   0.00811792 -0.00490603  0.00510287  -0.203719 -0.0179224   0.974887
1.77458e+09  -0.00679579 -0.00171023   0.0125597  -0.203231 -0.0240259   0.976107
1.77458e+09  -0.0153179 0.00148556 0.00829866  -0.201766 -0.0191431   0.972445
1.77458e+09    0.0198358 -0.00810182   0.0125597  -0.205672 -0.0201196   0.974398
1.77458e+09    0.0251621 -0.00916708   0.0114945  -0.201522 -0.0201196   0.974643
1.77458e+09  -0.00999158 -0.00384076   0.0040376  -0.203719 -0.0193872   0.976107
1.77458e+09   -0.0004042 -0.00703656  0.00190707  -0.199324 -0.0193872   0.970492
1.77458e+09    0.0177053 -0.00916708  0.00297233  -0.200301 -0.0181665   0.971225
1.77458e+09  -0.00146946  -0.0027755  0.00616813  -0.201033 -0.0176782   0.975375
1.77458e+09  -0.00786105  0.00148556    0.013625  -0.202742 -0.0167017   0.972445
1.77458e+09    0.0113137 -0.00490603   0.0104292  -0.200301 -0.0201196   0.974154
1.77458e+09    0.0209011 -0.00597129   0.0072334  -0.203719 -0.0196314   0.979037
1.77458e+09   -0.0153179 0.000420297    0.013625   -0.20201 -0.0215845   0.977572
1.77458e+09   0.00598739 -0.00490603   0.0072334  -0.201522 -0.0179224   0.974154
1.77458e+09    0.0155748 -0.00597129   0.0168208  -0.204451 -0.0181665   0.978549
1.77458e+09    0.0219664 -0.00810182    0.013625  -0.200789 -0.0215845   0.976107
1.77458e+09   0.00279159 -0.00703656   0.0072334  -0.200301 -0.0198755   0.974887
1.77458e+09   -0.0121221 -0.00490603   0.0040376  -0.202498 -0.0196314   0.977084
1.77458e+09    -0.0217095 -0.000644969    0.0040376  -0.200789 -0.0228052   0.972201
1.77458e+09   -0.0131874 -0.00171023  0.00936393  -0.200057 -0.0201196   0.971713
1.77458e+09    -0.0004042 -0.000644969   0.00936393  -0.200789 -0.0206079   0.971713
1.77458e+09  -0.0174484 0.00148556 0.00510287  -0.200057 -0.0181665   0.972689
1.77458e+09   0.00705265 0.000420297  0.00936393  -0.198836 -0.0191431   0.970736
1.77458e+09    0.0177053 -0.00597129  0.00616813  -0.203231 -0.0213403   0.973666
1.77458e+09    0.0113137 -0.00703656  0.00510287  -0.204207 -0.0235376   0.979281
1.77458e+09    -0.0110568 -0.000644969   0.00510287 -0.204695 -0.022561  0.978793
1.77458e+09  -0.0259705 0.00148556 0.00510287  -0.202986 -0.0198755   0.972689
1.77458e+09   0.00385686 -0.00597129  0.00829866  -0.203475 -0.0230493   0.975131
1.77458e+09  0.000661066  -0.0027755  0.00829866  -0.205428 -0.0198755   0.976596
1.77458e+09  -0.00359999  -0.0027755  0.00829866  -0.204939 -0.0176782   0.975863
1.77458e+09   -0.0206442 0.000420297   0.0040376  -0.201277 -0.0220728   0.972201
1.77458e+09  -0.00679579 -0.00384076  0.00829866  -0.204695 -0.0215845   0.975375
1.77458e+09    0.0177053 -0.00703656  0.00936393  -0.203963 -0.0220728   0.974643
1.77458e+09  -0.00146946 -0.00171023  0.00829866 -0.200789 -0.022561  0.970004
1.77458e+09    0.0187706 -0.00597129  0.00297233  -0.206648 -0.0201196   0.975619
1.77458e+09    0.0145095 -0.00384076   0.0104292  -0.203719 -0.0191431   0.974643
1.77458e+09    0.0219664 -0.00490603   0.0114945  -0.204695 -0.0208521   0.974154
1.77458e+09   0.00279159 -0.00597129  0.00510287  -0.207625 -0.0198755   0.977084
1.77458e+09  -0.00679579 -0.00597129  0.00190707  -0.204207 -0.0230493   0.976596
1.77458e+09   -0.0227748 -0.00171023   0.0072334  -0.204939 -0.0174341   0.973178
1.77458e+09  -0.00786105 -0.00171023    0.013625  -0.20201 -0.022561  0.971957
1.77458e+09  0.000661066 -0.00384076  0.00510287  -0.201277 -0.0220728   0.972201
1.77458e+09   0.00385686 -0.00171023   0.0114945  -0.202742 -0.0162134   0.972201
1.77458e+09    0.0187706 -0.00597129  0.00297233  -0.202498 -0.0235376   0.973666
1.77458e+09    0.0187706 -0.00810182   0.0040376  -0.207381 -0.0196314   0.977084
1.77458e+09   -0.0110568 -0.00384076  0.00297233  -0.204939 -0.0223169   0.980502
1.77458e+09  -0.00573052  -0.0027755  0.00936393  -0.204939 -0.0215845   0.977328
1.77458e+09   -0.0259705 0.000420297   0.0104292  -0.203719 -0.0232935   0.974154
1.77458e+09   0.00385686 -0.00703656  0.00829866  -0.204939 -0.0186548   0.976107
1.77458e+09  -0.00999158 -0.00490603  0.00510287  -0.202986 -0.0206079   0.972934
1.77458e+09  -0.0142526 -0.0027755 0.00510287  -0.200301 -0.0206079    0.96976
1.77458e+09  -0.00573052 -0.00384076  0.00297233  -0.203963 -0.0186548   0.971225
1.77458e+09    0.0102484 -0.00703656  0.00616813  -0.201766 -0.0213403   0.974398
1.77458e+09  -0.0121221 0.00148556  0.0125597  -0.200789 -0.0198755   0.971713
1.77458e+09     0.012379 -0.00703656   0.0125597  -0.204207 -0.0213403   0.975863
1.77458e+09    0.0177053 -0.00916708   0.0072334  -0.204451 -0.0210962   0.976596
1.77458e+09      0.01664 -0.00810182   0.0072334  -0.202986 -0.0220728   0.975863
1.77458e+09   -0.0131874 -0.00384076  0.00829866  -0.204207 -0.0196314   0.976352
1.77458e+09     -0.019579 -0.000644969   0.00510287  -0.204207 -0.0186548   0.976596
1.77458e+09    0.0145095 -0.00597129    0.013625   -0.20201 -0.0215845   0.974643
1.77458e+09    0.0113137 -0.00810182  0.00616813  -0.202498 -0.0171899   0.974887
1.77458e+09  -0.0142526 -0.0027755  0.0104292  -0.202254 -0.0196314    0.97391
1.77458e+09    0.0155748 -0.00810182  0.00510287  -0.201277 -0.0240259   0.972201
1.77458e+09   0.00811792 -0.00703656  0.00616813  -0.202254 -0.0198755   0.972934
1.77458e+09     -0.019579 -0.000644969   0.00616813  -0.203231 -0.0220728   0.975619
1.77458e+09   -0.00892632 -0.000644969    0.0125597  -0.201766 -0.0223169   0.976107
1.77458e+09   -0.0004042 -0.00171023    0.013625  -0.203231 -0.0206079   0.974643
1.77458e+09   -0.0121221 -0.00171023   0.0168208  -0.200789 -0.0206079   0.971225
1.77458e+09   -0.0110568 -0.00384076  0.00297233  -0.203231 -0.0193872   0.975619
1.77458e+09   0.00385686 -0.00490603  0.00510287  -0.200545 -0.0196314    0.97391
1.77458e+09   0.00492212 -0.00490603   0.0072334  -0.201522 -0.0201196   0.974643
1.77458e+09  -0.00892632  -0.0027755  0.00829866  -0.201522 -0.0215845   0.974154
1.77458e+09  -0.00999158  -0.0027755  0.00190707  -0.202254 -0.0208521   0.976107
1.77458e+09    0.0230316 -0.00810182   0.0104292  -0.201277 -0.0215845   0.975375
1.77458e+09   -0.0004042 -0.00703656 0.000841811  -0.198348 -0.0218286   0.972689
1.77458e+09    0.0102484 -0.00703656  0.00616813  -0.203475 -0.0206079   0.978061
1.77458e+09      0.01664 -0.00703656   0.0040376  -0.202498 -0.0210962   0.977816
1.77458e+09   -0.0004042 -0.00490603  0.00297233  -0.202498 -0.0159692   0.972201
1.77458e+09  -0.0281011 0.00148556 0.00510287  -0.202986 -0.0232935   0.977572
1.77458e+09   0.00172633 -0.00171023   0.0146903  -0.202986 -0.0186548   0.976107
1.77458e+09      0.01664 -0.00703656   0.0125597  -0.201766 -0.0169458   0.971713
1.77458e+09   0.00811792 -0.00597129   0.0072334  -0.200301 -0.0215845   0.972201
1.77458e+09   -0.0163832 0.000420297   0.0104292   -0.20201 -0.0174341   0.972201
1.77458e+09    0.00598739 -0.000644969    0.0125597  -0.199324 -0.0191431   0.972689
1.77458e+09   0.00598739 -0.00490603  0.00510287  -0.202498 -0.0206079   0.974154
1.77458e+09  -0.00999158 -0.00171023  0.00829866  -0.203231 -0.0196314   0.976596
1.77458e+09  -0.00892632 0.000420297   0.0125597  -0.203475 -0.0206079   0.978061
1.77458e+09    0.0113137 -0.00384076   0.0168208  -0.203719 -0.0215845   0.974887
1.77458e+09   -0.00999158 -0.000644969   0.00829866  -0.202986 -0.0191431   0.974154
1.77458e+09   -0.0004042 -0.00171023   0.0125597  -0.204207 -0.0188989   0.977572
1.77458e+09   -0.0004042 -0.00171023   0.0125597  -0.201766 -0.0196314   0.976107
1.77458e+09  -0.0174484 0.00148556  0.0104292  -0.203231 -0.0220728   0.974154
1.77458e+09  -0.0174484 0.00148556  0.0104292  -0.203231 -0.0220728   0.974154
1.77458e+09  -0.00999158 -0.00171023  0.00510287  -0.202254 -0.0206079   0.974154
1.77458e+09  -0.0174484 0.00255083  0.0146903 -0.203231 -0.022561  0.973422
1.77458e+09  -0.0163832 -0.0027755  0.0040376  -0.203719 -0.0220728   0.974643
1.77458e+09  -0.00359999  -0.0027755   0.0072334  -0.203719 -0.0191431   0.975131
1.77458e+09    -0.019579 0.000420297    0.013625  -0.204939 -0.0220728   0.974643
1.77458e+09    -0.019579 0.000420297    0.013625  -0.204939 -0.0220728   0.974643
1.77458e+09  -0.00679579 -0.00171023   0.0114945  -0.204695 -0.0223169   0.974887
1.77458e+09    0.0134442 -0.00490603    0.013625  -0.205916 -0.0218286   0.974154
1.77458e+09   0.0102484 -0.0027755   0.013625   -0.20201 -0.0206079    0.97391
1.77458e+09   0.0102484 -0.0027755   0.013625   -0.20201 -0.0206079    0.97391
1.77458e+09   -0.0217095 0.000420297  0.00297233  -0.202742 -0.0210962   0.973666
1.77458e+09   -0.0217095 0.000420297  0.00297233  -0.202742 -0.0210962   0.973666
1.77458e+09     -0.019579 -0.000644969   0.00936393  -0.206404 -0.0213403   0.980502
1.77458e+09     -0.019579 -0.000644969   0.00936393  -0.206404 -0.0213403   0.980502
1.77458e+09  -0.00892632  -0.0027755  0.00829866  -0.203231 -0.0176782   0.971225
1.77458e+09  -0.00892632  -0.0027755  0.00829866  -0.203231 -0.0176782   0.971225
1.77458e+09   0.00492212 -0.00384076  0.00190707  -0.203231 -0.0167017   0.971469
1.77458e+09   0.00492212 -0.00384076  0.00190707  -0.203231 -0.0167017   0.971469
1.77458e+09   -0.0110568 0.000420297  0.00936393  -0.203475 -0.0223169   0.975131
1.77458e+09   -0.0110568 0.000420297  0.00936393  -0.203475 -0.0223169   0.975131
1.77458e+09  -0.0163832 0.00255083   0.013625  -0.201766 -0.0213403   0.974398
1.77458e+09  -0.0163832 0.00255083   0.013625  -0.201766 -0.0213403   0.974398
1.77458e+09      0.01664 -0.00916708   0.0072334  -0.203719 -0.0198755    0.97684
1.77458e+09      0.01664 -0.00916708   0.0072334  -0.203719 -0.0198755    0.97684
1.77458e+09  -0.00573052 -0.00597129  0.00616813  -0.203231 -0.0184107   0.972201
1.77458e+09  -0.00573052 -0.00597129  0.00616813  -0.203231 -0.0184107   0.972201
1.77458e+09   -0.0121221 0.000420297   0.0114945  -0.201766 -0.0181665   0.972934
1.77458e+09   -0.0121221 0.000420297   0.0114945  -0.201766 -0.0181665   0.972934
1.77458e+09    0.0177053 -0.00703656   0.0104292  -0.202742 -0.0208521   0.974643
1.77458e+09    0.0177053 -0.00703656   0.0104292  -0.202742 -0.0208521   0.974643
1.77458e+09    0.0155748 -0.00597129   0.0146903  -0.202254 -0.0213403   0.974398
1.77458e+09    0.0155748 -0.00597129   0.0146903  -0.202254 -0.0213403   0.974398
1.77458e+09   0.00385686 -0.00703656 0.000841811  -0.204207 -0.0203638   0.976596
1.77458e+09  -0.0227748 0.00148556 0.00829866  -0.202254 -0.0179224   0.976107
1.77458e+09    -0.0206442 -0.000644969    0.0072334  -0.201033 -0.0208521   0.970736
1.77458e+09    -0.0206442 -0.000644969    0.0072334  -0.201033 -0.0208521   0.970736
1.77458e+09  -0.00146946 -0.00490603  0.00190707  -0.202742 -0.0186548   0.974154
1.77458e+09    -0.0142526 -0.000644969   0.00616813  -0.199324 -0.0235376   0.974887
1.77458e+09   0.00279159 -0.00384076   0.0072334  -0.201277 -0.0164575   0.970736
1.77458e+09      0.01664 -0.00597129   0.0114945  -0.202986 -0.0223169   0.977328
1.77458e+09  -0.0163832 0.00361609  0.0125597  -0.200301 -0.0191431   0.974154
1.77458e+09   0.00918318 -0.00703656 0.000841811  -0.199813 -0.0181665   0.972689
1.77458e+09    0.0145095 -0.00703656  0.00936393  -0.204207 -0.0240259   0.979525
1.77458e+09    0.0155748 -0.00597129  0.00510287  -0.203719 -0.0157251   0.975619
1.77458e+09    0.0187706 -0.00810182  0.00829866  -0.201766 -0.0220728   0.974887
1.77458e+09   0.00598739 -0.00490603  0.00297233  -0.202986 -0.0206079   0.974643
1.77458e+09   -0.0153179 0.000420297  0.00936393  -0.205428 -0.0193872   0.975619
1.77458e+09   -0.0185137 0.000420297   0.0125597  -0.204695 -0.0228052   0.975131
1.77458e+09    0.0102484 -0.00490603    0.013625  -0.202254 -0.0186548   0.974154
1.77458e+09   -0.0174484 0.000420297  0.00829866  -0.203963 -0.0210962   0.974154
1.77458e+09   -0.0206442 0.000420297   0.0072334  -0.200545 -0.0186548   0.969271
1.77458e+09    0.0198358 -0.00597129   0.0104292  -0.202742 -0.0208521   0.973178
1.77458e+09    0.0113137 -0.00597129   0.0125597  -0.204939 -0.0191431   0.974643
1.77458e+09  -0.00786105 -0.00384076 0.000841811  -0.201766 -0.0201196   0.972201
1.77458e+09    -0.0163832 -0.000644969   0.00190707  -0.202986 -0.0171899   0.971957
1.77458e+09     0.012379 -0.00597129   0.0125597  -0.204207 -0.0210962   0.978061
1.77458e+09   -0.0004042 -0.00171023  0.00510287  -0.204695 -0.0247583   0.976107
1.77458e+09   -0.0142526 0.000420297   0.0040376  -0.205672 -0.0176782   0.975619
1.77458e+09  -0.00892632  -0.0027755  0.00616813 -0.204207  -0.02427  0.978549
1.77458e+09    0.00385686  -0.00490603 -0.000223458  -0.204451 -0.0220728   0.977572
1.77458e+09    -0.0174484 -0.000644969    0.0072334  -0.205672 -0.0208521   0.975863
1.77458e+09    0.0209011 -0.00916708   0.0072334  -0.202254 -0.0230493   0.976107
1.77458e+09   -0.00359999 -0.000644969    0.0104292  -0.203719 -0.0186548   0.973178
1.77458e+09  -0.00466526  -0.0027755   0.0125597  -0.200789 -0.0210962   0.970736
1.77458e+09     0.012379 -0.00703656   0.0040376  -0.199324 -0.0228052   0.972201
1.77458e+09   -0.00679579  -0.00384076 -0.000223458  -0.203963 -0.0174341   0.972689
1.77458e+09   -0.0270358  0.00361609 0.000841811  -0.200789 -0.0250024   0.973666
1.77458e+09  -0.0153179 0.00148556 0.00829866  -0.204207 -0.0176782   0.975375
1.77458e+09  -0.00253473 -0.00171023   0.0072334  -0.202742 -0.0240259   0.976596
1.77458e+09    0.00918318  -0.00703656 -0.000223458  -0.203475 -0.0206079   0.975863
1.77458e+09   -0.0291663 0.000420297  0.00510287  -0.203719 -0.0176782   0.975619
1.77458e+09    -0.0174484 -0.000644969   0.00936393  -0.200301 -0.0208521   0.972201
1.77458e+09  -0.00359999  -0.0027755   0.0125597  -0.205184 -0.0157251   0.977328
1.77458e+09   0.0209011 -0.0102323  0.0072334  -0.201522 -0.0220728   0.974887
1.77458e+09   0.00598739 -0.00810182  0.00190707  -0.199324 -0.0201196   0.971713
1.77458e+09    0.0187706 -0.00703656   0.0157555  -0.201277 -0.0220728   0.973666
1.77458e+09    0.0113137 -0.00597129    0.013625  -0.201766 -0.0218286   0.975131
1.77458e+09  -0.00146946  -0.0027755   0.0104292  -0.203231 -0.0171899   0.973178
1.77458e+09    0.0134442 -0.00703656   0.0104292  -0.200789 -0.0181665   0.975375
1.77458e+09   0.00598739 -0.00384076   0.0157555  -0.201033 -0.0201196   0.976596
1.77458e+09  -0.0142526 -0.0027755   0.013625  -0.202254 -0.0206079   0.975619
1.77458e+09    0.0198358 -0.00916708  0.00829866  -0.200057 -0.0201196   0.976107
1.77458e+09    0.0262274 -0.00810182   0.0104292  -0.201766 -0.0198755   0.973422
1.77458e+09    0.0283579 -0.00810182  0.00936393  -0.200301 -0.0184107   0.974887
1.77458e+09   0.00172633 -0.00384076   0.0072334  -0.200545 -0.0196314    0.97391
1.77458e+09  -0.00999158 0.000420297   0.0072334  -0.201766 -0.0191431   0.973178
1.77458e+09  -0.00679579  0.00255083   0.0189513  -0.203719 -0.0215845   0.977572
1.77458e+09    0.0113137 -0.00171023    0.013625  -0.203719 -0.0184107   0.976596
1.77458e+09    0.0102484 -0.00384076   0.0040376  -0.202254 -0.0196314   0.974154
1.77458e+09     0.012379 -0.00384076   0.0114945  -0.203963 -0.0210962   0.974643
1.77458e+09   -0.0163832 0.000420297   0.0104292   -0.20201 -0.0210962   0.976352
1.77458e+09   -0.0174484 0.000420297   0.0114945  -0.201766 -0.0181665   0.971713
1.77458e+09   -0.00786105 -0.000644969     0.013625  -0.203231 -0.0188989   0.972445
1.77458e+09   0.00598739 -0.00171023    0.013625  -0.202254 -0.0208521   0.975863
1.77458e+09    0.0240969 -0.00810182   0.0072334  -0.202986 -0.0186548   0.975375
1.77458e+09   0.00918318 -0.00384076 0.000841811  -0.201277 -0.0196314   0.971225
1.77458e+09    -0.0174484 -0.000644969   0.00297233  -0.203475 -0.0223169   0.975619
1.77458e+09   -0.00786105 -0.000644969   0.00616813  -0.204939 -0.0196314   0.976596
1.77458e+09   0.00918318 -0.00490603  0.00510287  -0.202742 -0.0210962   0.975131
1.77458e+09    0.00492212 -0.000644969   0.00829866  -0.203963 -0.0191431   0.974887
1.77458e+09   -0.0004042 -0.00171023   0.0146903  -0.206404 -0.0215845   0.980014
1.77458e+09      0.01664 -0.00597129   0.0114945  -0.203475 -0.0186548   0.974154
1.77458e+09      0.01664 -0.00810182   0.0072334  -0.203475 -0.0206079   0.974154
1.77458e+09   0.00172633 -0.00703656  0.00510287  -0.203719 -0.0201196   0.975863
1.77458e+09   0.00918318 -0.00384076  0.00936393  -0.201277 -0.0213403   0.972934
1.77458e+09    0.0155748 -0.00703656   0.0114945  -0.202986 -0.0213403   0.974154
1.77458e+09  -0.00573052 0.000420297   0.0114945  -0.202986 -0.0201196   0.974643
1.77458e+09  -0.00786105 0.000420297    0.013625  -0.203719 -0.0223169   0.974154
1.77458e+09  -0.0121221 0.00148556   0.013625  -0.200789 -0.0232935   0.972445
1.77458e+09   -0.00999158 -0.000644969   0.00829866  -0.202498 -0.0208521   0.973422
1.77458e+09  0.00918318 -0.0027755  0.0157555  -0.202986 -0.0215845   0.974643
1.77458e+09  -0.00679579  0.00148556   0.0125597  -0.202254 -0.0230493   0.974154
1.77458e+09  -0.00359999 -0.00171023  0.00829866  -0.202498 -0.0196314   0.975619
1.77458e+09  -0.00892632 -0.00384076   0.0104292  -0.204695 -0.0213403   0.978305
1.77458e+09   0.00492212 -0.00490603   0.0114945  -0.202254 -0.0223169   0.977816
1.77458e+09  -0.00253473 -0.00597129  0.00297233  -0.199813 -0.0176782   0.970248
1.77458e+09   -0.0121221 -0.00171023   0.0125597  -0.202742 -0.0215845   0.972934
1.77458e+09  0.00279159 -0.0027755  0.0125597  -0.203719 -0.0193872   0.975619
1.77458e+09    0.0294232 -0.00916708   0.0104292  -0.200789 -0.0245142   0.974154
1.77458e+09  -0.00786105  -0.0027755  0.00297233  -0.203231 -0.0174341   0.975131
1.77458e+09   -0.0142526 0.000420297   0.0114945  -0.203475 -0.0230493   0.977328
1.77458e+09    0.00705265 -0.000644969    0.0125597  -0.202986 -0.0171899   0.973178
1.77458e+09    0.0102484 -0.00597129  0.00616813  -0.203231 -0.0181665   0.973422
1.77458e+09   -0.0131874 -0.00384076   0.0072334 -0.202498 -0.022561  0.977084
1.77458e+09   0.00172633 -0.00384076   0.0072334  -0.201277 -0.0201196   0.972689
1.77458e+09   -0.0174484 0.000420297   0.0104292  -0.204695 -0.0220728   0.976107
1.77458e+09    -0.0227748 -0.000644969   0.00616813  -0.202254 -0.0215845   0.974398
1.77458e+09   -0.0131874 -0.00171023   0.0040376  -0.202986 -0.0184107   0.973422
1.77458e+09  -0.00999158 -0.00384076  0.00190707  -0.201766 -0.0206079    0.97684
1.77458e+09  -0.0004042 -0.0027755 0.00829866  -0.199568 -0.0203638   0.972934
1.77458e+09  -0.00892632  0.00148556    0.013625  -0.201766 -0.0186548   0.972689
1.77458e+09   -0.0121221 0.000420297   0.0040376  -0.204207 -0.0210962   0.978061
1.77458e+09   0.00705265 -0.00490603   0.0072334  -0.202742 -0.0174341   0.975619
1.77458e+09  -0.00146946 -0.00597129  0.00297233  -0.204695 -0.0213403   0.978061
1.77458e+09   -0.0131874 -0.00171023  0.00510287  -0.203719 -0.0210962    0.97684
1.77458e+09  -0.00466526  -0.0027755  0.00616813  -0.203475 -0.0196314   0.974154
1.77458e+09  -0.00892632 -0.00171023  0.00936393  -0.202742 -0.0215845    0.97391
1.77458e+09    0.0177053 -0.00384076   0.0146903  -0.202254 -0.0196314   0.971957
1.77458e+09    0.0187706 -0.00916708  0.00616813  -0.203963 -0.0196314   0.974154
1.77458e+09   -0.0206442 0.000420297   0.0040376  -0.201277 -0.0176782   0.972201
1.77458e+09  -0.0131874 0.00361609  0.0114945  -0.202986 -0.0171899   0.973178
1.77458e+09      0.01664 -0.00490603   0.0104292  -0.204695 -0.0174341   0.973178
1.77458e+09    0.0113137 -0.00810182  0.00190707  -0.201766 -0.0196314   0.974398
1.77458e+09    -0.0174484 -0.000644969    0.0072334  -0.203231 -0.0220728   0.975619
1.77458e+09   0.00385686 -0.00490603   0.0125597  -0.203231 -0.0213403   0.976107
1.77458e+09  0.00598739 -0.0027755  0.0114945  -0.203231 -0.0191431   0.976107
1.77458e+09  0.000661066 -0.00171023   0.0157555   -0.20616 -0.0179224   0.977084
1.77458e+09  -0.0291663 0.00255083 0.00829866  -0.203231 -0.0210962   0.976596
1.77458e+09  -0.00573052 -0.00490603  0.00829866  -0.204695 -0.0218286   0.975619
1.77458e+09  0.000661066 -0.00384076   0.0072334 -0.201766 -0.025979  0.975863
1.77458e+09   -0.0217095 -0.00171023  0.00190707  -0.204451 -0.0201196   0.974887
1.77458e+09    -0.019579 -0.00384076   0.0040376  -0.203719 -0.0201196   0.971713
1.77458e+09  -0.0110568 -0.0027755 0.00297233  -0.198592 -0.0240259   0.971957
1.77458e+09   0.00492212 -0.00703656  0.00190707  -0.204695 -0.0198755   0.974643
1.77458e+09  0.000661066 -0.00490603 0.000841811  -0.199324 -0.0247583   0.973666
1.77458e+09  -0.00253473  -0.0027755  0.00616813  -0.201766 -0.0250024   0.973422
1.77458e+09    -0.0121221 -0.000644969    0.0040376  -0.203231 -0.0215845   0.976107
1.77458e+09    -0.02384 0.00148556 0.00510287 -0.202254 -0.022561  0.974398
1.77458e+09    0.00811792 -0.000644969   0.00936393  -0.201766 -0.0201196   0.971225
1.77458e+09    0.0209011 -0.00703656  0.00936393  -0.203475 -0.0218286   0.976596
1.77458e+09     -0.019579 -0.000644969  0.000841811  -0.204451 -0.0191431   0.976352
1.77458e+09     -0.02384 -0.00171023 -0.00128872  -0.204451 -0.0196314   0.974398
1.77458e+09   -0.0281011 0.000420297  0.00936393  -0.203231 -0.0206079   0.976596
1.77458e+09    -0.0110568 -0.000644969    0.0072334   -0.20201 -0.0215845   0.974643
1.77458e+09   0.00492212 -0.00597129  0.00616813  -0.201766 -0.0198755   0.972934
1.77458e+09  -0.00999158 -0.00171023   0.0040376  -0.202498 -0.0196314    0.97098
1.77458e+09  -0.00679579 -0.00171023   0.0104292  -0.204695 -0.0176782    0.97391
1.77458e+09   -0.0185137 -0.00171023  0.00297233  -0.203963 -0.0196314   0.975619
1.77458e+09   -0.0142526 -0.00171023  0.00510287  -0.203231 -0.0176782   0.973666
1.77458e+09   0.00385686 -0.00384076  0.00829866  -0.204695 -0.0210962   0.978061
1.77458e+09  -0.00786105  -0.0027755   0.0104292  -0.203231 -0.0184107   0.974398
1.77458e+09   0.0251621 -0.0102323   0.013625  -0.204207 -0.0169458   0.974154
1.77458e+09  0.000661066 -0.00384076    0.017886  -0.200789 -0.0213403   0.973178
1.77458e+09     -0.019579 -0.000644969   0.00936393  -0.201277 -0.0186548   0.973178
1.77458e+09    -0.0163832 -0.000644969    0.0104292   -0.20201 -0.0232935   0.976596
1.77458e+09   0.00172633 -0.00171023   0.0104292  -0.201522 -0.0201196   0.976352
1.77458e+09   0.00811792 -0.00490603  0.00616813  -0.202742 -0.0210962   0.972689
1.77458e+09    -0.02384 0.00148556  0.0125597  -0.200789 -0.0235376   0.975131
1.77458e+09  -0.00892632 0.000420297   0.0168208  -0.202742 -0.0171899   0.976596
1.77458e+09    0.0251621 -0.00597129    0.017886  -0.202254 -0.0206079   0.975131
1.77458e+09      0.01664 -0.00810182  0.00510287  -0.203719 -0.0186548    0.97391
1.77458e+09  -0.00146946 -0.00703656  0.00190707  -0.204207 -0.0191431   0.975375
1.77458e+09   -0.0185137 -0.00171023  0.00297233  -0.201766 -0.0191431   0.975375
1.77458e+09    -0.0174484 -0.000644969   0.00936393  -0.200545 -0.0220728   0.971469
1.77458e+09  0.00385686 -0.0027755  0.0104292  -0.198836 -0.0186548   0.972689
1.77458e+09   -0.0110568 -0.00171023  0.00936393  -0.202498 -0.0196314   0.976107
1.77458e+09   -0.0153179 -0.00171023   0.0040376  -0.200789 -0.0210962   0.973422
1.77458e+09   0.00385686 -0.00384076  0.00297233  -0.201033 -0.0196314   0.973666
1.77458e+09    0.0134442 -0.00703656   0.0072334  -0.202742 -0.0186548   0.977572
1.77458e+09    0.00279159 -0.000644969    0.0125597  -0.202254 -0.0186548   0.975863
1.77458e+09  0.00172633 -0.0027755 0.00829866   -0.20201 -0.0196314   0.974643
1.77458e+09    0.0198358 -0.00810182  0.00190707  -0.199813 -0.0181665    0.97391
1.77458e+09    0.0155748 -0.00597129  0.00936393  -0.200789 -0.0193872   0.974643
1.77458e+09    0.0134442 -0.00490603   0.0114945  -0.200301 -0.0230493   0.975131
1.77458e+09    0.0240969 -0.00703656    0.013625  -0.202498 -0.0206079   0.975619
1.77458e+09  0.000661066 -0.00384076  0.00936393  -0.202498 -0.0203638    0.97684
1.77458e+09    0.0230316 -0.00703656    0.013625  -0.201522 -0.0191431   0.973666
1.77458e+09    0.0113137 -0.00810182  0.00616813  -0.202742 -0.0208521   0.973178
1.77458e+09    -0.0259705 -0.000644969    0.0040376   -0.20201 -0.0184107   0.975131
1.77458e+09  -0.0270358 0.00361609 0.00616813  -0.202986 -0.0223169   0.974154
1.77458e+09    0.0219664 -0.00703656   0.0104292  -0.203231 -0.0198755   0.973422
1.77458e+09  0.000661066 -0.00703656 0.000841811  -0.203231 -0.0206079   0.972445
1.77458e+09    -0.0185137 -0.000644969   0.00829866  -0.202498 -0.0215845   0.975375
1.77458e+09   -0.0142526 0.000420297  0.00829866  -0.201522 -0.0230493   0.974154
1.77458e+09     0.01664 -0.0027755  0.0146903  -0.202498 -0.0210962   0.974154
1.77458e+09  -0.00146946 -0.00384076   0.0040376  -0.204207 -0.0201196   0.975131
1.77458e+09  -0.00786105 -0.00171023   0.0072334  -0.203231 -0.0215845   0.975131
1.77458e+09     0.012379 -0.00703656  0.00616813  -0.204939 -0.0203638   0.975131
1.77458e+09    0.0113137 -0.00490603  0.00829866  -0.204939 -0.0210962   0.977084
1.77458e+09    0.0102484 -0.00171023   0.0104292  -0.205184 -0.0191431   0.975131
1.77458e+09  -0.00253473 -0.00384076   0.0040376  -0.204695 -0.0210962   0.974887
1.77458e+09     0.012379 -0.00703656   0.0125597  -0.203231 -0.0191431   0.974154
1.77458e+09   0.00279159 -0.00597129  0.00616813  -0.203475 -0.0193872   0.972445
1.77458e+09    0.0145095 -0.00810182   0.0114945  -0.202742 -0.0220728   0.970736
1.77458e+09    0.0219664 -0.00703656   0.0146903  -0.205184 -0.0191431   0.972689
1.77458e+09   0.00705265 -0.00384076   0.0125597  -0.204207 -0.0230493   0.977084
1.77458e+09    0.0102484 -0.00597129   0.0072334  -0.205428 -0.0215845   0.977328
1.77458e+09    -0.0142526 -0.000644969   0.00510287  -0.203719 -0.0213403   0.971713
1.77458e+09    0.0177053 -0.00597129   0.0146903  -0.205916 -0.0203638   0.976596
1.77458e+09    0.0272927 -0.00810182   0.0125597  -0.205428 -0.0176782   0.975131
1.77458e+09   0.00492212 -0.00810182 0.000841811  -0.203963 -0.0181665    0.97391
1.77458e+09   -0.0142526 -0.00490603 -0.00235398  -0.204207 -0.0210962   0.973666
1.77458e+09   -0.0217095 0.000420297   0.0040376  -0.203231 -0.0203638   0.974887
1.77458e+09   -0.0131874 0.000420297   0.0114945 -0.20201 -0.02427 0.974154
1.77458e+09   0.00811792 -0.00490603   0.0125597   -0.20201 -0.0230493   0.972445
1.77458e+09  -0.00786105  -0.0027755   0.0104292  -0.203719 -0.0174341   0.977084
1.77458e+09   0.00705265 -0.00916708 0.000841811 -0.203719  -0.02427  0.974154
1.77458e+09   0.00918318 -0.00703656  0.00616813  -0.203719 -0.0181665   0.972934
1.77458e+09   0.00385686 -0.00490603   0.0114945  -0.206893 -0.0208521   0.978549
1.77458e+09   -0.0142526 -0.00171023  0.00936393 -0.202742 -0.022561  0.976107
1.77458e+09  0.000661066 -0.00490603  0.00829866  -0.203475 -0.0193872   0.974887
1.77458e+09   0.00385686 -0.00597129   0.0125597 -0.202742 -0.022561  0.975131
1.77458e+09   0.0230316 -0.0112976  0.0072334  -0.200301 -0.0223169   0.973178
1.77458e+09    0.0145095 -0.00490603    0.013625  -0.200301 -0.0193872   0.971713
1.77458e+09   0.00172633 -0.00384076   0.0146903  -0.200789 -0.0210962   0.972934
1.77458e+09   -0.00146946 -0.000644969    0.0125597   -0.20201 -0.0208521   0.975619
1.77458e+09  0.00385686 -0.0027755 0.00829866  -0.202742 -0.0201196   0.978061
1.77458e+09   0.00811792 -0.00597129  0.00616813  -0.200789 -0.0218286   0.973666
1.77458e+09  -0.0259705 0.00148556 0.00616813  -0.202742 -0.0186548   0.974398
1.77458e+09    -0.0004042 -0.000644969    0.0157555  -0.203231 -0.0176782   0.975619
1.77458e+09    0.0240969 -0.00916708  0.00616813  -0.203231 -0.0184107   0.975131
1.77458e+09    -0.0259705 -0.000644969   0.00190707  -0.201766 -0.0191431   0.974154
1.77458e+09   0.00172633 -0.00384076   0.0125597  -0.204207 -0.0206079   0.977572
1.77458e+09   0.00172633 -0.00384076   0.0125597  -0.201277 -0.0203638    0.97391
1.77458e+09    0.0102484 -0.00490603    0.013625  -0.200301 -0.0176782   0.971957
1.77458e+09    0.0145095 -0.00810182  0.00936393  -0.203719 -0.0215845   0.975619
1.77458e+09  -0.0142526 0.00148556  0.0125597  -0.201766 -0.0176782   0.972201
1.77458e+09  -0.0142526 0.00148556  0.0125597  -0.201766 -0.0176782   0.972201
1.77458e+09   0.00705265 -0.00490603  0.00297233  -0.204207 -0.0186548   0.977084
1.77458e+09   0.00705265 -0.00490603  0.00297233  -0.204207 -0.0186548   0.977084
1.77458e+09  0.000661066 -0.00490603   0.0040376  -0.204695 -0.0191431   0.975131
1.77458e+09  0.000661066 -0.00490603   0.0040376  -0.204695 -0.0191431   0.975131
1.77458e+09    0.0134442 -0.00703656   0.0104292  -0.201766 -0.0206079    0.97391
1.77458e+09    0.0134442 -0.00703656   0.0104292  -0.201766 -0.0206079    0.97391
1.77458e+09   0.00598739 -0.00490603   0.0072334  -0.200789 -0.0228052   0.975375
1.77458e+09   0.00598739 -0.00490603   0.0072334  -0.200789 -0.0228052   0.975375
1.77458e+09  -0.0174484 0.00148556  0.0114945  -0.200301 -0.0218286   0.973422
1.77458e+09  -0.0174484 0.00148556  0.0114945  -0.200301 -0.0218286   0.973422
1.77458e+09    0.0177053 -0.00916708 -0.00341925  -0.204207 -0.0181665   0.977328
1.77458e+09    0.0177053 -0.00916708 -0.00341925  -0.204207 -0.0181665   0.977328
1.77458e+09   -0.0153179 -0.00490603  0.00510287  -0.202254 -0.0210962   0.974643
1.77458e+09   -0.0153179 -0.00490603  0.00510287  -0.202254 -0.0210962   0.974643
1.77458e+09    0.0113137 -0.00384076    0.013625  -0.200789 -0.0191431   0.975619
1.77458e+09    0.0113137 -0.00384076    0.013625  -0.200789 -0.0191431   0.975619
1.77458e+09   0.00385686 -0.00490603  0.00190707  -0.202986 -0.0191431   0.975131
1.77458e+09   0.00385686 -0.00490603  0.00190707  -0.202986 -0.0191431   0.975131
1.77458e+09  -0.0174484 0.00255083 0.00829866  -0.200545 -0.0203638   0.973666
1.77458e+09  -0.0174484 0.00255083 0.00829866  -0.200545 -0.0203638   0.973666
1.77458e+09    0.0155748 -0.00597129  0.00510287  -0.204695 -0.0191431   0.977572
1.77458e+09    0.0155748 -0.00597129  0.00510287  -0.204695 -0.0191431   0.977572
1.77458e+09  -0.00573052  -0.0027755  0.00510287  -0.200545 -0.0220728   0.973422
1.77458e+09  -0.00573052  -0.0027755  0.00510287  -0.200545 -0.0220728   0.973422
1.77458e+09   0.00385686 -0.00490603   0.0072334   -0.20201 -0.0220728   0.973178
1.77458e+09   0.00385686 -0.00490603   0.0072334   -0.20201 -0.0220728   0.973178
1.77458e+09    0.0113137 -0.00597129  0.00936393  -0.204939 -0.0210962   0.974154
1.77458e+09    0.0113137 -0.00597129  0.00936393  -0.204939 -0.0210962   0.974154
1.77458e+09    0.0187706 -0.00597129  0.00936393  -0.204207 -0.0196314   0.976596
1.77458e+09    0.0187706 -0.00597129  0.00936393  -0.204207 -0.0196314   0.976596
1.77458e+09   -0.0249053 0.000420297  0.00936393  -0.205184 -0.0176782   0.976107
1.77458e+09   -0.0249053 0.000420297  0.00936393  -0.205184 -0.0176782   0.976107
1.77458e+09   0.0187706 -0.0027755  0.0146903  -0.204207 -0.0213403   0.975619
1.77458e+09   0.00172633 -0.00703656  0.00616813  -0.202742 -0.0208521   0.973666
1.77458e+09    -0.0270358   0.00148556 -0.000223458  -0.204207 -0.0215845   0.977572
1.77458e+09    -0.0270358   0.00148556 -0.000223458  -0.204207 -0.0215845   0.977572
1.77458e+09  0.00492212 -0.0027755 0.00936393  -0.198836 -0.0228052   0.968295
1.77458e+09   0.00492212 -0.00597129  0.00829866  -0.205672 -0.0167017   0.977572
1.77458e+09   0.00279159 -0.00384076  0.00936393  -0.201277 -0.0240259   0.978061
1.77458e+09  -0.0174484 0.00361609 0.00829866  -0.202498 -0.0159692   0.971225
1.77458e+09   -0.0259705 0.000420297  0.00829866  -0.205184 -0.0188989   0.974398
1.77458e+09    -0.0131874 -0.000644969   0.00829866  -0.201766 -0.0223169   0.975619
1.77458e+09   0.00385686 -0.00384076  0.00616813  -0.202986 -0.0196314   0.975863
1.77458e+09  -0.00146946  -0.0027755  0.00829866  -0.201766 -0.0215845   0.972689
1.77458e+09   -0.00786105 -0.000644969    0.0104292  -0.202986 -0.0201196   0.975863
1.77458e+09    -0.0131874 -0.000644969     0.013625  -0.202742 -0.0206079   0.972689
1.77458e+09   -0.0185137 0.000420297  0.00829866  -0.203231 -0.0184107   0.974154
1.77458e+09    -0.0142526 -0.000644969   0.00616813  -0.205428 -0.0196314   0.977084
1.77458e+09   0.00279159 -0.00384076  0.00936393  -0.201766 -0.0210962   0.974887
1.77458e+09     0.012379 -0.00810182  0.00936393  -0.203231 -0.0201196   0.972934
1.77458e+09   -0.0227748 -0.00171023  0.00616813  -0.204207 -0.0215845   0.976352
1.77458e+09   -0.0259705 -0.00171023   0.0040376  -0.203231 -0.0191431   0.973422
1.77458e+09  -0.00679579  -0.0027755  0.00936393  -0.200301 -0.0215845   0.972201
1.77458e+09   -0.0142526 0.000420297   0.0146903  -0.204939 -0.0206079   0.974154
1.77458e+09  -0.00679579 -0.00384076  0.00616813  -0.201766 -0.0218286   0.974643
1.77458e+09  -0.00146946  0.00148556   0.0146903  -0.202498 -0.0203638   0.972445
1.77458e+09  -0.0259705 0.00255083  0.0104292  -0.204451 -0.0215845   0.977816
1.77458e+09   -0.0110568 -0.00384076 0.000841811  -0.203231 -0.0198755   0.975863
1.77458e+09   -0.0142526 -0.00171023   0.0040376  -0.201766 -0.0215845   0.972445
1.77458e+09  -0.00573052 -0.00171023  0.00936393  -0.204451 -0.0215845   0.977084
1.77458e+09  -0.00253473 -0.00171023   0.0125597  -0.204695 -0.0201196   0.977084
1.77458e+09      0.01664 -0.00597129  0.00936393  -0.203963 -0.0228052   0.974398
1.77458e+09  -0.00146946 -0.00490603   0.0072334  -0.203475 -0.0218286   0.976107
1.77458e+09  -0.00892632 -0.00171023   0.0114945  -0.203231 -0.0206079   0.974154
1.77458e+09  -0.0270358 0.00255083 0.00616813  -0.204207 -0.0201196   0.973666
1.77458e+09  -0.0227748 0.00255083 0.00829866  -0.202742 -0.0181665   0.972689
1.77458e+09  0.000661066 -0.00171023   0.0125597  -0.202986 -0.0215845   0.973178
1.77458e+09      0.01664 -0.00703656  0.00829866  -0.204939 -0.0215845   0.975131
1.77458e+09   0.00918318 -0.00916708  0.00190707  -0.204207 -0.0230493   0.977084
1.77458e+09    0.0187706 -0.00916708  0.00616813  -0.204939 -0.0208521   0.974643
1.77458e+09  -0.00253473 -0.00490603   0.0114945   -0.20201 -0.0237817   0.975131
1.77458e+09  -0.00146946 -0.00597129  0.00829866  -0.204207 -0.0196314   0.976596
1.77458e+09  -0.00359999 -0.00597129  0.00616813  -0.202254 -0.0188989   0.970248
1.77458e+09      0.01664 -0.00703656  0.00936393  -0.200789 -0.0198755   0.973422
1.77458e+09   0.00385686 -0.00597129  0.00510287  -0.203719 -0.0171899   0.976352
1.77458e+09  -0.00786105 -0.00490603  0.00616813  -0.199568 -0.0210962   0.974887
1.77458e+09   -0.00999158 -0.000644969   0.00829866  -0.198836 -0.0167017    0.96976
1.77458e+09    -0.0217095 -0.000644969   0.00936393  -0.201766 -0.0232935   0.973666
1.77458e+09    -0.0163832 -0.000644969    0.0114945  -0.200545 -0.0179224   0.976596
1.77458e+09    0.00492212 -0.000644969    0.0157555  -0.201277 -0.0193872   0.974643
1.77458e+09    0.0177053 -0.00490603   0.0114945  -0.202742 -0.0215845   0.977816
1.77458e+09    0.0113137 -0.00597129  0.00936393  -0.204695 -0.0206079   0.981967
1.77458e+09  -0.00999158 -0.00384076 0.000841811  -0.199813 -0.0230493   0.977084
1.77458e+09  -0.00999158 -0.00171023  0.00510287  -0.201033 -0.0196314   0.972445
1.77458e+09    0.0145095 -0.00703656  0.00829866  -0.201766 -0.0232935   0.974643
1.77458e+09      0.012379  -0.00810182 -0.000223458  -0.200789 -0.0191431   0.973178
1.77458e+09    -0.02384 0.00148556 0.00510287  -0.201033 -0.0188989   0.973178
1.77458e+09   -0.0185137 -0.00171023  0.00190707  -0.201277 -0.0210962   0.973666
1.77458e+09  -0.00359999 -0.00171023   0.0104292  -0.200301 -0.0167017   0.973422
1.77458e+09   0.00705265 -0.00384076   0.0104292  -0.201522 -0.0196314   0.975619
1.77458e+09  -0.0291663 0.00255083  0.0040376  -0.201766 -0.0159692    0.96976
1.77458e+09   0.00492212 -0.00384076   0.0104292  -0.199324 -0.0230493   0.974398
1.77458e+09    0.0145095 -0.00597129  0.00510287  -0.200545 -0.0176782    0.97684
1.77458e+09  -0.00146946 -0.00384076   0.0040376  -0.202254 -0.0174341    0.97391
1.77458e+09   0.00811792 -0.00384076   0.0072334  -0.201277 -0.0196314    0.97391
1.77458e+09  -0.0153179 0.00255083   0.013625  -0.202986 -0.0147485   0.977084
1.77458e+09   0.00811792 -0.00384076   0.0125597  -0.201277 -0.0201196   0.975863
1.77458e+09  0.00918318 -0.0027755   0.013625  -0.201277 -0.0186548   0.975863
1.77458e+09   0.00279159 -0.00171023   0.0168208  -0.204939 -0.0188989    0.97684
1.77458e+09    0.0198358 -0.00916708  0.00829866  -0.201277 -0.0201196   0.975375
1.77458e+09    0.0209011 -0.00703656   0.0125597  -0.204207 -0.0235376   0.977572
1.77458e+09    0.0145095 -0.00703656   0.0104292  -0.202498 -0.0184107   0.972201
1.77458e+09  -0.00786105  -0.0027755  0.00510287  -0.200057 -0.0235376   0.972934
1.77458e+09   -0.00786105 -0.000644969   0.00616813  -0.202742 -0.0186548   0.974154
1.77458e+09     0.012379 -0.00597129   0.0072334  -0.202986 -0.0208521   0.972201
1.77458e+09     -0.019579 -0.000644969    0.0040376  -0.203231 -0.0196314   0.971713
1.77458e+09  -0.0281011 0.00361609  0.0072334  -0.202742 -0.0218286   0.973666
1.77458e+09  -0.0217095 0.00148556  0.0114945 -0.204695 -0.022561  0.977084
1.77458e+09    -0.0110568 -0.000644969   0.00829866  -0.204207 -0.0191431   0.975863
1.77458e+09  -0.00573052 0.000420297   0.0104292  -0.203963 -0.0215845   0.975619
1.77458e+09  -0.0249053 0.00148556  0.0114945  -0.204939 -0.0215845   0.974643
1.77458e+09    0.0145095 -0.00810182   0.0114945  -0.202498 -0.0203638   0.977084
1.77458e+09  -0.00786105 -0.00384076  0.00829866  -0.203963 -0.0179224   0.973666
1.77458e+09    -0.0153179 -0.000644969   0.00616813  -0.201033 -0.0210962   0.974643
1.77458e+09   -0.0153179 0.000420297  0.00616813  -0.205428 -0.0206079   0.974154
1.77458e+09     0.012379 -0.00384076    0.013625  -0.202742 -0.0196314   0.972689
1.77458e+09   0.00279159 -0.00171023  0.00616813  -0.204695 -0.0267114   0.977816
1.77458e+09  0.000661066 -0.00171023   0.0104292  -0.203231 -0.0196314   0.975375
1.77458e+09   -0.0142526 0.000420297   0.0146903  -0.201277 -0.0240259   0.975131
1.77458e+09  0.000661066  -0.0027755    0.013625  -0.205184 -0.0228052   0.974643
1.77458e+09   0.0230316 -0.0102323 0.00510287  -0.203719 -0.0196314   0.974154
1.77458e+09    0.0177053 -0.00810182   0.0072334  -0.203719 -0.0220728   0.972934
1.77458e+09   -0.0131874 -0.00171023  0.00510287  -0.202742 -0.0210962   0.972689
1.77458e+09   -0.00786105 -0.000644969    0.0072334  -0.202254 -0.0247583    0.97391
1.77458e+09   -0.00359999 -0.000644969   0.00510287  -0.203231 -0.0198755   0.972934
1.77458e+09   -0.019579 0.00148556  0.0125597  -0.205428 -0.0206079   0.976352
1.77458e+09   -0.00679579 -0.000644969   0.00936393  -0.201522 -0.0220728   0.975863
1.77458e+09  0.00705265 -0.0027755  0.0168208  -0.204695 -0.0206079   0.976596
1.77458e+09     0.012379 -0.00810182  0.00829866  -0.204939 -0.0208521   0.976352
1.77458e+09   0.00811792 -0.00810182  0.00510287  -0.203475 -0.0215845   0.977328
1.77458e+09     0.012379 -0.00703656  0.00936393  -0.201766 -0.0215845   0.975131
1.77458e+09    -0.0227748 -0.000644969   0.00829866  -0.200301 -0.0220728   0.971713
1.77458e+09   -0.0142526 0.000420297   0.0125597  -0.203231 -0.0206079   0.974887
1.77458e+09  -0.00786105 0.000420297   0.0104292  -0.202742 -0.0184107   0.975619
1.77458e+09   -0.0131874 -0.00171023  0.00616813  -0.204451 -0.0186548   0.973666
1.77458e+09    0.0145095 -0.00810182   0.0040376  -0.201766 -0.0196314   0.973422
1.77458e+09   0.00492212 -0.00384076   0.0168208  -0.203719 -0.0186548   0.976107
1.77458e+09  0.000661066 -0.00703656   0.0072334  -0.200301 -0.0213403   0.971713
1.77458e+09    0.0113137 -0.00810182   0.0040376  -0.200545 -0.0208521   0.971957
1.77458e+09    0.0134442 -0.00810182   0.0104292  -0.202986 -0.0188989   0.977084
1.77458e+09    -0.0217095 -0.000644969    0.0040376  -0.199568 -0.0191431   0.974643
1.77458e+09   -0.0227748 0.000420297   0.0072334  -0.202742 -0.0164575   0.972689
1.77458e+09    -0.0110568 -0.000644969    0.0114945  -0.201277 -0.0223169   0.977816
1.77458e+09   0.00705265 -0.00171023   0.0125597  -0.203719 -0.0181665   0.978061
1.77458e+09  -0.00253473 -0.00384076   0.0040376  -0.202254 -0.0196314   0.974887
1.77458e+09  -0.0153179 0.00148556  0.0114945  -0.202498 -0.0215845   0.977084
1.77458e+09   0.00172633 -0.00171023    0.013625  -0.201277 -0.0215845   0.977084
1.77458e+09  0.00492212 -0.0027755  0.0146903  -0.196883 -0.0210962    0.97098
1.77458e+09   0.00598739 -0.00171023   0.0114945  -0.204207 -0.0220728   0.975619
1.77458e+09    0.0177053 -0.00703656  0.00936393  -0.201766 -0.0201196    0.97684
1.77458e+09    0.0187706 -0.00490603  0.00936393  -0.200789 -0.0206079   0.977572
1.77458e+09  -0.0249053 0.00148556  0.0040376  -0.198836 -0.0215845   0.971713
1.77458e+09   0.00918318 -0.00597129  0.00510287  -0.202986 -0.0171899    0.97391
1.77458e+09  0.00172633 -0.0027755 0.00829866  -0.201277 -0.0196314    0.97391
1.77458e+09  -0.00786105 -0.00171023   0.0072334  -0.201766 -0.0157251   0.971957
1.77458e+09    -0.0131874 -0.000644969    0.0114945  -0.203719 -0.0215845   0.974154
1.77458e+09     0.012379 -0.00597129  0.00297233   -0.19908 -0.0191431   0.975375
1.77458e+09    -0.0121221 -0.000644969   0.00297233  -0.203719 -0.0186548   0.974643
1.77458e+09    0.0155748 -0.00703656  0.00510287  -0.201766 -0.0218286   0.974887
1.77458e+09    0.0209011 -0.00703656  0.00616813  -0.205428 -0.0164575   0.975863
1.77458e+09  -0.00466526 -0.00490603  0.00510287  -0.202742 -0.0218286   0.977572
1.77458e+09  -0.00679579 -0.00490603  0.00190707  -0.204695 -0.0208521   0.976596
1.77458e+09    -0.0206442   -0.0027755 -0.000223458  -0.206893 -0.0171899   0.977084
1.77458e+09    -0.0206442 -0.000644969    0.0104292  -0.204451 -0.0215845   0.974643
1.77458e+09  -0.00359999 -0.00171023   0.0157555  -0.204207 -0.0210962   0.973666
1.77458e+09    0.0155748 -0.00916708   0.0072334  -0.201766 -0.0203638   0.972201
1.77458e+09    -0.0185137 -0.000644969    0.0114945  -0.203231 -0.0257349   0.973178
1.77458e+09  -0.00466526 -0.00171023    0.013625  -0.200301 -0.0206079   0.971957
1.77458e+09    0.0209011 -0.00810182  0.00936393  -0.202254 -0.0232935   0.970736
1.77458e+09    0.0145095 -0.00810182   0.0072334  -0.203719 -0.0213403   0.975375
1.77458e+09  -0.00466526  -0.0027755   0.0040376   -0.20201 -0.0208521   0.978061
1.77458e+09    0.0209011 -0.00703656  0.00510287  -0.203719 -0.0235376   0.975619
1.77458e+09  0.000661066 -0.00384076  0.00936393  -0.204451 -0.0210962   0.975375
1.77458e+09   0.00385686 -0.00384076   0.0104292  -0.203963 -0.0206079    0.97684
1.77458e+09   0.00385686 -0.00384076   0.0125597  -0.202742 -0.0210962    0.97684
1.77458e+09  -0.0004042 -0.0027755  0.0104292 -0.203231 -0.022561  0.973178
1.77458e+09  -0.0227748 0.00148556  0.0040376 -0.202254 -0.022561  0.977084
1.77458e+09    0.0187706 -0.00597129   0.0157555  -0.203475 -0.0215845   0.976352
1.77458e+09   -0.00359999 -0.000644969     0.013625  -0.200301 -0.0206079   0.970004
1.77458e+09    -0.0174484 -0.000644969   0.00936393  -0.202742 -0.0223169   0.976596
1.77458e+09  -0.00786105  -0.0027755  0.00829866  -0.203719 -0.0186548   0.976107
1.77458e+09    -0.0004042 -0.000644969     0.013625  -0.201277 -0.0184107   0.971225
1.77458e+09    0.0219664 -0.00703656  0.00829866  -0.202742 -0.0218286   0.975619
1.77458e+09    0.0134442 -0.00703656  0.00190707  -0.205184 -0.0164575   0.976596
1.77458e+09    -0.0121221 -0.000644969   0.00616813  -0.202254 -0.0181665   0.974154
1.77458e+09   0.00492212 -0.00384076  0.00616813  -0.201522 -0.0201196   0.972934
1.77458e+09   -0.0142526 -0.00171023   0.0114945  -0.202986 -0.0179224   0.973666
1.77458e+09  -0.0227748 0.00148556  0.0125597  -0.201277 -0.0215845   0.975131
1.77458e+09   0.00172633 -0.00171023   0.0125597   -0.20201 -0.0206079   0.974643
1.77458e+09   -0.00999158 -0.000644969     0.013625  -0.203719 -0.0191431   0.977084
1.77458e+09    0.0209011 -0.00810182   0.0104292   -0.20201 -0.0206079   0.976596
1.77458e+09   -0.00253473 -0.000644969    0.0114945  -0.201522 -0.0196314   0.974154
1.77458e+09  -0.00573052  -0.0027755  0.00936393  -0.203231 -0.0179224   0.975619
1.77458e+09   0.00598739 -0.00490603  0.00829866  -0.203963 -0.0179224   0.974887
1.77458e+09  -0.00253473 -0.00171023    0.013625  -0.199813 -0.0220728   0.974887
1.77458e+09  -0.00999158 0.000420297   0.0114945  -0.201277 -0.0208521   0.974887
1.77458e+09   -0.0217095 0.000420297  0.00936393  -0.202742 -0.0206079   0.974154
1.77458e+09  -0.00573052 0.000420297    0.013625 -0.20201 -0.02427 0.972689
1.77458e+09  -0.00892632 -0.00384076  0.00297233  -0.203231 -0.0171899   0.974643
1.77458e+09    0.0102484 -0.00810182   0.0072334 -0.199813 -0.022561  0.973178
1.77458e+09   0.00705265 -0.00703656 -0.00128872  -0.203231 -0.0215845   0.972689
1.77458e+09   -0.0217095 0.000420297   0.0040376  -0.202498 -0.0196314    0.97391
1.77458e+09   -0.00999158 -0.000644969   0.00829866  -0.204451 -0.0206079   0.975619
1.77458e+09    0.00385686 -0.000644969    0.0114945  -0.204939 -0.0191431   0.975131
1.77458e+09      0.01664 -0.00597129  0.00510287  -0.202254 -0.0215845   0.975131
1.77458e+09   0.00598739 -0.00384076  0.00297233  -0.202742 -0.0186548   0.975375
1.77458e+09    0.0240969 -0.00703656   0.0114945   -0.20201 -0.0210962   0.973422
1.77458e+09    0.0187706 -0.00703656  0.00829866  -0.204695 -0.0196314   0.975131
1.77458e+09   0.00172633 -0.00597129  0.00510287  -0.202986 -0.0179224   0.972689
1.77458e+09    -0.019579 -0.00171023 0.000841811  -0.201522 -0.0215845   0.974643
1.77458e+09    0.0102484 -0.00384076   0.0114945  -0.205428 -0.0196314   0.978061
1.77458e+09   -0.0163832 0.000420297   0.0114945  -0.202254 -0.0196314   0.973666
1.77458e+09  -0.00573052 -0.00490603  0.00616813  -0.202254 -0.0186548   0.971713
1.77458e+09  -0.00573052  -0.0027755  0.00829866  -0.204695 -0.0186548   0.977084
1.77458e+09   -0.0142526 0.000420297  0.00936393  -0.201277 -0.0247583   0.974643
1.77458e+09    -0.0110568 -0.000644969   0.00829866  -0.202254 -0.0186548   0.972934
1.77458e+09  0.000661066 -0.00490603   0.0114945  -0.202986 -0.0220728   0.976107
1.77458e+09    0.0177053 -0.00490603   0.0157555  -0.201033 -0.0230493   0.977084
1.77458e+09  -0.00573052 -0.00384076  0.00297233  -0.201766 -0.0196314   0.972689
1.77458e+09    0.0187706 -0.00916708   0.0072334  -0.200057 -0.0247583   0.972689
1.77458e+09      0.01664 -0.00810182  0.00936393 -0.203719 -0.022561  0.978793
1.77458e+09   -0.0131874 -0.00171023  0.00510287  -0.202254 -0.0215845   0.975863
1.77458e+09   -0.0174484 -0.00171023   0.0040376  -0.201033 -0.0198755   0.972689
1.77458e+09   -0.0163832 0.000420297   0.0104292  -0.204451 -0.0196314   0.977816
1.77458e+09    0.0134442 -0.00490603  0.00936393  -0.201277 -0.0235376   0.976596
1.77458e+09   0.00598739 -0.00384076  0.00510287  -0.202742 -0.0196314   0.974398
1.77458e+09  -0.0121221 0.00148556   0.013625  -0.201766 -0.0215845   0.973178
1.77458e+09   0.0102484 -0.0027755  0.0157555  -0.201766 -0.0213403   0.975619
1.77458e+09    0.0134442 -0.00384076   0.0114945  -0.201277 -0.0201196   0.974643
1.77458e+09    0.0187706 -0.00597129   0.0104292  -0.201033 -0.0215845   0.972934
1.77458e+09   0.00172633 -0.00490603   0.0040376  -0.202742 -0.0213403   0.976596
1.77458e+09  -0.00679579 -0.00384076  0.00297233  -0.202742 -0.0176782   0.975131
1.77458e+09    0.0272927 -0.00703656  0.00616813  -0.200789 -0.0201196   0.972201
1.77458e+09  -0.00999158 -0.00171023   0.0072334  -0.203719 -0.0179224   0.973178
1.77458e+09  -0.00253473  -0.0027755  0.00829866  -0.203963 -0.0179224   0.975131
1.77458e+09  -0.00253473 -0.00384076  0.00936393  -0.204695 -0.0193872   0.977084
1.77458e+09  -0.00466526 -0.00384076  0.00936393  -0.202742 -0.0188989   0.974154
1.77458e+09    0.0155748 -0.00810182  0.00616813  -0.203231 -0.0191431    0.97684
1.77458e+09  -0.0185137 0.00148556 0.00829866  -0.203231 -0.0186548   0.974154
1.77458e+09  -0.00999158 -0.00384076  0.00510287  -0.201766 -0.0193872   0.972201
1.77458e+09  -0.00253473 -0.00490603  0.00297233  -0.204207 -0.0196314   0.976596
1.77458e+09  -0.00786105 -0.00384076   0.0040376  -0.202254 -0.0181665   0.971713
1.77458e+09  -0.0131874 0.00148556  0.0157555  -0.203719 -0.0232935   0.976596
1.77458e+09  -0.0131874 0.00148556  0.0157555  -0.203719 -0.0232935   0.976596
1.77458e+09    0.00598739 -0.000644969    0.0146903 -0.204939 -0.025979  0.975131
1.77458e+09    0.00598739 -0.000644969    0.0146903 -0.204939 -0.025979  0.975131
1.77458e+09   0.00492212 -0.00384076    0.013625  -0.204207 -0.0188989   0.975131
1.77458e+09   0.00492212 -0.00384076    0.013625  -0.204207 -0.0188989   0.975131
1.77458e+09    0.0272927 -0.00916708   0.0146903 -0.202498  -0.02427  0.975131
1.77458e+09     0.01664 -0.0112976 0.00297233  -0.202986 -0.0147485   0.971469
1.77458e+09  -0.0249053 0.00148556 0.00936393  -0.203719 -0.0191431   0.975619
1.77458e+09  -0.0249053 0.00148556 0.00936393  -0.203719 -0.0191431   0.975619
1.77458e+09  -0.00679579 0.000420297   0.0104292  -0.199813 -0.0206079   0.970492
1.77458e+09  -0.00679579 0.000420297   0.0104292  -0.199813 -0.0206079   0.970492
1.77458e+09    0.0262274 -0.00916708   0.0104292  -0.203231 -0.0228052   0.977084
1.77458e+09    0.0262274 -0.00916708   0.0104292  -0.203231 -0.0228052   0.977084
1.77458e+09    -0.02384 0.00148556  0.0104292  -0.204207 -0.0220728   0.979525
1.77458e+09    -0.02384 0.00148556  0.0104292  -0.204207 -0.0220728   0.979525
1.77458e+09     0.012379 -0.00703656  0.00936393  -0.201522 -0.0203638   0.971957
1.77458e+09     0.012379 -0.00703656  0.00936393  -0.201522 -0.0203638   0.971957
1.77458e+09    -0.0131874 -0.000644969    0.0125597  -0.203475 -0.0176782   0.973666
1.77458e+09    -0.0131874 -0.000644969    0.0125597  -0.203475 -0.0176782   0.973666
1.77458e+09   -0.0142526 -0.00171023  0.00510287  -0.199813 -0.0247583   0.973178
1.77458e+09   -0.0142526 -0.00171023  0.00510287  -0.199813 -0.0247583   0.973178
1.77458e+09   -0.00466526 -0.000644969   0.00936393  -0.203231 -0.0230493   0.975375
1.77458e+09   -0.00466526 -0.000644969   0.00936393  -0.203231 -0.0230493   0.975375
1.77458e+09   -0.00892632 -0.000644969   0.00829866  -0.204207 -0.0208521   0.977084
1.77458e+09   -0.00892632 -0.000644969   0.00829866  -0.204207 -0.0208521   0.977084
1.77458e+09    0.0187706 -0.00916708  0.00510287  -0.201766 -0.0213403   0.974154
1.77458e+09    0.0187706 -0.00916708  0.00510287  -0.201766 -0.0213403   0.974154
1.77458e+09  -0.00786105 -0.00171023  0.00510287  -0.202742 -0.0210962   0.976107
1.77458e+09    0.0113137 -0.00384076  0.00936393  -0.201766 -0.0193872   0.976107
1.77458e+09    0.0219664 -0.00490603  0.00510287  -0.198836 -0.0210962   0.970736
1.77458e+09    0.0219664 -0.00490603  0.00510287  -0.198836 -0.0210962   0.970736
1.77458e+09  -0.0227748 0.00148556 0.00297233  -0.203719 -0.0208521   0.977084
1.77458e+09  -0.0227748 0.00148556 0.00297233  -0.203719 -0.0208521   0.977084
1.77458e+09   0.0262274 -0.0102323  0.0040376  -0.202742 -0.0184107   0.976107
1.77458e+09   0.0262274 -0.0102323  0.0040376  -0.202742 -0.0184107   0.976107
1.77458e+09    -0.0153179 -0.000644969   0.00616813  -0.203475 -0.0142603   0.971469
1.77458e+09    -0.0153179 -0.000644969   0.00616813  -0.203475 -0.0142603   0.971469
1.77458e+09   -0.0131874 -0.00171023  0.00297233  -0.202742 -0.0201196   0.974154
1.77458e+09   -0.0227748 0.000420297   0.0125597  -0.201522 -0.0193872   0.972689
1.77458e+09   -0.0153179 -0.00171023  0.00510287  -0.203231 -0.0210962   0.975619
1.77458e+09   -0.0153179 -0.00171023  0.00510287  -0.203231 -0.0210962   0.975619
1.77458e+09    0.0177053 -0.00703656   0.0040376  -0.203719 -0.0196314    0.97684
1.77458e+09  -0.00466526  -0.0027755  0.00510287  -0.204207 -0.0186548   0.978061
1.77458e+09   -0.0163832 -0.00171023  0.00510287  -0.204939 -0.0169458   0.974643
1.77458e+09   0.00279159 -0.00597129   0.0072334   -0.20201 -0.0213403   0.974398
1.77458e+09   0.00811792 -0.00597129  0.00829866  -0.203231 -0.0188989   0.973178
1.77458e+09    0.0102484 -0.00597129  0.00829866  -0.203231 -0.0203638   0.972445
1.77458e+09  -0.00999158 0.000420297   0.0125597  -0.200545 -0.0232935   0.976107
1.77458e+09   0.00598739 -0.00490603   0.0114945  -0.203719 -0.0186548   0.974887
1.77458e+09   0.00492212 -0.00703656  0.00829866  -0.199324 -0.0206079   0.972201
1.77458e+09  -0.00359999 -0.00490603   0.0040376  -0.200545 -0.0232935   0.973666
1.77458e+09   -0.0259705 0.000420297  0.00297233  -0.203231 -0.0188989   0.975863
1.77458e+09    0.0240969 -0.00810182   0.0146903  -0.199324 -0.0232935   0.975131
1.77458e+09  -0.00466526 -0.00384076 -0.00235398  -0.200789 -0.0198755   0.974887
1.77458e+09    -0.0227748 -0.000644969 -0.000223458  -0.202742 -0.0193872   0.976596
1.77458e+09  -0.0259705 0.00148556 0.00297233  -0.200301 -0.0186548   0.972201
1.77458e+09  -0.00466526 -0.00171023   0.0125597  -0.198836 -0.0198755   0.971469
1.77458e+09   0.00918318 -0.00490603  0.00936393  -0.202498 -0.0220728   0.978061
1.77458e+09    0.0177053 -0.00490603   0.0072334  -0.201277 -0.0220728   0.977572
1.77458e+09  0.00492212 -0.0027755  0.0157555  -0.202498 -0.0230493   0.976107
1.77458e+09  -0.0185137 0.00148556  0.0157555  -0.204207 -0.0181665   0.975863
1.77458e+09   -0.0281011 0.000420297   0.0125597  -0.201277 -0.0206079   0.975619
1.77458e+09   0.00492212 -0.00597129   0.0104292  -0.200057 -0.0181665   0.974643
1.77458e+09    0.0155748 -0.00703656    0.013625  -0.202498 -0.0206079   0.973422
1.77458e+09    0.0230316 -0.00703656   0.0104292  -0.200789 -0.0206079   0.972689
1.77458e+09   -0.0131874 0.000420297  0.00829866  -0.203231 -0.0184107   0.974154
1.77458e+09  -0.0153179 0.00148556 0.00829866  -0.199324 -0.0235376   0.970736
1.77458e+09   -0.0004042 -0.00171023   0.0114945  -0.203231 -0.0176782   0.974154
1.77458e+09  -0.0004042 -0.0027755 0.00936393  -0.205184 -0.0228052    0.98099
1.77458e+09  -0.00679579  -0.0027755  0.00510287  -0.200545 -0.0215845   0.973178
1.77458e+09   -0.0259705 0.000420297  0.00190707  -0.204939 -0.0230493   0.974887
1.77458e+09   -0.019579 0.00255083   0.013625  -0.201033 -0.0257349   0.976596
1.77458e+09    0.0283579 -0.00703656    0.013625   -0.20201 -0.0164575   0.974398
1.77458e+09    0.0240969 -0.00810182   0.0114945  -0.203231 -0.0210962    0.97391
1.77458e+09   -0.0217095 -0.00171023 0.000841811  -0.199324 -0.0179224   0.971957
1.77458e+09  -0.0163832 0.00148556  0.0125597  -0.204695 -0.0174341   0.975375
1.77458e+09   0.00492212 -0.00171023  0.00297233  -0.199813 -0.0257349   0.972445
1.77458e+09  -0.00253473  -0.0027755  0.00510287   -0.20201 -0.0201196   0.974154
1.77458e+09    0.0155748 -0.00490603  0.00616813  -0.205672 -0.0247583   0.978549
1.77458e+09      0.01664 -0.00384076  0.00829866  -0.203475 -0.0196314   0.978061
1.77458e+09   -0.00573052 -0.000644969    0.0125597  -0.203231 -0.0191431   0.973178
1.77458e+09  -0.0302316 0.00361609  0.0114945  -0.204695 -0.0203638   0.977572
1.77458e+09   0.00172633 -0.00597129   0.0072334  -0.203231 -0.0174341   0.974643
1.77458e+09   0.00385686 -0.00384076  0.00510287  -0.201277 -0.0184107    0.97391
1.77458e+09  -0.00999158 -0.00597129  0.00190707  -0.204207 -0.0191431   0.972689
1.77458e+09    0.0145095 -0.00703656  0.00616813   -0.20201 -0.0218286   0.972445
1.77458e+09    0.0134442 -0.00384076  0.00510287  -0.202986 -0.0181665   0.972689
1.77458e+09   0.00279159 -0.00384076  0.00936393  -0.203475 -0.0220728   0.977084
1.77458e+09  -0.00359999  -0.0027755  0.00510287  -0.202986 -0.0215845   0.975131
1.77458e+09    -0.0110568 -0.000644969   0.00616813  -0.205916 -0.0162134   0.973422
1.77458e+09  -0.0142526 0.00148556   0.013625  -0.203719 -0.0223169   0.976107
1.77458e+09      0.01664 -0.00703656    0.017886  -0.204695 -0.0198755   0.975863
1.77458e+09      0.01664 -0.00810182   0.0114945  -0.203963 -0.0188989   0.973178
1.77458e+09  -0.0217095 0.00148556  0.0168208  -0.204207 -0.0213403    0.97684
1.77458e+09   0.00172633 -0.00171023    0.017886  -0.203231 -0.0206079   0.974643
1.77458e+09      0.01664 -0.00810182  0.00510287  -0.202254 -0.0191431   0.972445
1.77458e+09  -0.00786105 -0.00490603  0.00297233  -0.204695 -0.0184107   0.974154
1.77458e+09   0.00385686 -0.00490603   0.0125597   -0.19908 -0.0240259   0.971713
1.77458e+09      0.01664 -0.00703656  0.00510287  -0.203719 -0.0193872   0.975131
1.77458e+09   0.00279159 -0.00490603  0.00829866  -0.201522 -0.0218286   0.974154
1.77458e+09   0.00811792 -0.00171023   0.0114945 -0.203231  -0.02427  0.976596
1.77458e+09  0.00492212 -0.0027755   0.013625  -0.206404 -0.0179224   0.977084
1.77458e+09   0.00705265 -0.00384076    0.017886  -0.201522 -0.0213403   0.974887
1.77458e+09   0.00918318 -0.00597129  0.00936393  -0.203475 -0.0201196   0.977328
1.77458e+09    0.0113137 -0.00916708  0.00190707  -0.201522 -0.0208521   0.975131
1.77458e+09     0.012379 -0.00703656  0.00616813  -0.203231 -0.0220728   0.974643
1.77458e+09   0.00918318 -0.00597129    0.013625  -0.199324 -0.0237817   0.972201
1.77458e+09  0.00172633 -0.0027755  0.0146903  -0.201033 -0.0247583    0.97391
1.77458e+09   0.00705265 -0.00490603   0.0072334  -0.199568 -0.0247583   0.975619
1.77458e+09    0.00279159 -0.000644969   0.00510287  -0.201277 -0.0191431   0.974643
1.77458e+09   0.0102484 -0.0027755  0.0104292  -0.203231 -0.0235376   0.974154
1.77458e+09    0.0177053 -0.00810182   0.0040376  -0.204207 -0.0176782   0.977572
1.77458e+09  -0.00146946 -0.00703656 -0.00235398  -0.202986 -0.0203638   0.975619
1.77458e+09    -0.0217095 -0.000644969    0.0040376  -0.201277 -0.0240259   0.974398
1.77458e+09   -0.00892632 -0.000644969   0.00936393  -0.204695 -0.0206079   0.974154
1.77458e+09   0.00385686 -0.00384076   0.0125597  -0.201766 -0.0206079    0.97391
1.77458e+09   0.00705265 -0.00384076  0.00510287  -0.200301 -0.0203638   0.973178
1.77458e+09  -0.00679579 -0.00171023  0.00510287   -0.19908 -0.0201196   0.969271
1.77458e+09  -0.00146946 -0.00171023   0.0072334  -0.201766 -0.0181665   0.971957
1.77458e+09  -0.00146946 -0.00171023  0.00510287  -0.202742 -0.0188989   0.977572
1.77458e+09  -0.00573052 -0.00171023   0.0072334  -0.204207 -0.0210962   0.976596
1.77458e+09    0.0113137 -0.00597129   0.0072334  -0.204451 -0.0171899   0.977328
1.77458e+09    0.0134442 -0.00490603   0.0146903  -0.204207 -0.0201196   0.976596
1.77458e+09   0.00598739 -0.00384076  0.00510287  -0.202742 -0.0179224    0.97684
1.77458e+09   0.0187706 -0.0102323  0.0072334  -0.204695 -0.0152368   0.974643
1.77458e+09   0.0283579 -0.0134281 0.00616813  -0.200789 -0.0228052   0.974643
1.77458e+09   0.00705265 -0.00490603    0.013625  -0.201033 -0.0162134    0.97391
1.77458e+09   -0.00573052 -0.000644969    0.0146903  -0.200545 -0.0254907   0.972201
1.77458e+09   -0.00146946 -0.000644969    0.0125597  -0.200301 -0.0198755   0.971225
1.77458e+09    0.0102484 -0.00171023   0.0157555  -0.203963 -0.0167017   0.975131
1.77458e+09    0.0155748 -0.00490603  0.00829866  -0.201277 -0.0213403   0.975131
1.77458e+09    0.0145095 -0.00597129  0.00297233  -0.202986 -0.0198755   0.974154
1.77458e+09   -0.0270358 0.000420297  0.00297233  -0.204695 -0.0210962   0.976107
1.77458e+09  -0.0121221 0.00255083  0.0146903  -0.203231 -0.0210962   0.977084
1.77458e+09    0.0230316 -0.00810182   0.0146903  -0.203719 -0.0218286   0.975375
1.77458e+09  -0.00786105 -0.00384076  0.00510287  -0.202742 -0.0230493   0.975619
1.77458e+09    -0.0227748 -0.000644969    0.0072334   -0.20201 -0.0184107   0.973178
1.77458e+09  -0.0217095 0.00148556 0.00829866  -0.200789 -0.0235376   0.973666
1.77458e+09   0.00492212 -0.00490603   0.0072334  -0.202742 -0.0203638   0.974154
1.77458e+09  -0.00573052 -0.00171023  0.00616813  -0.201766 -0.0201196   0.974398
1.77458e+09   -0.00999158 -0.000644969   0.00936393  -0.204451 -0.0210962   0.973666
1.77458e+09  -0.00999158  -0.0027755  0.00510287  -0.203475 -0.0193872   0.976352
1.77458e+09  -0.00253473 -0.00490603  0.00190707  -0.202986 -0.0230493   0.976107
1.77458e+09    -0.0131874   -0.0027755 -0.000223458  -0.204695 -0.0176782   0.975619
1.77458e+09  -0.00359999  -0.0027755  0.00616813  -0.204939 -0.0206079   0.974887
1.77458e+09   -0.0227748 0.000420297    0.013625  -0.202742 -0.0196314    0.97391
1.77458e+09   -0.0174484 -0.00384076  0.00616813  -0.202742 -0.0198755   0.974887
1.77458e+09  -0.00359999 -0.00597129  0.00190707  -0.198592 -0.0232935   0.971957
1.77458e+09   0.00598739 -0.00490603   0.0114945  -0.204207 -0.0210962   0.973178
1.77458e+09    -0.019579 -0.00171023   0.0072334  -0.203719 -0.0176782   0.976352
1.77458e+09   -0.00786105 -0.000644969    0.0114945  -0.202498 -0.0206079   0.974643
1.77458e+09    0.0198358 -0.00703656   0.0125597  -0.202498 -0.0201196   0.972689
1.77458e+09    0.0113137 -0.00810182   0.0040376  -0.202742 -0.0240259   0.977572
1.77458e+09   -0.0163832 -0.00171023  0.00190707  -0.203231 -0.0206079   0.975619
1.77458e+09  -0.0174484 0.00148556  0.0146903  -0.204207 -0.0208521   0.975375
1.77458e+09    0.0198358 -0.00810182   0.0114945 -0.203231 -0.022561  0.974643
1.77458e+09  -0.00679579 -0.00490603  0.00297233  -0.202742 -0.0223169   0.977572
1.77458e+09  -0.00786105  -0.0027755   0.0072334 -0.199568 -0.022561  0.972201
1.77458e+09  -0.00146946  -0.0027755   0.0104292  -0.201277 -0.0235376   0.973178
1.77458e+09  -0.00892632  -0.0027755  0.00829866  -0.203475 -0.0210962   0.975131
1.77458e+09  -0.00786105  -0.0027755  0.00510287  -0.200789 -0.0228052   0.972445
1.77458e+09  -0.00146946  -0.0027755  0.00297233  -0.202986 -0.0237817   0.977572
1.77458e+09    0.0198358 -0.00703656  0.00936393   -0.20201 -0.0196314   0.974154
1.77458e+09   0.00598739 -0.00490603  0.00616813  -0.203231 -0.0191431   0.974887
1.77458e+09  -0.00359999 -0.00384076  0.00510287  -0.205916 -0.0162134   0.973422
1.77458e+09    -0.0259705 -0.000644969   0.00297233  -0.199813 -0.0213403   0.973178
1.77458e+09   0.00811792 -0.00597129  0.00616813 -0.204939 -0.022561  0.976107
1.77458e+09    0.0177053 -0.00597129  0.00510287  -0.202742 -0.0162134   0.972445
1.77458e+09    0.0102484 -0.00490603   0.0072334  -0.205428 -0.0191431   0.972445
1.77458e+09  -0.0110568 -0.0027755  0.0040376  -0.205916 -0.0152368   0.976107
1.77458e+09   -0.0110568 -0.00171023    0.017886  -0.205428 -0.0167017   0.974887
1.77458e+09    0.0209011 -0.00810182   0.0114945  -0.203719 -0.0193872   0.974643
1.77458e+09    0.0134442 -0.00810182   0.0114945  -0.205428 -0.0186548   0.976352
1.77458e+09   -0.0281011 -0.00171023  0.00829866  -0.207137 -0.0186548   0.977084
1.77458e+09  -0.00679579 -0.00171023   0.0168208  -0.204695 -0.0181665   0.975131
1.77458e+09     0.01664 -0.0112976  0.0104292  -0.203719 -0.0191431   0.974643
1.77458e+09    0.0155748 -0.00810182  0.00936393  -0.201766 -0.0230493   0.973666
1.77458e+09   0.00172633 -0.00490603  0.00616813  -0.203719 -0.0193872   0.972934
1.77458e+09   -0.0142526 -0.00171023   0.0146903   -0.20201 -0.0188989    0.97391
1.77458e+09    0.0113137 -0.00597129   0.0114945  -0.203719 -0.0218286   0.974154
1.77458e+09    0.0113137 -0.00703656    0.013625  -0.201277 -0.0203638   0.974887
1.77458e+09   0.00705265 -0.00490603   0.0114945 -0.201522 -0.022561  0.978061
1.77458e+09   0.00172633 -0.00490603   0.0114945  -0.203231 -0.0247583   0.975619
1.77458e+09   -0.0110568 -0.00171023   0.0072334  -0.203475 -0.0237817   0.976107
1.77458e+09  -0.00146946 -0.00597129  0.00297233  -0.201766 -0.0230493   0.975131
1.77458e+09   0.0198358 -0.0102323 0.00297233  -0.198836 -0.0235376    0.97391
1.77458e+09   0.0113137 -0.0027755  0.0104292  -0.201033 -0.0230493    0.97391
1.77458e+09    0.0145095 -0.00490603   0.0125597  -0.200789 -0.0149927   0.971225
1.77458e+09    0.012379 -0.0027755  0.0125597  -0.200789 -0.0228052   0.975131
1.77458e+09  -0.00892632 -0.00171023  0.00510287  -0.202986 -0.0179224   0.975619
1.77458e+09   -0.00892632 -0.000644969    0.0125597  -0.203231 -0.0201196   0.974887
1.77458e+09      0.01664 -0.00703656  0.00510287  -0.201033 -0.0235376   0.975619
1.77458e+09   0.00279159 -0.00810182 0.000841811  -0.204207 -0.0186548   0.975619
1.77458e+09   -0.0185137 -0.00171023   0.0072334  -0.202254 -0.0196314    0.97391
1.77458e+09  -0.0227748 -0.0027755 0.00190707  -0.200789 -0.0210962   0.974398
1.77458e+09  -0.00146946  -0.0027755    0.013625  -0.202254 -0.0188989   0.976107
1.77458e+09    0.0155748 -0.00597129   0.0125597   -0.19908 -0.0220728   0.973178
1.77458e+09  -0.00679579 -0.00384076  0.00936393  -0.202742 -0.0174341   0.973422
1.77458e+09   -0.0131874 -0.00171023  0.00829866  -0.199813 -0.0203638   0.974398
1.77458e+09  0.00811792 -0.0027755  0.0125597  -0.200057 -0.0196314   0.974398
1.77458e+09   0.00279159 -0.00384076    0.013625  -0.201522 -0.0179224   0.972201
1.77458e+09  -0.0004042 -0.0027755  0.0104292  -0.199324 -0.0213403   0.975131
1.77458e+09  -0.00679579 -0.00384076   0.0072334  -0.202742 -0.0196314   0.974887
1.77458e+09     0.012379 -0.00810182   0.0072334 -0.201522 -0.022561  0.976596
1.77458e+09  -0.00679579  -0.0027755   0.0104292  -0.200301 -0.0235376   0.975375
1.77458e+09  -0.00679579 -0.00171023  0.00616813  -0.200301 -0.0210962    0.97391
1.77458e+09  -0.00999158 -0.00171023  0.00190707  -0.201766 -0.0206079   0.973666
1.77458e+09   0.00172633 -0.00384076  0.00297233  -0.202254 -0.0240259   0.975131
1.77458e+09    0.0145095 -0.00384076  0.00829866  -0.201033 -0.0169458   0.974154
1.77458e+09   0.00918318 -0.00703656  0.00616813  -0.205428 -0.0220728   0.977572
1.77458e+09   -0.0217095 0.000420297  0.00936393  -0.201766 -0.0240259   0.977084
1.77458e+09    -0.0281011 -0.000644969  0.000841811  -0.202742 -0.0186548   0.972689
1.77458e+09    -0.0131874 -0.000644969    0.0072334 -0.199324  -0.02427  0.974154
1.77458e+09   -0.00999158 -0.000644969   0.00829866  -0.200301 -0.0174341   0.972201
1.77458e+09  0.00279159 -0.0027755 0.00616813  -0.202254 -0.0184107   0.972201
1.77458e+09    0.0113137 -0.00490603   0.0040376  -0.200789 -0.0191431   0.976107
1.77458e+09    0.0134442 -0.00384076  0.00297233  -0.204695 -0.0167017   0.976352
1.77458e+09   -0.0121221 0.000420297   0.0104292  -0.204207 -0.0174341   0.975131
1.77458e+09    0.0219664 -0.00703656  0.00510287  -0.203719 -0.0196314   0.977084
1.77458e+09    0.0230316 -0.00916708  0.00190707  -0.204695 -0.0159692   0.975619
1.77458e+09    0.0113137 -0.00916708  0.00510287  -0.204207 -0.0201196   0.975619
1.77458e+09   -0.0206442 -0.00171023   0.0040376  -0.201766 -0.0193872   0.972201
1.77458e+09    -0.0153179 -0.000644969    0.0125597  -0.201522 -0.0186548   0.971225
1.77458e+09  0.00492212 -0.0027755  0.0104292   -0.20201 -0.0235376   0.973422
1.77458e+09   -0.0110568 0.000420297  0.00829866  -0.202986 -0.0191431   0.974887
1.77458e+09   0.00598739 -0.00171023  0.00936393  -0.203231 -0.0220728   0.975619
1.77458e+09    0.0209011 -0.00597129    0.013625  -0.202254 -0.0218286   0.974643
1.77458e+09    0.0177053 -0.00916708  0.00829866  -0.206404 -0.0206079   0.976596
1.77458e+09  -0.00679579 -0.00490603  0.00616813  -0.201766 -0.0176782   0.973422
1.77458e+09   -0.019579 -0.0027755 0.00829866  -0.206404 -0.0164575   0.972689
1.77458e+09  0.000661066 -0.00384076    0.013625  -0.202254 -0.0240259   0.974643
1.77458e+09   -0.00999158 -0.000644969    0.0146903  -0.202986 -0.0188989   0.974643
1.77458e+09   0.00705265 -0.00810182   0.0040376   -0.20201 -0.0250024   0.973666
1.77458e+09   0.00172633 -0.00384076   0.0114945  -0.201766 -0.0232935   0.975131
1.77458e+09   -0.00786105 -0.000644969    0.0104292  -0.208113 -0.0171899   0.976352
1.77458e+09  -0.00466526 -0.00171023  0.00829866  -0.200301 -0.0228052   0.974398
1.77458e+09  0.000661066 -0.00384076  0.00936393  -0.205184 -0.0201196   0.977572
1.77458e+09  -0.0131874 -0.0027755 0.00829866  -0.206648 -0.0162134   0.977572
1.77458e+09   0.0209011 -0.0112976   0.013625  -0.202742 -0.0262232   0.974643
1.77458e+09     0.012379 -0.00703656    0.013625  -0.203231 -0.0208521   0.972201
1.77458e+09      0.01664 -0.00810182   0.0157555  -0.203719 -0.0230493   0.974154
1.77458e+09  0.000661066 -0.00597129   0.0072334  -0.200301 -0.0254907   0.974154
1.77458e+09   0.00811792 -0.00597129  0.00829866  -0.202986 -0.0193872   0.973666
1.77458e+09   -0.0153179 -0.00490603 0.000841811  -0.203719 -0.0206079   0.973666
1.77458e+09    -0.0110568 -0.000644969   0.00936393  -0.202742 -0.0220728   0.974643
1.77458e+09   -0.0227748 0.000420297  0.00297233  -0.201522 -0.0232935   0.977084
1.77458e+09   -0.0227748 0.000420297  0.00297233  -0.201522 -0.0232935   0.977084
1.77458e+09    0.0102484 -0.00384076    0.013625  -0.200301 -0.0210962   0.974887
1.77458e+09    0.0102484 -0.00384076    0.013625  -0.200301 -0.0210962   0.974887
1.77458e+09   0.0315537 -0.0102323  0.0114945  -0.198836 -0.0235376   0.972934
1.77458e+09   0.0315537 -0.0102323  0.0114945  -0.198836 -0.0235376   0.972934
1.77458e+09  -0.00892632 0.000420297  0.00616813  -0.202498 -0.0203638   0.975863
1.77458e+09  -0.00892632 0.000420297  0.00616813  -0.202498 -0.0203638   0.975863
1.77458e+09   0.00385686 -0.00384076  0.00829866  -0.203719 -0.0193872   0.978549
1.77458e+09   0.00385686 -0.00384076  0.00829866  -0.203719 -0.0193872   0.978549
1.77458e+09  -0.00573052  -0.0027755   0.0104292  -0.201766 -0.0164575   0.973666
1.77458e+09  -0.00573052  -0.0027755   0.0104292  -0.201766 -0.0164575   0.973666
1.77458e+09    -0.0185137 -0.000644969    0.0104292  -0.201522 -0.0167017   0.972445
1.77458e+09    -0.0185137 -0.000644969    0.0104292  -0.201522 -0.0167017   0.972445
1.77458e+09    -0.0153179 -0.000644969   0.00936393  -0.200057 -0.0191431   0.974398
1.77458e+09    -0.0153179 -0.000644969   0.00936393  -0.200057 -0.0191431   0.974398
1.77458e+09  -0.0153179 0.00255083   0.013625  -0.203475 -0.0162134   0.973178
1.77458e+09  -0.0153179 0.00255083   0.013625  -0.203475 -0.0162134   0.973178
1.77458e+09    0.0177053 -0.00597129   0.0125597  -0.206893 -0.0193872   0.980014
1.77458e+09    0.0177053 -0.00597129   0.0125597  -0.206893 -0.0193872   0.980014
1.77458e+09  -0.00999158 0.000420297   0.0157555  -0.202254 -0.0196314    0.97391
1.77458e+09  -0.00999158 0.000420297   0.0157555  -0.202254 -0.0196314    0.97391
1.77458e+09   0.0198358 -0.0102323  0.0104292  -0.200301 -0.0208521   0.972445
1.77458e+09   0.0198358 -0.0102323  0.0104292  -0.200301 -0.0208521   0.972445
1.77458e+09  -0.00999158 -0.00384076  0.00190707  -0.203231 -0.0210962   0.972934
1.77458e+09  -0.00999158 -0.00384076  0.00190707  -0.203231 -0.0210962   0.972934
1.77458e+09    0.0113137 -0.00597129  0.00616813  -0.202742 -0.0210962   0.972445
1.77458e+09    0.0113137 -0.00597129  0.00616813  -0.202742 -0.0210962   0.972445
1.77458e+09  0.00492212 -0.0027755 0.00936393  -0.203719 -0.0181665   0.976107
1.77458e+09  0.00492212 -0.0027755 0.00936393  -0.203719 -0.0181665   0.976107
1.77458e+09  -0.00679579 -0.00171023  0.00297233  -0.202742 -0.0247583   0.975619
1.77458e+09  -0.00679579 -0.00171023  0.00297233  -0.202742 -0.0247583   0.975619
1.77458e+09   0.00705265 -0.00597129  0.00936393  -0.202254 -0.0250024   0.979281
1.77458e+09   0.00705265 -0.00597129  0.00936393  -0.202254 -0.0250024   0.979281
1.77458e+09   -0.0142526 0.000420297  0.00936393  -0.200545 -0.0201196   0.971225
1.77458e+09   -0.0142526 0.000420297  0.00936393  -0.200545 -0.0201196   0.971225
1.77458e+09   0.0145095 -0.0027755 0.00829866  -0.202254 -0.0186548    0.97391
1.77458e+09    0.0198358 -0.00810182  0.00829866  -0.201277 -0.0215845   0.973422
1.77458e+09   0.00811792 -0.00597129 -0.00128872  -0.203475 -0.0186548   0.975131
1.77458e+09   0.00811792 -0.00597129 -0.00128872  -0.203475 -0.0186548   0.975131
1.77458e+09  -0.00253473  -0.0027755   0.0040376  -0.201033 -0.0230493    0.97391
1.77458e+09   -0.0131874 0.000420297  0.00510287  -0.202254 -0.0210962   0.973422
1.77458e+09   0.00492212 0.000420297   0.0125597  -0.204451 -0.0230493   0.976596
1.77458e+09    0.0177053 -0.00384076   0.0157555  -0.202254 -0.0176782    0.97391
1.77458e+09   0.00705265 -0.00384076   0.0125597  -0.204207 -0.0228052   0.975863
1.77458e+09    0.0177053 -0.00916708  0.00829866  -0.203231 -0.0196314   0.977572
1.77458e+09   0.00811792 -0.00490603   0.0114945  -0.201766 -0.0210962    0.97391
1.77458e+09   -0.0153179 -0.00171023   0.0072334   -0.19908 -0.0230493   0.972201
1.77458e+09    0.0134442 -0.00384076    0.013625  -0.202742 -0.0223169   0.975131
1.77458e+09  0.00598739 -0.0027755  0.0189513  -0.201033 -0.0206079   0.974154
1.77458e+09   -0.00679579 -0.000644969    0.0125597  -0.201522 -0.0206079   0.974154
1.77458e+09  -0.00999158 0.000420297  0.00616813  -0.204207 -0.0201196   0.976352
1.77458e+09  0.00279159 -0.0027755   0.013625  -0.200545 -0.0228052    0.97684
1.77458e+09  -0.0131874 -0.0027755 0.00190707  -0.203475 -0.0191431   0.973666
1.77458e+09    -0.0121221   -0.0027755 -0.000223458  -0.201277 -0.0223169   0.975131
1.77458e+09     -0.02384 0.000420297  0.00297233  -0.203475 -0.0184107   0.975863
1.77458e+09   0.00811792 -0.00490603    0.017886  -0.202254 -0.0191431   0.972689
1.77458e+09   0.00811792 -0.00490603  0.00829866  -0.200545 -0.0220728   0.974643
1.77458e+09  -0.00253473 -0.00490603  0.00297233  -0.205428 -0.0145044   0.974154
1.77458e+09   -0.00573052 -0.000644969    0.0104292  -0.203719 -0.0198755   0.974154
1.77458e+09  0.00279159 -0.0027755   0.013625  -0.204207 -0.0169458   0.974154
1.77458e+09    -0.0227748 -0.000644969   0.00829866  -0.203231 -0.0169458   0.973422
1.77458e+09   -0.019579 0.00148556  0.0157555  -0.204451 -0.0176782   0.975131
1.77458e+09   -0.00573052 -0.000644969    0.0189513  -0.202498 -0.0193872   0.972934
1.77458e+09    0.0155748 -0.00597129   0.0104292  -0.200301 -0.0206079   0.973178
1.77458e+09   0.0145095 -0.0102323 0.00510287  -0.206404 -0.0215845   0.977816
1.77458e+09     0.01664 -0.0102323  0.0040376 -0.202742 -0.022561  0.976352
1.77458e+09    0.00172633 -0.000644969     0.013625  -0.203231 -0.0198755   0.975375
1.77458e+09   0.0177053 -0.0112976 0.00616813  -0.203719 -0.0169458   0.974643
1.77458e+09    0.0113137 -0.00703656  0.00616813  -0.200545 -0.0223169   0.973178
1.77458e+09   0.00811792 -0.00597129  0.00616813  -0.204207 -0.0162134   0.976352
1.77458e+09  -0.0110568 -0.0027755 0.00936393  -0.202742 -0.0228052    0.97391
1.77458e+09  -0.00253473  -0.0027755   0.0104292  -0.201277 -0.0213403   0.974154
1.77458e+09   0.000661066 -0.000644969     0.017886  -0.205428 -0.0171899   0.975619
1.77458e+09  -0.0153179 0.00148556 0.00936393  -0.199813 -0.0220728   0.970492
1.77458e+09  -0.0163832 0.00255083  0.0072334  -0.202254 -0.0210962   0.973422
1.77458e+09    0.0134442 -0.00703656   0.0114945  -0.205916 -0.0210962   0.978549
1.77458e+09    0.0145095 -0.00703656   0.0114945  -0.203719 -0.0206079   0.975619
1.77458e+09    0.0113137 -0.00810182   0.0125597  -0.203231 -0.0215845   0.973422
1.77458e+09  -0.00466526 -0.00490603   0.0104292 -0.204207  -0.02427  0.977328
1.77458e+09  -0.00146946 -0.00384076   0.0146903  -0.203231 -0.0184107   0.975863
1.77458e+09  -0.00466526 -0.00490603   0.0072334  -0.200789 -0.0228052   0.974643
1.77458e+09   -0.0185137 -0.00171023   0.0040376  -0.199813 -0.0228052   0.974643
1.77458e+09   -0.00786105 -0.000644969    0.0104292  -0.201277 -0.0210962   0.976352
1.77458e+09   0.00492212 -0.00490603   0.0104292  -0.199324 -0.0240259   0.974154
1.77458e+09    0.0187706 -0.00597129   0.0157555  -0.200789 -0.0228052   0.973178
1.77458e+09      0.01664 -0.00597129  0.00936393  -0.202254 -0.0247583   0.977572
1.77458e+09  -0.0174484 0.00148556 0.00936393  -0.203719 -0.0228052    0.97684
1.77458e+09  -0.00466526 -0.00384076   0.0040376  -0.199568 -0.0196314   0.972689
1.77458e+09   0.00598739 -0.00384076   0.0040376  -0.201277 -0.0230493   0.973178
1.77458e+09   0.00598739 -0.00490603  0.00829866  -0.204451 -0.0223169    0.97684
1.77458e+09  -0.0004042 -0.0027755  0.0114945  -0.202254 -0.0220728   0.974643
1.77458e+09  -0.00892632  -0.0027755   0.0104292  -0.204695 -0.0176782   0.971713
1.77458e+09    0.0113137 -0.00597129   0.0114945  -0.201522 -0.0215845   0.975863
1.77458e+09   0.00492212 -0.00171023    0.013625  -0.200545 -0.0201196   0.973666
1.77458e+09  0.00385686 -0.0027755   0.013625  -0.200301 -0.0206079   0.971469
1.77458e+09    0.0251621 -0.00916708   0.0072334  -0.202742 -0.0191431   0.974154
1.77458e+09    -0.0121221 -0.000644969   0.00190707  -0.203719 -0.0162134   0.976352
1.77458e+09  -0.0153179 0.00148556 0.00936393  -0.201522 -0.0215845   0.975131
1.77458e+09    0.00598739 -0.000644969     0.013625  -0.204695 -0.0188989   0.979037
1.77458e+09  -0.00466526 -0.00384076 -0.00128872  -0.204207 -0.0213403   0.979281
1.77458e+09  -0.00466526  -0.0027755   0.0072334  -0.203231 -0.0186548   0.977084
1.77458e+09    0.0219664 -0.00916708  0.00936393  -0.203475 -0.0210962   0.975619
1.77458e+09   0.00705265 -0.00916708  0.00190707  -0.201766 -0.0210962   0.975375
1.77458e+09  -0.00999158 -0.00490603  0.00616813  -0.201277 -0.0198755   0.971713
1.77458e+09    -0.0153179 -0.000644969   0.00510287  -0.199324 -0.0235376   0.972201
1.77458e+09  0.00385686 -0.0027755 0.00936393  -0.202742 -0.0167017    0.97391
1.77458e+09   -0.0217095 0.000420297   0.0072334   -0.19908 -0.0186548   0.972689
1.77458e+09    0.0177053 -0.00703656   0.0040376  -0.20201 -0.013772  0.970736
1.77458e+09  -0.0110568 -0.0027755 0.00510287  -0.200301 -0.0198755   0.974887
1.77458e+09  -0.00466526  -0.0027755   0.0072334  -0.201277 -0.0206079   0.975131
1.77458e+09   0.00385686 -0.00384076   0.0125597  -0.203963 -0.0149927   0.976107
1.77458e+09    0.0177053 -0.00703656   0.0125597   -0.20201 -0.0210962   0.974887
1.77458e+09  -0.00466526  -0.0027755  0.00829866  -0.203475 -0.0142603   0.975619
1.77458e+09    0.0145095 -0.00490603   0.0114945  -0.201033 -0.0210962    0.97684
1.77458e+09    0.0102484 -0.00384076   0.0125597  -0.202254 -0.0220728   0.974643
1.77458e+09    0.0187706 -0.00810182   0.0114945  -0.204695 -0.0196314   0.978061
1.77458e+09   0.00598739 -0.00703656   0.0072334  -0.202986 -0.0188989   0.975619
1.77458e+09    -0.019579 -0.00171023   0.0040376  -0.202498 -0.0210962   0.975131
1.77458e+09  -0.00573052  -0.0027755   0.0125597  -0.201766 -0.0215845   0.975131
1.77458e+09   0.00172633 -0.00490603  0.00510287  -0.205184 -0.0191431   0.975619
1.77458e+09  0.000661066 -0.00384076  0.00936393  -0.199813 -0.0215845   0.971713
1.77458e+09    0.0230316 -0.00597129  0.00936393  -0.200789 -0.0196314   0.972201
1.77458e+09    0.0177053 -0.00703656  0.00829866  -0.203231 -0.0210962   0.974154
1.77458e+09   0.00279159 -0.00490603  0.00616813  -0.20201 -0.022561  0.974887
1.77458e+09   0.00811792 -0.00703656  0.00936393  -0.202742 -0.0191431   0.972201
1.77458e+09    -0.0174484 -0.000644969   0.00510287  -0.202498 -0.0208521   0.975619
1.77458e+09  -0.00359999 -0.00490603  0.00297233  -0.203231 -0.0237817   0.980258
1.77458e+09  0.00492212 -0.0027755  0.0146903  -0.203231 -0.0181665    0.97391
1.77458e+09   0.00918318 -0.00810182    0.013625  -0.202254 -0.0232935   0.975619
1.77458e+09  -0.00466526  -0.0027755   0.0104292  -0.202254 -0.0220728   0.977084
1.77458e+09  -0.00146946 -0.00171023   0.0125597 -0.201277 -0.022561  0.975131
1.77458e+09    -0.0110568 -0.000644969    0.0114945  -0.200789 -0.0232935   0.975131
1.77458e+09    0.0134442 -0.00490603   0.0104292  -0.202986 -0.0196314   0.973666
1.77458e+09   -0.0110568 0.000420297  0.00510287  -0.201766 -0.0210962   0.975619
1.77458e+09   -0.0206442 0.000420297   0.0040376  -0.200301 -0.0210962    0.97098
1.77458e+09  -0.0185137 0.00148556  0.0114945   -0.20201 -0.0196314    0.97391
1.77458e+09  0.00811792 -0.0027755  0.0168208  -0.203231 -0.0210962   0.974887
1.77458e+09    0.0209011 -0.00597129   0.0104292   -0.20201 -0.0193872   0.973666
1.77458e+09   0.0187706 -0.0102323 0.00297233  -0.203719 -0.0201196   0.975131
1.77458e+09    0.0230316 -0.00916708 0.000841811  -0.202742 -0.0240259   0.978793
1.77458e+09  -0.00466526  -0.0027755   0.0072334  -0.203719 -0.0210962   0.976596
1.77458e+09   0.00705265 -0.00384076  0.00510287   -0.20201 -0.0191431   0.973666
1.77458e+09    0.0209011 -0.00597129   0.0104292  -0.202986 -0.0206079   0.975863
1.77458e+09   0.00279159 -0.00597129  0.00616813  -0.201766 -0.0162134   0.973666
1.77458e+09   -0.00146946  -0.00597129 -0.000223458  -0.200301 -0.0213403   0.974643
1.77458e+09   -0.0185137 -0.00171023  0.00297233  -0.201277 -0.0203638   0.973178
1.77458e+09  -0.00786105 -0.00384076  0.00510287  -0.203231 -0.0184107   0.976107
1.77458e+09   0.00811792 -0.00384076  0.00616813  -0.202742 -0.0213403   0.977084
1.77458e+09  0.000661066 -0.00597129  0.00616813  -0.199324 -0.0201196   0.972201
1.77458e+09    0.0187706 -0.00703656   0.0125597  -0.201766 -0.0196314   0.972445
1.77458e+09   0.00598739 -0.00490603  0.00936393  -0.201277 -0.0181665   0.974398
1.77458e+09   0.00172633 -0.00490603   0.0104292  -0.200789 -0.0196314   0.975619
1.77458e+09  -0.00359999 -0.00384076  0.00616813  -0.202498 -0.0210962   0.975131
1.77458e+09  -0.0227748 0.00148556  0.0104292  -0.201766 -0.0201196   0.976107
1.77458e+09  -0.00573052 -0.00490603   0.0040376 -0.200789 -0.022561  0.972934
1.77458e+09  -0.00359999 -0.00384076  0.00190707  -0.199813 -0.0201196   0.973178
1.77458e+09   -0.0163832 -0.00384076  0.00190707  -0.200545 -0.0203638   0.976352
1.77458e+09  -0.0227748 0.00148556 0.00829866  -0.199813 -0.0201196   0.974643
1.77458e+09     -0.019579 -0.000644969   0.00936393  -0.201766 -0.0220728   0.975131
1.77458e+09  -0.0153179 0.00148556   0.013625  -0.202254 -0.0215845   0.975131
1.77458e+09   0.000661066 -0.000644969    0.0104292  -0.200545 -0.0203638   0.976352
1.77458e+09    -0.0163832 -0.000644969   0.00510287 -0.201522 -0.022561  0.974643
1.77458e+09  -0.0131874 0.00148556 0.00616813  -0.200301 -0.0159692   0.972689
1.77458e+09    0.0230316 -0.00490603   0.0146903  -0.203963 -0.0174341   0.975619
1.77458e+09   0.00279159 -0.00384076  0.00616813  -0.200789 -0.0186548   0.973422
1.77458e+09    -0.02384 0.00361609  0.0104292  -0.199568 -0.0203638   0.972689
1.77458e+09  -0.00146946 -0.00171023   0.0114945  -0.203963 -0.0184107   0.977572
1.77458e+09    0.0262274 -0.00916708   0.0104292  -0.202742 -0.0201196   0.975863
1.77458e+09   0.00918318 -0.00703656  0.00190707  -0.201277 -0.0191431   0.973666
1.77458e+09  -0.0174484 -0.0027755 0.00829866  -0.201277 -0.0188989   0.973666
1.77458e+09  -0.0227748 0.00148556  0.0125597  -0.202254 -0.0196314   0.975863
1.77458e+09    0.0155748 -0.00490603   0.0146903  -0.201277 -0.0218286   0.976107
1.77458e+09    0.0198358 -0.00597129   0.0125597   -0.20201 -0.0198755   0.972689
1.77458e+09  -0.00892632 -0.00384076   0.0072334  -0.203719 -0.0196314   0.978549
1.77458e+09   -0.019579 0.00148556  0.0104292  -0.201766 -0.0201196   0.976107
1.77458e+09  0.000661066 -0.00171023   0.0114945  -0.19908 -0.022561  0.971713
1.77458e+09  -0.00146946 -0.00597129   0.0040376  -0.203231 -0.0215845   0.974398
1.77458e+09  -0.00146946 -0.00490603   0.0072334  -0.201522 -0.0230493    0.97684
1.77458e+09   0.00811792 -0.00490603  0.00936393  -0.201277 -0.0215845   0.972689
1.77458e+09  -0.00146946 -0.00384076   0.0072334  -0.201277 -0.0218286    0.97391
1.77458e+09     0.012379 -0.00597129  0.00936393 -0.201033 -0.022561  0.976596
1.77458e+09  -0.00253473 -0.00171023  0.00510287  -0.201522 -0.0210962   0.974154
1.77458e+09    0.00811792  -0.00597129 -0.000223458  -0.202986 -0.0220728   0.974154
1.77458e+09    0.0219664 -0.00703656  0.00829866  -0.202986 -0.0162134   0.975131
1.77458e+09      0.01664 -0.00597129   0.0125597  -0.203231 -0.0203638   0.975131
1.77458e+09   0.00705265 -0.00384076   0.0104292  -0.200789 -0.0245142   0.972689
1.77458e+09  -0.00359999 -0.00384076   0.0040376  -0.204695 -0.0181665   0.975131
1.77458e+09    -0.0227748 -0.000644969  0.000841811  -0.203475 -0.0230493   0.977328
1.77458e+09   -0.0121221 0.000420297  0.00510287  -0.202742 -0.0252466   0.974154
1.77458e+09    0.0113137 -0.00384076   0.0125597 -0.203719 -0.013772  0.970736
1.77458e+09    0.0113137 -0.00703656  0.00190707  -0.203231 -0.0240259   0.976596
1.77458e+09  -0.0249053 0.00361609  0.0040376  -0.203963 -0.0171899   0.975619
1.77458e+09  -0.00359999 0.000420297   0.0125597  -0.206404 -0.0201196   0.976596
1.77458e+09    0.0134442 -0.00916708   0.0104292  -0.204939 -0.0240259   0.977084
1.77458e+09   0.00172633 -0.00703656  0.00510287  -0.203719 -0.0145044   0.973422
1.77458e+09   0.00811792 -0.00597129   0.0114945  -0.201277 -0.0240259   0.971957
1.77458e+09   0.00705265 -0.00810182   0.0104292  -0.201033 -0.0188989   0.972201
1.77458e+09   0.00385686 -0.00597129  0.00829866  -0.201277 -0.0176782   0.971713
1.77458e+09    -0.0131874 -0.000644969    0.0072334  -0.201277 -0.0230493   0.973178
1.77458e+09  -0.00679579 -0.00171023   0.0104292  -0.202986 -0.0206079   0.976596
1.77458e+09   -0.00999158 -0.000644969   0.00616813  -0.201766 -0.0215845   0.976596
1.77458e+09    0.0102484 -0.00490603   0.0114945  -0.204939 -0.0201196   0.976596
1.77458e+09  0.00705265 -0.0027755  0.0168208  -0.202498 -0.0196314   0.975619
1.77458e+09   -0.0153179 -0.00171023   0.0114945  -0.202742 -0.0206079   0.976107
1.77458e+09   0.00811792 -0.00916708  0.00297233  -0.203475 -0.0157251   0.976107
1.77458e+09   0.00705265 -0.00810182   0.0040376 -0.200057  -0.02427  0.975863
1.77458e+09  -0.00146946 -0.00490603  0.00829866  -0.200301 -0.0215845   0.971469
1.77458e+09   0.00492212 -0.00810182  0.00510287  -0.203231 -0.0201196   0.976107
1.77458e+09  -0.0185137 -0.0027755  0.0072334  -0.197859 -0.0262232   0.973178
1.77458e+09    -0.02384 0.00255083  0.0040376  -0.200789 -0.0176782    0.97098
1.77458e+09  -0.0131874 0.00255083  0.0146903  -0.201033 -0.0188989   0.973666
1.77458e+09    0.0155748 -0.00597129   0.0104292  -0.201766 -0.0193872   0.976352
1.77458e+09   0.00492212 -0.00810182  0.00510287  -0.204939 -0.0208521   0.975619
1.77458e+09  -0.0153179 -0.0027755 0.00190707  -0.200789 -0.0223169   0.974398
1.77458e+09    -0.0121221 -0.000644969    0.0114945  -0.205184 -0.0203638   0.979037
1.77458e+09   0.00492212 -0.00597129  0.00616813  -0.201277 -0.0193872   0.973666
1.77458e+09    0.0102484 -0.00597129  0.00616813  -0.199568 -0.0245142   0.973178
1.77458e+09    0.0187706 -0.00916708  0.00510287  -0.202254 -0.0171899   0.976596
1.77458e+09    0.0198358 -0.00810182   0.0114945  -0.200545 -0.0210962   0.973666
1.77458e+09   0.00705265 -0.00490603  0.00616813  -0.201033 -0.0215845   0.974154
1.77458e+09   -0.0227748 0.000420297   0.0040376  -0.202254 -0.0181665   0.974643
1.77458e+09  -0.00466526  -0.0027755   0.0072334  -0.201766 -0.0206079   0.977816
1.77458e+09   -0.00253473 -0.000644969     0.013625  -0.199813 -0.0196314   0.974154
1.77458e+09    -0.0131874 -0.000644969    0.0072334  -0.200301 -0.0171899   0.971225
1.77458e+09  -0.00999158 -0.00384076  0.00616813  -0.202254 -0.0176782   0.975619
1.77458e+09  -0.0110568 -0.0027755 0.00616813  -0.200789 -0.0198755   0.974154
1.77458e+09   0.00598739 -0.00384076   0.0146903  -0.198348 -0.0223169   0.972689
1.77458e+09  -0.00786105  -0.0027755  0.00616813  -0.204451 -0.0206079   0.978549
1.77458e+09   -0.0174484 -0.00171023  0.00616813  -0.200789 -0.0237817   0.979525
1.77458e+09  -0.0249053 0.00255083 0.00297233  -0.200057 -0.0206079   0.973666
1.77458e+09  -0.0185137 0.00255083  0.0125597  -0.204939 -0.0181665   0.974887
1.77458e+09    0.0187706 -0.00597129   0.0146903   -0.20201 -0.0210962   0.977084
1.77458e+09  -0.00573052 -0.00384076  0.00190707  -0.200545 -0.0174341   0.974643
1.77458e+09  -0.0249053 0.00361609 0.00936393  -0.201522 -0.0203638   0.971713
1.77458e+09    -0.0004042 -0.000644969   0.00936393 -0.201522 -0.022561  0.975375
1.77458e+09    0.0145095 -0.00490603  0.00616813  -0.203231 -0.0220728   0.974643
1.77458e+09    0.0134442 -0.00703656  0.00510287  -0.201033 -0.0201196   0.971225
1.77458e+09    0.0187706 -0.00597129   0.0072334  -0.201766 -0.0228052   0.975619
1.77458e+09  0.00705265 -0.0027755  0.0114945  -0.203231 -0.0193872   0.974398
1.77458e+09    -0.0121221 -0.000644969    0.0072334   -0.20201 -0.0191431   0.974154
1.77458e+09    -0.0185137 -0.000644969    0.0072334  -0.203719 -0.0188989   0.975131
1.77458e+09   0.00172633 -0.00490603  0.00829866  -0.206893 -0.0196314   0.978793
1.77458e+09   0.00705265 -0.00597129  0.00616813  -0.202986 -0.0196314   0.976107
1.77458e+09    0.0134442 -0.00703656   0.0072334  -0.200789 -0.0167017   0.972689
1.77458e+09  -0.0110568 -0.0027755 0.00616813  -0.204695 -0.0210962   0.976107
1.77458e+09   -0.0174484 0.000420297   0.0104292  -0.200789 -0.0201196   0.972445
1.77458e+09  -0.00999158 -0.00171023  0.00936393   -0.20201 -0.0196314   0.972445
1.77458e+09    0.0145095 -0.00490603  0.00936393  -0.202254 -0.0191431   0.977328
1.77458e+09    0.0145095 -0.00490603  0.00936393  -0.202254 -0.0191431   0.977328
1.77458e+09   -0.0227748 -0.00171023   0.0040376  -0.202498 -0.0203638   0.973178
1.77458e+09   -0.0227748 -0.00171023   0.0040376  -0.202498 -0.0203638   0.973178
1.77458e+09    0.0230316 -0.00703656   0.0125597  -0.202254 -0.0193872   0.973666
1.77458e+09    0.0230316 -0.00703656   0.0125597  -0.202254 -0.0193872   0.973666
1.77458e+09  -0.00466526 -0.00490603   0.0040376 -0.201766 -0.022561   0.97391
1.77458e+09  -0.00466526 -0.00490603   0.0040376 -0.201766 -0.022561   0.97391
1.77458e+09  -0.00146946  -0.0027755  0.00190707  -0.202254 -0.0206079   0.972689
1.77458e+09  -0.00146946  -0.0027755  0.00190707  -0.202254 -0.0206079   0.972689
1.77458e+09  -0.00146946  -0.0027755  0.00297233  -0.204695 -0.0179224   0.976596
1.77458e+09  -0.00146946  -0.0027755  0.00297233  -0.204695 -0.0179224   0.976596
1.77458e+09  0.00385686 -0.0027755 0.00829866  -0.204695 -0.0215845   0.975619
1.77458e+09  0.00385686 -0.0027755 0.00829866  -0.204695 -0.0215845   0.975619
1.77458e+09   0.00279159 -0.00490603  0.00297233  -0.202254 -0.0188989   0.975375
1.77458e+09    0.0177053 -0.00703656  0.00829866  -0.200301 -0.0157251   0.970492
1.77458e+09  0.000661066 -0.00171023   0.0104292  -0.201277 -0.0230493   0.972934
1.77458e+09  0.000661066 -0.00171023   0.0104292  -0.201277 -0.0230493   0.972934
1.77458e+09  -0.00359999 -0.00171023   0.0114945  -0.198348 -0.0193872   0.971713
1.77458e+09  -0.00359999 -0.00171023   0.0114945  -0.198348 -0.0193872   0.971713
1.77458e+09  -0.00679579 -0.00384076  0.00297233  -0.202254 -0.0191431   0.978061
1.77458e+09  -0.00679579 -0.00384076  0.00297233  -0.202254 -0.0191431   0.978061
1.77458e+09    -0.0131874 -0.000644969    0.0125597  -0.201277 -0.0210962   0.976352
1.77458e+09    -0.0131874 -0.000644969    0.0125597  -0.201277 -0.0210962   0.976352
1.77458e+09  -0.00466526 -0.00597129   0.0040376  -0.201033 -0.0215845   0.974643
1.77458e+09  -0.00466526 -0.00597129   0.0040376  -0.201033 -0.0215845   0.974643
1.77458e+09   0.00279159 -0.00171023  0.00936393   -0.19908 -0.0220728   0.974154
1.77458e+09   0.00279159 -0.00171023  0.00936393   -0.19908 -0.0220728   0.974154
1.77458e+09  -0.00786105  -0.0027755  0.00829866  -0.199324 -0.0186548    0.97391
1.77458e+09  -0.00786105  -0.0027755  0.00829866  -0.199324 -0.0186548    0.97391
1.77458e+09    -0.0163832 -0.000644969    0.0072334  -0.202254 -0.0220728   0.980014
1.77458e+09   -0.0142526 -0.00384076   0.0040376  -0.198104 -0.0191431   0.972689
1.77458e+09   0.00279159 -0.00597129   0.0072334  -0.201766 -0.0240259   0.976107
1.77458e+09   0.00279159 -0.00597129   0.0072334  -0.201766 -0.0240259   0.976107
1.77458e+09  -0.0004042 -0.0027755 0.00829866  -0.202742 -0.0162134   0.974643
1.77458e+09  -0.0004042 -0.0027755 0.00829866  -0.202742 -0.0162134   0.974643
1.77458e+09    0.00492212 -0.000644969    0.0146903  -0.202742 -0.0176782   0.974154
1.77458e+09    -0.0004042 -0.000644969    0.0104292  -0.204207 -0.0201196   0.976596
1.77458e+09   -0.0004042 0.000420297   0.0114945  -0.201277 -0.0206079   0.973178
1.77458e+09   -0.0004042 0.000420297   0.0114945  -0.201277 -0.0206079   0.973178
1.77458e+09    0.0113137 -0.00490603   0.0125597  -0.203231 -0.0191431   0.975131
1.77458e+09    0.0155748 -0.00810182   0.0072334  -0.204939 -0.0191431   0.977328
1.77458e+09   0.00705265 -0.00810182   0.0072334  -0.200301 -0.0184107   0.971225
1.77458e+09  -0.00253473 -0.00490603  0.00510287  -0.202742 -0.0181665   0.971957
1.77458e+09     -0.02384 0.000420297   0.0104292  -0.202986 -0.0188989   0.973666
1.77458e+09   0.0198358 -0.0027755  0.0104292  -0.200057 -0.0257349   0.973178
1.77458e+09    0.0251621 -0.00916708  0.00297233  -0.206648 -0.0184107   0.975863
1.77458e+09  -0.00253473 -0.00384076  0.00190707  -0.202254 -0.0232935   0.976352
1.77458e+09   -0.00786105 -0.000644969   0.00936393  -0.204939 -0.0198755   0.976107
1.77458e+09  -0.00359999  -0.0027755  0.00616813  -0.204939 -0.0176782   0.975375
1.77458e+09  -0.00466526 -0.00490603  0.00936393  -0.202986 -0.0230493   0.978305
1.77458e+09  -0.00892632 -0.00597129   0.0072334  -0.204207 -0.0201196   0.974887
1.77458e+09     0.012379 -0.00916708   0.0072334  -0.200545 -0.0196314   0.972201
1.77458e+09   0.0315537 -0.0102323 0.00616813  -0.202254 -0.0210962   0.975131
1.77458e+09  -0.00253473  -0.0027755  0.00297233  -0.201277 -0.0201196   0.974398
1.77458e+09  -0.0206442 0.00148556 0.00510287  -0.199813 -0.0203638   0.972201
1.77458e+09    -0.0206442 -0.000644969  -0.00128872  -0.202254 -0.0193872   0.973178
1.77458e+09    -0.0185137 -0.000644969   0.00510287  -0.202742 -0.0220728   0.977816
1.77458e+09  -0.00679579  -0.0027755  0.00510287  -0.201766 -0.0220728   0.975375
1.77458e+09   0.00598739 -0.00490603   0.0072334  -0.201766 -0.0206079   0.973666
1.77458e+09  -0.00573052 -0.00490603   0.0072334  -0.203475 -0.0220728   0.978061
1.77458e+09  -0.00253473 -0.00384076   0.0104292  -0.203719 -0.0181665   0.974398
1.77458e+09    0.0177053 -0.00703656   0.0114945  -0.200789 -0.0206079   0.972201
1.77458e+09    0.0155748 -0.00597129   0.0114945  -0.201033 -0.0218286   0.975619
1.77458e+09  0.000661066 -0.00597129  0.00616813  -0.201277 -0.0215845   0.974398
1.77458e+09  -0.0206442 0.00255083  0.0168208 -0.19908 -0.02427 0.973666
1.77458e+09    0.0155748 -0.00171023    0.017886  -0.204207 -0.0201196   0.976107
1.77458e+09   0.00705265 -0.00490603  0.00936393  -0.204695 -0.0201196   0.977084
1.77458e+09   -0.0174484 -0.00171023  0.00190707  -0.204207 -0.0186548   0.976596
1.77458e+09  -0.00146946 -0.00384076   0.0072334  -0.203719 -0.0184107   0.974154
1.77458e+09  -0.00146946 -0.00490603   0.0040376  -0.202742 -0.0208521    0.97391
1.77458e+09   0.00918318 -0.00703656  0.00829866  -0.204695 -0.0210962   0.974643
1.77458e+09   0.00492212 -0.00810182  0.00510287   -0.20201 -0.0210962   0.973422
1.77458e+09   -0.0004042 -0.00171023   0.0125597  -0.202254 -0.0191431    0.97391
1.77458e+09   0.00385686 -0.00490603  0.00829866  -0.203719 -0.0181665   0.974887
1.77458e+09    -0.0131874 -0.000644969    0.0072334  -0.202254 -0.0193872   0.972689
1.77458e+09  -0.00146946 -0.00490603  0.00297233  -0.202742 -0.0188989    0.97391
1.77458e+09    0.0145095 -0.00490603   0.0125597  -0.204207 -0.0196314   0.977816
1.77458e+09    -0.0110568 -0.000644969    0.0072334  -0.203231 -0.0213403   0.977084
1.77458e+09  -0.00359999 -0.00171023   0.0072334  -0.201033 -0.0198755   0.973666
1.77458e+09    0.0134442 -0.00703656  0.00829866  -0.204207 -0.0188989   0.975863
1.77458e+09  -0.00466526 -0.00384076  0.00829866  -0.199813 -0.0201196   0.974398
1.77458e+09    -0.02384 0.00255083   0.013625  -0.202742 -0.0162134   0.972689
1.77458e+09  -0.0291663 0.00255083  0.0114945  -0.200545 -0.0198755   0.974643
1.77458e+09   -0.019579 0.00361609  0.0146903  -0.201033 -0.0196314   0.973178
1.77458e+09    0.0198358 -0.00490603   0.0104292   -0.20201 -0.0198755   0.975131
1.77458e+09   0.00811792 -0.00597129  0.00510287  -0.201766 -0.0228052   0.976352
1.77458e+09   -0.0281011  0.00148556 0.000841811  -0.203231 -0.0210962   0.975619
1.77458e+09    -0.0121221 -0.000644969    0.0072334  -0.202742 -0.0203638   0.974154
1.77458e+09  0.000661066  -0.0027755  0.00510287  -0.201033 -0.0210962   0.975619
1.77458e+09  -0.00999158 -0.00171023  0.00616813  -0.199324 -0.0201196   0.973178
1.77458e+09  -0.00786105  -0.0027755  0.00616813  -0.201277 -0.0201196   0.973666
1.77458e+09    0.0134442 -0.00810182   0.0125597  -0.199324 -0.0215845   0.973422
1.77458e+09    0.0209011 -0.00916708   0.0114945  -0.201766 -0.0196314   0.975619
1.77458e+09    0.00598739  -0.00597129 -0.000223458  -0.203231 -0.0223169   0.977084
1.77458e+09  -0.0121221 -0.0027755  0.0072334  -0.199813 -0.0215845   0.975619
1.77458e+09  -0.0302316 0.00255083 0.00829866  -0.202254 -0.0181665   0.974154
1.77458e+09    -0.0174484 -0.000644969    0.0072334  -0.199568 -0.0206079   0.974154
1.77458e+09  -0.00892632 -0.00171023  0.00510287  -0.203963 -0.0184107   0.975619
1.77458e+09  -0.00253473  -0.0027755  0.00829866   -0.19908 -0.0203638   0.973666
1.77458e+09  -0.0153179 0.00148556   0.013625  -0.201766 -0.0196314   0.973422
1.77458e+09    0.0134442 -0.00703656   0.0072334  -0.202742 -0.0215845   0.978061
1.77458e+09  -0.00679579  -0.0027755  0.00616813  -0.201033 -0.0215845   0.974398
1.77458e+09   -0.0163832 0.000420297   0.0040376  -0.202254 -0.0181665   0.974643
1.77458e+09  -0.00573052 -0.00171023   0.0114945  -0.201766 -0.0235376   0.975863
1.77458e+09      0.01664 -0.00384076   0.0157555  -0.201277 -0.0181665   0.973422
1.77458e+09    0.0113137 -0.00916708  0.00510287  -0.200789 -0.0220728   0.974154
1.77458e+09  -0.00146946 -0.00384076  0.00510287  -0.201766 -0.0220728   0.975131
1.77458e+09   0.00385686 -0.00597129  0.00297233  -0.204207 -0.0208521   0.977328
1.77458e+09  -0.00253473  -0.0027755  0.00616813  -0.201277 -0.0152368   0.971469
1.77458e+09  -0.00253473 -0.00384076   0.0072334  -0.203231 -0.0191431   0.973178
1.77458e+09  -0.00679579  -0.0027755   0.0072334  -0.199813 -0.0230493   0.977084
1.77458e+09  -0.00466526  -0.0027755   0.0104292  -0.201522 -0.0162134   0.972201
1.77458e+09      0.01664 -0.00703656   0.0114945  -0.204207 -0.0237817   0.974398
1.77458e+09    0.0134442 -0.00384076   0.0146903  -0.203719 -0.0196314   0.975131
1.77458e+09    0.0102484 -0.00490603   0.0125597  -0.204695 -0.0176782    0.97684
1.77458e+09    -0.0121221 -0.000644969   0.00616813  -0.201277 -0.0191431   0.974154
1.77458e+09  -0.00253473 0.000420297   0.0157555  -0.204451 -0.0198755   0.975619
1.77458e+09  0.00279159 -0.0027755  0.0114945  -0.204207 -0.0213403   0.977816
1.77458e+09    0.0177053 -0.00490603   0.0114945  -0.204939 -0.0164575   0.973666
1.77458e+09  0.000661066 -0.00490603   0.0114945  -0.202742 -0.0220728   0.973178
1.77458e+09    -0.0142526 -0.000644969   0.00829866   -0.20201 -0.0215845   0.973666
1.77458e+09    0.0102484 -0.00703656 0.000841811  -0.203719 -0.0203638   0.978061
1.77458e+09     -0.02384 0.000420297 0.000841811  -0.202498 -0.0201196   0.972201
1.77458e+09    0.0155748 -0.00703656   0.0125597  -0.202742 -0.0228052   0.971713
1.77458e+09  0.000661066 -0.00490603  0.00829866  -0.203719 -0.0198755   0.974398
1.77458e+09  -0.00786105 -0.00171023  0.00936393  -0.201522 -0.0218286   0.976107
1.77458e+09  -0.00573052  -0.0027755  0.00829866 -0.202254 -0.022561   0.97391
1.77458e+09   0.00811792 -0.00384076   0.0125597  -0.203963 -0.0167017   0.975619
1.77458e+09  -0.0249053 0.00255083  0.0104292  -0.202742 -0.0232935   0.976107
1.77458e+09   -0.0174484 0.000420297  0.00829866  -0.200057 -0.0196314   0.972934
1.77458e+09   -0.00999158 -0.000644969   0.00936393  -0.201277 -0.0210962    0.97391
1.77458e+09    0.0102484 -0.00384076  0.00936393   -0.20201 -0.0235376   0.977572
1.77458e+09    0.0272927 -0.00703656   0.0072334  -0.201277 -0.0201196   0.973666
1.77458e+09    0.0209011 -0.00810182  0.00829866  -0.201522 -0.0230493   0.974887
1.77458e+09   -0.00679579 -0.000644969     0.013625  -0.203231 -0.0206079   0.977084
1.77458e+09    0.0134442 -0.00490603   0.0125597   -0.20201 -0.0230493   0.977084
1.77458e+09    0.0134442 -0.00810182  0.00510287  -0.201766 -0.0201196   0.973178
1.77458e+09  -0.00466526 -0.00703656  0.00297233   -0.20201 -0.0208521   0.974643
1.77458e+09    -0.0163832 -0.000644969    0.0040376  -0.201766 -0.0188989   0.975863
1.77458e+09    0.0102484 -0.00384076    0.013625  -0.198836 -0.0191431   0.972689
1.77458e+09    0.0177053 -0.00597129   0.0114945  -0.200301 -0.0196314   0.971225
1.77458e+09  -0.00359999 -0.00171023   0.0104292  -0.201277 -0.0223169   0.976596
1.77458e+09    -0.0153179 -0.000644969   0.00190707  -0.200789 -0.0206079   0.977084
1.77458e+09   0.00172633 -0.00384076  0.00510287  -0.199324 -0.0230493   0.972689
1.77458e+09    0.0102484 -0.00384076  0.00616813  -0.201766 -0.0186548   0.975619
1.77458e+09   -0.00786105 -0.000644969   0.00936393  -0.200789 -0.0174341   0.975619
1.77458e+09   -0.00786105 -0.000644969    0.0072334  -0.200545 -0.0213403   0.976596
1.77458e+09   -0.0227748 0.000420297   0.0072334  -0.201766 -0.0188989   0.976107
1.77458e+09     0.012379 -0.00384076   0.0157555  -0.201277 -0.0201196   0.975131
1.77458e+09    0.0145095 -0.00490603   0.0125597  -0.200545 -0.0171899   0.972445
1.77458e+09    0.0251621 -0.00703656  0.00616813  -0.198348 -0.0208521   0.971957
1.77458e+09   0.00279159 -0.00597129   0.0072334  -0.201522 -0.0193872   0.975375
1.77458e+09   0.00172633 -0.00703656   0.0040376  -0.200789 -0.0186548   0.972201
1.77458e+09    -0.0227748 -0.000644969    0.0040376  -0.202498 -0.0186548   0.975619
1.77458e+09   0.00492212 -0.00384076  0.00936393  -0.203719 -0.0184107   0.975619
1.77458e+09   -0.0131874 -0.00171023  0.00297233  -0.201277 -0.0188989   0.975131
1.77458e+09  -0.0281011 0.00255083 0.00936393  -0.202498 -0.0206079   0.976596
1.77458e+09  -0.00253473 -0.00171023   0.0146903  -0.205428 -0.0142603   0.975619
1.77458e+09    0.0209011 -0.00703656   0.0125597  -0.203475 -0.0174341   0.974643
1.77458e+09  -0.00253473  -0.0027755   0.0114945  -0.200301 -0.0196314   0.973178
1.77458e+09  -0.0174484 -0.0027755 0.00616813  -0.202742 -0.0220728   0.972445
1.77458e+09  -0.00359999  -0.0027755  0.00297233  -0.199324 -0.0237817   0.975131
1.77458e+09    0.00385686 -0.000644969    0.0157555  -0.205672 -0.0181665   0.974643
1.77458e+09   0.00598739 -0.00597129  0.00936393  -0.200789 -0.0230493   0.973178
1.77458e+09  -0.00146946 -0.00171023    0.013625  -0.201766 -0.0167017   0.975375
1.77458e+09   -0.0110568 -0.00171023  0.00829866  -0.204451 -0.0213403   0.976596
1.77458e+09  -0.0110568 -0.0027755  0.0040376  -0.199813 -0.0235376   0.973666
1.77458e+09  -0.00573052 -0.00490603  0.00297233  -0.206404 -0.0186548   0.974643
1.77458e+09  -0.00892632  -0.0027755  0.00829866  -0.200301 -0.0220728   0.976596
1.77458e+09  -0.0281011 0.00148556 0.00297233   -0.20201 -0.0208521   0.972689
1.77458e+09   -0.0206442 0.000420297  0.00510287  -0.199813 -0.0198755   0.971957
1.77458e+09  -0.0153179 0.00255083  0.0125597  -0.201277 -0.0186548   0.974643
1.77458e+09  -0.0227748 0.00361609  0.0114945  -0.202742 -0.0206079   0.973178
1.77458e+09   -0.00679579 -0.000644969   0.00829866 -0.199813  -0.02427   0.97391
1.77458e+09  -0.00679579 0.000420297    0.013625  -0.204695 -0.0203638    0.97684
1.77458e+09  -0.00253473 -0.00171023  0.00297233  -0.204451 -0.0230493   0.978793
1.77458e+09   -0.0121221 0.000420297  0.00616813  -0.203719 -0.0193872   0.976596
1.77458e+09  -0.00999158  0.00148556   0.0125597  -0.203963 -0.0179224   0.975131
1.77458e+09   0.00279159 -0.00384076   0.0125597  -0.202986 -0.0176782   0.975131
1.77458e+09   0.00279159 -0.00384076   0.0114945  -0.203231 -0.0210962   0.975131
1.77458e+09    0.0198358 -0.00810182  0.00936393  -0.198348 -0.0210962   0.970248
1.77458e+09      0.01664 -0.00810182  0.00936393  -0.204207 -0.0228052   0.973178
1.77458e+09  0.00385686 -0.0027755  0.0157555  -0.202986 -0.0210962   0.976596
1.77458e+09  -0.00892632 -0.00171023   0.0072334  -0.200057 -0.0203638   0.972934
1.77458e+09    0.0102484 -0.00490603   0.0114945  -0.203719 -0.0203638   0.972689
1.77458e+09  0.00385686 -0.0027755  0.0104292  -0.201033 -0.0230493   0.976596
1.77458e+09    -0.0004042 -0.000644969    0.0104292  -0.204451 -0.0191431   0.975619
1.77458e+09   -0.0142526 -0.00384076  0.00190707  -0.204695 -0.0208521   0.975619
1.77458e+09   -0.0227748 0.000420297   0.0072334  -0.201766 -0.0208521   0.976352
1.77458e+09  -0.00999158 -0.00384076  0.00829866  -0.203963 -0.0198755   0.975375
1.77458e+09  -0.00146946 -0.00490603  0.00297233   -0.19908 -0.0240259   0.972689
1.77458e+09  -0.0217095 0.00255083 0.00510287   -0.20201 -0.0206079   0.974154
1.77458e+09    -0.0121221 -0.000644969    0.0114945  -0.203231 -0.0206079   0.974154
1.77458e+09    0.0113137 -0.00384076  0.00829866  -0.200545 -0.0220728   0.975131
1.77458e+09    0.0209011 -0.00810182   0.0125597  -0.202986 -0.0196314   0.977328
1.77458e+09   -0.0131874 -0.00171023  0.00616813  -0.203963 -0.0198755   0.975863
1.77458e+09  -0.00786105 0.000420297   0.0157555   -0.20201 -0.0169458   0.972934
1.77458e+09    0.0219664 -0.00810182  0.00616813  -0.202742 -0.0181665   0.974643
1.77458e+09      0.01664 -0.00916708  0.00829866  -0.201033 -0.0206079   0.976596
1.77458e+09   -0.0110568 -0.00490603 -0.00235398  -0.200789 -0.0186548   0.972689
1.77458e+09  -0.0249053 0.00255083  0.0104292  -0.199813 -0.0210962   0.972934
1.77458e+09  -0.00253473 -0.00171023   0.0114945  -0.200301 -0.0230493   0.974643
1.77458e+09  -0.00892632  -0.0027755 0.000841811  -0.201522 -0.0167017   0.975619
1.77458e+09   0.00918318 -0.00490603  0.00829866   -0.20201 -0.0186548   0.975131
1.77458e+09   0.00705265 -0.00384076   0.0040376  -0.200057 -0.0201196   0.974154
1.77458e+09   0.00598739 -0.00490603  0.00829866  -0.202498 -0.0176782   0.975619
1.77458e+09  -0.0004042 -0.0027755 0.00936393  -0.200789 -0.0215845   0.977084
1.77458e+09  -0.0004042 -0.0027755 0.00936393  -0.201277 -0.0191431   0.973666
1.77458e+09   0.00705265 -0.00703656   0.0072334   -0.20201 -0.0196314   0.975131
1.77458e+09   0.00811792 -0.00384076   0.0114945  -0.201277 -0.0186548   0.975131
1.77458e+09   -0.00359999 -0.000644969    0.0114945  -0.201033 -0.0188989   0.972934
1.77458e+09     0.012379 -0.00384076   0.0125597 -0.199324 -0.022561  0.972201
1.77458e+09    0.0198358 -0.00490603   0.0125597  -0.203231 -0.0179224   0.976352
1.77458e+09    0.0198358 -0.00703656   0.0114945  -0.201766 -0.0230493   0.975863
1.77458e+09   0.00598739 -0.00597129  0.00297233  -0.200789 -0.0181665    0.97391
1.77458e+09   0.00385686 -0.00384076  0.00510287  -0.202742 -0.0188989   0.974398
1.77458e+09   0.00385686 -0.00703656   0.0072334  -0.201277 -0.0215845   0.977328
1.77458e+09    -0.0153179   -0.0027755 -0.000223458  -0.200545 -0.0196314   0.972689
1.77458e+09  -0.0259705 0.00148556  0.0072334  -0.201766 -0.0203638   0.974398
1.77458e+09   -0.0249053 0.000420297   0.0072334  -0.202498 -0.0206079   0.977328
1.77458e+09   -0.00892632 -0.000644969   0.00829866  -0.198836 -0.0208521   0.972445
1.77458e+09  -0.00892632 0.000420297   0.0125597  -0.202254 -0.0218286   0.973666
1.77458e+09   -0.019579 0.00148556  0.0125597  -0.203475 -0.0206079   0.977572
1.77458e+09      0.01664 -0.00810182  0.00616813  -0.201277 -0.0206079   0.974643
1.77458e+09   -0.0131874 0.000420297   0.0125597  -0.202254 -0.0235376   0.975131
1.77458e+09  -0.00999158  -0.0027755  0.00936393  -0.202254 -0.0206079   0.975619
1.77458e+09   0.00598739 -0.00597129  0.00616813   -0.20201 -0.0203638   0.976352
1.77458e+09  -0.0004042 -0.0027755 0.00616813  -0.201766 -0.0220728   0.974643
1.77458e+09   -0.0004042 -0.00384076  0.00829866  -0.201766 -0.0201196   0.973666
1.77458e+09    0.0240969 -0.00703656  0.00616813  -0.202742 -0.0213403   0.975619
1.77458e+09    0.0240969 -0.00490603  0.00829866 -0.200057  -0.02427  0.973178
1.77458e+09   0.0102484 -0.0027755 0.00936393  -0.200789 -0.0191431   0.972201
1.77458e+09   -0.0217095 0.000420297  0.00829866 -0.203231 -0.022561   0.97684
1.77458e+09  -0.0153179 0.00255083  0.0072334  -0.203475 -0.0162134   0.974154
1.77458e+09  -0.00466526 -0.00171023    0.013625  -0.203963 -0.0196314   0.976596
1.77458e+09      0.01664 -0.00597129   0.0104292  -0.202742 -0.0220728   0.977084
1.77458e+09  -0.0131874 -0.0027755  0.0072334 -0.204207 -0.013772  0.975619
1.77458e+09    -0.0185137 -0.000644969    0.0125597  -0.200301 -0.0240259   0.975131
1.77458e+09  -0.00573052 0.000420297  0.00829866  -0.201277 -0.0213403   0.971713
1.77458e+09     0.012379 -0.00384076   0.0114945  -0.201277 -0.0181665   0.974643
1.77458e+09    0.0102484 -0.00384076   0.0104292  -0.200789 -0.0245142   0.975131
1.77458e+09    0.0134442 -0.00597129  0.00510287  -0.201522 -0.0152368   0.971957
1.77458e+09    0.0209011 -0.00810182    0.013625  -0.201766 -0.0210962   0.974154
1.77458e+09    0.0209011 -0.00597129  0.00829866  -0.202498 -0.0201196   0.977084
1.77458e+09    0.0209011 -0.00597129  0.00829866  -0.204207 -0.0191431    0.97684
1.77458e+09  -0.00466526  -0.0027755   0.0114945  -0.203231 -0.0223169   0.974154
1.77458e+09  -0.00466526 -0.00171023  0.00616813  -0.202742 -0.0186548    0.97391
1.77458e+09   0.00811792 -0.00490603  0.00510287  -0.202742 -0.0215845   0.973422
1.77458e+09   0.00811792 -0.00490603  0.00510287  -0.202742 -0.0215845   0.973422
1.77458e+09  -0.00892632 -0.00384076  0.00297233  -0.201522 -0.0196314   0.975619
1.77458e+09    0.0219664 -0.00810182   0.0072334  -0.202986 -0.0228052   0.976107
1.77458e+09   0.00492212 -0.00597129 0.000841811  -0.201766 -0.0215845   0.972689
1.77458e+09   0.00492212 -0.00597129 0.000841811  -0.201766 -0.0215845   0.972689
1.77458e+09  -0.0281011 0.00361609  0.0104292  -0.202742 -0.0191431   0.975863
1.77458e+09  -0.0281011 0.00361609  0.0104292  -0.202742 -0.0191431   0.975863
1.77458e+09  -0.00146946  -0.0027755    0.013625  -0.201277 -0.0220728   0.975619
1.77458e+09  -0.00892632 -0.00384076  0.00510287  -0.203475 -0.0167017   0.975131
1.77458e+09    0.0134442 -0.00384076   0.0104292  -0.204451 -0.0193872   0.974154
1.77458e+09    0.0134442 -0.00384076   0.0104292  -0.204451 -0.0193872   0.974154
1.77458e+09   0.00918318 -0.00384076  0.00616813   -0.20201 -0.0191431   0.976596
1.77458e+09   0.00918318 -0.00384076  0.00616813   -0.20201 -0.0191431   0.976596
1.77458e+09  -0.0206442 0.00148556 0.00616813  -0.202254 -0.0215845   0.973178
1.77458e+09  -0.0206442 0.00148556 0.00616813  -0.202254 -0.0215845   0.973178
1.77458e+09   0.00705265 -0.00384076   0.0157555  -0.199813 -0.0213403    0.97391
1.77458e+09   0.00705265 -0.00384076   0.0157555  -0.199813 -0.0213403    0.97391
1.77458e+09   0.00598739 -0.00597129   0.0114945  -0.200057 -0.0215845   0.974154
1.77458e+09   0.00598739 -0.00597129   0.0114945  -0.200057 -0.0215845   0.974154
1.77458e+09   0.00172633 -0.00384076  0.00829866 -0.201033 -0.022561  0.974398
1.77458e+09   0.00172633 -0.00384076  0.00829866 -0.201033 -0.022561  0.974398
1.77458e+09  -0.0153179 0.00148556  0.0104292  -0.201033 -0.0181665   0.978061
1.77458e+09  -0.0153179 0.00148556  0.0104292  -0.201033 -0.0181665   0.978061
1.77458e+09    0.0134442 -0.00384076   0.0168208  -0.200789 -0.0191431   0.972445
1.77458e+09    0.0134442 -0.00384076   0.0168208  -0.200789 -0.0191431   0.972445
1.77458e+09   -0.0163832 -0.00171023  0.00190707  -0.200545 -0.0191431   0.973178
1.77458e+09  -0.00573052 -0.00171023  0.00936393  -0.200789 -0.0208521    0.97391
1.77458e+09      0.01664 -0.00810182   0.0072334  -0.200057 -0.0210962   0.977084
1.77458e+09      0.01664 -0.00810182   0.0072334  -0.200057 -0.0210962   0.977084
1.77458e+09    0.0145095 -0.00384076   0.0104292   -0.20201 -0.0206079   0.973666
1.77458e+09      0.01664 -0.00384076   0.0072334  -0.203475 -0.0176782   0.972934
1.77458e+09  -0.00253473 -0.00384076 -0.00235398  -0.202742 -0.0191431   0.978061
1.77458e+09  -0.00146946  -0.0027755   0.0072334  -0.201033 -0.0201196   0.976107
1.77458e+09   -0.00999158 -0.000644969   0.00829866  -0.204695 -0.0167017   0.971225
1.77458e+09   -0.00999158 -0.000644969   0.00829866  -0.204695 -0.0167017   0.971225
1.77458e+09    0.0113137 -0.00384076   0.0146903  -0.204207 -0.0196314    0.97684
1.77458e+09  -0.00573052 -0.00384076   0.0040376  -0.201277 -0.0186548   0.972689
1.77458e+09    0.0113137 -0.00384076   0.0125597  -0.201766 -0.0220728   0.973178
1.77458e+09   -0.00146946 -0.000644969    0.0125597  -0.205184 -0.0179224   0.974643
1.77458e+09  0.000661066  -0.0027755   0.0146903  -0.202254 -0.0203638   0.974154
1.77458e+09  0.000661066  -0.0027755  0.00829866  -0.206893 -0.0235376   0.977328
1.77458e+09  0.000661066 -0.00384076    0.013625  -0.204207 -0.0206079   0.977572
1.77458e+09  -0.0153179 0.00148556  0.0072334  -0.204939 -0.0210962   0.975619
1.77458e+09  -0.0217095 0.00148556  0.0072334  -0.202742 -0.0196314   0.972689
1.77458e+09   0.00811792 -0.00490603   0.0125597  -0.20201 -0.022561  0.975131
1.77458e+09      0.01664 -0.00810182  0.00936393  -0.203719 -0.0162134   0.971713
1.77458e+09   0.00172633 -0.00810182 -0.00128872   -0.20201 -0.0252466   0.974887
1.77458e+09  -0.00999158 0.000420297   0.0157555  -0.202498 -0.0220728   0.974154
1.77458e+09  -0.00786105  -0.0027755   0.0072334  -0.203719 -0.0208521   0.975131
1.77458e+09  -0.0206442 0.00148556  0.0104292  -0.201522 -0.0237817   0.974643
1.77458e+09  -0.00573052  0.00148556   0.0146903  -0.203475 -0.0191431    0.97391
1.77458e+09  -0.00253473  -0.0027755   0.0125597  -0.202986 -0.0193872   0.978061
1.77458e+09  0.00172633 -0.0027755 0.00936393  -0.201033 -0.0196314   0.974154
1.77458e+09    0.0113137 -0.00703656   0.0072334  -0.202742 -0.0196314   0.972934
1.77458e+09   0.0230316 -0.0112976 0.00616813  -0.203719 -0.0201196   0.976596
1.77458e+09     0.012379 -0.00490603    0.013625  -0.201522 -0.0215845   0.974887
1.77458e+09  -0.00999158 -0.00384076  0.00190707  -0.199813 -0.0186548   0.972201
1.77458e+09     0.012379 -0.00597129    0.013625  -0.201766 -0.0240259   0.975131
1.77458e+09  -0.00253473 -0.00384076   0.0125597  -0.201277 -0.0176782    0.97391
1.77458e+09  0.000661066  -0.0027755   0.0104292  -0.200789 -0.0191431    0.97391
1.77458e+09   0.00598739 -0.00490603   0.0104292  -0.201277 -0.0218286   0.975131
1.77458e+09   -0.00359999 -0.000644969     0.013625  -0.200301 -0.0208521   0.975131
1.77458e+09   -0.00253473 -0.000644969     0.013625  -0.201522 -0.0206079   0.973422
1.77458e+09   0.0187706 -0.0027755  0.0157555  -0.200545 -0.0201196   0.971713
1.77458e+09  -0.0110568 -0.0027755  0.0040376  -0.201277 -0.0215845   0.974887
1.77458e+09   -0.0206442 0.000420297  0.00190707  -0.202742 -0.0201196   0.977328
1.77458e+09   -0.0004042 -0.00171023   0.0125597  -0.198836 -0.0203638   0.975863
1.77458e+09    0.0198358 -0.00916708   0.0040376  -0.202742 -0.0215845   0.974643
1.77458e+09  -0.00359999 -0.00490603  0.00616813  -0.202986 -0.0193872   0.976107
1.77458e+09   -0.019579 -0.0027755 0.00297233  -0.199813 -0.0232935   0.976596
1.77458e+09   0.00172633 -0.00384076  0.00829866  -0.201277 -0.0186548   0.973178
1.77458e+09    0.0230316 -0.00703656  0.00829866  -0.201277 -0.0184107   0.976596
1.77458e+09   0.00492212 -0.00384076  0.00936393  -0.202742 -0.0196314   0.975619
1.77458e+09  -0.00573052 -0.00171023  0.00936393  -0.201766 -0.0159692   0.973666
1.77458e+09   -0.0131874  -0.0027755 0.000841811  -0.203719 -0.0210962   0.974154
1.77458e+09  -0.0217095 0.00148556 0.00616813  -0.203475 -0.0206079   0.978061
1.77458e+09  -0.00786105 -0.00171023   0.0114945  -0.202254 -0.0186548    0.97391
1.77458e+09    0.0187706 -0.00703656  0.00936393  -0.201277 -0.0228052   0.974154
1.77458e+09    0.0113137 -0.00703656  0.00297233  -0.203231 -0.0176782   0.973178
1.77458e+09  -0.0259705 0.00148556 0.00190707  -0.202254 -0.0196314    0.97391
1.77458e+09    -0.02384 0.00361609  0.0146903  -0.203231 -0.0184107   0.974154
1.77458e+09    0.0134442 -0.00490603   0.0125597  -0.201277 -0.0245142    0.97684
1.77458e+09  -0.00892632 0.000420297  0.00297233  -0.202742 -0.0203638   0.977816
1.77458e+09   -0.00253473 -0.000644969   0.00936393  -0.203231 -0.0171899   0.972934
1.77458e+09     0.012379 -0.00384076  0.00510287  -0.202742 -0.0257349   0.976596
1.77458e+09   0.00492212 -0.00597129   0.0040376  -0.206648 -0.0110864   0.976352
1.77458e+09    0.0113137 -0.00916708   0.0114945  -0.201766 -0.0206079   0.976596
1.77458e+09  0.000661066 -0.00597129  0.00829866  -0.203231 -0.0257349    0.97684
1.77458e+09    0.0134442 -0.00810182   0.0114945  -0.201277 -0.0147485    0.96976
1.77458e+09   0.00279159 -0.00597129  0.00297233  -0.203475 -0.0247583   0.974154
1.77458e+09      0.01664 -0.00916708  0.00616813  -0.201522 -0.0152368   0.968783
1.77458e+09    0.0113137 -0.00171023   0.0125597  -0.198592 -0.0181665   0.970736
1.77458e+09  -0.00253473  0.00148556   0.0189513  -0.205184 -0.0176782   0.978061
1.77458e+09  -0.00466526 0.000420297   0.0157555  -0.200789 -0.0174341   0.976352
1.77458e+09   -0.0004042 -0.00384076  0.00829866  -0.206404 -0.0213403   0.976107
1.77458e+09    -0.0185137 -0.000644969     0.013625 -0.204695 -0.022561   0.98099
1.77458e+09    -0.0142526 -0.000644969    0.0157555  -0.20201 -0.022561  0.979037
1.77458e+09   0.00492212 -0.00597129   0.0157555  -0.201033 -0.0191431   0.971957
1.77458e+09   0.0283579 -0.0112976 0.00936393  -0.200301 -0.0215845   0.971957
1.77458e+09    0.0134442 -0.00703656  0.00616813  -0.200301 -0.0196314   0.971713
1.77458e+09  -0.00253473 -0.00490603  0.00616813  -0.201277 -0.0208521   0.972689
1.77458e+09  -0.0270358 0.00148556  0.0114945   -0.20201 -0.0240259   0.974154
1.77458e+09  0.00705265 -0.0027755  0.0146903 -0.202254 -0.025979  0.975863
1.77458e+09   0.00811792 -0.00384076  0.00616813  -0.204695 -0.0186548   0.975863
1.77458e+09    0.0102484 -0.00490603   0.0104292  -0.201033 -0.0232935   0.973178
1.77458e+09   0.00492212 -0.00597129  0.00510287  -0.201766 -0.0186548   0.974887
1.77458e+09  0.000661066 -0.00384076  0.00616813  -0.202986 -0.0237817   0.976107
1.77458e+09  -0.00573052 -0.00384076  0.00616813  -0.199813 -0.0228052   0.973666
1.77458e+09  -0.0004042 -0.0027755  0.0114945  -0.202986 -0.0218286   0.974398
1.77458e+09    0.0177053 -0.00810182   0.0040376  -0.200789 -0.0206079   0.975619
1.77458e+09    0.0262274 -0.00916708 0.000841811  -0.201277 -0.0208521   0.975619
1.77458e+09    0.0209011 -0.00597129  0.00616813  -0.200789 -0.0196314   0.974154
1.77458e+09     0.012379 -0.00384076   0.0040376  -0.202742 -0.0210962   0.978061
1.77458e+09  0.00811792 -0.0027755 0.00936393  -0.201766 -0.0186548   0.976352
1.77458e+09    -0.0110568 -0.000644969    0.0072334  -0.199324 -0.0250024   0.974154
1.77458e+09   -0.019579 0.00255083  0.0104292  -0.201277 -0.0191431   0.975619
1.77458e+09  0.000661066  -0.0027755  0.00936393  -0.201277 -0.0206079   0.978061
1.77458e+09    0.0134442 -0.00490603  0.00829866  -0.200545 -0.0171899   0.971957
1.77458e+09   0.00811792 -0.00916708  0.00297233  -0.202742 -0.0171899   0.974154
1.77458e+09   -0.0174484 -0.00384076   0.0040376   -0.19908 -0.0198755   0.974398
1.77458e+09   -0.0291663 0.000420297  0.00510287  -0.200301 -0.0176782    0.97391
1.77458e+09  -0.0142526 0.00148556   0.013625  -0.202742 -0.0215845   0.973666
1.77458e+09   0.00918318 -0.00171023   0.0104292  -0.202498 -0.0164575   0.976107
1.77458e+09   -0.0004042 -0.00384076   0.0114945   -0.20201 -0.0169458   0.976107
1.77458e+09  -0.0142526 0.00148556  0.0114945  -0.198836 -0.0167017   0.971957
1.77458e+09  -0.00359999 -0.00171023   0.0114945  -0.202986 -0.0176782   0.976107
1.77458e+09   0.00279159 -0.00384076   0.0072334  -0.203719 -0.0235376   0.978305
1.77458e+09  -0.0004042 -0.0027755 0.00829866  -0.201766 -0.0218286   0.976352
1.77458e+09    0.0283579 -0.00916708   0.0157555  -0.202986 -0.0215845    0.97684
1.77458e+09  -0.00786105  -0.0027755   0.0146903  -0.202986 -0.0223169   0.978305
1.77458e+09  -0.0121221 -0.0027755 0.00936393  -0.202498 -0.0167017   0.975863
1.77458e+09     0.012379 -0.00810182   0.0104292  -0.200789 -0.0196314   0.972445
1.77458e+09    0.0102484 -0.00384076   0.0125597  -0.201522 -0.0245142   0.974154
1.77458e+09    0.0155748 -0.00597129    0.013625  -0.201033 -0.0210962    0.97391
1.77458e+09  -0.00466526  -0.0027755   0.0072334  -0.197615 -0.0235376   0.971469
1.77458e+09  0.00279159 -0.0027755  0.0040376  -0.201522 -0.0247583   0.972689
1.77458e+09   -0.0121221 -0.00171023  0.00510287  -0.200789 -0.0186548   0.976107
1.77458e+09  -0.0259705 0.00148556  0.0040376  -0.203231 -0.0208521   0.975131
1.77458e+09  -0.0227748 0.00255083 0.00616813  -0.201766 -0.0169458   0.972689
1.77458e+09    -0.0110568 -0.000644969   0.00936393  -0.202986 -0.0220728   0.975131
1.77458e+09   0.000661066 -0.000644969    0.0146903  -0.202742 -0.0235376   0.976596
1.77458e+09    0.0251621 -0.00810182  0.00829866  -0.203719 -0.0206079   0.974887
1.77458e+09   0.00918318 -0.00597129  0.00616813  -0.204939 -0.0188989   0.975375
1.77458e+09  0.00172633 -0.0027755 0.00616813  -0.202986 -0.0167017   0.974643
1.77458e+09   -0.00892632 -0.000644969   0.00936393  -0.203719 -0.0184107   0.973178
1.77458e+09  -0.00679579 0.000420297  0.00829866   -0.20201 -0.0196314   0.973178
1.77458e+09   -0.00786105 -0.000644969    0.0072334  -0.206404 -0.0196314   0.976107
1.77458e+09    0.0145095 -0.00597129   0.0125597  -0.204939 -0.0206079   0.974154
1.77458e+09   -0.0004042 -0.00597129  0.00510287  -0.203475 -0.0184107   0.975863
1.77458e+09     -0.019579 -0.000644969    0.0125597  -0.203719 -0.0191431   0.973666
1.77458e+09  -0.0259705 0.00361609  0.0104292  -0.202254 -0.0206079   0.973178
1.77458e+09   -0.00573052 -0.000644969    0.0146903  -0.205184 -0.0159692   0.972201
1.77458e+09  -0.0185137 0.00148556  0.0104292  -0.201766 -0.0230493   0.974643
1.77458e+09   -0.0217095 0.000420297    0.013625  -0.205916 -0.0237817   0.977572
1.77458e+09  -0.00679579 -0.00171023  0.00936393  -0.200301 -0.0247583   0.975619
1.77458e+09     0.012379 -0.00490603   0.0125597  -0.203231 -0.0223169   0.974398
1.77458e+09    0.0134442 -0.00916708  0.00510287   -0.20616 -0.0218286   0.979037
1.77458e+09   -0.0185137 -0.00384076 0.000841811  -0.202498 -0.0215845   0.975619
1.77458e+09    -0.0206442 -0.000644969    0.0104292  -0.200789 -0.0188989   0.973178
1.77458e+09    0.0102484 -0.00597129   0.0104292  -0.200057 -0.0237817   0.973666
1.77458e+09   0.0240969 -0.0102323 0.00510287   -0.20201 -0.0228052   0.976352
1.77458e+09  -0.00892632 -0.00490603 -0.00128872  -0.201277 -0.0223169   0.973178
1.77458e+09   -0.0259705 0.000420297 -0.00128872 -0.199813 -0.022561  0.971957
1.77458e+09    0.0177053 -0.00597129   0.0114945  -0.204207 -0.0186548   0.977816
1.77458e+09  0.00492212 -0.0027755 0.00829866  -0.199568 -0.0210962   0.974398
1.77458e+09  -0.00253473 0.000420297   0.0114945  -0.200301 -0.0157251   0.972201
1.77458e+09   -0.00573052 -0.000644969   0.00829866  -0.203231 -0.0240259   0.977084
1.77458e+09    -0.0131874 -0.000644969    0.0040376  -0.199813 -0.0198755   0.975131
1.77458e+09    -0.0206442 -0.000644969   0.00510287  -0.203231 -0.0201196   0.974887
1.77458e+09   0.00705265 -0.00597129   0.0072334  -0.201766 -0.0206079   0.977084
1.77458e+09   0.00172633 -0.00597129  0.00510287  -0.201766 -0.0157251   0.974398
1.77458e+09  0.000661066 -0.00384076 0.000841811  -0.200789 -0.0179224   0.974154
1.77458e+09  -0.0121221 0.00361609  0.0114945  -0.200301 -0.0181665   0.973666
1.77458e+09   -0.00253473 -0.000644969     0.013625  -0.202742 -0.0159692   0.975863
1.77458e+09  -0.00786105 0.000420297   0.0168208  -0.201766 -0.0215845   0.975863
1.77458e+09  -0.00359999 -0.00384076   0.0114945  -0.201522 -0.0213403   0.972689
1.77458e+09    -0.0153179 -0.000644969    0.0157555   -0.20201 -0.0196314   0.974154
1.77458e+09   -0.0004042 -0.00171023    0.017886  -0.202742 -0.0201196   0.979281
1.77458e+09    0.0155748 -0.00703656   0.0125597  -0.200301 -0.0171899   0.972201
1.77458e+09   -0.0110568 -0.00490603  0.00190707  -0.200789 -0.0186548   0.971713
1.77458e+09   -0.0227748 0.000420297   0.0114945  -0.203231 -0.0210962   0.975619
1.77458e+09    0.0145095 -0.00490603   0.0189513  -0.200789 -0.0210962   0.975131
1.77458e+09    0.032619 -0.0102323  0.0104292   -0.20201 -0.0203638   0.975131
1.77458e+09   -0.0110568 -0.00171023   0.0072334  -0.202742 -0.0235376   0.978061
1.77458e+09    -0.0110568 -0.000644969   0.00936393  -0.201766 -0.0181665   0.976596
1.77458e+09  -0.00786105 -0.00171023  0.00510287  -0.201522 -0.0232935   0.974643
1.77458e+09  -0.00146946 -0.00384076  0.00616813  -0.203231 -0.0176782   0.975375
1.77458e+09   0.00705265 -0.00597129  0.00190707  -0.202498 -0.0206079   0.976107
1.77458e+09    0.0113137 -0.00490603   0.0104292 -0.202498 -0.022561  0.973666
1.77458e+09    0.0102484 -0.00703656  0.00297233  -0.202742 -0.0171899   0.972689
1.77458e+09  -0.00892632 -0.00171023  0.00510287  -0.202254 -0.0213403   0.975131
1.77458e+09  -0.0174484 0.00148556 0.00829866  -0.203963 -0.0142603   0.974887
1.77458e+09  -0.00253473 -0.00384076   0.0072334  -0.200789 -0.0208521   0.973666
1.77458e+09   0.00811792 -0.00703656  0.00297233  -0.200545 -0.0176782   0.973422
1.77458e+09   0.00598739 -0.00597129   0.0040376  -0.202498 -0.0235376   0.976107
1.77458e+09   0.00811792 0.000420297    0.013625  -0.199813 -0.0240259   0.973178
1.77458e+09  0.00492212 -0.0027755 0.00510287  -0.203719 -0.0147485   0.972201
1.77458e+09  -0.00786105 0.000420297  0.00936393 -0.203963  -0.02427  0.980258
1.77458e+09  -0.0206442 0.00361609 0.00936393  -0.203231 -0.0157251   0.976107
1.77458e+09   0.00385686 -0.00384076    0.013625  -0.203719 -0.0142603    0.97684
1.77458e+09  0.00172633 -0.0102323 0.00190707  -0.202742 -0.0271997   0.977572
1.77458e+09    -0.0302316 -0.000644969   0.00297233  -0.201277 -0.0164575   0.974643
1.77458e+09  -0.0259705 0.00148556 0.00936393  -0.200057 -0.0279321   0.972934
1.77458e+09      0.01664 -0.00490603   0.0146903  -0.198592 -0.0210962   0.971713
1.77458e+09  -0.0142526 0.00148556  0.0114945  -0.201277 -0.0162134   0.974398
1.77458e+09   -0.0142526 0.000420297  0.00936393  -0.198348 -0.0196314   0.972689
1.77458e+09    -0.0110568 -0.000644969    0.0040376  -0.199813 -0.0186548    0.97098
1.77458e+09    -0.0206442 -0.000644969   0.00190707   -0.20201 -0.0193872   0.976107
1.77458e+09  -0.00359999  -0.0027755   0.0072334  -0.202742 -0.0289087   0.978305
1.77458e+09   0.00918318 -0.00810182  0.00190707  -0.202254 -0.0206079   0.975131
1.77458e+09    -0.0110568 -0.000644969    0.0072334  -0.205672 -0.0213403    0.97684
1.77458e+09   -0.0004042 -0.00384076   0.0114945  -0.201522 -0.0196314   0.978305
1.77458e+09   -0.0153179 -0.00171023  0.00616813  -0.199813 -0.0186548   0.971713
1.77458e+09    -0.0217095 -0.000644969   0.00616813  -0.202254 -0.0215845   0.975131
1.77458e+09    -0.0131874 -0.000644969   0.00616813  -0.203231 -0.0230493   0.977572
1.77458e+09   -0.0142526 0.000420297  0.00616813  -0.201766 -0.0218286   0.971957
1.77458e+09      0.01664 -0.00490603    0.013625  -0.204695 -0.0220728   0.974643
1.77458e+09   0.00811792 -0.00597129  0.00190707  -0.202742 -0.0196314   0.976107
1.77458e+09  -0.00253473 -0.00490603  0.00190707  -0.202498 -0.0149927   0.973422
1.77458e+09    -0.0142526  -0.00384076 -0.000223458  -0.204207 -0.0196314   0.974154
1.77458e+09   -0.0227748 -0.00171023  0.00190707  -0.203231 -0.0208521   0.974398
1.77458e+09   0.00279159 -0.00384076    0.013625  -0.201766 -0.0193872   0.973666
1.77458e+09    0.0230316 -0.00597129   0.0157555  -0.200789 -0.0267114   0.973666
1.77458e+09  -0.00786105  -0.0027755  0.00510287  -0.201277 -0.0191431   0.972445
1.77458e+09  -0.00786105  0.00148556   0.0125597   -0.20616 -0.0176782   0.977328
1.77458e+09  0.00918318 -0.0027755   0.013625  -0.200545 -0.0215845   0.975131
1.77458e+09  -0.00466526 0.000420297    0.013625  -0.203231 -0.0176782   0.975375
1.77458e+09  -0.00786105  -0.0027755    0.013625  -0.204939 -0.0218286   0.981234
1.77458e+09   -0.00466526  -0.00597129 -0.000223458  -0.203719 -0.0210962   0.974398
1.77458e+09     0.01664 -0.0112976  0.0040376  -0.204695 -0.0181665   0.976596
1.77458e+09   -0.0163832 -0.00384076   0.0072334  -0.202986 -0.0198755   0.973422
1.77458e+09  0.000661066 -0.00384076   0.0114945  -0.202254 -0.0181665   0.973422
1.77458e+09  -0.00573052 -0.00171023   0.0104292  -0.199813 -0.0213403   0.973178
1.77458e+09  -0.0174484 0.00148556 0.00829866  -0.200789 -0.0215845    0.97098
1.77458e+09   -0.0121221 -0.00171023  0.00190707 -0.204451 -0.022561  0.978061
1.77458e+09  -0.00146946  -0.0027755  0.00936393  -0.200301 -0.0220728   0.974154
1.77458e+09    0.0113137 -0.00384076   0.0114945  -0.204207 -0.0167017   0.973666
1.77458e+09  -0.00359999 -0.00490603  0.00829866  -0.201766 -0.0201196   0.972934
1.77458e+09   -0.0217095 0.000420297  0.00510287  -0.204451 -0.0188989   0.979525
1.77458e+09    0.0187706 -0.00597129   0.0146903  -0.202254 -0.0213403   0.975131
1.77458e+09    0.0187706 -0.00597129   0.0146903  -0.201033 -0.0206079   0.973666
1.77458e+09   -0.0312969 0.000420297  0.00297233 -0.203719  -0.02427  0.975375
1.77458e+09   -0.0312969 0.000420297  0.00297233  -0.200545 -0.0220728   0.973178
1.77458e+09  -0.0174484 0.00255083  0.0125597  -0.202254 -0.0215845   0.974887
1.77458e+09   0.00918318 -0.00384076   0.0125597  -0.202742 -0.0206079    0.97684
1.77458e+09   0.00172633 -0.00171023  0.00616813  -0.200301 -0.0188989   0.971713
1.77458e+09   0.00172633 -0.00171023  0.00616813  -0.200301 -0.0188989   0.971713
1.77458e+09    -0.0121221 -0.000644969    0.0072334  -0.200545 -0.0210962   0.972445
1.77458e+09    -0.0121221 -0.000644969    0.0072334  -0.200545 -0.0210962   0.972445
1.77458e+09     -0.019579 -0.000644969   0.00616813  -0.202254 -0.0181665   0.976107
1.77458e+09     -0.019579 -0.000644969   0.00616813  -0.202254 -0.0181665   0.976107
1.77458e+09  -0.00786105 -0.00171023   0.0114945  -0.200789 -0.0210962   0.975619
1.77458e+09  -0.00786105 -0.00171023   0.0114945  -0.200789 -0.0210962   0.975619
1.77458e+09     -0.019579 -0.000644969   0.00829866  -0.201033 -0.0210962   0.977572
1.77458e+09     -0.019579 -0.000644969   0.00829866  -0.201033 -0.0210962   0.977572
1.77458e+09  0.00385686 -0.0027755  0.0168208  -0.201766 -0.0181665   0.974154
1.77458e+09  0.00385686 -0.0027755  0.0168208  -0.201766 -0.0181665   0.974154
1.77458e+09   -0.0153179 0.000420297   0.0114945  -0.203963 -0.0176782   0.977084
1.77458e+09   -0.0153179 0.000420297   0.0114945  -0.203963 -0.0176782   0.977084
1.77458e+09   -0.0004042 -0.00171023    0.013625  -0.199813 -0.0215845   0.973422
1.77458e+09   -0.0004042 -0.00171023    0.013625  -0.199813 -0.0215845   0.973422
1.77458e+09   -0.0185137 -0.00171023  0.00510287  -0.202986 -0.0223169   0.978061
1.77458e+09   -0.0185137 -0.00171023  0.00510287  -0.202986 -0.0223169   0.978061
1.77458e+09    0.0134442 -0.00703656   0.0104292  -0.201766 -0.0215845   0.976107
1.77458e+09    0.0134442 -0.00703656   0.0104292  -0.201766 -0.0215845   0.976107
1.77458e+09  -0.0004042 -0.0027755   0.013625  -0.199813 -0.0210962   0.972201
1.77458e+09  -0.0004042 -0.0027755   0.013625  -0.199813 -0.0210962   0.972201
1.77458e+09    0.0219664 -0.00597129   0.0104292  -0.201277 -0.0208521   0.974643
1.77458e+09    0.0219664 -0.00597129   0.0104292  -0.201277 -0.0208521   0.974643
1.77458e+09   0.00492212 -0.00490603 0.000841811  -0.201522 -0.0230493   0.976107
1.77458e+09   0.00492212 -0.00490603 0.000841811  -0.201522 -0.0230493   0.976107
1.77458e+09    0.0219664 -0.00703656   0.0114945  -0.202742 -0.0176782   0.978549
1.77458e+09    0.0219664 -0.00703656   0.0114945  -0.202742 -0.0176782   0.978549
1.77458e+09    -0.0004042  -0.00597129 -0.000223458  -0.201277 -0.0196314   0.974154
1.77458e+09   -0.0004042 -0.00597129 0.000841811  -0.202742 -0.0184107   0.976596
1.77458e+09  -0.00146946 -0.00384076 -0.00235398  -0.198836 -0.0230493   0.972201
1.77458e+09  -0.00146946 -0.00384076 -0.00235398  -0.198836 -0.0230493   0.972201
1.77458e+09  -0.00679579 -0.00384076 0.000841811  -0.202498 -0.0206079   0.975863
1.77458e+09  -0.00679579 -0.00384076 0.000841811  -0.202498 -0.0206079   0.975863
1.77458e+09  -0.00679579 -0.00490603   0.0072334  -0.201277 -0.0215845   0.974398
1.77458e+09    0.0113137 -0.00597129   0.0104292  -0.201033 -0.0208521   0.974643
1.77458e+09  -0.00892632 -0.00384076   0.0040376  -0.202498 -0.0203638   0.976107
1.77458e+09  -0.00786105  -0.0027755  0.00936393  -0.202254 -0.0213403   0.972689
1.77458e+09  0.00279159 -0.0027755  0.0146903  -0.203231 -0.0210962   0.973178
1.77458e+09   -0.00786105 -0.000644969    0.0104292  -0.201522 -0.0201196   0.975619
1.77458e+09  -0.00573052 0.000420297  0.00936393  -0.203231 -0.0181665   0.975131
1.77458e+09    0.0262274 -0.00703656  0.00936393  -0.200545 -0.0240259   0.974643
1.77458e+09    0.0262274 -0.00597129  0.00829866  -0.204207 -0.0193872   0.976107
1.77458e+09   0.00811792 -0.00703656   0.0040376  -0.203719 -0.0210962   0.975131
1.77458e+09     -0.02384 0.000420297  0.00616813  -0.203231 -0.0235376   0.975619
1.77458e+09  -0.00466526  -0.0027755    0.013625  -0.202254 -0.0210962   0.976596
1.77458e+09  -0.00146946 -0.00597129  0.00936393   -0.20201 -0.0215845   0.976107
1.77458e+09   -0.0185137 -0.00171023   0.0072334  -0.202986 -0.0188989   0.972689
1.77458e+09  -0.00359999 0.000420297   0.0104292  -0.200057 -0.0193872    0.97098
1.77458e+09    0.0198358 -0.00490603  0.00936393  -0.202254 -0.0203638   0.978549
1.77458e+09   0.00279159 -0.00490603  0.00190707  -0.201766 -0.0186548   0.975131
1.77458e+09  -0.00786105 -0.00171023  0.00297233  -0.200789 -0.0218286   0.972689
1.77458e+09   0.00705265 -0.00597129  0.00297233  -0.203719 -0.0191431   0.976107
1.77458e+09  -0.0163832 0.00148556  0.0125597  -0.201766 -0.0206079   0.975619
1.77458e+09    0.0294232 -0.00916708   0.0072334  -0.202254 -0.0210962   0.974643
1.77458e+09   -0.0004042 -0.00171023   0.0114945  -0.201033 -0.0191431   0.974643
1.77458e+09  -0.00466526 -0.00171023  0.00510287  -0.201766 -0.0196314   0.975375
1.77458e+09  0.00172633 -0.0027755  0.0072334  -0.203231 -0.0206079   0.975619
1.77458e+09   -0.00253473 -0.000644969   0.00829866  -0.201766 -0.0186548   0.973178
1.77458e+09   -0.0153179 0.000420297   0.0072334  -0.204207 -0.0196314   0.977084
1.77458e+09  -0.0270358 0.00255083 0.00510287  -0.204207 -0.0206079   0.977084
1.77458e+09    -0.0110568 -0.000644969   0.00829866  -0.201033 -0.0171899   0.971225
1.77458e+09   -0.00999158 -0.000644969   0.00829866  -0.204207 -0.0201196   0.974154
1.77458e+09   0.0113137 -0.0027755  0.0146903  -0.201277 -0.0201196   0.974643
1.77458e+09    0.0145095 -0.00597129   0.0072334  -0.202986 -0.0206079   0.972689
1.77458e+09   0.00172633 -0.00384076   0.0125597  -0.202254 -0.0271997    0.97684
1.77458e+09   -0.0163832 0.000420297   0.0040376  -0.201277 -0.0201196   0.974154
1.77458e+09  -0.00679579 0.000420297   0.0125597  -0.204695 -0.0162134   0.974154
1.77458e+09  0.00918318 -0.0027755  0.0157555 -0.200057  -0.02427  0.974154
1.77458e+09    0.0187706 -0.00597129   0.0125597  -0.203231 -0.0113306   0.973666
1.77458e+09   0.00279159 -0.00490603   0.0125597  -0.204207 -0.0237817   0.978549
1.77458e+09   0.00811792 -0.00490603  0.00829866  -0.199324 -0.0250024   0.974398
1.77458e+09    0.0134442 -0.00703656   0.0125597  -0.203963 -0.0157251   0.972201
1.77458e+09  -0.00786105 -0.00171023   0.0146903  -0.202254 -0.0284204   0.978061
1.77458e+09    0.0177053 -0.00810182  0.00510287  -0.200301 -0.0167017   0.971713
1.77458e+09   -0.0004042 -0.00171023   0.0114945  -0.201277 -0.0188989   0.971225
1.77458e+09   -0.0185137 0.000420297   0.0040376  -0.202254 -0.0230493   0.975619
1.77458e+09  0.00279159 -0.0027755 0.00829866  -0.203963 -0.0176782   0.976107
1.77458e+09   0.00279159 -0.00490603  0.00190707  -0.204451 -0.0235376   0.976107
1.77458e+09  -0.0163832 -0.0027755 0.00297233  -0.205428 -0.0210962   0.977572
1.77458e+09  -0.0142526 -0.0027755 0.00936393   -0.20201 -0.0230493   0.976107
1.77458e+09    -0.0153179 -0.000644969   0.00936393  -0.201766 -0.0184107   0.971469
1.77458e+09    0.0230316 -0.00916708   0.0072334   -0.20201 -0.0186548   0.973178
1.77458e+09    0.0134442 -0.00703656  0.00190707  -0.200789 -0.0218286   0.973666
1.77458e+09   -0.0163832 -0.00171023 0.000841811   -0.20201 -0.0220728   0.972934
1.77458e+09   0.00385686 -0.00171023    0.013625   -0.20201 -0.0223169   0.974398
1.77458e+09   0.00492212 -0.00703656  0.00190707  -0.204939 -0.0208521   0.977572
1.77458e+09    -0.0206442 -0.000644969   0.00616813  -0.203231 -0.0196314   0.977572
1.77458e+09   0.00598739 -0.00384076  0.00936393  -0.201277 -0.0181665   0.976107
1.77458e+09      0.01664 -0.00810182  0.00829866  -0.203231 -0.0191431   0.974643
1.77458e+09  -0.00146946 -0.00597129 0.000841811  -0.203963 -0.0171899   0.975863
1.77458e+09   -0.0217095 -0.00171023  0.00297233   -0.20201 -0.0191431    0.97391
1.77458e+09     -0.019579 -0.000644969    0.0072334  -0.202742 -0.0191431   0.972934
1.77458e+09   0.00172633 -0.00703656   0.0072334  -0.202254 -0.0252466   0.978549
1.77458e+09  -0.00892632 -0.00171023  0.00936393  -0.202742 -0.0198755   0.974643
1.77458e+09    0.0145095 -0.00703656    0.013625  -0.204207 -0.0169458   0.975619
1.77458e+09  -0.00573052 -0.00171023   0.0157555  -0.199324 -0.0201196   0.972689
1.77458e+09  -0.00146946 -0.00384076   0.0072334  -0.201277 -0.0201196   0.976107
1.77458e+09    -0.019579 0.000420297   0.0072334  -0.199813 -0.0223169   0.972689
1.77458e+09  -0.0163832 0.00148556  0.0125597   -0.20201 -0.0181665   0.973178
1.77458e+09  -0.00679579 -0.00171023  0.00936393  -0.203963 -0.0262232   0.980258
1.77458e+09   -0.00146946 -0.000644969   0.00616813   -0.19908 -0.0191431   0.973422
1.77458e+09   0.00811792 -0.00384076  0.00829866  -0.200789 -0.0201196   0.975131
1.77458e+09    0.0155748 -0.00384076   0.0104292  -0.199568 -0.0232935   0.978061
1.77458e+09    0.0240969 -0.00703656  0.00616813  -0.200545 -0.0169458   0.971469
1.77458e+09    0.0102484 -0.00703656  0.00510287  -0.200545 -0.0196314   0.975131
1.77458e+09    -0.0110568 -0.000644969   0.00936393   -0.20201 -0.0213403   0.975619
1.77458e+09    0.0155748 -0.00490603   0.0114945  -0.198348 -0.0201196   0.973178
1.77458e+09    0.0113137 -0.00597129   0.0040376  -0.201277 -0.0174341   0.972689
1.77458e+09    0.00172633  -0.00490603 -0.000223458  -0.200789 -0.0193872   0.974643
1.77458e+09    -0.0142526 -0.000644969  0.000841811  -0.202498 -0.0179224   0.976352
1.77458e+09    -0.0142526 -0.000644969   0.00510287  -0.203231 -0.0157251   0.974154
1.77458e+09    -0.0142526 -0.000644969    0.0114945 -0.198348 -0.022561  0.973666
1.77458e+09   -0.0131874 -0.00171023   0.0072334  -0.202254 -0.0220728   0.975619
1.77458e+09   0.00705265 -0.00490603   0.0104292 -0.200789  -0.02427  0.976596
1.77458e+09    -0.0131874 -0.000644969    0.0072334  -0.197859 -0.0201196   0.971713
1.77458e+09    0.0209011 -0.00384076   0.0157555  -0.202742 -0.0210962    0.97391
1.77458e+09   -0.0110568 0.000420297   0.0114945  -0.203231 -0.0145044   0.974154
1.77458e+09  0.000661066 -0.00171023   0.0146903  -0.204695 -0.0147485   0.976107
1.77458e+09   0.00385686 -0.00384076   0.0104292  -0.200057 -0.0271997   0.975863
1.77458e+09   -0.00679579 -0.000644969    0.0146903  -0.204207 -0.0171899   0.977572
1.77458e+09   0.00598739 -0.00490603   0.0168208  -0.203719 -0.0262232   0.976107
1.77458e+09    0.0177053 -0.00597129   0.0114945  -0.198348 -0.0247583   0.971713
1.77458e+09    0.0198358 -0.00703656  0.00616813  -0.201277 -0.0184107   0.972934
1.77458e+09    -0.0121221 -0.000644969    0.0040376  -0.198836 -0.0213403   0.971469
1.77458e+09   -0.0206442  0.00148556 0.000841811  -0.203963 -0.0191431   0.976352
1.77458e+09   0.0102484 -0.0027755  0.0114945  -0.203963 -0.0210962   0.977084
1.77458e+09   -0.0174484 0.000420297  0.00510287  -0.203475 -0.0254907    0.98099
1.77458e+09  -0.0217095 0.00148556   0.013625  -0.204451 -0.0218286   0.977328
1.77458e+09    0.00172633 -0.000644969    0.0146903  -0.201522 -0.0230493   0.971225
1.77458e+09    0.0145095 -0.00490603   0.0168208  -0.203719 -0.0157251   0.975619
1.77458e+09   0.00492212 -0.00597129   0.0072334  -0.202986 -0.0201196   0.976107
1.77458e+09     -0.02384 0.000420297   0.0072334  -0.198836 -0.0201196   0.971469
1.77458e+09   -0.0142526 -0.00171023  0.00829866  -0.201766 -0.0198755   0.970492
1.77458e+09   0.00598739 -0.00384076   0.0114945  -0.200057 -0.0247583   0.977328
1.77458e+09  -0.0110568 0.00255083  0.0104292  -0.205428 -0.0196314    0.97684
1.77458e+09  -0.00359999  -0.0027755   0.0072334  -0.201277 -0.0188989   0.974154
1.77458e+09  -0.0206442 0.00255083  0.0104292  -0.203231 -0.0203638   0.977572
1.77458e+09   0.00279159 -0.00490603  0.00829866  -0.202254 -0.0196314   0.976596
1.77458e+09   0.00811792 -0.00597129  0.00510287  -0.202742 -0.0196314   0.975619
1.77458e+09     0.012379 -0.00490603   0.0072334  -0.206404 -0.0215845   0.977572
1.77458e+09     0.012379 -0.00384076  0.00829866 -0.202498 -0.022561  0.977816
1.77458e+09    0.0240969 -0.00703656   0.0125597   -0.20201 -0.0228052   0.973178
1.77458e+09    0.0240969 -0.00703656  0.00936393  -0.200789 -0.0215845   0.973666
1.77458e+09   0.00811792 -0.00490603   0.0072334  -0.203231 -0.0181665   0.972689
1.77458e+09    -0.02384 0.00148556 0.00616813  -0.203231 -0.0203638   0.973666
1.77458e+09    0.0187706 -0.00703656   0.0114945  -0.204451 -0.0179224   0.974398
1.77458e+09   -0.0110568 -0.00490603  0.00936393  -0.203719 -0.0206079   0.975619
1.77458e+09   -0.0163832 0.000420297   0.0125597 -0.202986 -0.022561  0.976107
1.77458e+09    0.0145095 -0.00490603   0.0125597  -0.203963 -0.0201196   0.974154
1.77458e+09    0.0187706 -0.00810182   0.0104292  -0.202254 -0.0181665   0.971957
1.77458e+09   0.00705265 -0.00597129  0.00616813  -0.202986 -0.0179224   0.973666
1.77458e+09   -0.0004042 -0.00490603  0.00297233  -0.201766 -0.0203638   0.973666
1.77458e+09    0.0155748 -0.00703656  0.00936393  -0.203231 -0.0198755   0.974154
1.77458e+09  -0.00146946 -0.00171023  0.00829866  -0.205672 -0.0196314   0.978061
1.77458e+09   0.00492212 -0.00703656   0.0040376  -0.204939 -0.0179224   0.975619
1.77458e+09   -0.00999158 -0.000644969   0.00936393  -0.202254 -0.0198755   0.974643
1.77458e+09   0.00811792 -0.00810182  0.00510287  -0.201766 -0.0206079   0.974643
1.77458e+09   -0.0131874 -0.00384076  0.00297233  -0.202742 -0.0188989   0.974643
1.77458e+09  0.000661066 -0.00384076  0.00936393  -0.202254 -0.0206079   0.973178
1.77458e+09     0.012379 -0.00703656   0.0146903  -0.201522 -0.0235376   0.974643
1.77458e+09  0.000661066 -0.00384076   0.0157555  -0.202742 -0.0188989   0.976107
1.77458e+09   0.00918318 -0.00490603   0.0104292  -0.200545 -0.0237817    0.97684
1.77458e+09    0.0272927 -0.00916708   0.0157555  -0.199813 -0.0215845   0.973666
1.77458e+09    0.0145095 -0.00916708  0.00616813  -0.202986 -0.0174341   0.974398
1.77458e+09  -0.00146946 -0.00810182  0.00297233  -0.201033 -0.0203638   0.973178
1.77458e+09  -0.00146946 -0.00597129  0.00190707  -0.200301 -0.0215845   0.975131
1.77458e+09  -0.00146946 -0.00384076  0.00829866  -0.201277 -0.0206079    0.97391
1.77458e+09     0.012379 -0.00490603   0.0104292 -0.200789 -0.022561  0.977572
1.77458e+09    0.0209011 -0.00490603   0.0157555  -0.201766 -0.0196314   0.975619
1.77458e+09    0.0230316 -0.00810182   0.0072334  -0.201277 -0.0188989   0.972445
1.77458e+09  -0.00786105  -0.0027755  0.00510287  -0.200301 -0.0215845   0.977328
1.77458e+09    -0.0142526 -0.000644969   0.00297233  -0.200301 -0.0206079   0.975619
1.77458e+09    -0.0110568 -0.000644969   0.00829866  -0.200789 -0.0201196   0.972201
1.77458e+09     -0.02384 -0.00171023   0.0040376  -0.201277 -0.0213403   0.976107
1.77458e+09  0.00279159 -0.0027755  0.0125597  -0.200789 -0.0201196   0.975131
1.77458e+09    -0.0142526 -0.000644969   0.00190707  -0.199324 -0.0181665   0.972689
1.77458e+09   0.00598739 -0.00171023   0.0125597  -0.199324 -0.0201196   0.972445
1.77458e+09  -0.00466526  -0.0027755  0.00616813  -0.201522 -0.0196314   0.976107
1.77458e+09  0.000661066  -0.0027755  0.00616813  -0.200301 -0.0213403   0.976352
1.77458e+09  -0.00679579 -0.00171023  0.00936393   -0.20201 -0.0215845   0.974398
1.77458e+09   -0.0131874 0.000420297  0.00829866  -0.201522 -0.0188989   0.977084
1.77458e+09   -0.00786105 -0.000644969    0.0072334  -0.201277 -0.0201196   0.976352
1.77458e+09    0.0145095 -0.00490603    0.013625  -0.200301 -0.0201196   0.974398
1.77458e+09    0.0145095 -0.00916708   0.0072334  -0.199813 -0.0186548   0.973178
1.77458e+09  -0.00573052 -0.00490603 0.000841811  -0.201766 -0.0181665    0.97391
1.77458e+09   -0.0206442 0.000420297   0.0157555 -0.199324  -0.02427  0.974154
1.77458e+09  0.00492212 -0.0027755 0.00936393  -0.199813 -0.0215845   0.974398
1.77458e+09   -0.00253473 -0.000644969    0.0125597  -0.204451 -0.0181665   0.978061
1.77458e+09    0.0177053 -0.00171023   0.0168208  -0.199568 -0.0198755   0.974154
1.77458e+09    0.0187706 -0.00597129   0.0072334  -0.203719 -0.0132837   0.973178
1.77458e+09   -0.0004042 -0.00384076   0.0072334 -0.202742 -0.022561  0.978305
1.77458e+09    -0.0153179 -0.000644969   0.00510287  -0.199813 -0.0223169   0.977084
1.77458e+09   0.000661066 -0.000644969   0.00936393  -0.203719 -0.0206079   0.973422
1.77458e+09   -0.00786105 -0.000644969   0.00936393  -0.201766 -0.0201196   0.972201
1.77458e+09   0.00598739 -0.00597129  0.00510287  -0.201277 -0.0201196    0.97391
1.77458e+09  -0.00892632  0.00361609   0.0114945  -0.201277 -0.0147485   0.971713
1.77458e+09   0.00279159  -0.0027755 0.000841811  -0.201766 -0.0181665    0.97391
1.77458e+09   -0.00679579 -0.000644969    0.0072334  -0.204939 -0.0213403   0.975863
1.77458e+09   0.00918318 -0.00384076   0.0114945  -0.205184 -0.0206079   0.977572
1.77458e+09  0.00598739 -0.0027755  0.0146903   -0.20616 -0.0220728   0.977084
1.77458e+09   -0.00786105 -0.000644969    0.0146903  -0.204207 -0.0188989   0.976596
1.77458e+09   -0.0121221 0.000420297   0.0146903  -0.202986 -0.0176782   0.975619
1.77458e+09    0.0155748 -0.00597129   0.0104292  -0.205428 -0.0157251   0.973178
1.77458e+09  -0.00786105 -0.00490603  0.00616813 -0.199324 -0.022561  0.972445
1.77458e+09    -0.02384 0.00148556 0.00936393  -0.202986 -0.0206079   0.972201
1.77458e+09    0.0187706 -0.00597129  0.00936393  -0.204207 -0.0228052   0.974887
1.77458e+09  -0.00892632 -0.00171023  0.00297233  -0.200789 -0.0257349   0.974398
1.77458e+09  0.000661066  -0.0027755  0.00936393   -0.20616 -0.0162134   0.976107
1.77458e+09   -0.0163832 -0.00171023  0.00616813  -0.204451 -0.0230493   0.975619
1.77458e+09   -0.0142526 0.000420297   0.0125597  -0.203231 -0.0218286   0.975619
1.77458e+09   -0.00679579 -0.000644969    0.0125597  -0.203719 -0.0230493   0.976596
1.77458e+09  0.000661066 -0.00490603  0.00936393  -0.203719 -0.0220728   0.975619
1.77458e+09  -0.00573052 -0.00384076 0.000841811  -0.201766 -0.0213403   0.972201
1.77458e+09    0.0113137 -0.00810182  0.00510287  -0.200789 -0.0213403   0.971957
1.77458e+09  -0.0270358 0.00148556  0.0040376  -0.202254 -0.0237817   0.976596
1.77458e+09   0.00811792 -0.00171023   0.0114945  -0.201033 -0.0171899   0.973666
1.77458e+09   0.00172633 -0.00490603  0.00297233  -0.202254 -0.0240259   0.974398
1.77458e+09   0.00705265 -0.00490603   0.0104292  -0.203963 -0.0210962   0.976107
1.77458e+09   0.00172633 -0.00597129  0.00510287 -0.202742  -0.02427  0.978305
1.77458e+09    0.0134442 -0.00703656   0.0040376   -0.20201 -0.0218286   0.974887
1.77458e+09    0.0113137 -0.00490603  0.00829866  -0.205184 -0.0196314   0.974154
1.77458e+09   0.00705265 -0.00490603   0.0104292  -0.200301 -0.0196314   0.975619
1.77458e+09  -0.00786105 -0.00384076  0.00190707  -0.203231 -0.0162134   0.975131
1.77458e+09   -0.0185137 -0.00171023   0.0040376  -0.198348 -0.0210962   0.969271
1.77458e+09   0.00172633 -0.00490603 0.000841811  -0.200789 -0.0201196   0.972689
1.77458e+09  -0.00146946 -0.00490603  0.00616813 -0.201277 -0.015481  0.974643
1.77458e+09    -0.0249053 -0.000644969   0.00936393  -0.204451 -0.0181665   0.973666
1.77458e+09     0.01664 -0.0102323 0.00936393  -0.201277 -0.0210962   0.975619
1.77458e+09    0.0145095 -0.00703656  0.00936393  -0.202498 -0.0169458   0.977572
1.77458e+09   0.00172633 -0.00490603   0.0114945  -0.202254 -0.0208521   0.975863
1.77458e+09   -0.00146946 -0.000644969   0.00829866 -0.198348 -0.031106  0.972689
1.77458e+09  0.00918318 -0.0027755   0.013625   -0.203963 -0.00986573    0.974643
1.77458e+09   -0.00466526 -0.000644969     0.013625  -0.201277 -0.0247583   0.975619
1.77458e+09   0.00492212 -0.00384076   0.0114945  -0.200301 -0.0220728   0.975863
1.77458e+09   -0.0131874 -0.00171023   0.0072334  -0.203475 -0.0186548   0.978549
1.77458e+09   -0.00359999  -0.00597129 -0.000223458  -0.201033 -0.0245142   0.978061
1.77458e+09   0.00492212 -0.00810182  0.00616813  -0.202254 -0.0215845   0.974887
1.77458e+09   0.00385686 -0.00810182   0.0040376  -0.199813 -0.0237817   0.973178
1.77458e+09    0.0134442 -0.00810182  0.00510287  -0.198836 -0.0203638   0.973422
1.77458e+09    0.0198358 -0.00810182 0.000841811  -0.199813 -0.0186548   0.970248
1.77458e+09    -0.0185137   0.00255083 -0.000223458  -0.200789 -0.0208521   0.973422
1.77458e+09   0.00705265 -0.00171023   0.0072334  -0.203231 -0.0162134   0.975375
1.77458e+09   -0.00253473 -0.000644969   0.00936393  -0.203719 -0.0201196   0.976596
1.77458e+09   0.00172633 0.000420297   0.0114945  -0.201766 -0.0206079   0.974154
1.77458e+09   -0.00892632 -0.000644969    0.0104292  -0.202254 -0.0184107   0.976352
1.77458e+09   -0.0174484 -0.00384076 0.000841811  -0.203231 -0.0162134   0.972934
1.77458e+09   -0.0174484 -0.00384076 0.000841811  -0.203231 -0.0162134   0.972934
1.77458e+09    -0.0142526 -0.000644969    0.0072334  -0.200301 -0.0191431   0.974154
1.77458e+09  -0.0131874 0.00148556  0.0125597  -0.202254 -0.0206079   0.976352
1.77458e+09  -0.0174484 0.00148556  0.0104292  -0.199813 -0.0218286   0.973178
1.77458e+09  -0.0174484 0.00148556  0.0104292  -0.199813 -0.0218286   0.973178
1.77458e+09  -0.00359999  -0.0027755   0.0157555  -0.201766 -0.0171899   0.975375
1.77458e+09  -0.00359999  -0.0027755   0.0157555  -0.201766 -0.0171899   0.975375
1.77458e+09    0.0145095 -0.00916708   0.0104292  -0.203231 -0.0179224   0.975131
1.77458e+09    0.0145095 -0.00916708   0.0104292  -0.203231 -0.0179224   0.975131
1.77458e+09    0.0102484 -0.00703656  0.00829866  -0.201277 -0.0213403   0.974398
1.77458e+09    0.0102484 -0.00703656  0.00829866  -0.201277 -0.0213403   0.974398
1.77458e+09   0.0219664 -0.0102323 0.00510287  -0.199568 -0.0235376   0.974887
1.77458e+09   0.0219664 -0.0102323 0.00510287  -0.199568 -0.0235376   0.974887
1.77458e+09    0.0145095 -0.00597129  0.00616813  -0.201766 -0.0215845   0.975131
1.77458e+09    0.0145095 -0.00597129  0.00616813  -0.201766 -0.0215845   0.975131
1.77458e+09   0.00385686 -0.00384076  0.00936393  -0.201277 -0.0203638   0.978549
1.77458e+09   0.00385686 -0.00384076  0.00936393  -0.201277 -0.0203638   0.978549
1.77458e+09      0.01664 -0.00916708  0.00297233  -0.199324 -0.0210962   0.974887
1.77458e+09      0.01664 -0.00916708  0.00297233  -0.199324 -0.0210962   0.974887
1.77458e+09    0.0230316 -0.00916708 0.000841811  -0.201033 -0.0201196   0.971713
1.77458e+09    0.0230316 -0.00916708 0.000841811  -0.201033 -0.0201196   0.971713
1.77458e+09  -0.0206442 0.00255083  0.0040376  -0.202498 -0.0220728    0.97684
1.77458e+09  -0.0206442 0.00255083  0.0040376  -0.202498 -0.0220728    0.97684
1.77458e+09    0.0102484 -0.00490603  0.00510287  -0.202742 -0.0196314   0.972445
1.77458e+09    0.0102484 -0.00490603  0.00510287  -0.202742 -0.0196314   0.972445
1.77458e+09     0.012379 -0.00597129  0.00936393  -0.206893 -0.0206079   0.980746
1.77458e+09     0.012379 -0.00597129  0.00936393  -0.206893 -0.0206079   0.980746
1.77458e+09   -0.0206442 0.000420297  0.00936393  -0.203475 -0.0159692   0.972201
1.77458e+09   -0.0206442 0.000420297  0.00936393  -0.203475 -0.0159692   0.972201
1.77458e+09  0.00811792 -0.0027755 0.00829866   -0.20201 -0.0191431   0.973178
1.77458e+09  0.00811792 -0.0027755 0.00829866   -0.20201 -0.0191431   0.973178
1.77458e+09    -0.0174484 -0.000644969   0.00829866 -0.202742  -0.02427  0.974154
1.77458e+09  -0.0281011 0.00255083  0.0072334  -0.203231 -0.0167017   0.972689
1.77458e+09  -0.0270358 0.00361609 0.00936393  -0.202254 -0.0201196   0.973666
1.77458e+09   0.0102484 -0.0027755 0.00616813  -0.205916 -0.0198755   0.977572
1.77458e+09    -0.0153179 -0.000644969   0.00829866  -0.204939 -0.0188989   0.978549
1.77458e+09    -0.0131874 -0.000644969    0.0114945  -0.203719 -0.0206079   0.975863
1.77458e+09  -0.00679579 -0.00490603    0.013625  -0.204207 -0.0181665   0.974643
1.77458e+09  -0.00786105 -0.00597129   0.0072334  -0.201522 -0.0215845   0.974887
1.77458e+09  0.000661066 -0.00490603  0.00829866  -0.200301 -0.0218286   0.972201
1.77458e+09    0.00385686  -0.00597129 -0.000223458  -0.201766 -0.0201196   0.973178
1.77458e+09   -0.0163832 0.000420297   0.0114945  -0.200301 -0.0220728   0.974154
1.77458e+09    -0.02384 0.00148556 0.00829866  -0.203963 -0.0196314   0.975619
1.77458e+09    -0.019579 -0.00171023  0.00297233  -0.202742 -0.0191431   0.975131
1.77458e+09    0.0145095 -0.00810182   0.0040376  -0.201277 -0.0193872   0.973666
1.77458e+09   0.00598739 -0.00703656  0.00297233  -0.205428 -0.0203638    0.97684
1.77458e+09   0.00811792 -0.00490603   0.0072334  -0.201277 -0.0176782   0.975619
1.77458e+09   0.0230316 -0.0102323 0.00297233  -0.199568 -0.0220728   0.973178
1.77458e+09  -0.00786105 -0.00597129 -0.00128872   -0.20201 -0.0179224   0.973178
1.77458e+09  -0.0153179 -0.0027755 0.00190707  -0.201766 -0.0201196   0.977328
1.77458e+09   -0.0121221 -0.00384076  0.00297233 -0.199324 -0.022561  0.975131
1.77458e+09    -0.0185137 -0.000644969   0.00297233  -0.199568 -0.0186548   0.971469
1.77458e+09  -0.0281011 0.00255083 0.00510287  -0.203231 -0.0186548   0.976596
1.77458e+09   0.00811792 -0.00384076   0.0146903  -0.199324 -0.0186548   0.975619
1.77458e+09  -0.00573052 -0.00490603  0.00510287  -0.202498 -0.0179224   0.974643
1.77458e+09    -0.0131874 -0.000644969   0.00936393  -0.202498 -0.0208521   0.977816
1.77458e+09  -0.00573052  -0.0027755   0.0157555  -0.201522 -0.0198755   0.976107
1.77458e+09  -0.00679579 -0.00384076   0.0040376   -0.19908 -0.0186548   0.971957
1.77458e+09  -0.00359999 -0.00490603   0.0072334 -0.200301 -0.022561  0.974154
1.77458e+09   0.00598739 -0.00703656   0.0040376  -0.201277 -0.0184107   0.974154
1.77458e+09   0.00918318 -0.00703656  0.00616813  -0.198348 -0.0237817   0.972934
1.77458e+09  -0.0302316 0.00255083 0.00297233  -0.202986 -0.0191431   0.974154
1.77458e+09   -0.0227748 -0.00171023   0.0072334  -0.201766 -0.0201196   0.976596
1.77458e+09   0.00279159 -0.00597129  0.00510287  -0.201766 -0.0215845   0.976596
1.77458e+09    0.0230316 -0.00810182   0.0104292  -0.201277 -0.0198755   0.974398
1.77458e+09   0.00705265 -0.00597129   0.0072334  -0.202742 -0.0201196   0.976352
1.77458e+09   0.00279159 -0.00171023  0.00936393  -0.201522 -0.0232935    0.97684
1.77458e+09    -0.0153179 -0.000644969   0.00510287  -0.200057 -0.0198755   0.973666
1.77458e+09   -0.0121221 0.000420297  0.00829866  -0.201522 -0.0235376   0.976107
1.77458e+09     0.012379 -0.00384076   0.0072334  -0.200789 -0.0220728   0.978061
1.77458e+09    0.0177053 -0.00810182   0.0040376  -0.202742 -0.0220728   0.976107
1.77458e+09    0.0198358 -0.00810182  0.00829866  -0.199813 -0.0203638   0.972201
1.77458e+09    0.0219664 -0.00703656 0.000841811  -0.201277 -0.0220728   0.974154
1.77458e+09    0.00918318  -0.00703656 -0.000223458  -0.200301 -0.0201196   0.976107
1.77458e+09  -0.0291663 0.00255083 0.00297233  -0.200789 -0.0232935   0.973666
1.77458e+09    0.0113137 -0.00384076  0.00297233   -0.20201 -0.0210962   0.974398
1.77458e+09    0.0177053 -0.00597129  0.00616813   -0.20201 -0.0198755   0.977816
1.77458e+09  0.000661066  -0.0027755   0.0125597  -0.200789 -0.0218286   0.975619
1.77458e+09  -0.00892632 -0.00171023   0.0072334  -0.200789 -0.0164575   0.972689
1.77458e+09    0.0102484 -0.00597129  0.00829866  -0.201033 -0.0184107   0.974643
1.77458e+09    0.0102484 -0.00597129   0.0040376  -0.202498 -0.0164575   0.974154
1.77458e+09   -0.0142526 0.000420297  0.00936393  -0.200789 -0.0210962   0.974154
1.77458e+09  -0.00146946 0.000420297  0.00936393  -0.202254 -0.0176782   0.975131
1.77458e+09   -0.00359999 -0.000644969     0.013625  -0.206404 -0.0171899   0.977572
1.77458e+09  -0.0249053 0.00255083  0.0104292  -0.200057 -0.0245142   0.973178
1.77458e+09  -0.0174484 0.00255083  0.0114945  -0.203719 -0.0162134   0.972689
1.77458e+09  -0.00573052  -0.0027755   0.0040376  -0.206893 -0.0230493   0.981234
1.77458e+09  -0.0259705 0.00255083  0.0040376  -0.203719 -0.0186548   0.976352
1.77458e+09    0.0102484 -0.00597129   0.0104292  -0.205916 -0.0132837   0.973666
1.77458e+09  -0.00999158 -0.00597129  0.00190707  -0.204451 -0.0235376   0.976596
1.77458e+09   -0.0227748 -0.00171023  0.00297233  -0.201766 -0.0186548   0.973178
1.77458e+09   -0.0185137 0.000420297   0.0114945  -0.202742 -0.0252466   0.971469
1.77458e+09    -0.0004042 -0.000644969    0.0104292  -0.200789 -0.0210962   0.971225
1.77458e+09    0.0283579 -0.00597129   0.0104292  -0.204207 -0.0186548   0.971957
1.77458e+09   -0.00786105 -0.000644969  -0.00128872  -0.202498 -0.0198755   0.973178
1.77458e+09  -0.00573052 0.000420297   0.0072334  -0.205916 -0.0174341   0.977572
1.77458e+09     -0.019579 -0.000644969   0.00297233   -0.20616 -0.0213403    0.98099
1.77458e+09   -0.0217095 -0.00171023  0.00936393  -0.204695 -0.0235376   0.977084
1.77458e+09   -0.0163832 -0.00490603   0.0114945  -0.204695 -0.0215845   0.977328
1.77458e+09  -0.00146946 -0.00703656  0.00616813  -0.201277 -0.0247583   0.975131
1.77458e+09  -0.00573052 -0.00597129  0.00616813  -0.200057 -0.0196314    0.96976
1.77458e+09   -0.00679579 -0.000644969    0.0104292  -0.199324 -0.0198755   0.972689
1.77458e+09    0.0219664 -0.00703656  0.00616813   -0.20201 -0.0213403   0.973666
1.77458e+09   0.00492212 -0.00384076   0.0072334  -0.202254 -0.0196314   0.972934
1.77458e+09  -0.00786105 0.000420297   0.0114945  -0.202742 -0.0208521   0.975131
1.77458e+09   -0.0110568 0.000420297   0.0146903  -0.202254 -0.0235376   0.977328
1.77458e+09   0.00385686 -0.00384076   0.0125597  -0.202254 -0.0171899    0.97684
1.77458e+09  -0.00573052 -0.00490603   0.0040376  -0.200789 -0.0223169   0.976107
1.77458e+09  -0.00679579  -0.0027755   0.0104292  -0.201033 -0.0198755   0.973422
1.77458e+09    0.0187706 -0.00810182   0.0072334  -0.199324 -0.0191431   0.972689
1.77458e+09   0.00172633 -0.00490603   0.0040376  -0.200789 -0.0206079   0.976352
1.77458e+09   -0.0217095 0.000420297   0.0072334  -0.199813 -0.0193872   0.975131
1.77458e+09  -0.0227748 0.00148556  0.0072334   -0.19908 -0.0218286   0.974154
1.77458e+09   0.00918318 -0.00384076  0.00616813  -0.204695 -0.0198755   0.977572
1.77458e+09    0.0113137 -0.00597129 0.000841811  -0.201033 -0.0174341   0.976107
1.77458e+09  -0.0142526 0.00148556   0.017886  -0.202254 -0.0201196   0.976596
1.77458e+09  -0.00573052 -0.00490603   0.0072334  -0.201766 -0.0196314   0.977084
1.77458e+09  0.000661066 -0.00703656  0.00297233  -0.201766 -0.0206079   0.977816
1.77458e+09   0.00385686 -0.00703656  0.00190707 -0.198348 -0.022561  0.971225
1.77458e+09  -0.0004042 -0.0027755 0.00829866  -0.199324 -0.0198755   0.971225
1.77458e+09   0.00385686 -0.00384076   0.0114945  -0.200789 -0.0171899   0.972934
1.77458e+09   0.00811792 -0.00384076    0.017886  -0.198836 -0.0228052   0.973666
1.77458e+09      0.01664 -0.00916708  0.00616813  -0.200301 -0.0196314   0.972689
1.77458e+09     0.012379 -0.00597129  0.00829866  -0.202254 -0.0206079   0.975375
1.77458e+09    0.0283579 -0.00810182   0.0114945  -0.202498 -0.0184107   0.974643
1.77458e+09    0.0209011 -0.00597129   0.0146903  -0.200789 -0.0210962   0.973422
1.77458e+09    0.0113137 -0.00384076    0.017886   -0.20201 -0.0196314   0.977084
1.77458e+09  -0.0270358 0.00148556 0.00829866  -0.202254 -0.0184107   0.975375
1.77458e+09    0.0155748 -0.00384076   0.0114945  -0.201277 -0.0218286    0.97684
1.77458e+09   -0.0004042 -0.00490603  0.00829866   -0.20201 -0.0179224   0.975375
1.77458e+09   -0.00999158 -0.000644969   0.00829866  -0.200545 -0.0198755   0.977328
1.77458e+09    0.0113137 -0.00490603  0.00616813  -0.201766 -0.0171899   0.974643
1.77458e+09    0.0102484 -0.00597129   0.0040376  -0.200545 -0.0201196   0.971713
1.77458e+09    -0.0302316   0.00255083 -0.000223458  -0.201766 -0.0206079   0.974154
1.77458e+09  -0.0270358 0.00574662  0.0125597   -0.20201 -0.0191431   0.973666
1.77458e+09    0.0177053 -0.00384076   0.0125597  -0.202986 -0.0201196   0.974154
1.77458e+09   -0.0110568 -0.00171023   0.0072334  -0.202986 -0.0181665   0.973666
1.77458e+09  -0.00999158  -0.0027755  0.00510287  -0.204451 -0.0198755   0.978549
1.77458e+09   -0.0004042 -0.00597129   0.0040376  -0.202254 -0.0196314   0.975619
1.77458e+09   0.00811792 -0.00597129  0.00616813  -0.200789 -0.0171899   0.971225
1.77458e+09    0.0145095 -0.00597129   0.0157555  -0.202498 -0.0215845   0.976107
1.77458e+09    0.0113137 -0.00597129    0.013625  -0.201766 -0.0206079    0.97391
1.77458e+09   0.00705265 -0.00490603  0.00616813  -0.202986 -0.0196314   0.975131
1.77458e+09  -0.00359999  -0.0027755  0.00936393  -0.202254 -0.0201196   0.976352
1.77458e+09    0.0177053 -0.00703656  0.00829866  -0.203231 -0.0176782   0.977084
1.77458e+09   0.00918318 -0.00597129   0.0104292  -0.202742 -0.0208521   0.975131
1.77458e+09   0.00918318 -0.00384076   0.0146903 -0.201277  -0.02427  0.974887
1.77458e+09   -0.00892632 -0.000644969    0.0114945  -0.204451 -0.0215845   0.979037
1.77458e+09   0.00705265 -0.00703656  0.00829866  -0.200301 -0.0252466    0.97391
1.77458e+09   -0.019579 0.00255083 0.00829866  -0.201766 -0.0201196   0.970492
1.77458e+09   0.00172633 -0.00171023   0.0146903  -0.202742 -0.0203638    0.97391
1.77458e+09    0.0219664 -0.00490603   0.0125597  -0.200057 -0.0215845   0.972201
1.77458e+09    0.0198358 -0.00703656  0.00190707   -0.20201 -0.0196314   0.973178
1.77458e+09    -0.0227748 -0.000644969    0.0040376 -0.204207  -0.02427  0.976107
1.77458e+09  -0.0174484 0.00148556 0.00936393  -0.202742 -0.0240259   0.976596
1.77458e+09    0.0187706 -0.00597129  0.00936393  -0.202742 -0.0220728    0.97391
1.77458e+09   -0.0185137 -0.00171023  0.00616813  -0.202254 -0.0198755   0.973422
1.77458e+09   -0.0131874 -0.00384076  0.00297233  -0.205184 -0.0186548   0.978305
1.77458e+09  -0.00466526 -0.00490603  0.00297233  -0.200789 -0.0201196   0.973666
1.77458e+09   0.00385686 -0.00490603  0.00936393  -0.199813 -0.0167017   0.973422
1.77458e+09   -0.00466526 -0.000644969    0.0114945   -0.20201 -0.0218286   0.974643
1.77458e+09  -0.00892632  0.00361609   0.0125597 -0.200789 -0.022561  0.971713
1.77458e+09    0.0155748 -0.00490603    0.013625  -0.202742 -0.0188989   0.977084
1.77458e+09   0.00385686 -0.00490603  0.00829866  -0.203719 -0.0215845   0.979281
1.77458e+09     0.012379 -0.00703656   0.0125597  -0.204695 -0.0193872   0.977572
1.77458e+09  -0.00573052  -0.0027755   0.0125597  -0.201766 -0.0196314   0.972689
1.77458e+09    -0.02384 0.00148556 0.00510287   -0.20201 -0.0223169   0.975131
1.77458e+09  -0.00999158  -0.0027755   0.0040376  -0.204695 -0.0213403   0.977084
1.77458e+09   0.00811792 -0.00490603   0.0157555  -0.201033 -0.0184107   0.970248
1.77458e+09  -0.00999158 -0.00490603 -0.00341925  -0.199324 -0.0230493   0.972689
1.77458e+09    -0.0259705 -0.000644969  0.000841811  -0.201766 -0.0186548   0.974398
1.77458e+09  -0.0121221 0.00148556 0.00190707  -0.202254 -0.0201196   0.975131
1.77458e+09    0.0134442 -0.00384076   0.0146903  -0.202254 -0.0196314   0.974154
1.77458e+09  -0.00146946 -0.00490603  0.00297233  -0.204207 -0.0223169   0.977572
1.77458e+09  -0.0270358 0.00148556 0.00616813  -0.203963 -0.0193872   0.977572
1.77458e+09  -0.00786105 0.000420297   0.0157555  -0.203231 -0.0171899    0.97391
1.77458e+09   -0.00892632 -0.000644969   0.00936393  -0.203963 -0.0215845   0.977816
1.77458e+09   -0.0174484 0.000420297  0.00936393  -0.203231 -0.0193872   0.976596
1.77458e+09   -0.00892632 -0.000644969   0.00936393   -0.20201 -0.0176782   0.972689
1.77458e+09    0.0209011 -0.00703656  0.00829866  -0.201277 -0.0230493   0.975863
1.77458e+09    0.0187706 -0.00810182  0.00936393  -0.199813 -0.0174341   0.971225
1.77458e+09  -0.0121221 -0.0027755 0.00190707  -0.199568 -0.0223169   0.972689
1.77458e+09  0.00492212 -0.0027755   0.013625  -0.201277 -0.0198755    0.97684
1.77458e+09  -0.00999158  -0.0027755  0.00829866  -0.200301 -0.0181665   0.972201
1.77458e+09   -0.0142526 -0.00171023  0.00297233  -0.202742 -0.0223169   0.976352
1.77458e+09   -0.0185137 0.000420297  0.00829866  -0.201277 -0.0210962   0.976596
1.77458e+09  -0.0206442 0.00148556 0.00829866  -0.198104 -0.0196314   0.973422
1.77458e+09  0.00705265 -0.0027755  0.0125597  -0.203963 -0.0215845   0.977572
1.77458e+09    0.0134442 -0.00490603   0.0168208  -0.200789 -0.0152368   0.974887
1.77458e+09   0.00705265 -0.00490603   0.0104292  -0.201766 -0.0171899   0.974398
1.77458e+09  -0.00253473 -0.00171023   0.0104292  -0.201277 -0.0220728   0.975863
1.77458e+09  0.000661066 -0.00703656  0.00510287  -0.200301 -0.0176782   0.975131
1.77458e+09  -0.00573052 -0.00171023   0.0072334 -0.200301 -0.022561  0.975619
1.77458e+09    -0.0121221 -0.000644969    0.0104292  -0.202986 -0.0179224   0.974398
1.77458e+09   0.00279159 -0.00597129  0.00616813  -0.200301 -0.0196314   0.974154
1.77458e+09   0.00811792 -0.00384076   0.0114945  -0.200789 -0.0193872   0.973178
1.77458e+09   0.00172633 -0.00171023   0.0168208  -0.202986 -0.0193872    0.97391
1.77458e+09   -0.0004042 0.000420297   0.0157555   -0.19908 -0.0269556   0.974643
1.77458e+09    0.0145095 -0.00171023   0.0104292  -0.203231 -0.0171899   0.974887
1.77458e+09   0.00918318 -0.00490603  0.00616813  -0.201033 -0.0237817   0.974154
1.77458e+09    0.0102484 -0.00384076  0.00297233  -0.200789 -0.0176782   0.973666
1.77458e+09   -0.0227748 0.000420297  0.00510287  -0.204695 -0.0164575   0.975619
1.77458e+09   -0.0174484 -0.00171023    0.013625  -0.198592 -0.0213403   0.976107
1.77458e+09  -0.00679579 -0.00597129   0.0040376  -0.203963 -0.0191431   0.976596
1.77458e+09   -0.0206442 -0.00171023   0.0114945  -0.198836 -0.0254907   0.973178
1.77458e+09   -0.0004042 0.000420297   0.0168208  -0.198592 -0.0247583   0.974643
1.77458e+09   0.0155748 -0.0027755  0.0200166  -0.200301 -0.0179224   0.971713
1.77458e+09    0.0113137 -0.00171023  0.00829866  -0.198836 -0.0196314   0.973178
1.77458e+09   0.0102484 -0.0027755 0.00510287  -0.206648 -0.0176782   0.979525
1.77458e+09    0.0177053 -0.00384076  0.00510287  -0.200057 -0.0188989   0.973666
1.77458e+09     0.012379 -0.00171023  0.00829866  -0.204939 -0.0230493   0.977328
1.77458e+09   -0.0185137 0.000420297  0.00510287  -0.206648 -0.0223169   0.981234
1.77458e+09   0.00279159 -0.00490603  0.00297233  -0.203719 -0.0206079   0.976107
1.77458e+09    0.0219664 -0.00810182  0.00616813  -0.204695 -0.0123071   0.973422
1.77458e+09   -0.0131874 -0.00384076  0.00616813  -0.200789 -0.0220728   0.972934
1.77458e+09  -0.00892632 0.000420297  0.00510287  -0.202742 -0.0176782   0.971225
1.77458e+09   -0.0153179 0.000420297   0.0125597  -0.203231 -0.0215845   0.971713
1.77458e+09    -0.02384 0.00361609 0.00936393  -0.202742 -0.0176782   0.971713
1.77458e+09   -0.0004042 0.000420297   0.0125597  -0.205916 -0.0210962   0.974887
1.77458e+09    0.0240969 -0.00597129   0.0125597  -0.202498 -0.0184107   0.973666
1.77458e+09    0.0145095 -0.00597129  0.00510287  -0.204695 -0.0152368   0.975131
1.77458e+09  -0.00786105 -0.00384076  0.00190707  -0.205428 -0.0240259   0.979281
1.77458e+09     -0.019579 -0.000644969    0.0146903  -0.204207 -0.0169458   0.974154
1.77458e+09  -0.00359999 -0.00810182  0.00510287  -0.205184 -0.0252466   0.977084
1.77458e+09  -0.0163832 -0.0027755  0.0040376  -0.203231 -0.0240259   0.978305
1.77458e+09  -0.0206442 0.00148556  0.0146903 -0.203963 -0.013772  0.974154
1.77458e+09  -0.00253473 -0.00384076    0.017886  -0.202742 -0.0262232   0.975619
1.77458e+09    0.0145095 -0.00597129   0.0157555  -0.199568 -0.0167017    0.97098
1.77458e+09   0.00918318 -0.00810182   0.0072334  -0.204207 -0.0191431   0.975619
1.77458e+09    0.0113137 -0.00810182  0.00510287   -0.19908 -0.0313501   0.973178
1.77458e+09  0.00918318 -0.0027755  0.0072334  -0.201277 -0.0196314   0.972689
1.77458e+09    0.0145095 -0.00384076   0.0146903  -0.205428 -0.0218286   0.976107
1.77458e+09    0.0155748 -0.00810182 -0.00554978  -0.202742 -0.0201196   0.976596
1.77458e+09    0.0230316 -0.00810182  0.00616813  -0.205428 -0.0132837    0.97391
1.77458e+09   -0.0110568 -0.00384076   0.0104292  -0.201766 -0.0247583   0.975619
1.77458e+09  -0.00786105 -0.00490603   0.0072334 -0.204207 -0.022561  0.976352
1.77458e+09   0.00811792 -0.00810182  0.00936393  -0.202742 -0.0220728   0.975131
1.77458e+09   0.00598739 -0.00810182  0.00616813  -0.200545 -0.0264673   0.972201
1.77458e+09    0.0198358 -0.00810182  0.00829866   -0.20201 -0.0169458   0.972445
1.77458e+09  0.000661066 -0.00490603 0.000841811  -0.203231 -0.0179224   0.974887
1.77458e+09    -0.0121221 -0.000644969  -0.00128872  -0.200789 -0.0191431   0.973666
1.77458e+09     -0.019579 -0.000644969  -0.00235398  -0.204695 -0.0135278   0.974154
1.77458e+09  0.00279159 -0.0027755  0.0125597  -0.202254 -0.0240259   0.977084
1.77458e+09    0.0134442 -0.00916708  0.00829866  -0.203719 -0.0254907   0.977084
1.77458e+09    0.0134442 -0.00916708  0.00829866  -0.202986 -0.0223169   0.976352
1.77458e+09   0.00385686 -0.00810182  0.00510287  -0.202742 -0.0213403   0.975619
1.77458e+09  -0.00359999 -0.00810182   0.0040376  -0.201522 -0.0157251   0.972689
1.77458e+09   -0.0131874 0.000420297   0.0146903  -0.198836 -0.0174341   0.972689
1.77458e+09   -0.0131874 0.000420297   0.0146903  -0.198836 -0.0174341   0.972689
1.77458e+09  -0.00359999 -0.00171023   0.0125597  -0.200301 -0.0203638   0.974887
1.77458e+09  -0.00359999 -0.00171023   0.0125597  -0.200301 -0.0203638   0.974887
1.77458e+09    0.0155748 -0.00810182   0.0104292  -0.201277 -0.0215845   0.979525
1.77458e+09    0.0155748 -0.00810182   0.0104292  -0.201277 -0.0215845   0.979525
1.77458e+09   0.00172633 -0.00490603   0.0114945  -0.198592 -0.0157251   0.974887
1.77458e+09   0.00172633 -0.00490603   0.0114945  -0.198592 -0.0157251   0.974887
1.77458e+09   0.00492212 -0.00490603   0.0040376  -0.199324 -0.0191431   0.976107
1.77458e+09   0.00492212 -0.00490603   0.0040376  -0.199324 -0.0191431   0.976107
1.77458e+09    0.0177053 -0.00384076    0.013625  -0.197859 -0.0232935   0.974643
1.77458e+09    0.0177053 -0.00384076    0.013625  -0.197859 -0.0232935   0.974643
1.77458e+09   -0.0121221 0.000420297   0.0040376  -0.198348 -0.0220728    0.97391
1.77458e+09   -0.0121221 0.000420297   0.0040376  -0.198348 -0.0220728    0.97391
1.77458e+09  -0.0142526 0.00255083 0.00936393  -0.202742 -0.0215845   0.974887
1.77458e+09  -0.0142526 0.00255083 0.00936393  -0.202742 -0.0215845   0.974887
1.77458e+09  -0.00679579  -0.0027755  0.00510287  -0.202742 -0.0179224   0.975863
1.77458e+09  -0.00679579  -0.0027755  0.00510287  -0.202742 -0.0179224   0.975863
1.77458e+09  0.00811792 -0.0027755  0.0125597  -0.203475 -0.0171899   0.974643
1.77458e+09  0.00811792 -0.0027755  0.0125597  -0.203475 -0.0171899   0.974643
1.77458e+09  0.000661066 -0.00384076  0.00510287  -0.202254 -0.0162134   0.973666
1.77458e+09  0.000661066 -0.00384076  0.00510287  -0.202254 -0.0162134   0.973666
1.77458e+09    -0.0121221 -0.000644969    0.0040376  -0.202742 -0.0193872   0.974154
1.77458e+09    -0.0121221 -0.000644969    0.0040376  -0.202742 -0.0193872   0.974154
1.77458e+09  0.00811792 -0.0027755  0.0114945  -0.201277 -0.0215845    0.97684
1.77458e+09  0.00811792 -0.0027755  0.0114945  -0.201277 -0.0215845    0.97684
1.77458e+09   -0.00786105  -0.00384076 -0.000223458  -0.202254 -0.0191431   0.972445
1.77458e+09    0.0102484 -0.00703656  0.00829866  -0.200545 -0.0210962   0.972689
1.77458e+09  -0.0131874 -0.0027755  0.0040376  -0.204451 -0.0223169   0.975619
1.77458e+09  -0.0131874 -0.0027755  0.0040376  -0.204451 -0.0223169   0.975619
1.77458e+09  -0.0227748 0.00148556  0.0114945  -0.204207 -0.0210962   0.974154
1.77458e+09    -0.0110568 -0.000644969   0.00936393  -0.203231 -0.0220728   0.978305
1.77458e+09   -0.0174484 0.000420297   0.0114945  -0.203231 -0.0201196   0.973666
1.77458e+09  -0.00253473 0.000420297   0.0200166  -0.203231 -0.0201196   0.973666
1.77458e+09    0.0177053 -0.00490603   0.0114945  -0.201522 -0.0223169   0.975619
1.77458e+09   0.00811792 -0.00703656  0.00510287  -0.203719 -0.0245142   0.976107
1.77458e+09  0.00811792 -0.0027755 0.00936393   -0.20201 -0.0210962   0.975131
1.77458e+09  0.00811792 -0.0027755 0.00936393   -0.20201 -0.0210962   0.975131
1.77458e+09  -0.0291663 0.00255083 0.00510287  -0.203719 -0.0215845   0.978061
1.77458e+09  -0.0185137 0.00255083 0.00936393  -0.203231 -0.0198755   0.975375
1.77458e+09    -0.019579 0.000420297   0.0072334  -0.203475 -0.0230493   0.974643
1.77458e+09   0.00918318 -0.00597129   0.0072334  -0.204207 -0.0230493   0.976596
1.77458e+09    0.0209011 -0.00810182  0.00936393  -0.203231 -0.0208521   0.974643
1.77458e+09    0.0113137 -0.00490603    0.013625  -0.202254 -0.0210962   0.972689
1.77458e+09    -0.0121221 -0.000644969    0.0104292   -0.20201 -0.0186548   0.974154
1.77458e+09    0.0198358 -0.00703656   0.0125597  -0.202498 -0.0203638   0.974154
1.77458e+09   0.00279159 -0.00171023    0.013625  -0.200789 -0.0223169   0.974643
1.77458e+09    -0.0142526 -0.000644969   0.00510287  -0.201522 -0.0208521   0.973178
1.77458e+09  -0.0121221 0.00148556  0.0104292  -0.202254 -0.0218286   0.975619
1.77458e+09  -0.00786105 -0.00171023  0.00936393  -0.202498 -0.0176782   0.975619
1.77458e+09   -0.0131874 -0.00171023  0.00829866  -0.204939 -0.0198755   0.975619
1.77458e+09   -0.0163832 0.000420297   0.0146903  -0.202254 -0.0208521    0.97684
1.77458e+09     0.012379 -0.00597129   0.0168208  -0.202742 -0.0159692   0.975375
1.77458e+09   0.0230316 -0.0102323  0.0104292  -0.200789 -0.0228052   0.973666
1.77458e+09    0.0145095 -0.00916708   0.0114945  -0.200301 -0.0196314   0.972445
1.77458e+09  -0.00999158 -0.00171023  0.00936393  -0.201766 -0.0196314   0.974154
1.77458e+09   0.00918318 -0.00490603   0.0104292  -0.199813 -0.0218286   0.973422
1.77458e+09    -0.0131874 -0.000644969   0.00829866  -0.200545 -0.0184107   0.973422
1.77458e+09    -0.0004042 -0.000644969    0.0157555  -0.203963 -0.0210962   0.978305
1.77458e+09      0.01664 -0.00490603   0.0114945  -0.202254 -0.0188989   0.977084
1.77458e+09    0.0145095 -0.00810182  0.00510287  -0.199813 -0.0181665   0.970736
1.77458e+09  -0.0110568 -0.0027755  0.0125597  -0.200301 -0.0193872   0.974398
1.77458e+09    -0.0174484 -0.000644969    0.0104292  -0.201766 -0.0184107   0.977816
1.77458e+09  -0.00999158 -0.00384076  0.00510287  -0.197859 -0.0208521   0.972445
1.77458e+09   0.00811792 -0.00490603  0.00829866  -0.200789 -0.0186548   0.971713
1.77458e+09  -0.0174484 0.00255083 0.00616813  -0.200789 -0.0198755   0.976596
1.77458e+09  -0.0227748 0.00255083 0.00297233  -0.198104 -0.0191431   0.973422
1.77458e+09     0.012379 -0.00703656  0.00616813  -0.200545 -0.0179224   0.972934
1.77458e+09  -0.00786105 0.000420297  0.00616813  -0.201277 -0.0235376   0.977816
1.77458e+09   -0.0110568 -0.00171023   0.0040376  -0.204207 -0.0171899    0.97684
1.77458e+09    -0.0206442 -0.000644969   0.00829866  -0.201033 -0.0203638   0.976107
1.77458e+09      -0.02384  0.000420297 -0.000223458  -0.204695 -0.0215845   0.979037
1.77458e+09  -0.00679579  -0.0027755  0.00616813  -0.201766 -0.0147485   0.974643
1.77458e+09  -0.00253473 -0.00171023   0.0072334  -0.199324 -0.0201196    0.96976
1.77458e+09    0.0113137 -0.00490603  0.00829866  -0.202498 -0.0167017   0.974643
1.77458e+09      0.01664 -0.00597129   0.0072334  -0.199324 -0.0201196   0.971713
1.77458e+09  -0.0206442 0.00361609  0.0104292  -0.200545 -0.0191431   0.971713
1.77458e+09   -0.00679579 -0.000644969   0.00510287  -0.202742 -0.0215845   0.974398
1.77458e+09  -0.0217095 0.00148556 0.00936393  -0.202254 -0.0186548   0.975619
1.77458e+09   0.000661066 -0.000644969    0.0157555  -0.205428 -0.0186548   0.978061
1.77458e+09  -0.0004042 -0.0027755  0.0157555  -0.201766 -0.0210962   0.974643
1.77458e+09   0.00385686 -0.00490603 -0.00128872  -0.202254 -0.0235376   0.975619
1.77458e+09  -0.0142526 -0.0027755 0.00297233 -0.203719 -0.022561  0.977572
1.77458e+09   0.00172633 -0.00384076   0.0104292   -0.20201 -0.0213403   0.975619
1.77458e+09    0.0145095 -0.00703656  0.00829866  -0.202254 -0.0215845   0.971469
1.77458e+09  -0.00892632  0.00148556  0.00829866  -0.201277 -0.0220728   0.975131
1.77458e+09   -0.0174484 0.000420297   0.0104292  -0.201766 -0.0257349   0.977084
1.77458e+09    0.0113137 -0.00703656 0.000841811  -0.198348 -0.0215845   0.973178
1.77458e+09  -0.0206442 0.00255083   0.013625  -0.204451 -0.0223169   0.974643
1.77458e+09    0.0102484 -0.00597129  0.00297233  -0.201277 -0.0230493   0.975619
1.77458e+09     0.012379 -0.00597129  0.00297233  -0.201522 -0.0174341   0.973666
1.77458e+09    0.0113137 -0.00810182  0.00510287  -0.201766 -0.0257349    0.97684
1.77458e+09  -0.00359999 -0.00597129 0.000841811  -0.201277 -0.0196314   0.976596
1.77458e+09   -0.0259705 0.000420297 -0.00235398  -0.202498 -0.0213403   0.973178
1.77458e+09   -0.0217095 0.000420297   0.0040376  -0.201766 -0.0181665   0.972201
1.77458e+09   -0.00892632 -0.000644969    0.0104292 -0.200301 -0.022561  0.973666
1.77458e+09    0.00492212 -0.000644969    0.0168208  -0.201766 -0.0184107   0.974154
1.77458e+09  -0.00573052 -0.00171023  0.00616813  -0.202254 -0.0164575   0.974154
1.77458e+09  -0.0217095 0.00468135  0.0104292  -0.202742 -0.0230493   0.975375
1.77458e+09    0.00705265 -0.000644969    0.0146903  -0.206893 -0.0157251   0.978549
1.77458e+09    0.0134442 -0.00703656   0.0104292  -0.202742 -0.0206079   0.976107
1.77458e+09   0.00172633 -0.00597129  0.00616813  -0.202742 -0.0206079   0.973178
1.77458e+09   -0.0163832 -0.00171023  0.00829866  -0.203719 -0.0201196   0.976596
1.77458e+09    -0.0227748 -0.000644969    0.0072334  -0.202742 -0.0193872   0.973666
1.77458e+09  -0.0153179 -0.0027755 0.00829866  -0.204207 -0.0220728   0.972445
1.77458e+09      0.01664 -0.00597129  0.00829866  -0.202742 -0.0206079   0.975375
1.77458e+09  -0.00786105 -0.00171023  0.00936393  -0.203963 -0.0169458   0.973666
1.77458e+09   -0.0110568 -0.00384076  0.00510287  -0.201277 -0.0201196   0.972201
1.77458e+09    0.0134442 -0.00810182 0.000841811  -0.203231 -0.0220728   0.973178
1.77458e+09   -0.0163832 0.000420297   0.0104292  -0.205184 -0.0191431   0.975863
1.77458e+09   -0.0110568 0.000420297   0.0157555  -0.202254 -0.0206079   0.973422
1.77458e+09   -0.00679579 -0.000644969    0.0104292  -0.204451 -0.0232935   0.975619
1.77458e+09   -0.0142526 0.000420297   0.0114945  -0.204451 -0.0174341   0.978549
1.77458e+09  -0.00359999 -0.00171023  0.00936393  -0.201522 -0.0196314   0.974398
1.77458e+09    0.0177053 -0.00703656   0.0114945  -0.202498 -0.0218286   0.974887
1.77458e+09    0.0145095 -0.00703656   0.0040376  -0.202254 -0.0181665   0.974887
1.77458e+09  -0.00892632 -0.00384076 0.000841811  -0.203231 -0.0193872   0.974154
1.77458e+09    0.0134442 -0.00703656  0.00616813  -0.200057 -0.0215845   0.974643
1.77458e+09    -0.0174484 -0.000644969   0.00616813  -0.202254 -0.0186548   0.974643
1.77458e+09   0.00172633 -0.00171023   0.0125597  -0.202986 -0.0213403   0.977084
1.77458e+09  0.000661066  -0.0027755   0.0104292  -0.200057 -0.0181665   0.974154
1.77458e+09   0.00598739 -0.00384076  0.00936393   -0.20201 -0.0210962   0.972445
1.77458e+09  -0.00146946 -0.00490603  0.00510287  -0.201766 -0.0218286   0.975131
1.77458e+09  -0.00146946 -0.00490603  0.00936393  -0.202254 -0.0191431   0.975619
1.77458e+09   -0.0004042 -0.00490603   0.0040376  -0.201277 -0.0193872   0.973666
1.77458e+09   0.00598739 -0.00384076   0.0104292  -0.200301 -0.0171899   0.971225
1.77458e+09   -0.0185137 0.000420297   0.0104292  -0.201033 -0.0210962   0.977084
1.77458e+09  -0.00892632  -0.0027755  0.00297233  -0.198348 -0.0206079   0.973178
1.77458e+09    0.0102484 -0.00490603    0.013625  -0.200301 -0.0210962    0.97391
1.77458e+09    0.0230316 -0.00810182   0.0125597   -0.20201 -0.0250024   0.979281
1.77458e+09    -0.0174484 -0.000644969    0.0072334  -0.201033 -0.0164575   0.975863
1.77458e+09  -0.00253473 -0.00171023  0.00936393  -0.202254 -0.0228052   0.977084
1.77458e+09     -0.019579 -0.000644969   0.00829866  -0.202254 -0.0201196   0.976352
1.77458e+09    -0.0206442 -0.000644969    0.0072334  -0.201277 -0.0181665   0.974643
1.77458e+09   -0.0312969 0.000420297  0.00297233  -0.200545 -0.0201196   0.972689
1.77458e+09  -0.00359999 -0.00384076   0.0040376  -0.199813 -0.0191431   0.972445
1.77458e+09  -0.00466526  -0.0027755   0.0072334  -0.199324 -0.0201196    0.96976
1.77458e+09  -0.00573052 -0.00171023  0.00510287  -0.198836 -0.0203638   0.972934
1.77458e+09   -0.00679579 -0.000644969   0.00829866  -0.201766 -0.0208521   0.975131
1.77458e+09   -0.00999158 -0.000644969    0.0125597  -0.203963 -0.0176782   0.975619
1.77458e+09   -0.0142526 -0.00171023  0.00936393   -0.20201 -0.0218286   0.978305
1.77458e+09  -0.00359999 -0.00490603  0.00190707  -0.201277 -0.0208521   0.975619
1.77458e+09  -0.00892632 -0.00171023   0.0114945  -0.201766 -0.0215845   0.975863
1.77458e+09    0.0198358 -0.00490603    0.013625  -0.199813 -0.0223169   0.974887
1.77458e+09  -0.00146946  -0.0027755  0.00829866  -0.202254 -0.0167017   0.973178
1.77458e+09    -0.0153179 -0.000644969   0.00510287  -0.202986 -0.0237817   0.976596
1.77458e+09  -0.0217095 0.00361609 0.00297233  -0.202742 -0.0179224    0.97391
1.77458e+09   0.00918318 -0.00490603  0.00616813  -0.202254 -0.0218286    0.97684
1.77458e+09   -0.0004042 -0.00597129  0.00190707  -0.203231 -0.0196314   0.978793
1.77458e+09    -0.0217095 -0.000644969   0.00190707  -0.202254 -0.0176782   0.973666
1.77458e+09   -0.0163832 0.000420297   0.0114945 -0.199813 -0.022561  0.970248
1.77458e+09    0.0187706 -0.00810182  0.00829866  -0.202254 -0.0191431   0.974154
1.77458e+09  -0.00679579 -0.00171023   0.0072334  -0.200789 -0.0206079   0.972689
1.77458e+09  -0.0206442 0.00361609 0.00829866   -0.20201 -0.0181665   0.972445
1.77458e+09  -0.0270358 0.00361609 0.00829866  -0.203963 -0.0152368   0.974154
1.77458e+09     -0.019579 -0.000644969   0.00829866  -0.204451 -0.0176782   0.975863
1.77458e+09   -0.0270358 0.000420297   0.0040376  -0.204695 -0.0196314   0.977328
1.77458e+09    -0.0153179 -0.000644969   0.00190707  -0.202742 -0.0198755   0.974398
1.77458e+09  -0.0004042 -0.0027755  0.0125597  -0.204695 -0.0237817   0.978061
1.77458e+09   -0.00786105 -0.000644969    0.0114945  -0.204207 -0.0191431   0.975375
1.77458e+09    0.0102484 -0.00597129   0.0125597  -0.203231 -0.0167017   0.974398
1.77458e+09  -0.00466526 -0.00597129  0.00297233  -0.202254 -0.0201196   0.972201
1.77458e+09  -0.0121221 -0.0027755 0.00829866   -0.20201 -0.0240259   0.975131
1.77458e+09    0.0113137 -0.00597129  0.00616813  -0.202498 -0.0220728   0.977084
1.77458e+09  -0.0227748 0.00255083   0.013625  -0.203719 -0.0167017   0.972445
1.77458e+09    0.0113137 -0.00490603  0.00510287  -0.203231 -0.0281763   0.977084
1.77458e+09    0.0240969 -0.00810182   0.0040376  -0.200789 -0.0167017   0.972201
1.77458e+09  -0.00253473 -0.00703656  0.00616813  -0.202742 -0.0201196   0.975131
1.77458e+09    -0.0312969 -0.000644969   0.00829866  -0.198836 -0.0262232   0.974154
1.77458e+09    -0.019579 0.000420297   0.0114945  -0.202742 -0.0135278   0.973666
1.77458e+09  0.00705265 -0.0027755   0.017886  -0.199324 -0.0252466   0.972201
1.77458e+09  -0.00253473 -0.00384076  0.00297233 -0.200545 -0.022561   0.97391
1.77458e+09    0.0155748 -0.00597129   0.0146903  -0.202498 -0.0198755   0.976596
1.77458e+09    0.0219664 -0.00597129  0.00510287   -0.20201 -0.0206079   0.977084
1.77458e+09      0.01664 -0.00490603  0.00829866  -0.205184 -0.0176782   0.976107
1.77458e+09   0.00172633 -0.00171023   0.0104292   -0.20201 -0.0210962   0.977084
1.77458e+09  -0.0142526 0.00148556  0.0104292  -0.203231 -0.0188989   0.975131
1.77458e+09    -0.0217095 -0.000644969   0.00829866  -0.202742 -0.0201196   0.975375
1.77458e+09    0.0230316 -0.00810182  0.00616813  -0.201277 -0.0235376   0.975375
1.77458e+09      0.01664 -0.00810182  0.00829866  -0.203231 -0.0186548   0.974154
1.77458e+09   0.00811792 -0.00490603   0.0114945  -0.200789 -0.0191431   0.974887
1.77458e+09  0.000661066 -0.00384076   0.0104292  -0.202742 -0.0218286   0.974643
1.77458e+09    0.0102484 -0.00384076   0.0072334  -0.199813 -0.0193872   0.971469
1.77458e+09  0.00172633 -0.0027755 0.00829866  -0.201277 -0.0220728   0.974643
1.77458e+09  -0.00573052 -0.00171023  0.00616813  -0.202254 -0.0191431   0.975863
1.77458e+09  -0.0185137 0.00361609 0.00936393  -0.201766 -0.0230493   0.975619
1.77458e+09    0.0113137 -0.00171023   0.0125597 -0.202254 -0.015481  0.974887
1.77458e+09    0.0155748 -0.00810182  0.00829866  -0.204207 -0.0201196   0.977328
1.77458e+09  -0.00466526 -0.00597129  0.00190707  -0.200057 -0.0198755   0.975375
1.77458e+09    -0.0217095 -0.000644969   0.00190707  -0.200789 -0.0188989    0.97391
1.77458e+09  -0.00466526 -0.00171023    0.013625 -0.200057 -0.022561  0.973666
1.77458e+09    0.0145095 -0.00703656  0.00510287  -0.199568 -0.0191431   0.971713
1.77458e+09   -0.0142526 0.000420297  0.00829866  -0.200789 -0.0196314   0.975375
1.77458e+09   -0.0004042 -0.00384076  0.00297233  -0.200301 -0.0159692   0.973666
1.77458e+09  0.000661066 -0.00384076  0.00190707  -0.202498 -0.0181665   0.973178
1.77458e+09    0.0187706 -0.00490603   0.0125597  -0.203475 -0.0181665   0.978061
1.77458e+09    0.0177053 -0.00597129   0.0146903  -0.202742 -0.0220728   0.974154
1.77458e+09   0.00918318 -0.00490603   0.0125597  -0.200789 -0.0203638   0.973666
1.77458e+09   0.00385686 -0.00810182  0.00616813  -0.201766 -0.0213403   0.975863
1.77458e+09   -0.0185137 -0.00171023   0.0114945  -0.198592 -0.0228052   0.974643
1.77458e+09   -0.00786105 -0.000644969   0.00510287  -0.202742 -0.0206079   0.975619
1.77458e+09     0.012379 -0.00703656  0.00829866  -0.201277 -0.0193872   0.973666
1.77458e+09    0.0113137 -0.00490603   0.0072334  -0.201522 -0.0196314   0.973178
1.77458e+09  0.00279159 -0.0027755 0.00936393  -0.200789 -0.0213403   0.976107
1.77458e+09   -0.00892632 -0.000644969   0.00936393  -0.201277 -0.0223169   0.977816
1.77458e+09    0.0230316 -0.00916708   0.0040376  -0.202254 -0.0188989   0.973422
1.77458e+09  -0.00999158 -0.00384076  0.00510287  -0.203719 -0.0218286   0.974643
1.77458e+09  -0.00999158 -0.00171023  0.00829866  -0.202254 -0.0181665   0.975863
1.77458e+09  -0.00146946 -0.00384076  0.00936393  -0.199813 -0.0210962   0.975131
1.77458e+09    0.0145095 -0.00597129  0.00829866  -0.200301 -0.0208521   0.972201
1.77458e+09   -0.0163832 -0.00171023  0.00616813  -0.203719 -0.0193872   0.975375
1.77458e+09  -0.00679579  0.00255083   0.0168208  -0.201766 -0.0223169   0.975619
1.77458e+09    0.0102484 -0.00384076   0.0040376  -0.202742 -0.0184107   0.973178
1.77458e+09    0.0187706 -0.00597129  0.00616813  -0.203231 -0.0206079    0.97391
1.77458e+09   0.00705265 -0.00384076  0.00616813  -0.203963 -0.0171899   0.977572
1.77458e+09    0.0209011 -0.00810182  0.00936393  -0.204451 -0.0196314   0.978061
1.77458e+09    0.0198358 -0.00597129   0.0114945  -0.201522 -0.0201196    0.97391
1.77458e+09   -0.00679579 -0.000644969    0.0168208  -0.202742 -0.0188989   0.974643
1.77458e+09    0.0145095 -0.00597129   0.0114945 -0.202254 -0.022561  0.974643
1.77458e+09    0.0102484 -0.00703656  0.00616813  -0.200789 -0.0235376   0.972934
1.77458e+09    0.0155748 -0.00810182   0.0104292  -0.202986 -0.0201196    0.97391
1.77458e+09    0.0177053 -0.00703656   0.0104292  -0.204207 -0.0188989   0.975619
1.77458e+09    0.0145095 -0.00703656  0.00616813  -0.201766 -0.0193872   0.974154
1.77458e+09   0.00811792 -0.00597129   0.0104292  -0.201522 -0.0191431   0.973178
1.77458e+09  -0.00679579 -0.00171023   0.0114945  -0.205428 -0.0215845   0.977816
1.77458e+09    0.0145095 -0.00810182  0.00829866   -0.20201 -0.0223169   0.977816
1.77458e+09   -0.0131874 0.000420297   0.0072334  -0.204207 -0.0228052   0.973178
1.77458e+09    0.0272927 -0.00916708   0.0104292  -0.202254 -0.0201196   0.973178
1.77458e+09  -0.00573052 -0.00384076  0.00510287  -0.201766 -0.0203638   0.974643
1.77458e+09  -0.0153179 0.00255083  0.0104292  -0.200301 -0.0218286   0.973422
1.77458e+09     0.012379 -0.00384076   0.0114945  -0.202742 -0.0230493   0.975131
1.77458e+09   0.0219664 -0.0102323 0.00510287  -0.204451 -0.0162134   0.974643
1.77458e+09  -0.00892632 0.000420297  0.00616813  -0.202742 -0.0206079   0.973666
1.77458e+09   0.00918318 -0.00597129  0.00510287  -0.203719 -0.0206079   0.974643
1.77458e+09   0.00811792 -0.00703656  0.00616813  -0.202254 -0.0203638   0.975619
1.77458e+09    0.0240969 -0.00703656   0.0146903  -0.203231 -0.0208521   0.974643
1.77458e+09    0.0177053 -0.00916708    0.013625  -0.203231 -0.0191431   0.974887
1.77458e+09  -0.00359999  -0.0027755   0.0104292  -0.200545 -0.0176782   0.972934
1.77458e+09   -0.00573052 -0.000644969    0.0146903  -0.200545 -0.0201196   0.971225
1.77458e+09    0.0294232 -0.00703656   0.0125597  -0.200301 -0.0196314   0.973666
1.77458e+09    0.0187706 -0.00810182   0.0104292  -0.204939 -0.0193872   0.978549
1.77458e+09   0.00598739 -0.00597129   0.0146903  -0.202742 -0.0196314   0.977572
1.77458e+09  -0.00573052 -0.00171023   0.0146903  -0.202254 -0.0171899   0.975131
1.77458e+09  -0.00573052 -0.00171023   0.0146903  -0.200789 -0.0215845   0.974154
1.77458e+09    0.0113137 -0.00703656  0.00829866  -0.201033 -0.0176782   0.974154
1.77458e+09    0.0113137 -0.00703656  0.00829866  -0.201033 -0.0176782   0.974154
1.77458e+09  -0.00786105 0.000420297   0.0168208  -0.199568 -0.0223169   0.975131
1.77458e+09  -0.00786105 0.000420297   0.0168208  -0.199568 -0.0223169   0.975131
1.77458e+09    0.0155748 -0.00703656  0.00936393  -0.203231 -0.0188989   0.975619
1.77458e+09    0.0155748 -0.00703656  0.00936393  -0.203231 -0.0188989   0.975619
1.77458e+09   -0.019579 0.00148556  0.0114945  -0.203231 -0.0176782   0.974643
1.77458e+09   -0.019579 0.00148556  0.0114945  -0.203231 -0.0176782   0.974643
1.77458e+09  -0.00786105 -0.00171023  0.00297233 -0.200057  -0.02427  0.973178
1.77458e+09  -0.00786105 -0.00171023  0.00297233 -0.200057  -0.02427  0.973178
1.77458e+09  -0.00146946 -0.00384076  0.00190707  -0.203231 -0.0210962   0.977084
1.77458e+09  -0.00146946 -0.00384076  0.00190707  -0.203231 -0.0210962   0.977084
1.77458e+09   0.00918318 -0.00490603   0.0125597  -0.202742 -0.0215845   0.975131
1.77458e+09   0.00918318 -0.00490603   0.0125597  -0.202742 -0.0215845   0.975131
1.77458e+09   0.00385686 -0.00597129  0.00190707  -0.201766 -0.0240259   0.974154
1.77458e+09   0.00385686 -0.00597129  0.00190707  -0.201766 -0.0240259   0.974154
1.77458e+09  -0.00679579  -0.0027755  0.00510287  -0.204207 -0.0140161   0.975131
1.77458e+09  -0.00679579  -0.0027755  0.00510287  -0.204207 -0.0140161   0.975131
1.77458e+09    0.0177053 -0.00703656   0.0104292   -0.20201 -0.0164575   0.972689
1.77458e+09    0.0177053 -0.00703656   0.0104292   -0.20201 -0.0164575   0.972689
1.77458e+09  -0.00999158 -0.00384076   0.0040376  -0.202742 -0.0198755   0.977084
1.77458e+09  -0.00999158 -0.00384076   0.0040376  -0.202742 -0.0198755   0.977084
1.77458e+09   0.0230316 -0.0102323  0.0072334  -0.201522 -0.0181665   0.972201
1.77458e+09   0.0230316 -0.0102323  0.0072334  -0.201522 -0.0181665   0.972201
1.77458e+09   -0.0004042 -0.00171023   0.0125597  -0.200301 -0.0210962   0.974154
1.77458e+09   -0.0004042 -0.00171023   0.0125597  -0.200301 -0.0210962   0.974154
1.77458e+09  -0.00679579 -0.00490603  0.00510287  -0.202742 -0.0257349   0.977328
1.77458e+09  -0.00679579 -0.00490603  0.00510287  -0.202742 -0.0257349   0.977328
1.77458e+09   -0.00679579 -0.000644969    0.0125597  -0.204207 -0.0191431   0.973666
1.77458e+09   -0.00679579 -0.000644969    0.0125597  -0.204207 -0.0191431   0.973666
1.77458e+09   -0.0142526 -0.00171023  0.00297233  -0.203475 -0.0149927   0.977572
1.77458e+09   0.00172633 -0.00597129   0.0040376  -0.201766 -0.0208521   0.973666
1.77458e+09     0.012379 -0.00597129  0.00829866  -0.198836 -0.0220728   0.974154
1.77458e+09     0.012379 -0.00597129  0.00829866  -0.198836 -0.0220728   0.974154
1.77458e+09   0.00705265 -0.00597129   0.0040376  -0.201033 -0.0235376   0.972201
1.77458e+09   0.00705265 -0.00597129   0.0040376  -0.201033 -0.0235376   0.972201
1.77458e+09    0.0113137 -0.00597129  0.00616813  -0.201522 -0.0181665   0.975619
1.77458e+09    0.0198358 -0.00810182   0.0072334  -0.201766 -0.0184107   0.975863
1.77458e+09   0.00598739 -0.00384076  0.00936393   -0.20201 -0.0181665   0.972689
1.77458e+09    0.0145095 -0.00490603   0.0168208  -0.201522 -0.0218286   0.972689
1.77458e+09   -0.0121221 0.000420297   0.0072334  -0.203963 -0.0210962   0.978549
1.77458e+09    0.0240969 -0.00810182   0.0104292   -0.20201 -0.0213403   0.975131
1.77458e+09     0.0155748  -0.00810182 -0.000223458  -0.203475 -0.0201196   0.975375
1.77458e+09  -0.0153179 -0.0027755 0.00190707  -0.202254 -0.0206079   0.975619
1.77458e+09   -0.0227748 0.000420297  0.00297233  -0.200789 -0.0167017   0.974887
1.77458e+09   -0.0142526 0.000420297  0.00936393  -0.202498 -0.0215845   0.974154
1.77458e+09    0.0155748 -0.00490603   0.0168208  -0.201033 -0.0220728   0.973666
1.77458e+09    0.0134442 -0.00703656  0.00297233  -0.203231 -0.0220728   0.976596
1.77458e+09  -0.0163832 0.00148556 0.00829866  -0.202498 -0.0198755   0.976596
1.77458e+09   -0.0121221 -0.00171023  0.00616813  -0.202742 -0.0206079   0.971225
1.77458e+09   -0.0131874 -0.00171023  0.00616813   -0.20201 -0.0167017   0.975375
1.77458e+09  -0.00786105 -0.00384076  0.00297233  -0.202986 -0.0186548   0.977572
1.77458e+09   -0.0004042 -0.00171023   0.0104292  -0.200057 -0.0220728   0.974154
1.77458e+09  0.00598739 -0.0027755 0.00936393  -0.201277 -0.0191431   0.972689
1.77458e+09  0.00492212 -0.0027755  0.0146903  -0.201766 -0.0223169   0.974643
1.77458e+09    0.0198358 -0.00810182  0.00829866  -0.200789 -0.0176782   0.972201
1.77458e+09    0.0198358 -0.00703656   0.0072334  -0.202742 -0.0181665   0.972689
1.77458e+09    0.0155748 -0.00597129  0.00936393  -0.203231 -0.0188989   0.977572
1.77458e+09    0.0219664 -0.00490603   0.0189513  -0.200545 -0.0169458   0.975619
1.77458e+09   0.00598739 -0.00490603   0.0114945 -0.202742 -0.022561  0.973178
1.77458e+09  -0.00253473 -0.00171023   0.0168208  -0.203963 -0.0201196   0.976596
1.77458e+09  -0.00573052 -0.00384076   0.0072334  -0.201277 -0.0247583   0.977572
1.77458e+09  -0.00253473 0.000420297   0.0168208  -0.203719 -0.0184107   0.975863
1.77458e+09    0.0177053 -0.00916708   0.0125597  -0.203719 -0.0210962   0.974154
1.77458e+09   -0.0217095 -0.00171023   0.0040376  -0.200789 -0.0218286   0.975619
1.77458e+09   -0.0153179 0.000420297   0.0104292  -0.203719 -0.0191431   0.974643
1.77458e+09    0.0113137 -0.00384076   0.0114945 -0.201277  -0.02427  0.972445
1.77458e+09    0.0145095 -0.00810182   0.0072334  -0.201522 -0.0220728   0.974643
1.77458e+09    0.0145095 -0.00916708  0.00936393  -0.202986 -0.0210962   0.974398
1.77458e+09    -0.0110568 -0.000644969   0.00616813 -0.200789 -0.022561  0.972445
1.77458e+09    -0.02384 0.00255083 0.00829866  -0.202742 -0.0179224   0.973666
1.77458e+09  -0.0259705 0.00255083 0.00936393  -0.202254 -0.0215845   0.975619
1.77458e+09  -0.00786105  -0.0027755 0.000841811  -0.201033 -0.0196314   0.972201
1.77458e+09   0.00811792 -0.00597129   0.0040376  -0.200789 -0.0193872    0.97391
1.77458e+09  -0.0004042 -0.0027755 0.00510287  -0.202254 -0.0215845   0.976596
1.77458e+09    -0.0131874 -0.000644969    0.0040376  -0.201277 -0.0213403   0.973666
1.77458e+09   -0.0153179 0.000420297  0.00936393  -0.200789 -0.0206079   0.974887
1.77458e+09  -0.00999158  -0.0027755  0.00616813  -0.204939 -0.0196314   0.979037
1.77458e+09  -0.00466526 -0.00384076   0.0072334  -0.203475 -0.0196314   0.978549
1.77458e+09    0.00598739  -0.00597129 -0.000223458  -0.203963 -0.0181665   0.975375
1.77458e+09  -0.00466526 -0.00490603  0.00510287  -0.201277 -0.0206079   0.974398
1.77458e+09  -0.00146946 -0.00171023   0.0157555  -0.202254 -0.0213403   0.976107
1.77458e+09   0.0187706 -0.0102323 0.00510287  -0.201277 -0.0210962   0.974154
1.77458e+09   -0.0142526  -0.0027755 0.000841811  -0.199568 -0.0167017   0.969271
1.77458e+09  -0.00359999  -0.0027755   0.0114945  -0.202742 -0.0171899   0.974643
1.77458e+09  -0.00466526 -0.00171023   0.0114945  -0.198592 -0.0206079   0.974154
1.77458e+09    -0.0142526 -0.000644969   0.00510287  -0.199324 -0.0167017   0.971713
1.77458e+09    0.0102484 -0.00384076   0.0125597  -0.203231 -0.0215845   0.975375
1.77458e+09  -0.00253473  -0.0027755   0.0125597   -0.20201 -0.0198755   0.975619
1.77458e+09   -0.00573052 -0.000644969    0.0157555  -0.201522 -0.0196314   0.974887
1.77458e+09   0.0113137 -0.0027755  0.0146903  -0.202986 -0.0196314    0.97684
1.77458e+09     0.012379 -0.00490603  0.00829866  -0.199813 -0.0215845    0.97977
1.77458e+09   0.00492212 -0.00490603  0.00510287  -0.202742 -0.0206079   0.976107
1.77458e+09   0.00172633 -0.00597129  0.00297233  -0.202742 -0.0179224   0.975863
1.77458e+09   -0.0142526 -0.00171023   0.0157555  -0.201766 -0.0232935   0.974887
1.77458e+09   0.00705265 -0.00597129  0.00829866  -0.199813 -0.0240259   0.972689
1.77458e+09    0.012379 -0.0027755 0.00936393  -0.197371 -0.0230493   0.972934
1.77458e+09    0.0177053 -0.00384076   0.0114945  -0.203475 -0.0181665   0.973178
1.77458e+09    0.0209011 -0.00916708  0.00616813  -0.202254 -0.0215845   0.975619
1.77458e+09   -0.0131874  -0.0027755 -0.00341925  -0.202254 -0.0193872   0.973422
1.77458e+09    -0.0227748 -0.000644969   0.00190707  -0.201766 -0.0220728   0.973666
1.77458e+09    -0.0142526 -0.000644969    0.0040376  -0.202986 -0.0230493   0.976596
1.77458e+09  -0.00466526 -0.00384076  0.00510287  -0.203231 -0.0184107   0.974643
1.77458e+09     0.012379 -0.00703656  0.00616813  -0.202742 -0.0188989   0.971225
1.77458e+09   0.00705265 -0.00597129   0.0125597  -0.202742 -0.0162134   0.973422
1.77458e+09    -0.019579 0.000420297   0.0114945  -0.200789 -0.0186548   0.975131
1.77458e+09  -0.0227748 0.00148556 0.00510287  -0.201766 -0.0179224   0.972934
1.77458e+09     0.012379 -0.00490603   0.0104292  -0.202742 -0.0201196   0.973666
1.77458e+09   -0.0227748 0.000420297  0.00936393  -0.205672 -0.0196314   0.977572
1.77458e+09  -0.0217095 0.00148556 0.00616813  -0.203231 -0.0201196   0.976352
1.77458e+09  -0.00466526 0.000420297   0.0146903  -0.201277 -0.0203638   0.974643
1.77458e+09    0.0102484 -0.00597129   0.0146903  -0.204939 -0.0169458    0.97684
1.77458e+09   0.00598739 -0.00810182  0.00829866  -0.203719 -0.0218286   0.976596
1.77458e+09   0.00385686 -0.00703656   0.0114945  -0.200057 -0.0184107   0.971469
1.77458e+09  -0.0153179 -0.0027755 0.00510287  -0.202254 -0.0240259   0.973422
1.77458e+09  -0.00359999  -0.0027755   0.0168208   -0.20201 -0.0162134   0.973178
1.77458e+09  -0.00253473 -0.00597129  0.00190707  -0.201033 -0.0228052   0.972934
1.77458e+09   -0.0110568 -0.00490603   0.0040376  -0.20201 -0.022561  0.974154
1.77458e+09    -0.0174484 -0.000644969    0.0104292  -0.204451 -0.0188989   0.975619
1.77458e+09  0.00172633 -0.0027755   0.017886  -0.201766 -0.0313501   0.978061
1.77458e+09    0.0155748 -0.00384076   0.0104292  -0.198348 -0.0269556   0.971713
1.77458e+09   0.00492212 -0.00490603   0.0040376 -0.204207 -0.015481   0.97684
1.77458e+09   0.00172633 -0.00490603  0.00190707  -0.201766 -0.0257349   0.979037
1.77458e+09   0.00279159 -0.00384076  0.00297233  -0.201033 -0.0105982   0.973178
1.77458e+09  0.000661066 -0.00384076  0.00936393  -0.203963 -0.0201196   0.975375
1.77458e+09   -0.0131874 -0.00490603  0.00297233  -0.200789 -0.0254907   0.977572
1.77458e+09   0.00492212 -0.00916708 -0.00235398  -0.203231 -0.0210962   0.975863
1.77458e+09   0.00598739 -0.00490603  0.00829866  -0.199568 -0.0223169   0.971713
1.77458e+09   -0.0206442 -0.00171023  0.00297233  -0.202254 -0.0208521   0.974643
1.77458e+09    -0.0163832 -0.000644969   0.00936393  -0.199324 -0.0196314   0.971957
1.77458e+09   -0.00892632 -0.000644969    0.0040376  -0.200789 -0.0118189   0.970004
1.77458e+09   -0.0153179 0.000420297  0.00936393  -0.201766 -0.0223169   0.974398
1.77458e+09    0.0102484 -0.00171023  0.00829866  -0.201766 -0.0223169   0.975619
1.77458e+09   0.0155748 -0.0027755  0.0146903  -0.204695 -0.0147485   0.975863
1.77458e+09   0.00918318 -0.00810182  0.00829866  -0.200301 -0.0232935   0.975131
1.77458e+09    -0.0163832 -0.000644969   0.00936393  -0.201277 -0.0179224   0.977084
1.77458e+09   0.00918318 -0.00703656  0.00829866  -0.204207 -0.0162134   0.977816
1.77458e+09  -0.00999158 -0.00597129  0.00297233  -0.200301 -0.0186548   0.975131
1.77458e+09   -0.0249053 0.000420297   0.0104292  -0.204207 -0.0188989    0.97684
1.77458e+09   -0.0153179 0.000420297    0.013625  -0.200301 -0.0220728   0.976352
1.77458e+09      0.01664 -0.00490603    0.013625  -0.199324 -0.0215845   0.972689
1.77458e+09  -0.00679579 -0.00384076  0.00510287  -0.200057 -0.0206079   0.972445
1.77458e+09   0.00598739 -0.00384076  0.00616813  -0.201522 -0.0145044    0.97391
1.77458e+09  0.000661066 -0.00171023   0.0072334  -0.200789 -0.0196314   0.973178
1.77458e+09    0.0177053 -0.00597129  0.00829866  -0.200545 -0.0181665   0.972445
1.77458e+09   -0.0163832 0.000420297  0.00190707   -0.20201 -0.0230493   0.977328
1.77458e+09  -0.00999158 -0.00384076  0.00829866  -0.201766 -0.0218286    0.97684
1.77458e+09    0.0102484 -0.00597129  0.00510287  -0.200057 -0.0228052   0.973422
1.77458e+09   -0.0121221 0.000420297   0.0114945  -0.199813 -0.0252466   0.973666
1.77458e+09  -0.00466526  -0.0027755   0.0040376  -0.201277 -0.0176782   0.975375
1.77458e+09   -0.0121221 -0.00171023 -0.00235398 -0.201277  -0.02427  0.975131
1.77458e+09    -0.02384 0.00361609 0.00510287  -0.202254 -0.0179224   0.973666
1.77458e+09   -0.00466526 -0.000644969    0.0104292  -0.204207 -0.0213403   0.980014
1.77458e+09   0.00598739 -0.00171023  0.00936393  -0.202254 -0.0218286   0.976352
1.77458e+09    0.0177053 -0.00703656   0.0072334  -0.202742 -0.0167017   0.974154
1.77458e+09   0.00492212 -0.00703656 0.000841811  -0.201766 -0.0206079   0.974643
1.77458e+09    0.0177053 -0.00703656  0.00616813  -0.202742 -0.0162134   0.973178
1.77458e+09     -0.019579 -0.000644969    0.0040376  -0.199324 -0.0213403   0.970736
1.77458e+09  0.000661066 0.000420297  0.00829866  -0.201522 -0.0201196   0.973666
1.77458e+09   0.0134442 -0.0027755  0.0072334  -0.205184 -0.0181665   0.976596
1.77458e+09    0.0113137 -0.00490603  0.00829866  -0.202254 -0.0171899   0.972445
1.77458e+09    -0.019579 0.000420297   0.0072334  -0.204939 -0.0213403   0.974643
1.77458e+09  -0.0291663 0.00148556 0.00936393  -0.204207 -0.0174341   0.977328
1.77458e+09   -0.0142526 0.000420297  0.00616813  -0.203231 -0.0191431    0.97391
1.77458e+09   -0.0185137 -0.00171023  0.00616813  -0.203963 -0.0198755   0.975131
1.77458e+09     0.012379 -0.00384076   0.0146903  -0.204207 -0.0198755   0.974398
1.77458e+09   0.00811792 -0.00384076   0.0125597  -0.202742 -0.0198755   0.975863
1.77458e+09    -0.019579 0.000420297  0.00936393  -0.199324 -0.0198755   0.972934
1.77458e+09   0.00705265 -0.00490603  0.00829866  -0.201766 -0.0257349   0.975619
1.77458e+09    0.0177053 -0.00703656  0.00510287  -0.203231 -0.0196314   0.974887
1.77458e+09    0.0209011 -0.00810182  0.00510287  -0.204695 -0.0218286   0.975131
1.77458e+09    0.0102484 -0.00597129  0.00616813  -0.204695 -0.0230493   0.976107
1.77458e+09  -0.00892632 -0.00384076   0.0072334  -0.204451 -0.0206079   0.978061
1.77458e+09    -0.0259705 -0.000644969    0.0104292  -0.203719 -0.0206079   0.975863
1.77458e+09    -0.0121221 -0.000644969     0.013625  -0.202498 -0.0230493   0.972201
1.77458e+09    0.0187706 -0.00916708  0.00936393  -0.202986 -0.0208521   0.973178
1.77458e+09    -0.0206442 -0.000644969    0.0072334  -0.201277 -0.0220728   0.973178
1.77458e+09     0.012379 -0.00703656 0.000841811  -0.201033 -0.0220728   0.971713
1.77458e+09    0.00279159  -0.00703656 -0.000223458   -0.20201 -0.0218286   0.973666
1.77458e+09   -0.0131874 -0.00171023 0.000841811  -0.203475 -0.0198755   0.976596
1.77458e+09    -0.0142526 -0.000644969   0.00510287  -0.206648 -0.0176782   0.975619
1.77458e+09  -0.0174484 0.00255083  0.0114945  -0.202498 -0.0208521   0.972934
1.77458e+09  -0.00679579 0.000420297   0.0104292  -0.204939 -0.0210962   0.977084
1.77458e+09   -0.0110568 -0.00384076  0.00829866  -0.204207 -0.0162134   0.975619
1.77458e+09  -0.00573052  -0.0027755   0.0072334 -0.200545 -0.027688  0.976107
1.77458e+09     0.012379 -0.00703656  0.00616813  -0.203719 -0.0164575   0.972201
1.77458e+09     0.012379 -0.00490603  0.00936393  -0.204695 -0.0167017   0.975619
1.77458e+09   -0.00999158 -0.000644969    0.0125597  -0.198592 -0.0215845   0.975131
1.77458e+09  0.000661066 -0.00384076  0.00616813  -0.201277 -0.0193872   0.974643
1.77458e+09  -0.00253473  -0.0027755   0.0104292  -0.200301 -0.0213403    0.97684
1.77458e+09  0.000661066 -0.00171023   0.0114945  -0.202254 -0.0203638   0.976107
1.77458e+09  -0.00146946  -0.0027755   0.0125597  -0.202254 -0.0176782   0.974643
1.77458e+09     0.012379 -0.00703656  0.00829866  -0.197859 -0.0237817   0.972201
1.77458e+09  -0.00892632 -0.00171023  0.00297233  -0.202254 -0.0206079   0.976596
1.77458e+09  -0.0110568 -0.0027755  0.0040376  -0.200057 -0.0196314   0.973666
1.77458e+09  -0.0185137 0.00361609  0.0104292  -0.199568 -0.0223169   0.972689
1.77458e+09  0.00918318 -0.0027755  0.0114945  -0.201522 -0.0164575   0.975863
1.77458e+09  -0.00359999 -0.00490603  0.00297233  -0.200301 -0.0210962   0.976352
1.77458e+09    -0.0131874 -0.000644969   0.00936393  -0.200545 -0.0237817   0.976596
1.77458e+09    0.0102484 -0.00384076   0.0125597  -0.201277 -0.0149927   0.974398
1.77458e+09    0.0177053 -0.00703656  0.00829866  -0.202498 -0.0191431   0.975863
1.77458e+09     -0.02384 0.000420297  0.00510287  -0.198592 -0.0171899   0.970736
1.77458e+09   0.00279159 -0.00171023   0.0125597  -0.199324 -0.0174341   0.972445
1.77458e+09  -0.0174484 0.00255083 0.00510287  -0.203231 -0.0193872   0.976596
1.77458e+09   -0.00573052 -0.000644969   0.00829866  -0.200545 -0.0176782   0.974154
1.77458e+09  0.00918318 -0.0027755  0.0104292   -0.20201 -0.0201196   0.975619
1.77458e+09    -0.0142526 -0.000644969   0.00936393  -0.202742 -0.0208521   0.976596
1.77458e+09    -0.0174484 -0.000644969   0.00510287  -0.201033 -0.0198755   0.975863
1.77458e+09  -0.00359999 -0.00490603 0.000841811  -0.200057 -0.0213403   0.974398
1.77458e+09  -0.00573052 0.000420297   0.0104292  -0.200057 -0.0179224   0.971469
1.77458e+09  -0.0163832 0.00255083 0.00829866  -0.200301 -0.0176782   0.973178
1.77458e+09  -0.0174484 0.00255083  0.0125597  -0.199813 -0.0208521   0.972689
1.77458e+09   0.00172633 -0.00171023   0.0104292  -0.202254 -0.0169458   0.973666
1.77458e+09   0.00811792 -0.00171023   0.0157555  -0.204939 -0.0220728   0.980014
1.77458e+09    0.0209011 -0.00597129    0.013625  -0.201277 -0.0223169   0.976596
1.77458e+09   0.00492212 -0.00490603  0.00616813  -0.202742 -0.0171899   0.974154
1.77458e+09  -0.00892632  -0.0027755  0.00829866  -0.202254 -0.0250024   0.977572
1.77458e+09    0.0155748 -0.00916708  0.00510287  -0.200789 -0.0196314   0.972934
1.77458e+09  -0.0131874 0.00148556  0.0104292   -0.19908 -0.0213403   0.972934
1.77458e+09  -0.0142526 0.00255083  0.0114945  -0.204451 -0.0250024   0.976596
1.77458e+09    0.0155748 -0.00490603  0.00829866 -0.203963 -0.015481  0.975131
1.77458e+09    0.0219664 -0.00597129   0.0114945  -0.201522 -0.0235376   0.975619
1.77458e+09   0.00385686 -0.00384076  0.00829866  -0.203231 -0.0220728    0.97391
1.77458e+09   0.00385686 -0.00597129  0.00190707  -0.204207 -0.0181665   0.976352
1.77458e+09   0.00279159 -0.00384076  0.00616813  -0.203475 -0.0230493   0.974154
1.77458e+09  -0.00466526 -0.00171023  0.00936393  -0.204207 -0.0223169   0.971957
1.77458e+09    -0.0163832 -0.000644969   0.00829866  -0.201766 -0.0203638   0.973178
1.77458e+09  -0.00999158 -0.00384076  0.00297233  -0.203475 -0.0228052   0.974643
1.77458e+09    0.0209011 -0.00810182   0.0072334  -0.200545 -0.0215845    0.97391
1.77458e+09  -0.0110568 -0.0027755 0.00297233  -0.204695 -0.0223169   0.977084
1.77458e+09   -0.0110568 -0.00384076  0.00297233  -0.204207 -0.0201196   0.976596
1.77458e+09   -0.0259705 0.000420297  0.00190707  -0.201277 -0.0186548   0.973422
1.77458e+09    -0.0131874 -0.000644969   0.00829866  -0.204451 -0.0215845   0.977084
1.77458e+09   -0.00359999 -0.000644969    0.0104292  -0.202254 -0.0201196   0.976107
1.77458e+09    0.0209011 -0.00597129   0.0104292  -0.201766 -0.0196314   0.975375
1.77458e+09   0.00811792 -0.00490603   0.0072334  -0.203231 -0.0203638   0.977572
1.77458e+09    -0.0227748 -0.000644969  -0.00128872  -0.200789 -0.0198755   0.973178
1.77458e+09   0.00705265 -0.00384076  0.00190707  -0.200789 -0.0220728   0.972934
1.77458e+09  -0.00466526 -0.00171023  0.00829866   -0.20201 -0.0208521   0.976107
1.77458e+09   -0.00999158 -0.000644969    0.0104292  -0.202498 -0.0218286   0.973666
1.77458e+09      0.01664 -0.00703656  0.00936393  -0.203475 -0.0186548   0.975619
1.77458e+09      0.01664 -0.00703656    0.013625  -0.200789 -0.0193872   0.973666
1.77458e+09  -0.0142526 -0.0027755 0.00190707  -0.200789 -0.0215845   0.972201
1.77458e+09    -0.0206442 -0.000644969   0.00510287  -0.202254 -0.0196314   0.976107
1.77458e+09  -0.00146946  -0.0027755  0.00829866  -0.201766 -0.0203638   0.975131
1.77458e+09  -0.00146946  -0.0027755  0.00829866  -0.201766 -0.0210962   0.975375
1.77458e+09  -0.00253473 -0.00384076  0.00510287  -0.203231 -0.0215845   0.976596
1.77458e+09  -0.00253473 -0.00384076  0.00510287  -0.203231 -0.0215845   0.976596
1.77458e+09   0.00279159 -0.00171023   0.0104292  -0.202986 -0.0196314   0.977572
1.77458e+09   0.00279159 -0.00171023   0.0104292  -0.202986 -0.0196314   0.977572
1.77458e+09   -0.0131874 -0.00171023   0.0072334  -0.202254 -0.0186548    0.97391
1.77458e+09   -0.0153179 -0.00171023   0.0104292  -0.202254 -0.0176782   0.972689
1.77458e+09  -0.00679579  -0.0027755  0.00829866  -0.201277 -0.0198755    0.97391
1.77458e+09  -0.00679579  -0.0027755  0.00829866  -0.201277 -0.0198755    0.97391
1.77458e+09  0.00918318 -0.0027755  0.0072334  -0.199813 -0.0191431   0.974154
1.77458e+09  0.00918318 -0.0027755  0.0072334  -0.199813 -0.0191431   0.974154
1.77458e+09  -0.0110568 0.00148556   0.013625  -0.204207 -0.0191431   0.975131
1.77458e+09  -0.0110568 0.00148556   0.013625  -0.204207 -0.0191431   0.975131
1.77458e+09    -0.0131874   -0.0027755 -0.000223458  -0.203231 -0.0191431   0.976107
1.77458e+09    -0.0131874   -0.0027755 -0.000223458  -0.203231 -0.0191431   0.976107
1.77458e+09  -0.00999158 -0.00384076 -0.00128872  -0.202254 -0.0186548    0.97684
1.77458e+09  -0.00999158 -0.00384076 -0.00128872  -0.202254 -0.0186548    0.97684
1.77458e+09    0.0134442 -0.00703656  0.00936393  -0.200545 -0.0213403   0.974398
1.77458e+09    0.0134442 -0.00703656  0.00936393  -0.200545 -0.0213403   0.974398
1.77458e+09  -0.00679579 -0.00171023  0.00616813  -0.201522 -0.0210962   0.973666
1.77458e+09  -0.00679579 -0.00171023  0.00616813  -0.201522 -0.0210962   0.973666
1.77458e+09    0.0102484 -0.00597129   0.0146903  -0.202986 -0.0206079   0.975863
1.77458e+09    0.0102484 -0.00597129   0.0146903  -0.202986 -0.0206079   0.975863
1.77458e+09    0.0155748 -0.00810182  0.00510287  -0.200301 -0.0223169   0.972445
1.77458e+09    0.0155748 -0.00810182  0.00510287  -0.200301 -0.0223169   0.972445
1.77458e+09    -0.0110568 -0.000644969    0.0104292  -0.203231 -0.0228052   0.975619
1.77458e+09    -0.0110568 -0.000644969    0.0104292  -0.203231 -0.0228052   0.975619
1.77458e+09    0.0134442 -0.00490603   0.0114945  -0.202742 -0.0196314   0.972689
1.77458e+09    0.0177053 -0.00597129   0.0114945   -0.20201 -0.0215845   0.978305
1.77458e+09    0.0155748 -0.00703656  0.00616813  -0.203231 -0.0203638   0.975619
1.77458e+09    0.0155748 -0.00703656  0.00616813  -0.203231 -0.0203638   0.975619
1.77458e+09  -0.00679579 -0.00384076 -0.00235398  -0.201033 -0.0237817   0.974398
1.77458e+09  -0.00679579 -0.00384076 -0.00235398  -0.201033 -0.0237817   0.974398
1.77458e+09  -0.00573052 -0.00384076  0.00190707  -0.200789 -0.0218286   0.973422
1.77458e+09  -0.00573052 -0.00384076  0.00190707  -0.200789 -0.0218286   0.973422
1.77458e+09    -0.0153179 -0.000644969   0.00297233  -0.201766 -0.0157251   0.976352
1.77458e+09    0.0113137 -0.00490603   0.0072334  -0.202742 -0.0240259   0.977328
1.77458e+09    0.0209011 -0.00916708  0.00616813  -0.199324 -0.0191431   0.971225
1.77458e+09    0.0145095 -0.00597129  0.00829866  -0.202498 -0.0201196   0.973666
1.77458e+09   0.00385686 -0.00703656  0.00297233  -0.201766 -0.0215845   0.975619
1.77458e+09  -0.0259705 0.00255083  0.0040376  -0.200789 -0.0171899   0.971713
1.77458e+09  -0.0142526 0.00255083  0.0125597  -0.202498 -0.0196314   0.974887
1.77458e+09  0.00598739 -0.0027755 0.00829866  -0.201766 -0.0186548   0.978549
1.77458e+09  -0.00253473 -0.00384076  0.00510287  -0.205428 -0.0171899   0.976107
1.77458e+09      -0.02384 -0.000644969   0.00829866  -0.200301 -0.0206079   0.975619
1.77458e+09  0.00279159 -0.0027755  0.0146903  -0.204207 -0.0201196   0.978061
1.77458e+09  -0.00253473 -0.00597129  0.00936393  -0.201277 -0.0198755   0.974154
1.77458e+09    0.0155748 -0.00597129   0.0104292  -0.199324 -0.0210962   0.970248
1.77458e+09   0.00918318 -0.00490603   0.0125597  -0.202254 -0.0162134   0.974643
1.77458e+09  -0.00892632 0.000420297   0.0157555  -0.200301 -0.0201196   0.973178
1.77458e+09  -0.00999158  0.00148556   0.0114945  -0.200789 -0.0198755   0.973666
1.77458e+09  -0.00253473 -0.00171023    0.017886  -0.201766 -0.0230493   0.974154
1.77458e+09    0.0113137 -0.00384076   0.0114945  -0.202254 -0.0206079   0.975131
1.77458e+09  -0.00466526  -0.0027755  0.00510287  -0.203719 -0.0196314   0.977084
1.77458e+09   0.00918318 -0.00597129  0.00616813  -0.201766 -0.0210962   0.974154
1.77458e+09   -0.0004042 -0.00490603  0.00936393  -0.204695 -0.0174341   0.980258
1.77458e+09   -0.0302316 0.000420297  0.00936393 -0.202254 -0.022561  0.976596
1.77458e+09  -0.00253473 -0.00171023   0.0125597  -0.200789 -0.0235376   0.971713
1.77458e+09    0.00385686  -0.00703656 -0.000223458  -0.202742 -0.0230493   0.975131
1.77458e+09  -0.00466526 0.000420297   0.0168208  -0.199813 -0.0220728   0.973178
1.77458e+09    0.0283579 -0.00597129  0.00936393  -0.200545 -0.0210962   0.973666
1.77458e+09     -0.019579 -0.000644969   0.00510287 -0.202254 -0.015481  0.972689
1.77458e+09  -0.00786105  0.00255083   0.0146903  -0.202254 -0.0171899   0.975375
1.77458e+09    0.0145095 -0.00384076   0.0125597 -0.202742 -0.022561  0.976596
1.77458e+09    0.0113137 -0.00597129  0.00616813  -0.200789 -0.0201196   0.973422
1.77458e+09  -0.00892632 -0.00384076   0.0040376 -0.203719  -0.02427  0.977328
1.77458e+09   0.00385686 -0.00384076   0.0146903  -0.203475 -0.0215845   0.975619
1.77458e+09  -0.0217095 0.00148556 0.00936393  -0.200789 -0.0206079   0.971225
1.77458e+09  -0.0185137 0.00148556  0.0040376  -0.201522 -0.0186548   0.974643
1.77458e+09   -0.0142526 -0.00171023  0.00190707  -0.203231 -0.0149927   0.973666
1.77458e+09   -0.00892632   -0.0027755 -0.000223458  -0.200789 -0.0206079   0.972201
1.77458e+09  -0.00253473 0.000420297  0.00829866  -0.203719 -0.0179224   0.974643
1.77458e+09   0.00598739 -0.00597129  0.00616813  -0.203719 -0.0206079   0.977816
1.77458e+09  -0.0206442 0.00148556 0.00936393  -0.200545 -0.0215845   0.974154
1.77458e+09   -0.0142526 -0.00171023   0.0040376  -0.202254 -0.0198755   0.974643
1.77458e+09  -0.00999158  -0.0027755  0.00510287  -0.204207 -0.0191431   0.976107
1.77458e+09  -0.0110568 -0.0027755 0.00297233  -0.203231 -0.0188989   0.976107
1.77458e+09    -0.02384 0.00255083 0.00829866  -0.200301 -0.0193872   0.972934
1.77458e+09    0.0113137 -0.00597129  0.00829866  -0.201277 -0.0218286   0.973178
1.77458e+09     -0.019579 -0.000644969    0.0040376  -0.202742 -0.0210962   0.977328
1.77458e+09  -0.00892632  0.00148556   0.0157555  -0.203719 -0.0188989   0.975131
1.77458e+09    0.0187706 -0.00810182  0.00510287  -0.202742 -0.0203638   0.973666
1.77458e+09  -0.0110568 -0.0027755  0.0072334  -0.201522 -0.0196314   0.975131
1.77458e+09    0.0102484 -0.00490603   0.0157555  -0.201033 -0.0215845   0.974643
1.77458e+09     0.012379 -0.00597129  0.00829866  -0.201766 -0.0201196   0.974154
1.77458e+09     -0.019579 -0.000644969    0.0072334  -0.201277 -0.0220728   0.975619
1.77458e+09  0.00279159 -0.0027755   0.017886  -0.201277 -0.0235376   0.974154
1.77458e+09  -0.0259705 0.00148556  0.0072334  -0.199813 -0.0218286   0.974154
1.77458e+09  -0.0174484 0.00148556 0.00297233 -0.201033 -0.022561  0.975375
1.77458e+09  -0.0249053 0.00148556 0.00297233  -0.201766 -0.0196314   0.973666
1.77458e+09   -0.0142526 0.000420297  0.00510287  -0.203475 -0.0206079   0.976596
1.77458e+09   -0.0153179 -0.00171023 -0.00341925   -0.20201 -0.0191431   0.974154
1.77458e+09  -0.00679579 -0.00384076 -0.00235398  -0.204207 -0.0162134   0.975131
1.77458e+09    -0.0174484 -0.000644969   0.00616813  -0.203231 -0.0237817   0.975863
1.77458e+09  -0.0153179 -0.0027755  0.0040376  -0.200057 -0.0152368   0.971469
1.77458e+09   0.00172633 -0.00490603  0.00829866  -0.203231 -0.0218286   0.974398
1.77458e+09   0.00811792 -0.00597129  0.00510287  -0.200789 -0.0252466   0.973666
1.77458e+09  -0.00466526 0.000420297   0.0125597  -0.201277 -0.0135278   0.970736
1.77458e+09  0.00918318 -0.0027755 0.00190707  -0.202742 -0.0240259   0.975131
1.77458e+09   -0.019579 0.00468135   0.013625  -0.204451 -0.0167017   0.980014
1.77458e+09    0.0219664 -0.00490603   0.0146903  -0.205428 -0.0118189   0.974154
1.77458e+09   0.00385686 -0.00916708  0.00510287  -0.206404 -0.0232935   0.980014
1.77458e+09   -0.0249053 -0.00171023  0.00616813  -0.203231 -0.0186548   0.975619
1.77458e+09   0.00385686 -0.00490603   0.0146903  -0.203231 -0.0220728   0.972445
1.77458e+09    0.0230316 -0.00916708   0.0114945  -0.199813 -0.0281763   0.974643
1.77458e+09    0.0134442 -0.00810182  0.00616813  -0.198836 -0.0167017   0.970736
1.77458e+09  -0.0217095 0.00148556 0.00829866  -0.202254 -0.0206079   0.970736
1.77458e+09   0.00811792 -0.00384076  0.00829866  -0.200789 -0.0206079   0.972689
1.77458e+09    0.0134442 -0.00384076  0.00616813  -0.204451 -0.0164575   0.976596
1.77458e+09    0.0187706 -0.00597129    0.013625  -0.203963 -0.0247583   0.979037
1.77458e+09   -0.0121221 0.000420297    0.013625  -0.204695 -0.0186548   0.976596
1.77458e+09   -0.0163832 -0.00171023  0.00510287 -0.202742  -0.02427  0.978305
1.77458e+09   0.00172633 -0.00810182 -0.00235398  -0.203231 -0.0213403   0.974154
1.77458e+09  -0.00786105  -0.0027755   0.0114945  -0.200789 -0.0179224   0.971957
1.77458e+09  -0.00146946  -0.0027755  0.00936393  -0.198592 -0.0230493   0.973178
1.77458e+09  -0.00359999  -0.0027755  0.00297233  -0.202986 -0.0201196   0.974398
1.77458e+09  -0.0217095 0.00148556 0.00190707  -0.199813 -0.0191431   0.973666
1.77458e+09  -0.0185137 0.00148556 0.00616813 -0.204939  -0.02427  0.975863
1.77458e+09   -0.0110568 0.000420297   0.0072334  -0.200789 -0.0188989   0.973666
1.77458e+09    0.0187706 -0.00597129   0.0104292  -0.203963 -0.0208521   0.978061
1.77458e+09   0.00492212 -0.00916708  0.00510287  -0.205916 -0.0167017   0.976352
1.77458e+09    -0.0185137  -0.00384076 -0.000223458  -0.199324 -0.0198755   0.972689
1.77458e+09  -0.00573052  -0.0027755  0.00936393  -0.204939 -0.0171899   0.973422
1.77458e+09     0.012379 -0.00916708  0.00297233  -0.19908 -0.022561  0.974887
1.77458e+09   -0.0153179 -0.00171023 0.000841811  -0.200057 -0.0171899   0.970004
1.77458e+09  -0.0174484 0.00148556  0.0125597  -0.199324 -0.0240259   0.973666
1.77458e+09   -0.0004042 0.000420297   0.0168208  -0.201033 -0.0188989   0.975375
1.77458e+09   0.00385686 -0.00490603  0.00616813  -0.203231 -0.0196314   0.974398
1.77458e+09    0.0102484 -0.00384076   0.0125597  -0.201277 -0.0206079   0.975375
1.77458e+09   0.00705265 -0.00171023   0.0146903  -0.204695 -0.0176782   0.978793
1.77458e+09  -0.0217095 0.00148556  0.0104292  -0.202254 -0.0213403    0.97684
1.77458e+09   -0.0270358 0.000420297  0.00829866  -0.200301 -0.0198755   0.974887
1.77458e+09  -0.00146946 -0.00490603   0.0040376  -0.201033 -0.0220728   0.976107
1.77458e+09  -0.0121221 -0.0027755 0.00936393  -0.199324 -0.0230493   0.973178
1.77458e+09    0.0102484 -0.00384076   0.0104292  -0.199813 -0.0174341   0.971469
1.77458e+09   0.00811792 -0.00597129  0.00616813 -0.200301 -0.022561  0.973178
1.77458e+09  -0.00466526 -0.00171023  0.00936393  -0.200789 -0.0206079   0.976107
1.77458e+09   -0.0004042 -0.00384076  0.00829866  -0.201033 -0.0206079   0.977084
1.77458e+09  -0.00999158 -0.00171023  0.00616813  -0.201277 -0.0206079   0.974398
1.77458e+09     0.012379 -0.00597129   0.0114945  -0.203963 -0.0208521   0.975131
1.77458e+09  -0.0153179 -0.0027755 0.00190707  -0.200545 -0.0196314   0.976107
1.77458e+09  -0.00679579  0.00148556  0.00936393  -0.199813 -0.0208521   0.974643
1.77458e+09    0.0209011 -0.00916708   0.0072334  -0.201766 -0.0196314   0.974887
1.77458e+09   -0.0004042 -0.00597129 0.000841811  -0.201033 -0.0220728   0.974643
1.77458e+09  -0.0217095 0.00148556 0.00510287  -0.202254 -0.0188989   0.975131
1.77458e+09  0.00705265 -0.0027755  0.0104292   -0.19908 -0.0206079   0.972201
1.77458e+09      0.01664 -0.00703656  0.00297233  -0.202498 -0.0179224   0.973422
1.77458e+09   -0.0110568 0.000420297   0.0125597  -0.203963 -0.0176782   0.976107
1.77458e+09  -0.00253473 -0.00490603  0.00616813  -0.203231 -0.0176782   0.972689
1.77458e+09    -0.0163832 -0.000644969    0.0104292  -0.204695 -0.0171899   0.973422
1.77458e+09  -0.00573052 -0.00384076   0.0040376  -0.202498 -0.0196314   0.978305
1.77458e+09    0.0262274 -0.00810182  0.00616813  -0.201033 -0.0208521   0.973666
1.77458e+09    0.0155748 -0.00384076   0.0125597  -0.202742 -0.0164575   0.972934
1.77458e+09   0.00598739 -0.00384076   0.0125597  -0.203231 -0.0193872   0.973178
1.77458e+09    0.0113137 -0.00597129   0.0114945  -0.201277 -0.0201196   0.975375
1.77458e+09   0.00705265 -0.00490603  0.00936393  -0.201766 -0.0203638   0.973178
1.77458e+09    0.0113137 -0.00597129  0.00510287  -0.203719 -0.0262232   0.977084
1.77458e+09   0.00705265 -0.00384076  0.00616813  -0.202254 -0.0174341   0.975131
1.77458e+09   0.00598739 -0.00490603  0.00936393  -0.204695 -0.0184107   0.976352
1.77458e+09   0.00705265 -0.00490603  0.00829866  -0.202254 -0.0252466   0.972689
1.77458e+09  -0.00679579 -0.00597129 -0.00235398  -0.203719 -0.0157251   0.974154
1.77458e+09  0.00172633 -0.0027755  0.0104292  -0.202498 -0.0245142   0.977572
1.77458e+09    0.0187706 -0.00597129  0.00616813   -0.20201 -0.0237817   0.972689
1.77458e+09    -0.0174484 -0.000644969   0.00510287  -0.203231 -0.0218286   0.973178
1.77458e+09  0.000661066  -0.0027755  0.00936393  -0.201522 -0.0230493   0.975375
1.77458e+09    0.0240969 -0.00810182  0.00829866  -0.202742 -0.0167017   0.972445
1.77458e+09   0.00172633 -0.00703656 0.000841811 -0.201277 -0.025979  0.976107
1.77458e+09    -0.0142526 -0.000644969    0.0125597  -0.202986 -0.0176782   0.975131
1.77458e+09    0.0134442 -0.00703656  0.00829866  -0.203475 -0.0210962   0.973178
1.77458e+09     0.012379 -0.00810182  0.00936393  -0.204207 -0.0206079   0.974887
1.77458e+09    0.0251621 -0.00703656  0.00936393  -0.202742 -0.0215845   0.976596
1.77458e+09    0.0155748 -0.00490603   0.0157555  -0.202254 -0.0191431   0.975863
1.77458e+09  -0.00679579  0.00148556   0.0125597  -0.201766 -0.0188989   0.976107
1.77458e+09   -0.0142526 0.000420297   0.0146903  -0.204207 -0.0193872   0.976596
1.77458e+09    0.0177053 -0.00916708   0.0104292  -0.201277 -0.0210962   0.975619
1.77458e+09   0.0187706 -0.0102323  0.0104292  -0.199568 -0.0210962   0.973666
1.77458e+09   0.00172633 -0.00597129   0.0114945  -0.201033 -0.0252466   0.975375
1.77458e+09  -0.00146946 -0.00171023   0.0125597  -0.198592 -0.0208521   0.973178
1.77458e+09    0.0134442 -0.00490603  0.00510287  -0.202986 -0.0164575   0.973666
1.77458e+09   0.00385686 -0.00384076   0.0114945  -0.200057 -0.0215845    0.97098
1.77458e+09    -0.0142526 -0.000644969   0.00190707  -0.200789 -0.0176782   0.976596
1.77458e+09    0.00279159 -0.000644969    0.0168208   -0.20201 -0.0203638   0.976107
1.77458e+09   0.0272927 -0.0102323  0.0072334  -0.199324 -0.0262232   0.977572
1.77458e+09  -0.0163832 -0.0027755 0.00297233  -0.203719 -0.0201196   0.974887
1.77458e+09   -0.00786105 -0.000644969   0.00936393  -0.199813 -0.0252466   0.974154
1.77458e+09    0.0230316 -0.00597129   0.0104292  -0.198592 -0.0186548   0.973178
1.77458e+09   0.00598739 -0.00490603  0.00297233  -0.200545 -0.0169458   0.973666
1.77458e+09   -0.0110568 0.000420297  0.00510287  -0.200301 -0.0191431   0.972934
1.77458e+09  0.00918318 -0.0027755 0.00510287  -0.202254 -0.0164575   0.974398
1.77458e+09   0.00705265 -0.00171023   0.0104292   -0.20201 -0.0230493   0.979037
1.77458e+09   -0.00146946 -0.000644969   0.00829866  -0.204695 -0.0208521   0.977084
1.77458e+09    -0.0131874 -0.000644969   0.00297233  -0.203963 -0.0196314   0.977328
1.77458e+09   0.00705265 -0.00703656  0.00829866  -0.201766 -0.0184107   0.975619
1.77458e+09  -0.00573052 -0.00384076  0.00297233  -0.203475 -0.0145044   0.972689
1.77458e+09    -0.0163832 -0.000644969   0.00510287  -0.201033 -0.0179224   0.973178
1.77458e+09    0.0198358 -0.00597129  0.00829866  -0.199813 -0.0203638   0.971469
1.77458e+09   -0.00253473 -0.000644969   0.00829866  -0.202498 -0.0167017   0.972201
1.77458e+09  -0.0174484 0.00361609   0.013625  -0.203475 -0.0196314   0.975375
1.77458e+09  -0.00999158 0.000420297  0.00829866  -0.203231 -0.0181665   0.977328
1.77458e+09   0.000661066 -0.000644969    0.0125597  -0.201766 -0.0171899   0.972201
1.77458e+09     0.012379 -0.00490603   0.0125597  -0.203963 -0.0208521   0.978061
1.77458e+09   -0.0259705 0.000420297  0.00510287  -0.204207 -0.0196314   0.977572
1.77458e+09   -0.00573052 -0.000644969   0.00936393  -0.203231 -0.0186548   0.975375
1.77458e+09    0.0209011 -0.00916708  0.00616813  -0.204207 -0.0218286   0.975375
1.77458e+09   -0.0142526 -0.00171023   0.0114945  -0.200057 -0.0184107    0.97391
1.77458e+09  -0.00786105 -0.00171023    0.013625  -0.202254 -0.0196314   0.974643
1.77458e+09    0.0134442 -0.00703656   0.0114945  -0.200301 -0.0210962   0.972201
1.77458e+09  -0.00892632 -0.00597129 -0.00235398  -0.202742 -0.0201196   0.973666
1.77458e+09  -0.00466526  -0.0027755   0.0114945 -0.202986 -0.022561  0.976352
1.77458e+09   -0.00679579 -0.000644969   0.00829866 -0.202254 -0.022561  0.973666
1.77458e+09  -0.00466526 -0.00384076   0.0040376 -0.203231 -0.022561  0.973178
1.77458e+09      0.01664 -0.00703656  0.00190707  -0.204451 -0.0206079   0.978061
1.77458e+09    0.0219664 -0.00810182   0.0104292  -0.203963 -0.0184107   0.973422
1.77458e+09    0.0134442 -0.00597129   0.0072334  -0.201033 -0.0201196   0.972201
1.77458e+09    0.0145095 -0.00597129   0.0146903  -0.203719 -0.0215845   0.976352
1.77458e+09    0.0102484 -0.00810182  0.00616813 -0.200301 -0.022561  0.974154
1.77458e+09    0.0219664 -0.00703656  0.00936393  -0.200057 -0.0235376   0.972445
1.77458e+09    0.0209011 -0.00703656   0.0114945  -0.203475 -0.0218286   0.976107
1.77458e+09  0.00492212 -0.0027755  0.0114945  -0.202742 -0.0184107   0.978061
1.77458e+09    0.0145095 -0.00703656   0.0072334  -0.202742 -0.0196314   0.975619
1.77458e+09  -0.00146946 -0.00171023   0.0104292  -0.199324 -0.0237817   0.973422
1.77458e+09   0.00811792 -0.00597129 0.000841811  -0.202742 -0.0220728   0.977328
1.77458e+09  -0.0270358 0.00148556 0.00510287  -0.202254 -0.0230493   0.977328
1.77458e+09  0.00918318 -0.0027755   0.013625  -0.201522 -0.0198755   0.974154
1.77458e+09      0.01664 -0.00916708   0.0104292  -0.200789 -0.0181665   0.973178
1.77458e+09   -0.0206442 0.000420297   0.0072334  -0.203719 -0.0157251   0.975131
1.77458e+09    -0.0121221 -0.000644969    0.0104292 -0.199324 -0.022561  0.972689
1.77458e+09      0.01664 -0.00490603    0.013625  -0.199324 -0.0169458   0.971225
1.77458e+09  -0.00573052 -0.00597129  0.00616813  -0.202254 -0.0220728   0.975131
1.77458e+09     0.012379 -0.00490603  0.00936393   -0.19908 -0.0252466   0.973178
1.77458e+09   0.00811792 -0.00384076   0.0104292  -0.202498 -0.0159692   0.972934
1.77458e+09   0.00385686 -0.00171023   0.0114945 -0.201766 -0.022561  0.977816
1.77458e+09  -0.0110568 0.00148556  0.0072334  -0.202254 -0.0167017    0.97684
1.77458e+09   -0.0131874 0.000420297   0.0114945  -0.200545 -0.0215845    0.97684
1.77458e+09    -0.0110568 -0.000644969   0.00829866  -0.203231 -0.0208521   0.977084
1.77458e+09    0.0187706 -0.00916708 0.000841811  -0.203719 -0.0210962   0.973666
1.77458e+09    0.0240969 -0.00810182   0.0104292  -0.200789 -0.0215845   0.974643
1.77458e+09    0.0187706 -0.00810182  0.00829866  -0.201766 -0.0186548   0.975375
1.77458e+09   0.00705265 -0.00171023   0.0125597  -0.201277 -0.0181665   0.973178
1.77458e+09    0.0155748 -0.00703656  0.00936393  -0.202742 -0.0201196    0.97391
1.77458e+09    0.00598739 -0.000644969     0.013625  -0.200545 -0.0191431   0.972689
1.77458e+09  0.00811792 -0.0027755 0.00936393  -0.202986 -0.0215845   0.977084
1.77458e+09   0.00811792 -0.00597129  0.00616813  -0.202986 -0.0191431   0.974643
1.77458e+09   0.00918318 -0.00490603   0.0114945  -0.202742 -0.0206079   0.974643
1.77458e+09  0.00598739 -0.0027755  0.0146903  -0.204207 -0.0171899   0.975863
1.77458e+09   -0.00359999 -0.000644969    0.0146903  -0.202742 -0.0147485   0.973178
1.77458e+09    -0.0206442 -0.000644969  0.000841811  -0.202254 -0.0191431   0.973666
1.77458e+09    0.0177053 -0.00490603   0.0104292  -0.200545 -0.0193872   0.974154
1.77458e+09   -0.00999158 -0.000644969   0.00297233  -0.202986 -0.0196314   0.975619
1.77458e+09    0.0113137 -0.00490603   0.0146903  -0.203231 -0.0171899   0.975131
1.77458e+09    0.0113137 -0.00490603   0.0146903  -0.203231 -0.0171899   0.975131
1.77458e+09  0.000661066 -0.00490603  0.00510287  -0.203231 -0.0210962   0.975619
1.77458e+09  0.000661066 -0.00490603  0.00510287  -0.203231 -0.0210962   0.975619
1.77458e+09  -0.00999158 -0.00171023   0.0114945  -0.201277 -0.0228052   0.974887
1.77458e+09  -0.00999158 -0.00171023   0.0114945  -0.201277 -0.0228052   0.974887
1.77458e+09   -0.0174484 0.000420297   0.0125597  -0.198836 -0.0193872    0.97098
1.77458e+09   -0.0174484 0.000420297   0.0125597  -0.198836 -0.0193872    0.97098
1.77458e+09    0.0219664 -0.00703656   0.0125597  -0.201766 -0.0188989   0.974154
1.77458e+09    0.0219664 -0.00703656   0.0125597  -0.201766 -0.0188989   0.974154
1.77458e+09    -0.02384 0.00148556  0.0104292  -0.202498 -0.0235376   0.976596
1.77458e+09    -0.02384 0.00148556  0.0104292  -0.202498 -0.0235376   0.976596
1.77458e+09  -0.00892632  -0.0027755  0.00616813  -0.202742 -0.0235376   0.977084
1.77458e+09  -0.00892632  -0.0027755  0.00616813  -0.202742 -0.0235376   0.977084
1.77458e+09  -0.00786105  -0.0027755   0.0114945   -0.20201 -0.0223169   0.975131
1.77458e+09  -0.00786105  -0.0027755   0.0114945   -0.20201 -0.0223169   0.975131
1.77458e+09   -0.0131874  -0.0027755 0.000841811  -0.198348 -0.0191431   0.973666
1.77458e+09   -0.0131874  -0.0027755 0.000841811  -0.198348 -0.0191431   0.973666
1.77458e+09   -0.00573052 -0.000644969   0.00829866  -0.200789 -0.0230493   0.974643
1.77458e+09   -0.00573052 -0.000644969   0.00829866  -0.200789 -0.0230493   0.974643
1.77458e+09   0.0102484 -0.0027755  0.0104292  -0.201033 -0.0218286   0.974154
1.77458e+09   0.0102484 -0.0027755  0.0104292  -0.201033 -0.0218286   0.974154
1.77458e+09    0.0155748 -0.00703656  0.00190707  -0.202986 -0.0181665   0.976107
1.77458e+09    0.0155748 -0.00703656  0.00190707  -0.202986 -0.0181665   0.976107
1.77458e+09  -0.0121221 -0.0027755 0.00510287  -0.203475 -0.0188989   0.975375
1.77458e+09  -0.0121221 -0.0027755 0.00510287  -0.203475 -0.0188989   0.975375
1.77458e+09   -0.0004042 -0.00384076   0.0114945   -0.20201 -0.0176782   0.973178
1.77458e+09   -0.0004042 -0.00384076   0.0114945   -0.20201 -0.0176782   0.973178
1.77458e+09    0.0177053 -0.00810182  0.00829866  -0.203231 -0.0196314   0.974398
1.77458e+09    0.0187706 -0.00703656   0.0114945  -0.202498 -0.0188989   0.975619
1.77458e+09   0.00918318 -0.00490603  0.00510287  -0.202254 -0.0174341   0.975131
1.77458e+09  -0.00253473 -0.00384076   0.0040376  -0.203719 -0.0191431   0.975375
1.77458e+09   0.00492212 -0.00384076   0.0072334  -0.203475 -0.0208521   0.978305
1.77458e+09   0.00492212 -0.00384076   0.0072334  -0.203475 -0.0208521   0.978305
1.77458e+09    -0.0174484 -0.000644969    0.0125597  -0.203475 -0.0223169   0.976107
1.77458e+09   -0.0163832 -0.00171023   0.0072334  -0.203475 -0.0171899   0.974154
1.77458e+09   -0.0206442 -0.00171023  0.00510287  -0.201277 -0.0193872   0.972934
1.77458e+09   -0.0206442 -0.00171023  0.00510287  -0.201277 -0.0193872   0.972934
1.77458e+09    -0.0281011  0.000420297 -0.000223458  -0.201522 -0.0218286   0.975375
1.77458e+09   -0.0227748 0.000420297  0.00510287  -0.202498 -0.0215845   0.973666
1.77458e+09    -0.0163832 -0.000644969    0.0072334  -0.201766 -0.0223169   0.975131
1.77458e+09    -0.0163832 -0.000644969    0.0072334  -0.201766 -0.0223169   0.975131
1.77458e+09    0.0177053 -0.00703656   0.0104292  -0.202254 -0.0186548   0.974643
1.77458e+09      0.01664 -0.00703656  0.00829866  -0.202254 -0.0186548   0.974643
1.77458e+09   -0.0217095 -0.00171023 -0.00128872  -0.202986 -0.0191431   0.976107
1.77458e+09   -0.00999158 -0.000644969    0.0104292  -0.200301 -0.0223169   0.973422
1.77458e+09    0.0209011 -0.00703656   0.0114945   -0.20201 -0.0218286   0.975131
1.77458e+09    0.0219664 -0.00916708  0.00936393  -0.199568 -0.0223169   0.974154
1.77458e+09  -0.0174484 -0.0027755 0.00297233  -0.201522 -0.0186548   0.975131
1.77458e+09    -0.0217095 -0.000644969    0.0104292  -0.201766 -0.0193872   0.977084
1.77458e+09  -0.00359999 -0.00171023   0.0125597  -0.200057 -0.0181665   0.973178
1.77458e+09   0.00918318 -0.00490603  0.00936393 -0.19908 -0.02427 0.972689
1.77458e+09     0.012379 -0.00490603   0.0114945  -0.200545 -0.0208521   0.975131
1.77458e+09  0.00492212 -0.0027755  0.0104292  -0.202742 -0.0179224   0.974154
1.77458e+09   -0.00679579 -0.000644969    0.0072334  -0.201522 -0.0206079   0.974643
1.77458e+09   0.00172633 -0.00490603  0.00297233  -0.201766 -0.0174341   0.976352
1.77458e+09  -0.0110568 -0.0027755 0.00829866  -0.201277 -0.0235376   0.978061
1.77458e+09    0.0187706 -0.00703656  0.00510287  -0.201522 -0.0196314   0.974154
1.77458e+09   -0.00999158 -0.000644969   0.00936393  -0.199324 -0.0232935   0.974154
1.77458e+09  -0.00999158 -0.00171023  0.00829866   -0.20201 -0.0215845   0.977084
1.77458e+09   -0.00253473 -0.000644969     0.013625  -0.201277 -0.0181665    0.97391
1.77458e+09    0.0145095 -0.00490603  0.00936393  -0.200789 -0.0201196   0.972689
1.77458e+09      0.01664 -0.00597129   0.0104292  -0.202742 -0.0181665   0.974643
1.77458e+09    0.0177053 -0.00703656  0.00190707  -0.203963 -0.0171899   0.974887
1.77458e+09    -0.0121221 -0.000644969  0.000841811   -0.20201 -0.0215845   0.974643
1.77458e+09   -0.0121221 0.000420297  0.00829866   -0.20201 -0.0201196   0.974154
1.77458e+09   0.00705265 -0.00703656   0.0040376  -0.203719 -0.0193872   0.976107
1.77458e+09   -0.0142526 -0.00171023  0.00510287  -0.202742 -0.0201196   0.973422
1.77458e+09  -0.0217095 0.00255083   0.013625  -0.200301 -0.0220728   0.975131
1.77458e+09     0.012379 -0.00384076   0.0146903  -0.205916 -0.0188989   0.977328
1.77458e+09    0.0145095 -0.00597129    0.017886   -0.20201 -0.0210962   0.974643
1.77458e+09   0.00172633 -0.00490603   0.0072334  -0.201522 -0.0218286   0.973178
1.77458e+09    0.0102484 -0.00703656   0.0040376  -0.202742 -0.0210962   0.973666
1.77458e+09   0.00918318 -0.00490603   0.0072334  -0.201766 -0.0196314   0.975619
1.77458e+09   0.00918318 -0.00384076   0.0114945  -0.202986 -0.0193872   0.975619
1.77458e+09  -0.00892632 -0.00171023   0.0072334  -0.201766 -0.0193872   0.973178
1.77458e+09  -0.0004042 -0.0027755 0.00829866  -0.203719 -0.0176782   0.977328
1.77458e+09    -0.019579 -0.00171023  0.00510287  -0.201277 -0.0220728   0.976352
1.77458e+09    0.0198358 -0.00597129   0.0114945  -0.200545 -0.0176782   0.971713
1.77458e+09    -0.0185137 -0.000644969    0.0072334  -0.201522 -0.0215845   0.973422
1.77458e+09  -0.00892632  0.00148556  0.00936393  -0.200057 -0.0228052   0.974398
1.77458e+09    0.00279159 -0.000644969    0.0104292  -0.201766 -0.0176782   0.973666
1.77458e+09    0.0230316 -0.00703656  0.00616813  -0.200789 -0.0228052   0.972934
1.77458e+09    0.0113137 -0.00597129   0.0040376  -0.204207 -0.0181665   0.978061
1.77458e+09  -0.00786105 -0.00171023  0.00510287   -0.20201 -0.0167017   0.975131
1.77458e+09  -0.0153179 0.00255083   0.013625  -0.201766 -0.0208521   0.976596
1.77458e+09   0.00705265 -0.00490603  0.00829866  -0.204695 -0.0208521   0.976596
1.77458e+09  -0.0206442 0.00148556  0.0114945  -0.201766 -0.0228052   0.972689
1.77458e+09   -0.0217095 0.000420297  0.00829866  -0.203719 -0.0206079   0.975131
1.77458e+09   -0.0206442 0.000420297  0.00829866  -0.202498 -0.0203638   0.972445
1.77458e+09   -0.0142526 0.000420297   0.0146903  -0.202254 -0.0201196   0.976596
1.77458e+09      0.01664 -0.00597129    0.013625  -0.201277 -0.0203638   0.972934
1.77458e+09    0.0155748 -0.00597129  0.00936393  -0.199813 -0.0240259   0.971469
1.77458e+09   -0.00466526 -0.000644969   0.00616813  -0.203719 -0.0223169   0.976107
1.77458e+09   -0.00359999 -0.000644969     0.013625  -0.202742 -0.0186548   0.975619
1.77458e+09    0.0113137 -0.00703656  0.00190707  -0.203475 -0.0235376   0.976107
1.77458e+09    0.0102484 -0.00703656   0.0040376  -0.202986 -0.0167017   0.975375
1.77458e+09    0.0145095 -0.00916708  0.00936393  -0.202498 -0.0218286   0.977572
1.77458e+09    0.0134442 -0.00490603   0.0114945  -0.201522 -0.0230493   0.973422
1.77458e+09    -0.0206442  -0.00171023 -0.000223458  -0.202498 -0.0210962   0.974643
1.77458e+09   0.00385686 -0.00597129   0.0040376 -0.200789 -0.022561  0.974643
1.77458e+09     0.012379 -0.00703656   0.0072334  -0.201033 -0.0181665   0.972201
1.77458e+09  -0.00146946 -0.00490603 0.000841811  -0.202254 -0.0181665   0.973178
1.77458e+09  -0.00892632 -0.00384076  0.00190707  -0.204695 -0.0169458   0.975131
1.77458e+09    -0.0174484 -0.000644969    0.0040376  -0.202742 -0.0186548   0.973178
1.77458e+09    0.00172633 -0.000644969    0.0114945 -0.201766  -0.02427  0.975375
1.77458e+09    0.0134442 -0.00703656  0.00297233  -0.203231 -0.0188989   0.975375
1.77458e+09   -0.0153179 0.000420297   0.0157555  -0.200789 -0.0210962   0.972201
1.77458e+09   0.00172633 -0.00171023   0.0146903   -0.20201 -0.0215845   0.974887
1.77458e+09    0.0187706 -0.00597129  0.00936393  -0.202742 -0.0191431   0.975619
1.77458e+09   0.00492212 -0.00384076  0.00936393  -0.203475 -0.0181665    0.97684
1.77458e+09    0.0251621 -0.00810182   0.0072334  -0.204207 -0.0198755   0.975131
1.77458e+09   0.0272927 -0.0102323  0.0072334  -0.201766 -0.0162134   0.972934
1.77458e+09     0.012379 -0.00703656   0.0114945  -0.204939 -0.0203638   0.979525
1.77458e+09   0.00492212 -0.00703656  0.00510287  -0.200057 -0.0235376   0.973178
1.77458e+09   -0.0185137 -0.00171023  0.00616813  -0.202742 -0.0157251   0.972689
1.77458e+09   -0.019579 -0.0027755  0.0072334  -0.202498 -0.0254907    0.97684
1.77458e+09   -0.0004042 -0.00490603  0.00510287  -0.199568 -0.0184107    0.97098
1.77458e+09   0.00172633 -0.00171023   0.0104292  -0.201277 -0.0181665   0.973666
1.77458e+09   0.00918318 -0.00703656  0.00616813  -0.200301 -0.0245142   0.976107
1.77458e+09    0.0155748 -0.00810182  0.00936393  -0.203231 -0.0201196   0.976596
1.77458e+09    0.0209011 -0.00810182  0.00936393  -0.199568 -0.0223169   0.974398
1.77458e+09  -0.00466526 -0.00384076 -0.00448451  -0.204451 -0.0201196   0.978061
1.77458e+09  -0.0185137 -0.0027755  0.0040376  -0.200789 -0.0186548   0.972934
1.77458e+09   -0.0270358 0.000420297   0.0040376  -0.199813 -0.0186548   0.974398
1.77458e+09  -0.0121221 0.00148556 0.00510287  -0.202254 -0.0201196   0.978061
1.77458e+09    0.0145095 -0.00384076   0.0104292  -0.196883 -0.0223169   0.971225
1.77458e+09    -0.0153179 -0.000644969   0.00510287  -0.202742 -0.0210962   0.973666
1.77458e+09    -0.0121221 -0.000644969    0.0114945  -0.200057 -0.0230493    0.97684
1.77458e+09  -0.00999158 0.000420297   0.0104292  -0.200057 -0.0188989   0.974154
1.77458e+09   0.00279159 -0.00171023   0.0104292  -0.204939 -0.0179224   0.977328
1.77458e+09    0.0209011 -0.00597129   0.0146903  -0.199813 -0.0169458   0.975131
1.77458e+09    0.0102484 -0.00703656  0.00190707  -0.202986 -0.0167017    0.97391
1.77458e+09    0.0187706 -0.00916708   0.0072334   -0.20201 -0.0181665   0.976107
1.77458e+09   -0.0142526 -0.00384076  0.00297233  -0.199813 -0.0240259   0.973422
1.77458e+09   -0.0131874 0.000420297   0.0104292  -0.202254 -0.0198755   0.976107
1.77458e+09  -0.0227748 0.00148556 0.00829866  -0.201277 -0.0198755   0.973422
1.77458e+09    -0.0110568 -0.000644969    0.0072334  -0.199568 -0.0213403   0.971225
1.77458e+09  -0.00146946  -0.0027755  0.00510287  -0.201766 -0.0159692   0.972934
1.77458e+09  -0.00146946  0.00148556    0.013625  -0.203475 -0.0232935   0.975619
1.77458e+09  -0.00359999 0.000420297    0.013625  -0.203719 -0.0191431   0.976352
1.77458e+09  -0.00253473  -0.0027755    0.013625  -0.206404 -0.0203638   0.977328
1.77458e+09    0.0145095 -0.00810182   0.0125597  -0.201766 -0.0232935   0.977084
1.77458e+09    0.0209011 -0.00916708  0.00936393  -0.202254 -0.0188989   0.973422
1.77458e+09      0.01664 -0.00597129   0.0114945  -0.201277 -0.0237817   0.973666
1.77458e+09    0.0198358 -0.00810182 0.000841811  -0.199324 -0.0193872   0.970736
1.77458e+09  -0.00359999 -0.00171023  0.00510287  -0.201766 -0.0191431   0.972201
1.77458e+09    0.00279159 -0.000644969   0.00936393  -0.200545 -0.0228052   0.973666
1.77458e+09  -0.00573052 -0.00171023  0.00829866  -0.202986 -0.0196314   0.975375
1.77458e+09  -0.00573052  -0.0027755   0.0040376  -0.204207 -0.0208521   0.977084
1.77458e+09  -0.00466526 -0.00597129  0.00190707  -0.204695 -0.0228052   0.980014
1.77458e+09   -0.00253473  -0.00703656 -0.000223458  -0.204939 -0.0201196   0.979525
1.77458e+09    -0.0131874 -0.000644969    0.0040376  -0.201522 -0.0186548   0.972689
1.77458e+09    -0.0291663 -0.000644969   0.00297233  -0.198592 -0.0191431   0.970492
1.77458e+09  -0.00466526 -0.00597129   0.0040376 -0.201766 -0.022561  0.974154
1.77458e+09  -0.00253473  -0.0027755   0.0040376  -0.200789 -0.0201196   0.971713
1.77458e+09  0.00598739 -0.0027755 0.00616813  -0.201277 -0.0223169   0.973178
1.77458e+09    0.0187706 -0.00490603   0.0072334  -0.202498 -0.0206079   0.974154
1.77458e+09      0.01664 -0.00384076    0.013625  -0.203963 -0.0201196   0.977328
1.77458e+09   -0.0110568 -0.00384076  0.00297233  -0.202254 -0.0206079   0.974887
1.77458e+09    0.0177053 -0.00703656    0.013625  -0.202742 -0.0196314   0.974643
1.77458e+09    0.0134442 -0.00597129  0.00829866  -0.203475 -0.0186548   0.978061
1.77458e+09    0.0155748 -0.00916708   0.0040376  -0.201033 -0.0203638   0.974154
1.77458e+09  -0.00892632 -0.00384076  0.00297233  -0.203231 -0.0235376    0.97391
1.77458e+09    -0.019579 -0.00171023  0.00190707  -0.201277 -0.0169458   0.975619
1.77458e+09   -0.00892632 -0.000644969    0.0114945  -0.205916 -0.0191431   0.977084
1.77458e+09   0.00279159 -0.00490603   0.0114945 -0.200789 -0.022561  0.976352
1.77458e+09   0.00492212 -0.00703656   0.0104292  -0.200301 -0.0145044   0.972445
1.77458e+09   -0.0163832 -0.00171023   0.0114945  -0.200301 -0.0235376   0.973422
1.77458e+09  -0.0110568 0.00255083  0.0146903  -0.198348 -0.0206079   0.970736
1.77458e+09    0.0209011 -0.00597129   0.0157555  -0.202498 -0.0171899   0.973666
1.77458e+09    0.0272927 -0.00810182  0.00936393 -0.200789  -0.02427  0.978061
1.77458e+09  -0.00786105 -0.00171023  0.00616813  -0.204207 -0.0169458   0.978061
1.77458e+09    -0.0174484  -0.00171023 -0.000223458  -0.198348 -0.0240259   0.973422
1.77458e+09  0.00385686 -0.0027755  0.0072334  -0.204207 -0.0206079   0.977572
1.77458e+09  -0.00573052  -0.0027755   0.0072334  -0.204695 -0.0213403   0.979525
1.77458e+09  -0.0110568 -0.0027755  0.0072334  -0.199324 -0.0215845   0.974154
1.77458e+09   -0.0131874 -0.00384076   0.0072334  -0.203719 -0.0184107   0.974887
1.77458e+09    -0.0217095 -0.000644969   0.00297233  -0.197371 -0.0230493   0.974398
1.77458e+09    0.0145095 -0.00703656  0.00616813  -0.200789 -0.0152368   0.971713
1.77458e+09   -0.0163832 0.000420297  0.00829866  -0.198348 -0.0201196   0.968539
1.77458e+09    -0.02384 0.00361609  0.0040376  -0.201277 -0.0201196   0.974643
1.77458e+09  -0.00786105 0.000420297  0.00190707  -0.199813 -0.0198755   0.975131
1.77458e+09  -0.0163832 0.00361609  0.0072334  -0.201033 -0.0220728   0.972934
1.77458e+09  -0.00573052  0.00255083    0.013625  -0.206404 -0.0193872   0.979281
1.77458e+09  0.00385686 -0.0027755   0.013625  -0.205428 -0.0179224   0.977328
1.77458e+09      0.01664 -0.00597129   0.0114945  -0.203231 -0.0191431   0.977816
1.77458e+09   0.00279159 -0.00703656   0.0040376  -0.202498 -0.0201196   0.974398
1.77458e+09   0.00598739 -0.00597129  0.00616813  -0.200789 -0.0203638   0.973666
1.77458e+09    0.0177053 -0.00703656  0.00616813   -0.20201 -0.0127954   0.971225
1.77458e+09   0.00705265 -0.00597129  0.00616813  -0.201033 -0.0215845   0.970248
1.77458e+09     0.01664 -0.0027755 0.00936393  -0.201277 -0.0201196    0.97391
1.77458e+09  0.00705265 -0.0027755 0.00936393  -0.204451 -0.0186548   0.977084
1.77458e+09    0.00492212 -0.000644969    0.0146903  -0.203963 -0.0188989    0.97391
1.77458e+09  -0.00146946 -0.00490603   0.0040376   -0.20616 -0.0191431   0.973178
1.77458e+09    -0.0185137 -0.000644969    0.0146903  -0.204451 -0.0206079   0.978305
1.77458e+09    0.0177053 -0.00703656   0.0157555  -0.203475 -0.0201196   0.976596
1.77458e+09   -0.0004042 -0.00703656   0.0072334  -0.203719 -0.0220728   0.974154
1.77458e+09  0.000661066 -0.00490603   0.0114945  -0.203475 -0.0198755   0.973178
1.77458e+09    0.0102484 -0.00384076   0.0189513  -0.203719 -0.0193872   0.974643
1.77458e+09    0.0134442 -0.00384076  0.00829866  -0.201766 -0.0218286   0.972689
1.77458e+09   -0.019579 0.00148556  0.0072334  -0.202254 -0.0271997   0.978305
1.77458e+09   0.00918318 -0.00490603  0.00936393  -0.202254 -0.0218286   0.974398
1.77458e+09   0.00811792 -0.00490603   0.0125597  -0.205428 -0.0210962   0.977816
1.77458e+09    -0.0153179 -0.000644969     0.013625  -0.204207 -0.0257349   0.977572
1.77458e+09   -0.0110568  -0.0027755 0.000841811  -0.203475 -0.0127954   0.972689
1.77458e+09   0.00811792 -0.00916708  0.00510287  -0.202742 -0.0223169   0.977084
1.77458e+09   0.00172633 -0.00597129  0.00510287  -0.196883 -0.0274439   0.972689
1.77458e+09  -0.00999158 -0.00171023   0.0040376  -0.201766 -0.0181665   0.970736
1.77458e+09   -0.0217095 0.000420297  0.00510287  -0.200057 -0.0262232   0.971225
1.77458e+09    0.00279159   -0.0027755 -0.000223458  -0.197859 -0.0208521   0.969516
1.77458e+09      0.01664 -0.00490603  0.00829866  -0.202742 -0.0169458   0.975131
1.77458e+09    0.0209011 -0.00490603  0.00616813  -0.202742 -0.0215845   0.979037
1.77458e+09  0.00598739 -0.0027755 0.00510287  -0.204939 -0.0171899    0.97684
1.77458e+09  -0.0217095 0.00148556 0.00829866  -0.204207 -0.0232935   0.980746
1.77458e+09  0.00279159 -0.0027755   0.017886  -0.204695 -0.0186548   0.980014
1.77458e+09   0.0251621 -0.0134281 0.00510287  -0.198348 -0.0201196   0.973178
1.77458e+09   -0.0249053 0.000420297  0.00829866  -0.199324 -0.0206079    0.97391
1.77458e+09   0.00492212 -0.00597129  0.00616813  -0.201522 -0.0162134   0.973178
1.77458e+09    -0.0121221 -0.000644969    0.0040376  -0.197615 -0.0167017   0.969027
1.77458e+09  -0.00573052 0.000420297   0.0114945  -0.201522 -0.0206079    0.97391
1.77458e+09    0.0145095 -0.00490603  0.00616813  -0.199568 -0.0191431   0.976107
1.77458e+09   -0.0185137 0.000420297  0.00936393  -0.203231 -0.0223169   0.976352
1.77458e+09    0.0177053 -0.00916708  0.00616813  -0.202254 -0.0220728   0.977328
1.77458e+09    0.0145095 -0.00810182   0.0104292  -0.201766 -0.0176782   0.974643
1.77458e+09  -0.00679579  -0.0027755    0.013625  -0.200545 -0.0191431   0.974643
1.77458e+09   -0.0163832 0.000420297  0.00936393  -0.199813 -0.0201196   0.974643
1.77458e+09    -0.0004042 -0.000644969    0.0104292  -0.196883 -0.0171899   0.971713
1.77458e+09  0.00492212 -0.0027755 0.00616813  -0.201033 -0.0218286   0.973666
1.77458e+09   0.00385686 -0.00384076 0.000841811  -0.200301 -0.0203638   0.974398
1.77458e+09    0.0145095 -0.00171023   0.0125597  -0.201277 -0.0171899   0.974887
1.77458e+09  -0.00999158 0.000420297  0.00829866  -0.202742 -0.0228052   0.978061
1.77458e+09  -0.0302316 0.00255083  0.0072334  -0.201277 -0.0176782   0.977572
1.77458e+09  -0.00146946  -0.0027755  0.00829866  -0.202986 -0.0186548   0.976107
1.77458e+09  -0.00999158 -0.00384076   0.0072334  -0.200057 -0.0198755   0.971957
1.77458e+09  -0.0281011 0.00361609  0.0125597  -0.199324 -0.0196314   0.975863
1.77458e+09    0.0177053 -0.00490603   0.0114945  -0.199813 -0.0206079   0.972201
1.77458e+09   0.00385686 -0.00597129  0.00297233  -0.200301 -0.0193872   0.971957
1.77458e+09  0.00279159 0.00148556  0.0104292  -0.203231 -0.0167017   0.973422
1.77458e+09    0.0187706 -0.00490603  0.00936393  -0.200301 -0.0188989   0.973178
1.77458e+09  -0.00359999  -0.0027755  0.00510287  -0.202742 -0.0184107    0.97684
1.77458e+09  -0.0227748 0.00148556 0.00510287 -0.203719 -0.022561  0.978061
1.77458e+09   0.00492212 -0.00384076   0.0072334  -0.202742 -0.0220728   0.974643
1.77458e+09  -0.0217095 0.00148556  0.0072334  -0.203719 -0.0181665   0.974643
1.77458e+09  -0.00786105  -0.0027755  0.00510287  -0.204451 -0.0179224   0.974154
1.77458e+09  -0.00786105  -0.0027755  0.00510287  -0.204451 -0.0179224   0.974154
1.77458e+09  0.000661066 -0.00171023   0.0072334  -0.203231 -0.0201196   0.975131
1.77458e+09  0.000661066 -0.00171023   0.0072334  -0.203231 -0.0201196   0.975131
1.77458e+09   -0.0110568 -0.00171023   0.0040376  -0.205428 -0.0191431   0.974154
1.77458e+09   -0.0110568 -0.00171023   0.0040376  -0.205428 -0.0191431   0.974154
1.77458e+09  -0.00466526 -0.00597129  0.00190707  -0.20201 -0.022561  0.973178
1.77458e+09   0.00918318 -0.00597129   0.0072334 -0.201766 -0.022561  0.972201
1.77458e+09  0.000661066 -0.00490603   0.0104292  -0.203475 -0.0215845   0.975131
1.77458e+09  0.000661066 -0.00490603   0.0104292  -0.203475 -0.0215845   0.975131
1.77458e+09    0.0145095 -0.00703656  0.00510287  -0.205428 -0.0232935   0.978061
1.77458e+09    0.0145095 -0.00703656  0.00510287  -0.205428 -0.0232935   0.978061
1.77458e+09   0.0102484 -0.0027755  0.0157555  -0.202742 -0.0235376   0.974398
1.77458e+09   0.0102484 -0.0027755  0.0157555  -0.202742 -0.0235376   0.974398
1.77458e+09   0.00492212 -0.00171023   0.0146903  -0.204695 -0.0176782   0.975619
1.77458e+09   0.00492212 -0.00171023   0.0146903  -0.204695 -0.0176782   0.975619
1.77458e+09   0.00492212 -0.00597129  0.00829866  -0.202742 -0.0206079   0.978061
1.77458e+09   0.00492212 -0.00597129  0.00829866  -0.202742 -0.0206079   0.978061
1.77458e+09    0.0187706 -0.00810182   0.0072334  -0.203231 -0.0235376   0.974643
1.77458e+09    0.0187706 -0.00810182   0.0072334  -0.203231 -0.0235376   0.974643
1.77458e+09  0.00385686 -0.0027755  0.0157555 -0.201277 -0.022561  0.972689
1.77458e+09  0.00385686 -0.0027755  0.0157555 -0.201277 -0.022561  0.972689
1.77458e+09      -0.02384 -0.000644969    0.0072334  -0.201033 -0.0210962   0.973178
1.77458e+09  -0.00146946 -0.00171023  0.00936393  -0.199324 -0.0164575   0.971469
1.77458e+09   0.00492212 -0.00171023   0.0168208   -0.20201 -0.0196314   0.974154
1.77458e+09   0.00492212 -0.00171023   0.0168208   -0.20201 -0.0196314   0.974154
1.77458e+09   0.00598739 -0.00490603   0.0040376  -0.200789 -0.0196314   0.975131
1.77458e+09   0.00598739 -0.00490603   0.0040376  -0.200789 -0.0196314   0.975131
1.77458e+09   0.00279159 -0.00490603  0.00297233  -0.201522 -0.0210962   0.979525
1.77458e+09   0.00279159 -0.00490603  0.00297233  -0.201522 -0.0210962   0.979525
1.77458e+09    -0.019579 0.000420297   0.0114945  -0.199324 -0.0201196    0.97391
1.77458e+09    -0.019579 0.000420297   0.0114945  -0.199324 -0.0201196    0.97391
1.77458e+09    0.0262274 -0.00810182   0.0040376  -0.198836 -0.0167017   0.973666
1.77458e+09  -0.0206442 0.00148556  0.0040376  -0.198836 -0.0167017   0.973666
1.77458e+09    0.0209011 -0.00703656  0.00829866  -0.199813 -0.0186548   0.973178
1.77458e+09    0.0209011 -0.00703656  0.00829866  -0.199813 -0.0186548   0.973178
1.77458e+09    -0.0131874 -0.000644969    0.0040376  -0.200057 -0.0196314   0.974643
1.77458e+09    -0.0131874 -0.000644969    0.0040376  -0.200057 -0.0196314   0.974643
1.77458e+09   -0.0004042 -0.00171023   0.0072334  -0.199813 -0.0201196   0.972689
1.77458e+09    0.0209011 -0.00703656  0.00829866  -0.200301 -0.0176782   0.974398
1.77458e+09    0.0209011 -0.00490603   0.0114945  -0.203963 -0.0196314   0.977816
1.77458e+09    0.0209011 -0.00490603   0.0114945  -0.203963 -0.0196314   0.977816
1.77458e+09   -0.0174484 -0.00171023  0.00616813  -0.204939 -0.0191431    0.97684
1.77458e+09  -0.00359999  -0.0027755    0.013625  -0.203231 -0.0174341   0.974887
1.77458e+09  -0.00679579  -0.0027755   0.0104292  -0.201277 -0.0196314   0.975375
1.77458e+09    0.0145095 -0.00703656   0.0072334  -0.202742 -0.0147485   0.973666
1.77458e+09   0.00385686 -0.00384076   0.0114945  -0.200789 -0.0206079   0.972201
1.77458e+09   0.00492212 -0.00490603   0.0168208  -0.201277 -0.0237817   0.974643
1.77458e+09   -0.00999158 -0.000644969    0.0146903  -0.202742 -0.0196314   0.975619
1.77458e+09   0.00385686 -0.00171023   0.0104292  -0.200789 -0.0235376    0.97391
1.77458e+09    0.0230316 -0.00703656   0.0104292  -0.203475 -0.0196314   0.972201
1.77458e+09   -0.0206442 -0.00171023  0.00616813  -0.203719 -0.0201196   0.976107
1.77458e+09  -0.0142526 0.00255083  0.0168208  -0.203719 -0.0191431    0.97391
1.77458e+09    0.0155748 -0.00810182  0.00829866  -0.202498 -0.0218286   0.976107
1.77458e+09  -0.00359999 -0.00171023   0.0114945  -0.203231 -0.0240259   0.974643
1.77458e+09     0.012379 -0.00703656   0.0072334 -0.203719 -0.022561  0.977084
1.77458e+09  -0.00359999 -0.00490603  0.00297233  -0.200789 -0.0237817   0.973666
1.77458e+09   -0.0163832 0.000420297  0.00616813  -0.199813 -0.0223169   0.972201
1.77458e+09   0.00492212 -0.00384076   0.0125597  -0.204207 -0.0203638   0.977572
1.77458e+09  -0.00999158 -0.00384076  0.00297233  -0.200789 -0.0210962   0.974154
1.77458e+09  -0.00359999  -0.0027755  0.00616813  -0.203231 -0.0218286    0.97391
1.77458e+09    0.0219664 -0.00703656   0.0104292  -0.204695 -0.0223169   0.976352
1.77458e+09    0.0209011 -0.00597129   0.0125597  -0.202254 -0.0223169   0.975131
1.77458e+09  0.000661066  -0.0027755   0.0040376  -0.202986 -0.0203638   0.973422
1.77458e+09   0.00492212 -0.00490603  0.00829866  -0.201033 -0.0210962   0.974154
1.77458e+09   0.00492212 -0.00810182  0.00190707  -0.205672 -0.0186548   0.975131
1.77458e+09  -0.00359999 -0.00490603  0.00829866  -0.199568 -0.0210962   0.972201
1.77458e+09   0.00918318 -0.00384076   0.0072334  -0.202254 -0.0220728   0.973178
1.77458e+09  0.000661066 -0.00384076    0.013625  -0.204207 -0.0181665   0.975863
1.77458e+09   0.00918318 -0.00384076    0.013625  -0.202986 -0.0235376   0.978305
1.77458e+09  -0.0121221 0.00148556  0.0104292  -0.200789 -0.0186548   0.973178
1.77458e+09    0.0230316 -0.00810182   0.0125597  -0.202498 -0.0169458   0.972201
1.77458e+09   -0.0004042 -0.00597129   0.0040376  -0.203231 -0.0220728   0.977572
1.77458e+09  -0.0291663 0.00148556 0.00510287  -0.202254 -0.0142603   0.974643
1.77458e+09  0.000661066 -0.00384076   0.0114945  -0.202254 -0.0208521   0.975375
1.77458e+09  -0.00786105 -0.00597129   0.0072334  -0.200057 -0.0230493   0.976596
1.77458e+09   -0.0174484 -0.00171023   0.0104292  -0.202254 -0.0171899   0.974154
1.77458e+09  0.00279159 -0.0027755  0.0157555  -0.199568 -0.0218286   0.972689
1.77458e+09   0.00172633 -0.00810182  0.00616813  -0.201033 -0.0184107   0.973666
1.77458e+09    -0.0121221 -0.000644969    0.0125597  -0.200301 -0.0184107   0.975375
1.77458e+09  -0.00573052 0.000420297   0.0114945  -0.200545 -0.0169458   0.974154
1.77458e+09  -0.0291663 0.00361609  0.0125597  -0.200301 -0.0191431   0.974398
1.77458e+09   -0.0142526  -0.0027755 0.000841811  -0.202742 -0.0206079   0.978549
1.77458e+09    0.0177053 -0.00703656  0.00616813  -0.203475 -0.0176782   0.976596
1.77458e+09   0.00385686 -0.00490603  0.00616813  -0.199813 -0.0220728   0.975131
1.77458e+09    -0.0227748 -0.000644969   0.00936393  -0.200057 -0.0176782   0.973666
1.77458e+09  -0.0163832 -0.0027755 0.00616813  -0.201522 -0.0196314   0.976107
1.77458e+09  -0.00892632  -0.0027755  0.00297233  -0.198836 -0.0223169   0.972445
1.77458e+09  -0.00573052  -0.0027755   0.0072334  -0.201522 -0.0191431   0.972201
1.77458e+09   -0.0004042 -0.00490603   0.0114945  -0.202498 -0.0228052   0.978549
1.77458e+09  -0.00253473 -0.00384076   0.0040376  -0.198348 -0.0235376   0.974154
1.77458e+09  -0.0185137 0.00148556 0.00936393  -0.200789 -0.0167017   0.970248
1.77458e+09    0.0113137 -0.00171023  0.00936393  -0.204451 -0.0240259   0.979037
1.77458e+09    0.0219664 -0.00597129   0.0125597  -0.201277 -0.0220728   0.975863
1.77458e+09    -0.0163832 -0.000644969    0.0040376  -0.203231 -0.0188989   0.974643
1.77458e+09   0.00918318 -0.00490603   0.0114945  -0.204451 -0.0230493   0.974887
1.77458e+09   0.00705265 -0.00703656  0.00510287  -0.201766 -0.0184107   0.975375
1.77458e+09  -0.0121221 -0.0027755 0.00190707  -0.199324 -0.0220728   0.973666
1.77458e+09  -0.00466526 -0.00171023  0.00936393  -0.204695 -0.0184107   0.974154
1.77458e+09    0.0155748 -0.00916708   0.0072334  -0.199324 -0.0223169   0.977084
1.77458e+09      0.01664 -0.00597129   0.0072334  -0.199813 -0.0201196   0.973666
1.77458e+09   0.0113137 -0.0027755  0.0125597  -0.203475 -0.0215845   0.975131
1.77458e+09  -0.00679579  0.00255083   0.0157555  -0.200057 -0.0215845   0.975131
1.77458e+09  -0.0281011 0.00468135 0.00616813  -0.204207 -0.0169458   0.975131
1.77458e+09  -0.0142526 0.00148556 0.00829866 -0.201522 -0.022561  0.975131
1.77458e+09   0.00172633 -0.00171023   0.0114945  -0.202742 -0.0210962   0.975863
1.77458e+09  -0.00573052  -0.0027755  0.00936393  -0.203719 -0.0181665   0.975863
1.77458e+09    -0.019579 0.000420297  0.00936393  -0.200301 -0.0235376   0.973666
1.77458e+09  0.000661066 -0.00490603  0.00829866  -0.202742 -0.0210962   0.975375
1.77458e+09   0.00172633 -0.00597129   0.0072334  -0.202986 -0.0201196   0.976352
1.77458e+09  -0.00466526 -0.00384076  0.00829866  -0.201766 -0.0186548   0.974398
1.77458e+09  -0.00359999 0.000420297   0.0146903  -0.201766 -0.0196314   0.970736
1.77458e+09    0.0177053 -0.00810182  0.00829866   -0.20201 -0.0196314    0.97391
1.77458e+09  0.000661066 -0.00490603  0.00297233  -0.202986 -0.0223169   0.974398
1.77458e+09  -0.0217095 0.00361609 0.00616813  -0.201033 -0.0232935   0.975131
1.77458e+09    0.0198358 -0.00597129  0.00936393  -0.205428 -0.0203638   0.976596
1.77458e+09   -0.0121221 -0.00171023  0.00616813  -0.203231 -0.0223169   0.977572
1.77458e+09   -0.0142526 0.000420297  0.00936393  -0.203231 -0.0196314   0.973666
1.77458e+09    0.0187706 -0.00703656   0.0114945  -0.201766 -0.0230493   0.973178
1.77458e+09  -0.00679579 -0.00384076  0.00616813  -0.204207 -0.0174341   0.975863
1.77458e+09  -0.00466526 -0.00384076  0.00510287  -0.202742 -0.0235376   0.974643
1.77458e+09    0.0145095 -0.00810182   0.0072334  -0.202986 -0.0208521   0.972934
1.77458e+09  0.00492212 -0.0027755  0.0146903  -0.203231 -0.0196314   0.976352
1.77458e+09  -0.0142526 0.00148556 0.00829866 -0.204451 -0.022561  0.977084
1.77458e+09  -0.0004042 -0.0027755  0.0146903  -0.203231 -0.0174341   0.973422
1.77458e+09   0.00492212 -0.00597129  0.00616813  -0.199813 -0.0171899   0.971713
1.77458e+09   0.00385686 -0.00810182 -0.00341925  -0.201277 -0.0223169   0.975863
1.77458e+09      0.01664 -0.00703656   0.0040376  -0.201033 -0.0181665   0.971713
1.77458e+09   0.00279159 -0.00384076   0.0104292  -0.201766 -0.0228052   0.974154
1.77458e+09   0.00172633 -0.00171023  0.00829866  -0.204207 -0.0188989   0.977084
1.77458e+09    0.0145095 -0.00597129  0.00829866  -0.201522 -0.0186548   0.976352
1.77458e+09  0.000661066 -0.00490603  0.00510287  -0.199813 -0.0201196    0.97391
1.77458e+09    -0.0004042 -0.000644969    0.0146903  -0.202742 -0.0181665   0.975375
1.77458e+09    0.0304885 -0.00916708   0.0125597  -0.202254 -0.0213403   0.976107
1.77458e+09  0.000661066 -0.00703656   0.0040376  -0.201766 -0.0181665   0.976596
1.77458e+09    -0.0110568 -0.000644969   0.00829866  -0.202254 -0.0196314   0.975375
1.77458e+09   0.00811792 -0.00703656   0.0104292  -0.200301 -0.0181665   0.974398
1.77458e+09  -0.00359999 -0.00597129  0.00510287   -0.19908 -0.0184107   0.974887
1.77458e+09  -0.0227748 0.00148556 0.00936393  -0.199813 -0.0176782   0.971469
1.77458e+09  0.000661066 -0.00384076    0.013625  -0.202254 -0.0230493   0.974154
1.77458e+09  -0.00466526 -0.00384076   0.0114945  -0.201277 -0.0181665   0.975131
1.77458e+09  -0.00359999  -0.0027755  0.00829866  -0.203231 -0.0220728   0.975619
1.77458e+09    0.0145095 -0.00703656  0.00936393  -0.200789 -0.0196314   0.974643
1.77458e+09  0.00918318 -0.0027755  0.0168208  -0.203963 -0.0220728   0.978793
1.77458e+09   -0.00892632 -0.000644969    0.0146903  -0.200789 -0.0201196   0.976107
1.77458e+09   0.00172633 -0.00384076   0.0104292 -0.200057 -0.022561  0.973666
1.77458e+09   0.00918318 -0.00703656   0.0104292  -0.200545 -0.0206079   0.973178
1.77458e+09  -0.0142526 0.00255083   0.013625  -0.199813 -0.0201196   0.974643
1.77458e+09    0.0155748 -0.00384076  0.00936393  -0.200789 -0.0220728   0.972445
1.77458e+09      0.01664 -0.00171023   0.0114945  -0.202742 -0.0201196   0.975619
1.77458e+09    0.0155748 -0.00597129   0.0040376  -0.203231 -0.0232935   0.979281
1.77458e+09   0.00598739 -0.00703656 -0.00554978  -0.200545 -0.0215845   0.977084
1.77458e+09   0.0240969 -0.0102323 0.00190707  -0.201766 -0.0210962   0.972201
1.77458e+09   -0.00786105   -0.0027755 -0.000223458  -0.203231 -0.0196314    0.97684
1.77458e+09   0.00385686 -0.00490603  0.00510287  -0.199813 -0.0162134   0.973666
1.77458e+09   -0.0004042 -0.00597129  0.00297233  -0.202986 -0.0181665   0.973422
1.77458e+09   -0.00253473  -0.00490603 -0.000223458  -0.199324 -0.0220728   0.972445
1.77458e+09      0.01664 -0.00384076  0.00829866  -0.200057 -0.0159692   0.972201
1.77458e+09   -0.0153179 0.000420297  0.00829866  -0.201033 -0.0257349   0.972201
1.77458e+09   -0.0004042 -0.00171023  0.00510287   -0.19908 -0.0188989   0.970492
1.77458e+09   -0.00573052 -0.000644969   0.00829866  -0.204939 -0.0162134   0.976107
1.77458e+09  -0.0249053 0.00468135 0.00616813  -0.203719 -0.0201196   0.977816
1.77458e+09  -0.0270358 0.00255083 0.00936393  -0.208846 -0.0164575   0.977084
1.77458e+09    -0.0121221 -0.000644969     0.017886  -0.206404 -0.0210962   0.980014
1.77458e+09   0.00492212 -0.00384076   0.0146903  -0.206893 -0.0232935   0.979037
1.77458e+09   0.00918318 -0.00810182  0.00829866  -0.201033 -0.0223169   0.974154
1.77458e+09  -0.00359999 -0.00384076   0.0114945  -0.202254 -0.0181665   0.970736
1.77458e+09    0.0145095 -0.00597129    0.013625  -0.203475 -0.0176782   0.974154
1.77458e+09   0.00598739 -0.00597129  0.00616813  -0.197859 -0.0176782   0.969271
1.77458e+09   0.00279159 -0.00490603  0.00510287  -0.202254 -0.0169458    0.96976
1.77458e+09  -0.00892632  -0.0027755  0.00616813  -0.204695 -0.0215845    0.97684
1.77458e+09   -0.0227748 0.000420297  0.00829866  -0.205428 -0.0215845   0.978305
1.77458e+09  -0.00573052 -0.00384076  0.00829866 -0.201522 -0.022561  0.973666
1.77458e+09   0.00172633 -0.00384076   0.0146903  -0.204207 -0.0213403   0.978061
1.77458e+09   0.00172633 -0.00384076   0.0104292  -0.204451 -0.0215845   0.977084
1.77458e+09  -0.00892632 -0.00171023  0.00936393  -0.200545 -0.0191431   0.973666
1.77458e+09  -0.00999158  -0.0027755  0.00510287  -0.203963 -0.0198755    0.97391
1.77458e+09    -0.0174484 -0.000644969   0.00510287  -0.201033 -0.0235376   0.976107
1.77458e+09      0.01664 -0.00490603   0.0040376  -0.199324 -0.0228052   0.972934
1.77458e+09  -0.0110568 0.00148556 0.00936393  -0.199324 -0.0215845   0.973422
1.77458e+09  0.00172633 -0.0027755 0.00616813  -0.202498 -0.0201196   0.975375
1.77458e+09    0.0198358 -0.00597129   0.0072334  -0.202254 -0.0186548   0.975863
1.77458e+09  -0.00146946 -0.00490603 -0.00128872  -0.200301 -0.0235376   0.974643
1.77458e+09   -0.0110568 -0.00384076 0.000841811  -0.202742 -0.0206079    0.97684
1.77458e+09  -0.0249053 0.00148556 0.00829866  -0.201522 -0.0201196   0.975131
1.77458e+09   -0.0004042 -0.00171023  0.00297233 -0.201277 -0.022561  0.975375
1.77458e+09  -0.0121221 -0.0027755  0.0040376  -0.199813 -0.0193872   0.972445
1.77458e+09  -0.00679579 0.000420297   0.0125597  -0.200301 -0.0167017   0.974154
1.77458e+09    -0.0004042 -0.000644969    0.0114945  -0.201766 -0.0201196   0.974398
1.77458e+09   0.00811792 -0.00597129   0.0114945  -0.198836 -0.0152368   0.971469
1.77458e+09    0.0240969 -0.00916708  0.00936393   -0.20201 -0.0181665   0.974643
1.77458e+09   0.00811792 -0.00597129 0.000841811  -0.202254 -0.0196314   0.978549
1.77458e+09   0.00492212 -0.00384076  0.00829866 -0.198348 -0.022561  0.974154
1.77458e+09   0.0102484 -0.0027755   0.013625  -0.202742 -0.0188989   0.975619
1.77458e+09   -0.0131874 -0.00171023  0.00829866  -0.202254 -0.0210962   0.977572
1.77458e+09   -0.0163832 0.000420297   0.0072334  -0.200789 -0.0196314   0.974643
1.77458e+09   -0.00892632 -0.000644969   0.00297233  -0.202498 -0.0157251   0.974643
1.77458e+09   -0.0174484 -0.00171023   0.0072334  -0.200545 -0.0252466   0.977572
1.77458e+09    0.0102484 -0.00490603  0.00936393  -0.201766 -0.0191431   0.972689
1.77458e+09   -0.019579 0.00148556  0.0114945  -0.199568 -0.0198755   0.971225
1.77458e+09  -0.0227748 0.00255083  0.0125597  -0.202498 -0.0254907   0.974887
1.77458e+09  -0.0206442 0.00255083 0.00936393  -0.200789 -0.0179224   0.973666
1.77458e+09  -0.00573052 0.000420297   0.0104292  -0.201766 -0.0213403   0.972445
1.77458e+09  0.00918318 -0.0027755  0.0157555  -0.201522 -0.0215845   0.974154
1.77458e+09    0.0187706 -0.00490603  0.00936393  -0.203231 -0.0193872    0.97684
1.77458e+09  0.00385686 -0.0027755 0.00616813  -0.203231 -0.0201196   0.974643
1.77458e+09  -0.00359999 0.000420297  0.00936393  -0.202254 -0.0213403   0.974887
1.77458e+09    0.0177053 -0.00597129  0.00297233 -0.201522 -0.022561  0.977084
1.77458e+09    0.00705265  -0.00490603 -0.000223458  -0.203963 -0.0186548   0.975131
1.77458e+09    -0.0174484   0.00148556 -0.000223458  -0.201522 -0.0203638    0.97391
1.77458e+09   -0.0174484 0.000420297   0.0040376  -0.204939 -0.0198755   0.977328
1.77458e+09   -0.0259705 -0.00171023  0.00190707  -0.205672 -0.0110864   0.975863
1.77458e+09    -0.02384 0.00148556 0.00616813  -0.202742 -0.0262232   0.975131
1.77458e+09    0.00279159  -0.00490603 -0.000223458  -0.202986 -0.0191431   0.970736
1.77458e+09   0.00811792 -0.00597129  0.00936393  -0.206404 -0.0171899   0.974643
1.77458e+09  0.00279159 -0.0027755  0.0104292 -0.202254  -0.02427   0.97391
1.77458e+09  -0.00146946 0.000420297   0.0114945  -0.204695 -0.0152368    0.97391
1.77458e+09   -0.00679579 -0.000644969    0.0104292  -0.202742 -0.0176782   0.973422
1.77458e+09    -0.0206442  -0.00171023 -0.000223458  -0.200301 -0.0186548   0.973422
1.77458e+09  -0.0185137 0.00255083  0.0125597  -0.203963 -0.0203638   0.974887
1.77458e+09    -0.0121221 -0.000644969    0.0146903  -0.201033 -0.0220728   0.976107
1.77458e+09    -0.0163832 -0.000644969    0.0157555  -0.205428 -0.0210962   0.977572
1.77458e+09  0.00385686 -0.0027755  0.0146903  -0.201277 -0.0220728   0.975375
1.77458e+09    0.0219664 -0.00703656   0.0125597  -0.205184 -0.0206079   0.975863
1.77458e+09  -0.00146946 -0.00703656  0.00616813  -0.202742 -0.0206079    0.97684
1.77458e+09   0.00279159 -0.00597129  0.00829866  -0.201277 -0.0206079   0.973666
1.77458e+09    -0.0131874 -0.000644969    0.0114945 -0.203231  -0.02427  0.974643
1.77458e+09   0.00705265 -0.00384076   0.0104292  -0.197371 -0.0220728   0.971469
1.77458e+09    0.0251621 -0.00810182   0.0114945  -0.202498 -0.0203638   0.974643
1.77458e+09    0.0102484 -0.00703656  0.00297233   -0.19908 -0.0198755   0.971957
1.77458e+09   -0.0131874 -0.00171023   0.0072334  -0.198348 -0.0218286   0.969516
1.77458e+09     -0.019579 -0.000644969    0.0104292  -0.202742 -0.0206079   0.977572
1.77458e+09  -0.00146946  -0.0027755   0.0125597  -0.201766 -0.0230493    0.97977
1.77458e+09     -0.02384 0.000420297 0.000841811  -0.198348 -0.0213403   0.972689
1.77458e+09   -0.00146946 -0.000644969    0.0114945  -0.202742 -0.0235376   0.975619
1.77458e+09  -0.00466526 -0.00171023   0.0072334  -0.199324 -0.0191431   0.975131
1.77458e+09   -0.0121221 0.000420297  0.00829866  -0.200301 -0.0179224   0.974887
1.77458e+09   -0.0131874 0.000420297   0.0072334   -0.20201 -0.0223169   0.974398
1.77458e+09  -0.0174484 0.00148556  0.0040376  -0.203719 -0.0196314   0.977572
1.77458e+09    0.0198358 -0.00597129  0.00829866  -0.200301 -0.0237817   0.975863
1.77458e+09  0.00918318 -0.0027755  0.0125597  -0.201766 -0.0208521   0.974154
1.77458e+09   0.00918318 -0.00384076  0.00936393  -0.202986 -0.0191431   0.977084
1.77458e+09    0.0198358 -0.00703656  0.00829866  -0.200057 -0.0176782    0.97391
1.77458e+09    0.0145095 -0.00703656  0.00829866  -0.204207 -0.0130396   0.972201
1.77458e+09    0.0134442 -0.00703656  0.00829866  -0.201033 -0.0203638   0.975131
1.77458e+09    0.0187706 -0.00916708   0.0040376  -0.201277 -0.0169458   0.972934
1.77458e+09  0.00172633 -0.0027755 0.00936393  -0.200789 -0.0181665   0.970492
1.77458e+09  0.00918318 -0.0027755  0.0125597  -0.200789 -0.0208521    0.97391
1.77458e+09  -0.0185137 0.00148556 0.00829866  -0.199324 -0.0191431   0.974643
1.77458e+09  -0.0185137 0.00148556 0.00829866  -0.199324 -0.0191431   0.974643
1.77458e+09    -0.019579 -0.00171023   0.0104292  -0.204207 -0.0193872   0.978549
1.77458e+09    -0.019579 -0.00171023   0.0104292  -0.204207 -0.0193872   0.978549
1.77458e+09  -0.0185137 0.00255083  0.0200166  -0.201766 -0.0208521   0.974398
1.77458e+09  -0.0185137 0.00255083  0.0200166  -0.201766 -0.0208521   0.974398
1.77458e+09  0.000661066 -0.00384076   0.0072334  -0.204695 -0.0167017   0.974643
1.77458e+09  0.000661066 -0.00384076   0.0072334  -0.204695 -0.0167017   0.974643
1.77458e+09    0.0113137 -0.00490603   0.0072334  -0.203475 -0.0201196   0.974643
1.77458e+09    0.0113137 -0.00490603   0.0072334  -0.203475 -0.0201196   0.974643
1.77458e+09  -0.0227748 0.00255083 0.00616813  -0.201277 -0.0240259   0.973178
1.77458e+09  -0.0227748 0.00255083 0.00616813  -0.201277 -0.0240259   0.973178
1.77458e+09  0.000661066 -0.00490603  0.00297233 -0.201277 -0.022561  0.975619
1.77458e+09  0.000661066 -0.00490603  0.00297233 -0.201277 -0.022561  0.975619
1.77458e+09  -0.00253473 -0.00171023   0.0146903  -0.201033 -0.0262232   0.974643
1.77458e+09  -0.00253473 -0.00171023   0.0146903  -0.201033 -0.0262232   0.974643
1.77458e+09    0.0145095 -0.00810182  0.00829866  -0.205916 -0.0206079   0.977084
1.77458e+09    0.0145095 -0.00810182  0.00829866  -0.205916 -0.0206079   0.977084
1.77458e+09   -0.00573052 -0.000644969   0.00616813  -0.204695 -0.0186548    0.97684
1.77458e+09   -0.00573052 -0.000644969   0.00616813  -0.204695 -0.0186548    0.97684
1.77458e+09     0.012379 -0.00810182  0.00510287  -0.203719 -0.0228052   0.974643
1.77458e+09     0.012379 -0.00810182  0.00510287  -0.203719 -0.0228052   0.974643
1.77458e+09   -0.0110568 -0.00384076 0.000841811  -0.199813 -0.0240259   0.971713
1.77458e+09   -0.0110568 -0.00384076 0.000841811  -0.199813 -0.0240259   0.971713
1.77458e+09  -0.0121221 0.00255083  0.0104292  -0.199813 -0.0157251   0.972689
1.77458e+09  -0.0121221 0.00255083  0.0104292  -0.199813 -0.0157251   0.972689
1.77458e+09  -0.00146946 -0.00171023  0.00616813 -0.203475 -0.015481  0.976107
1.77458e+09  -0.00146946 -0.00171023  0.00616813 -0.203475 -0.015481  0.976107
1.77458e+09  -0.0131874 -0.0027755 0.00936393  -0.203231 -0.0210962   0.977328
1.77458e+09  -0.0131874 -0.0027755 0.00936393  -0.203231 -0.0210962   0.977328
1.77458e+09   0.00492212 -0.00810182  0.00510287  -0.202986 -0.0203638   0.976352
1.77458e+09   0.00492212 -0.00810182  0.00510287  -0.202986 -0.0203638   0.976352
1.77458e+09  -0.00573052 0.000420297   0.0168208  -0.200057 -0.0193872   0.972201
1.77458e+09   -0.0153179 0.000420297   0.0104292  -0.204451 -0.0218286   0.978549
1.77458e+09   0.00811792 -0.00171023    0.013625  -0.201277 -0.0210962   0.974398
1.77458e+09   0.00811792 -0.00171023    0.013625  -0.201277 -0.0210962   0.974398
1.77458e+09    0.0155748 -0.00597129   0.0114945  -0.204939 -0.0193872   0.977328
1.77458e+09   0.00811792 -0.00597129   0.0040376  -0.202742 -0.0206079   0.975131
1.77458e+09   -0.0121221 -0.00171023   0.0072334  -0.202254 -0.0196314   0.972934
1.77458e+09   0.00811792 -0.00490603   0.0114945  -0.201766 -0.0203638   0.972689
1.77458e+09    0.0177053 -0.00810182   0.0072334 -0.201766 -0.022561   0.97391
1.77458e+09  -0.00679579  -0.0027755  0.00190707  -0.200301 -0.0213403   0.970736
1.77458e+09    0.0134442 -0.00703656  0.00510287  -0.202742 -0.0208521   0.973666
1.77458e+09    0.0134442 -0.00703656  0.00510287  -0.202742 -0.0208521   0.973666
1.77458e+09  -0.00573052 0.000420297   0.0146903  -0.201766 -0.0193872   0.976107
1.77458e+09   -0.0163832 -0.00171023  0.00616813  -0.202742 -0.0171899   0.975375
1.77458e+09   -0.0004042 -0.00490603   0.0104292  -0.203475 -0.0167017   0.975619
1.77458e+09   0.00811792 -0.00703656  0.00829866  -0.207381 -0.0169458    0.97977
1.77458e+09    0.0134442 -0.00916708  0.00616813  -0.201277 -0.0245142   0.976596
1.77458e+09    0.0113137 -0.00810182   0.0072334  -0.202254 -0.0164575   0.972689
1.77458e+09   -0.0110568 -0.00171023  0.00936393  -0.199324 -0.0230493   0.975131
1.77458e+09    0.0155748 -0.00703656  0.00510287  -0.200789 -0.0157251   0.971225
1.77458e+09    0.0283579 -0.00916708    0.013625  -0.200301 -0.0186548   0.971713
1.77458e+09    0.0262274 -0.00810182   0.0157555  -0.199813 -0.0198755   0.974643
1.77458e+09  -0.00786105 -0.00384076   0.0072334  -0.203719 -0.0186548   0.976596
1.77458e+09   -0.0163832 -0.00171023  0.00936393  -0.199568 -0.0223169   0.973666
1.77458e+09  -0.0249053 0.00148556  0.0072334  -0.204207 -0.0201196   0.977328
1.77458e+09    -0.0131874 -0.000644969    0.0125597  -0.204695 -0.0245142   0.979037
1.77458e+09  0.00492212 -0.0027755  0.0114945  -0.200789 -0.0193872   0.973666
1.77458e+09  -0.00786105 -0.00490603  0.00190707   -0.20201 -0.0213403   0.974887
1.77458e+09   -0.00786105 -0.000644969    0.0114945  -0.200057 -0.0220728   0.975619
1.77458e+09   0.00598739 -0.00384076   0.0125597  -0.200545 -0.0191431   0.971713
1.77458e+09   0.00918318 -0.00384076    0.013625  -0.199568 -0.0245142    0.97098
1.77458e+09    0.0187706 -0.00490603  0.00829866   -0.19908 -0.0220728   0.974643
1.77458e+09    -0.0227748  0.000420297 -0.000223458  -0.202254 -0.0206079   0.977084
1.77458e+09  -0.00253473  -0.0027755 0.000841811  -0.198592 -0.0220728   0.973666
1.77458e+09  -0.0174484 0.00255083 0.00829866  -0.201766 -0.0164575   0.975863
1.77458e+09   -0.0110568 -0.00171023   0.0125597  -0.204207 -0.0206079   0.977816
1.77458e+09    -0.019579 0.000420297   0.0072334  -0.200301 -0.0240259   0.976596
1.77458e+09  -0.0131874 -0.0027755 0.00616813  -0.202986 -0.0196314   0.973666
1.77458e+09  -0.0110568 -0.0027755 0.00510287  -0.199324 -0.0213403   0.973666
1.77458e+09    0.0134442 -0.00490603  0.00936393   -0.19908 -0.0208521   0.973178
1.77458e+09  -0.0163832 0.00255083 0.00829866  -0.198592 -0.0196314    0.96976
1.77458e+09  -0.0142526 0.00361609  0.0114945  -0.200301 -0.0210962   0.973666
1.77458e+09   -0.019579 0.00361609  0.0125597  -0.203231 -0.0193872   0.978305
1.77458e+09    0.0102484 -0.00171023   0.0146903  -0.202254 -0.0220728   0.976107
1.77458e+09    0.0209011 -0.00597129   0.0072334  -0.204939 -0.0186548   0.975619
1.77458e+09  0.000661066 -0.00490603  0.00616813  -0.203719 -0.0201196   0.978549
1.77458e+09   -0.0206442 0.000420297  0.00936393  -0.201277 -0.0213403   0.975863
1.77458e+09  0.000661066 -0.00384076   0.0125597  -0.201766 -0.0181665   0.975619
1.77458e+09  -0.0121221 -0.0027755 0.00829866  -0.201033 -0.0213403   0.975131
1.77458e+09    -0.0217095 -0.000644969   0.00616813  -0.199813 -0.0171899   0.972934
1.77458e+09    -0.019579 0.000420297   0.0040376 -0.199813 -0.022561  0.972201
1.77458e+09  -0.0206442 0.00148556 0.00829866  -0.200789 -0.0220728   0.973666
1.77458e+09    0.0230316 -0.00597129    0.013625  -0.201766 -0.0210962    0.97684
1.77458e+09    0.0230316 -0.00490603   0.0104292  -0.202986 -0.0196314   0.974154
1.77458e+09   -0.019579 0.00361609  0.0104292  -0.202254 -0.0181665   0.974643
1.77458e+09    -0.0110568 -0.000644969    0.0114945   -0.20201 -0.0196314   0.975619
1.77458e+09  -0.0185137 0.00148556 0.00829866  -0.200789 -0.0201196   0.974643
1.77458e+09  -0.00786105  -0.0027755  0.00297233  -0.204695 -0.0193872   0.975131
1.77458e+09   -0.0004042 -0.00384076   0.0072334  -0.203231 -0.0196314   0.975619
1.77458e+09   0.00172633 -0.00384076   0.0125597  -0.205184 -0.0127954   0.975863
1.77458e+09    -0.0217095 -0.000644969    0.0072334  -0.202742 -0.0196314   0.973178
1.77458e+09  -0.0259705 0.00148556 0.00616813  -0.199324 -0.0201196   0.973666
1.77458e+09  -0.0217095 0.00148556  0.0114945  -0.204939 -0.0181665   0.977328
1.77458e+09    0.0198358 -0.00703656    0.013625   -0.20201 -0.0223169   0.970736
1.77458e+09    0.0145095 -0.00597129  0.00829866  -0.203963 -0.0181665   0.972689
1.77458e+09  -0.00466526 -0.00490603  0.00510287  -0.205916 -0.0201196   0.979037
1.77458e+09  -0.0323621 0.00361609 0.00297233  -0.202498 -0.0196314   0.977328
1.77458e+09  -0.00573052 -0.00171023    0.013625  -0.206893 -0.0147485   0.974887
1.77458e+09    0.0262274 -0.00916708   0.0189513  -0.203963 -0.0218286   0.976107
1.77458e+09  -0.0131874 -0.0027755 0.00936393  -0.205428 -0.0220728   0.976596
1.77458e+09  -0.0206442 -0.0027755 0.00829866  -0.201033 -0.0215845   0.970736
1.77458e+09  -0.00999158 -0.00171023   0.0104292  -0.198348 -0.0262232    0.97391
1.77458e+09   -0.00359999 -0.000644969    0.0157555  -0.204207 -0.0201196   0.976107
1.77458e+09  -0.0004042 -0.0027755  0.0104292  -0.200057 -0.0203638   0.972201
1.77458e+09   0.00598739 -0.00171023   0.0104292  -0.200301 -0.0215845   0.971225
1.77458e+09    0.0187706 -0.00703656   0.0104292  -0.202254 -0.0201196   0.977084
1.77458e+09  -0.00786105 -0.00384076  0.00190707  -0.201033 -0.0279321   0.979037
1.77458e+09    0.0102484 -0.00384076    0.013625  -0.203475 -0.0232935   0.977084
1.77458e+09  -0.0142526 -0.0027755 0.00616813   -0.20201 -0.0201196   0.975131
1.77458e+09   -0.0110568 -0.00171023   0.0072334  -0.202498 -0.0228052    0.97684
1.77458e+09   0.00811792 -0.00597129   0.0104292  -0.199568 -0.0174341   0.972689
1.77458e+09  -0.00573052 -0.00384076  0.00297233  -0.198104 -0.0203638   0.972201
1.77458e+09  -0.00146946  -0.0027755  0.00616813  -0.202254 -0.0196314   0.974643
1.77458e+09  0.00705265 -0.0027755  0.0104292  -0.199813 -0.0215845   0.972201
1.77458e+09   0.00172633 0.000420297   0.0114945  -0.200789 -0.0245142   0.977084
1.77458e+09  -0.0153179 0.00255083 0.00936393  -0.202498 -0.0213403   0.975619
1.77458e+09  -0.0312969 0.00361609 0.00616813  -0.202254 -0.0196314   0.975375
1.77458e+09  -0.00679579  -0.0027755  0.00510287  -0.204939 -0.0152368   0.977572
1.77458e+09  0.00172633 -0.0027755   0.013625  -0.199324 -0.0198755   0.973666
1.77458e+09  -0.00892632 -0.00171023   0.0114945  -0.200301 -0.0196314   0.973422
1.77458e+09   -0.0121221 -0.00384076   0.0040376 -0.200057 -0.022561   0.97391
1.77458e+09  -0.00146946 -0.00384076   0.0040376  -0.198104 -0.0247583   0.970736
1.77458e+09   -0.0004042 0.000420297  0.00936393  -0.200789 -0.0149927   0.972201
1.77458e+09  -0.00359999 -0.00171023   0.0040376  -0.199324 -0.0206079   0.975131
1.77458e+09     0.012379 -0.00171023   0.0114945  -0.201033 -0.0206079   0.975131
1.77458e+09   0.00598739 -0.00490603  0.00190707  -0.203963 -0.0162134   0.978793
1.77458e+09    -0.02384 0.00361609  0.0146903  -0.202498 -0.0262232   0.978061
1.77458e+09    0.0177053 -0.00916708  0.00510287  -0.205184 -0.0186548   0.978305
1.77458e+09  -0.00892632 -0.00384076  0.00936393  -0.201766 -0.0196314   0.974643
1.77458e+09    0.0187706 -0.00703656   0.0125597  -0.200301 -0.0164575   0.973178
1.77458e+09   0.00385686 -0.00597129  0.00616813  -0.202498 -0.0140161    0.97098
1.77458e+09  -0.00786105  -0.0027755   0.0072334  -0.197859 -0.0176782   0.973666
1.77458e+09  -0.00359999 -0.00171023  0.00829866  -0.197371 -0.0147485   0.970492
1.77458e+09   0.00811792 -0.00384076  0.00936393  -0.200057 -0.0247583   0.974154
1.77458e+09    0.0102484 -0.00384076   0.0114945   -0.20201 -0.0186548   0.974154
1.77458e+09    0.0145095 -0.00171023   0.0125597  -0.203231 -0.0208521   0.978549
1.77458e+09  -0.0121221 0.00148556  0.0114945  -0.202742 -0.0188989   0.978061
1.77458e+09  -0.00679579 -0.00171023  0.00936393  -0.204695 -0.0164575   0.975131
1.77458e+09   0.00385686 -0.00490603  0.00936393  -0.202254 -0.0191431   0.975131
1.77458e+09     0.012379 -0.00810182   0.0072334  -0.202742 -0.0210962    0.97684
1.77458e+09    0.0283579 -0.00916708  0.00510287 -0.201766 -0.022561  0.971713
1.77458e+09   0.0102484 -0.0027755 0.00829866  -0.199813 -0.0245142   0.971957
1.77458e+09   0.00705265 -0.00171023   0.0072334  -0.201277 -0.0220728    0.97391
1.77458e+09  0.000661066  -0.0027755   0.0072334  -0.201277 -0.0191431   0.975619
1.77458e+09  -0.0153179 0.00148556 0.00829866  -0.202986 -0.0230493   0.974398
1.77458e+09   0.00172633 0.000420297  0.00616813  -0.203719 -0.0184107   0.975375
1.77458e+09    0.00811792  -0.00810182 -0.000223458 -0.204451 -0.022561  0.979037
1.77458e+09   -0.0302316  0.00255083 -0.00341925 -0.204695 -0.022561  0.977328
1.77458e+09     0.0134442   -0.0102323 -0.000223458  -0.201766 -0.0215845   0.973422
1.77458e+09    -0.0206442 -0.000644969  0.000841811  -0.202254 -0.0230493   0.974154
1.77458e+09   0.00492212 -0.00384076   0.0125597   -0.20201 -0.0152368   0.974887
1.77458e+09   0.00385686 -0.00384076  0.00829866  -0.197615 -0.0196314   0.970736
1.77458e+09  -0.00466526  0.00255083   0.0125597  -0.200789 -0.0159692   0.970248
1.77458e+09     0.012379 -0.00490603  0.00829866 -0.203719  -0.02427  0.977084
1.77458e+09    0.00172633 -0.000644969    0.0040376  -0.201522 -0.0232935    0.97391
1.77458e+09    0.00598739 -0.000644969    0.0146903  -0.206404 -0.0171899   0.976107
1.77458e+09   0.000661066 -0.000644969    0.0146903 -0.20616 -0.02427 0.981234
1.77458e+09   -0.00466526 -0.000644969    0.0157555  -0.204939 -0.0145044   0.978305
1.77458e+09   0.00279159 -0.00703656   0.0072334  -0.203963 -0.0174341   0.976107
1.77458e+09   0.0240969 -0.0112976 0.00510287  -0.201766 -0.0220728   0.973422
1.77458e+09   -0.0153179 -0.00384076    0.013625  -0.201766 -0.0184107   0.973178
1.77458e+09   -0.0174484 -0.00384076   0.0072334  -0.198836 -0.0252466   0.969516
1.77458e+09    -0.0227748 -0.000644969    0.0072334  -0.199324 -0.0201196   0.967562
1.77458e+09   -0.00253473 -0.000644969    0.0125597 -0.201277 -0.022561  0.973666
1.77458e+09   -0.0153179 0.000420297   0.0040376  -0.203719 -0.0193872   0.978061
1.77458e+09   -0.019579 0.00361609  0.0157555  -0.202254 -0.0232935   0.974154
1.77458e+09    0.0240969 -0.00703656   0.0125597  -0.203963 -0.0237817   0.979525
1.77458e+09   -0.00786105  -0.00597129 -0.000223458  -0.208113 -0.0201196   0.979281
1.77458e+09   0.00918318 -0.00490603    0.013625  -0.201766 -0.0240259   0.976352
1.77458e+09   0.00279159 -0.00810182  0.00616813  -0.203231 -0.0171899   0.974398
1.77458e+09  -0.00786105 -0.00597129   0.0072334  -0.203963 -0.0169458   0.975619
1.77458e+09   0.00279159 -0.00597129   0.0125597  -0.197371 -0.0220728    0.96976
1.77458e+09  -0.00253473 -0.00490603 0.000841811  -0.199324 -0.0188989   0.972201
1.77458e+09    -0.0004042 -0.000644969    0.0104292  -0.199324 -0.0240259   0.973666
1.77458e+09  0.00918318 -0.0027755  0.0114945  -0.202254 -0.0181665   0.972689
1.77458e+09   -0.019579 0.00361609 0.00936393  -0.203475 -0.0208521   0.979525
1.77458e+09  -0.00679579 -0.00171023   0.0040376  -0.200789 -0.0115747   0.973178
1.77458e+09    0.0187706 -0.00916708  0.00616813   -0.20201 -0.0201196   0.976352
1.77458e+09  -0.00892632  -0.0027755  0.00829866  -0.202742 -0.0198755   0.979037
1.77458e+09      -0.02384 -0.000644969   0.00829866  -0.199568 -0.0171899   0.972689
1.77458e+09   -0.0121221 -0.00384076  0.00510287  -0.200545 -0.0257349   0.974643
1.77458e+09   -0.0004042 -0.00490603  0.00190707  -0.198348 -0.0196314   0.974154
1.77458e+09  -0.00573052 -0.00384076 0.000841811  -0.197371 -0.0208521   0.973178
1.77458e+09  -0.00679579 -0.00171023  0.00829866  -0.201766 -0.0186548   0.975131
1.77458e+09    -0.0153179 -0.000644969   0.00297233  -0.201766 -0.0196314   0.973666
1.77458e+09  -0.0185137 0.00361609 0.00616813  -0.200545 -0.0184107   0.975375
1.77458e+09    0.0155748 -0.00597129  0.00510287  -0.203231 -0.0232935   0.976107
1.77458e+09    0.0187706 -0.00703656  0.00510287  -0.198836 -0.0220728   0.973422
1.77458e+09   -0.0004042 0.000420297    0.013625  -0.203475 -0.0184107   0.976596
1.77458e+09    -0.0110568   -0.0027755 -0.000223458  -0.200789 -0.0206079   0.974643
1.77458e+09  -0.0163832 0.00148556 0.00936393  -0.200545 -0.0193872   0.972689
1.77458e+09  0.00385686 -0.0027755  0.0072334  -0.200545 -0.0167017   0.972445
1.77458e+09   0.00172633 -0.00384076 0.000841811  -0.200545 -0.0218286   0.974398
1.77458e+09   -0.0131874 0.000420297   0.0040376  -0.202254 -0.0174341   0.975131
1.77458e+09  -0.00146946  -0.0027755  0.00510287  -0.202986 -0.0208521   0.975619
1.77458e+09   -0.0110568 -0.00171023  0.00829866  -0.202742 -0.0228052   0.977816
1.77458e+09   -0.00679579 -0.000644969   0.00510287  -0.202742 -0.0184107   0.975619
1.77458e+09    -0.0185137 -0.000644969   0.00297233  -0.202254 -0.0220728   0.976107
1.77458e+09   0.00279159 -0.00171023   0.0125597  -0.200301 -0.0176782   0.971957
1.77458e+09    -0.0004042 -0.000644969    0.0125597  -0.201522 -0.0176782   0.972201
1.77458e+09  -0.00999158  0.00255083   0.0146903  -0.200789 -0.0210962   0.973666
1.77458e+09  -0.0291663 0.00361609 0.00616813  -0.203231 -0.0184107   0.972201
1.77458e+09  -0.0227748 0.00148556 0.00510287  -0.201766 -0.0230493   0.975863
1.77458e+09   -0.00679579 -0.000644969   0.00936393  -0.204939 -0.0215845   0.977572
1.77458e+09   -0.0131874 0.000420297   0.0072334  -0.203963 -0.0215845   0.976596
1.77458e+09    0.0102484 -0.00703656   0.0072334  -0.203963 -0.0220728   0.974398
1.77458e+09    -0.0206442 -0.000644969    0.0040376  -0.200545 -0.0198755   0.973666
1.77458e+09  -0.0110568 0.00148556  0.0114945  -0.202254 -0.0210962   0.972689
1.77458e+09    0.0262274 -0.00810182   0.0125597  -0.203475 -0.0206079   0.974643
1.77458e+09  -0.0270358 0.00255083 0.00829866  -0.203231 -0.0198755   0.974643
1.77458e+09    0.0134442 -0.00490603    0.013625  -0.205428 -0.0196314   0.975619
1.77458e+09   -0.0004042 -0.00490603  0.00616813  -0.202986 -0.0232935   0.974887
1.77458e+09  0.00279159 -0.0027755  0.0072334  -0.204695 -0.0196314   0.977084
1.77458e+09   0.00811792 -0.00597129  0.00936393 -0.202254 -0.022561  0.974154
1.77458e+09  0.00279159 -0.0027755  0.0125597  -0.203719 -0.0206079   0.972934
1.77458e+09   -0.00892632 -0.000644969   0.00829866  -0.203475 -0.0196314    0.97391
1.77458e+09   -0.00786105 -0.000644969    0.0125597  -0.202254 -0.0193872   0.973666
1.77458e+09  -0.00359999  -0.0027755  0.00190707  -0.203719 -0.0218286   0.975619
1.77458e+09  -0.00253473  -0.0027755  0.00510287  -0.203719 -0.0149927   0.974643
1.77458e+09   -0.0004042 -0.00171023  0.00829866  -0.204207 -0.0206079   0.975619
1.77458e+09      0.01664 -0.00597129   0.0114945  -0.203231 -0.0201196   0.974643
1.77458e+09   -0.0153179 0.000420297  0.00936393  -0.203475 -0.0184107   0.975131
1.77458e+09   -0.0206442 0.000420297  0.00510287  -0.202742 -0.0210962   0.975863
1.77458e+09   -0.0163832 -0.00171023  0.00829866  -0.203719 -0.0223169   0.975619
1.77458e+09   0.00492212 -0.00703656   0.0114945  -0.202254 -0.0203638   0.976596
1.77458e+09   -0.0004042 -0.00597129   0.0104292  -0.200545 -0.0196314   0.972201
1.77458e+09    -0.019579 0.000420297    0.013625  -0.199568 -0.0198755   0.972201
1.77458e+09    0.0283579 -0.00810182   0.0104292  -0.201522 -0.0210962   0.974643
1.77458e+09    -0.0217095 -0.000644969 -0.000223458  -0.201522 -0.0210962   0.972689
1.77458e+09    0.0240969 -0.00597129   0.0104292  -0.201033 -0.0215845   0.978549
1.77458e+09    -0.0185137 -0.000644969   0.00297233  -0.207137 -0.0176782   0.976107
1.77458e+09   -0.0131874 -0.00171023   0.0146903  -0.200545 -0.0220728   0.974887
1.77458e+09   0.00705265 -0.00384076   0.0072334  -0.202254 -0.0201196   0.976596
1.77458e+09   0.00492212 -0.00703656   0.0114945  -0.201522 -0.0186548   0.973666
1.77458e+09   -0.0142526 0.000420297   0.0189513  -0.198836 -0.0235376   0.972445
1.77458e+09  -0.00146946  0.00148556    0.017886  -0.200789 -0.0193872   0.971225
1.77458e+09   -0.0163832 -0.00171023   0.0040376   -0.19908 -0.0208521   0.974643
1.77458e+09    -0.0121221 -0.000644969   0.00510287  -0.202742 -0.0206079   0.977572
1.77458e+09  -0.00892632 0.000420297   0.0072334  -0.202986 -0.0191431   0.976596
1.77458e+09   0.00492212 -0.00384076   0.0072334  -0.202498 -0.0210962   0.977328
1.77458e+09   0.00385686 -0.00490603   0.0114945  -0.202254 -0.0196314   0.977328
1.77458e+09   -0.0185137 -0.00171023   0.0114945  -0.200789 -0.0235376    0.97684
1.77458e+09    -0.0217095 -0.000644969  0.000841811  -0.201033 -0.0169458    0.97098
1.77458e+09   -0.0121221 -0.00490603  0.00297233  -0.199324 -0.0210962   0.973422
1.77458e+09  -0.00999158  -0.0027755   0.0040376  -0.200301 -0.0176782   0.974154
1.77458e+09  -0.00999158  -0.0027755   0.0040376  -0.200301 -0.0176782   0.974154
1.77458e+09   0.00598739 -0.00490603   0.0040376  -0.201766 -0.0206079   0.975619
1.77458e+09   0.00598739 -0.00490603   0.0040376  -0.201766 -0.0206079   0.975619
1.77458e+09   0.0155748 -0.0027755  0.0146903  -0.201033 -0.0191431   0.975619
1.77458e+09   0.0155748 -0.0027755  0.0146903  -0.201033 -0.0191431   0.975619
1.77458e+09   0.00705265 -0.00384076    0.013625   -0.20201 -0.0193872   0.978549
1.77458e+09   0.00705265 -0.00384076    0.013625   -0.20201 -0.0193872   0.978549
1.77458e+09   0.00598739 -0.00490603  0.00297233   -0.19908 -0.0201196   0.972689
1.77458e+09   0.00598739 -0.00490603  0.00297233   -0.19908 -0.0201196   0.972689
1.77458e+09     0.012379 -0.00703656  0.00936393  -0.200545 -0.0179224   0.975131
1.77458e+09     0.012379 -0.00703656  0.00936393  -0.200545 -0.0179224   0.975131
1.77458e+09    0.0187706 -0.00597129   0.0125597  -0.199813 -0.0220728   0.972689
1.77458e+09   -0.0153179 0.000420297   0.0146903   -0.20201 -0.0171899   0.972201
1.77458e+09   0.00598739 -0.00384076  0.00936393  -0.201766 -0.0176782   0.974154
1.77458e+09   0.00598739 -0.00384076  0.00936393  -0.201766 -0.0176782   0.974154
1.77458e+09   0.00172633 -0.00171023   0.0146903  -0.202254 -0.0208521   0.975131
1.77458e+09   0.00172633 -0.00171023   0.0146903  -0.202254 -0.0208521   0.975131
1.77458e+09   -0.0131874 0.000420297   0.0200166  -0.202254 -0.0215845   0.974398
1.77458e+09   -0.0131874 0.000420297   0.0200166  -0.202254 -0.0215845   0.974398
1.77458e+09   -0.0004042 -0.00384076   0.0125597  -0.201766 -0.0171899   0.975619
1.77458e+09   -0.0004042 -0.00384076   0.0125597  -0.201766 -0.0171899   0.975619
1.77458e+09  -0.00999158 -0.00171023   0.0072334  -0.200789 -0.0196314   0.971713
1.77458e+09  -0.00999158 -0.00171023   0.0072334  -0.200789 -0.0196314   0.971713
1.77458e+09    0.0177053 -0.00916708   0.0072334  -0.204451 -0.0220728   0.977084
1.77458e+09    0.0177053 -0.00916708   0.0072334  -0.204451 -0.0220728   0.977084
1.77458e+09      0.01664 -0.00703656  0.00616813  -0.203963 -0.0247583   0.977328
1.77458e+09      0.01664 -0.00703656  0.00616813  -0.203963 -0.0247583   0.977328
1.77458e+09  -0.00573052 0.000420297   0.0104292 -0.202742  -0.02427  0.971957
1.77458e+09  -0.00573052 0.000420297   0.0104292 -0.202742  -0.02427  0.971957
1.77458e+09   0.00918318 -0.00384076   0.0114945  -0.199568 -0.0230493   0.973422
1.77458e+09   0.00705265 -0.00171023   0.0114945  -0.202498 -0.0196314   0.973666
1.77458e+09  -0.0249053 0.00148556 0.00616813  -0.202742 -0.0206079   0.973666
1.77458e+09  -0.0249053 0.00148556 0.00616813  -0.202742 -0.0206079   0.973666
1.77458e+09  -0.00573052 -0.00171023  0.00936393  -0.203719 -0.0247583   0.979037
1.77458e+09  -0.00146946  -0.0027755  0.00616813  -0.202742 -0.0220728   0.975619
1.77458e+09    0.0102484 -0.00384076  0.00297233  -0.202498 -0.0191431   0.974154
1.77458e+09  0.00385686 -0.0027755  0.0125597  -0.202986 -0.0171899   0.975375
1.77458e+09  -0.00679579 -0.00171023   0.0072334  -0.200789 -0.0196314   0.972445
1.77458e+09  -0.00679579 -0.00171023   0.0072334  -0.200789 -0.0196314   0.972445
1.77458e+09    0.0102484 -0.00703656   0.0072334  -0.202254 -0.0188989   0.976352
1.77458e+09    -0.0153179 -0.000644969   0.00936393  -0.202742 -0.0213403   0.975131
1.77458e+09  0.00811792 -0.0027755   0.013625  -0.200789 -0.0176782   0.971713
1.77458e+09   0.00598739 -0.00597129   0.0040376  -0.203719 -0.0196314   0.975619
1.77458e+09  -0.0249053 0.00148556  0.0072334  -0.201277 -0.0169458   0.973422
1.77458e+09    0.0113137 -0.00810182  0.00829866  -0.201766 -0.0220728   0.975863
1.77458e+09  -0.0291663 0.00255083  0.0104292 -0.202986 -0.022561  0.974887
1.77458e+09    0.0155748 -0.00490603   0.0189513  -0.202498 -0.0186548   0.975131
1.77458e+09  -0.00359999 -0.00171023   0.0040376  -0.202254 -0.0240259   0.975863
1.77458e+09  -0.0142526 0.00148556  0.0125597  -0.201277 -0.0201196   0.973666
1.77458e+09   -0.0206442 -0.00171023   0.0040376  -0.204451 -0.0140161   0.975619
1.77458e+09  -0.0121221 -0.0027755  0.0104292  -0.202498 -0.0257349   0.976107
1.77458e+09   0.00598739 -0.00703656  0.00829866  -0.202254 -0.0188989   0.974154
1.77458e+09   -0.0004042 -0.00597129  0.00510287 -0.202742  -0.02427  0.974887
1.77458e+09  -0.00786105 0.000420297  0.00936393  -0.198348 -0.0237817   0.975619
1.77458e+09  -0.00146946 0.000420297  0.00829866   -0.20201 -0.0193872   0.973422
1.77458e+09   0.00705265 -0.00384076  0.00616813  -0.199813 -0.0218286   0.972201
1.77458e+09  -0.00359999  -0.0027755 0.000841811  -0.199813 -0.0184107   0.974154
1.77458e+09  -0.0270358 0.00255083 0.00616813  -0.204939 -0.0149927   0.975131
1.77458e+09    -0.0163832 -0.000644969    0.0125597  -0.198348 -0.0235376   0.976352
1.77458e+09   0.00918318 -0.00384076    0.013625  -0.203475 -0.0162134   0.975131
1.77458e+09    0.0113137 -0.00490603  0.00936393  -0.201766 -0.0215845   0.978305
1.77458e+09  -0.0163832 0.00255083 0.00829866  -0.199813 -0.0191431   0.972201
1.77458e+09   -0.0004042 -0.00384076 0.000841811  -0.200301 -0.0157251   0.973666
1.77458e+09  -0.00892632 -0.00171023  0.00510287  -0.199324 -0.0201196   0.975619
1.77458e+09  -0.00466526 -0.00384076   0.0040376  -0.202742 -0.0181665   0.975619
1.77458e+09  -0.00466526 -0.00171023  0.00829866  -0.199813 -0.0201196   0.974643
1.77458e+09     0.012379 -0.00490603   0.0072334  -0.202742 -0.0181665   0.976596
1.77458e+09  -0.00892632 -0.00171023  0.00297233  -0.202498 -0.0215845   0.977084
1.77458e+09  -0.00999158 -0.00171023  0.00297233  -0.199568 -0.0203638   0.972201
1.77458e+09  -0.00999158  -0.0027755   0.0040376  -0.204207 -0.0164575   0.974154
1.77458e+09   -0.0131874 0.000420297   0.0104292  -0.199324 -0.0196314   0.973178
1.77458e+09  -0.00679579 0.000420297    0.013625  -0.201277 -0.0203638   0.974154
1.77458e+09    0.0113137 -0.00703656   0.0104292   -0.20201 -0.0198755   0.977084
1.77458e+09   0.00918318 -0.00597129  0.00829866  -0.202498 -0.0196314   0.972445
1.77458e+09  -0.00146946 0.000420297    0.013625  -0.203719 -0.0206079   0.974643
1.77458e+09    0.0145095 -0.00384076   0.0157555  -0.202254 -0.0206079   0.975375
1.77458e+09    0.0209011 -0.00703656  0.00829866  -0.203963 -0.0193872   0.975619
1.77458e+09    0.0155748 -0.00810182  0.00616813  -0.20201 -0.027688  0.976596
1.77458e+09   0.00705265 -0.00490603  0.00297233  -0.202254 -0.0176782   0.974643
1.77458e+09    -0.0163832 -0.000644969    0.0104292  -0.204695 -0.0223169   0.976596
1.77458e+09    -0.0004042 -0.000644969    0.0146903  -0.202742 -0.0210962   0.977572
1.77458e+09  -0.0227748 0.00255083  0.0114945  -0.203719 -0.0208521   0.977084
1.77458e+09  -0.00573052 -0.00597129 0.000841811 -0.200057  -0.02427  0.973422
1.77458e+09  -0.00466526 -0.00384076  0.00936393 -0.202986  -0.02427  0.973666
1.77458e+09     0.012379 -0.00490603   0.0114945  -0.201277 -0.0210962   0.975131
1.77458e+09   0.00598739 -0.00490603   0.0114945  -0.202498 -0.0208521   0.972201
1.77458e+09   -0.0110568 0.000420297   0.0125597  -0.200301 -0.0218286   0.971469
1.77458e+09  -0.00786105 -0.00171023  0.00510287  -0.202742 -0.0193872   0.975619
1.77458e+09  0.000661066 -0.00384076   0.0040376  -0.201766 -0.0198755   0.973178
1.77458e+09    -0.0163832 -0.000644969   0.00510287  -0.200789 -0.0215845   0.973422
1.77458e+09   -0.0249053 0.000420297  0.00510287  -0.206404 -0.0181665   0.978793
1.77458e+09   -0.0259705 0.000420297  0.00190707  -0.200789 -0.0220728   0.974643
1.77458e+09   -0.0227748 0.000420297  0.00510287   -0.20201 -0.0196314   0.975131
1.77458e+09   0.00705265 -0.00384076   0.0168208  -0.205672 -0.0223169   0.978549
1.77458e+09  -0.00146946  -0.0027755  0.00936393  -0.201766 -0.0213403   0.976352
1.77458e+09     0.012379 -0.00490603   0.0114945  -0.203231 -0.0181665   0.974643
1.77458e+09  -0.00679579 -0.00384076 0.000841811   -0.20201 -0.0193872   0.975619
1.77458e+09    -0.0163832 -0.000644969    0.0104292  -0.203719 -0.0208521   0.976107
1.77458e+09  -0.0217095 0.00468135  0.0104292  -0.198836 -0.0171899   0.972201
1.77458e+09  0.00279159 -0.0027755  0.0168208  -0.205184 -0.0213403   0.974643
1.77458e+09    0.0198358 -0.00703656   0.0114945  -0.202254 -0.0191431   0.976107
1.77458e+09      0.01664 -0.00597129   0.0125597  -0.201277 -0.0179224   0.974398
1.77458e+09    -0.0206442 -0.000644969   0.00829866  -0.201766 -0.0210962   0.971225
1.77458e+09  -0.00466526 -0.00384076   0.0072334  -0.199568 -0.0210962   0.973178
1.77458e+09  0.000661066 -0.00384076  0.00297233  -0.204207 -0.0210962   0.977084
1.77458e+09   0.00705265 -0.00703656  0.00297233   -0.20201 -0.0174341   0.973178
1.77458e+09     0.012379 -0.00490603   0.0104292  -0.202742 -0.0218286   0.975619
1.77458e+09  -0.00999158 -0.00171023  0.00936393  -0.203231 -0.0164575   0.977328
1.77458e+09    0.0155748 -0.00810182  0.00616813  -0.202742 -0.0181665    0.97684
1.77458e+09    0.0102484 -0.00810182  0.00616813  -0.202254 -0.0210962   0.973666
1.77458e+09     0.012379 -0.00810182  0.00297233  -0.203231 -0.0171899   0.975131
1.77458e+09   -0.0249053 -0.00171023  0.00297233  -0.200545 -0.0230493   0.978061
1.77458e+09   -0.0249053 0.000420297   0.0040376  -0.199813 -0.0210962   0.971713
1.77458e+09  -0.00466526 -0.00171023    0.013625  -0.203231 -0.0162134   0.973178
1.77458e+09   0.00279159 -0.00490603  0.00616813  -0.201766 -0.0196314   0.976107
1.77458e+09   0.00172633 -0.00384076   0.0104292  -0.199813 -0.0184107   0.972201
1.77458e+09    0.0177053 -0.00490603   0.0114945  -0.201766 -0.0206079   0.973422
1.77458e+09    0.0219664 -0.00810182  0.00829866  -0.202498 -0.0235376   0.976107
1.77458e+09     0.012379 -0.00810182  0.00829866  -0.199324 -0.0193872   0.972445
1.77458e+09  -0.00892632  -0.0027755  0.00510287  -0.201522 -0.0191431   0.971225
1.77458e+09   -0.0227748 0.000420297   0.0104292  -0.203231 -0.0213403   0.975619
1.77458e+09   -0.00999158 -0.000644969    0.0125597  -0.200545 -0.0191431   0.974887
1.77458e+09    -0.019579 -0.00171023  0.00510287  -0.201766 -0.0206079   0.976107
1.77458e+09    0.0134442 -0.00703656   0.0146903  -0.201522 -0.0220728   0.976107
1.77458e+09   0.00918318 -0.00597129    0.013625  -0.199813 -0.0184107   0.974154
1.77458e+09  -0.0004042 -0.0027755  0.0072334  -0.199813 -0.0228052   0.976596
1.77458e+09   -0.00466526 -0.000644969    0.0125597  -0.202254 -0.0196314   0.974154
1.77458e+09  -0.0206442 0.00148556 0.00510287  -0.200301 -0.0179224    0.97391
1.77458e+09    0.0219664 -0.00703656   0.0072334  -0.200789 -0.0215845   0.976107
1.77458e+09    0.0177053 -0.00810182  0.00190707  -0.199568 -0.0206079   0.972934
1.77458e+09    0.0177053 -0.00810182  0.00510287  -0.199813 -0.0230493   0.974643
1.77458e+09  -0.00786105 -0.00171023   0.0072334  -0.201277 -0.0215845   0.975619
1.77458e+09    -0.0153179 -0.000644969    0.0040376 -0.202254  -0.02427  0.976596
1.77458e+09  -0.0291663 0.00255083 0.00190707  -0.202986 -0.0210962   0.976352
1.77458e+09   -0.00892632 -0.000644969    0.0114945  -0.201766 -0.0206079   0.977084
1.77458e+09  -0.00679579  -0.0027755  0.00616813  -0.202254 -0.0201196   0.974154
1.77458e+09    -0.0227748 -0.000644969   0.00616813  -0.199568 -0.0162134   0.972201
1.77458e+09   -0.00253473 -0.000644969   0.00829866  -0.200789 -0.0230493   0.974643
1.77458e+09    0.0155748 -0.00384076   0.0125597  -0.201277 -0.0176782   0.972201
1.77458e+09    0.0240969 -0.00703656  0.00936393  -0.199813 -0.0210962   0.972689
1.77458e+09    0.0240969 -0.00490603   0.0072334  -0.203475 -0.0208521   0.974643
1.77458e+09   0.00811792 -0.00384076   0.0072334  -0.204207 -0.0167017   0.977572
1.77458e+09    0.0209011 -0.00703656   0.0125597  -0.204939 -0.0174341   0.976596
1.77458e+09  -0.00999158 -0.00171023   0.0114945  -0.201766 -0.0228052   0.975131
1.77458e+09  -0.00999158 -0.00171023    0.013625  -0.204939 -0.0171899   0.976596
1.77458e+09  -0.00786105 -0.00384076  0.00510287  -0.202986 -0.0215845   0.976352
1.77458e+09  -0.00786105  -0.0027755  0.00936393  -0.203719 -0.0196314   0.972934
1.77458e+09    0.0113137 -0.00597129  0.00829866  -0.203231 -0.0167017   0.974643
1.77458e+09  -0.0217095 0.00148556  0.0104292  -0.201766 -0.0176782   0.974643
1.77458e+09  -0.0185137 0.00255083  0.0104292  -0.201277 -0.0181665   0.971957
1.77458e+09  -0.0142526 0.00148556   0.013625 -0.199813 -0.025979  0.971469
1.77458e+09   0.0145095 -0.0027755 0.00936393  -0.203963 -0.0201196   0.976107
1.77458e+09    0.0251621 -0.00916708   0.0146903  -0.202986 -0.0203638   0.976352
1.77458e+09   0.00385686 -0.00490603   0.0072334  -0.202742 -0.0208521   0.974643
1.77458e+09   -0.0174484 -0.00171023  0.00190707  -0.205916 -0.0174341   0.977328
1.77458e+09  -0.0281011 0.00148556  0.0072334  -0.201766 -0.0206079   0.975619
1.77458e+09     0.012379 -0.00490603   0.0104292  -0.204695 -0.0230493   0.975863
1.77458e+09   0.00279159 -0.00703656   0.0072334  -0.203719 -0.0210962   0.974887
1.77458e+09   -0.00892632  -0.00490603 -0.000223458  -0.201277 -0.0237817   0.975131
1.77458e+09  -0.0174484 0.00148556 0.00616813  -0.202498 -0.0201196   0.973178
1.77458e+09  -0.00466526 -0.00171023   0.0146903  -0.202742 -0.0201196   0.971713
1.77458e+09      0.01664 -0.00597129   0.0072334  -0.202742 -0.0196314   0.974398
1.77458e+09    0.0198358 -0.00703656  0.00510287  -0.204207 -0.0181665   0.976107
1.77458e+09  -0.00786105 -0.00490603  0.00190707  -0.202254 -0.0247583   0.974887
1.77458e+09    0.0102484 -0.00810182   0.0072334  -0.202254 -0.0223169   0.975375
1.77458e+09    0.0113137 -0.00703656   0.0072334  -0.203719 -0.0176782   0.975619
1.77458e+09   0.00811792 -0.00703656  0.00616813  -0.201766 -0.0181665   0.974643
1.77458e+09   0.00598739 -0.00703656  0.00616813  -0.202742 -0.0152368   0.974154
1.77458e+09  -0.0270358 0.00148556  0.0104292  -0.201033 -0.0188989   0.975619
1.77458e+09   -0.0270358 0.000420297  0.00829866  -0.201033 -0.0210962   0.974154
1.77458e+09  -0.0249053 0.00148556 0.00829866  -0.199324 -0.0210962   0.972201
1.77458e+09  -0.00679579 -0.00171023  0.00936393 -0.204207 -0.022561  0.976107
1.77458e+09   0.00279159 -0.00171023   0.0189513  -0.200545 -0.0198755   0.975619
1.77458e+09    0.0219664 -0.00916708   0.0125597  -0.200301 -0.0196314   0.972689
1.77458e+09    0.0177053 -0.00810182  0.00829866   -0.20201 -0.0223169   0.978305
1.77458e+09  -0.00573052  -0.0027755   0.0104292  -0.201766 -0.0198755   0.975863
1.77458e+09  -0.00466526  -0.0027755  0.00829866  -0.200789 -0.0230493   0.974643
1.77458e+09  -0.0227748 0.00148556  0.0125597  -0.200057 -0.0215845    0.97391
1.77458e+09  -0.0163832 0.00255083   0.013625   -0.19908 -0.0291528   0.976596
1.77458e+09   -0.00253473 -0.000644969    0.0125597  -0.197859 -0.0196314   0.974154
1.77458e+09   0.000661066 -0.000644969    0.0104292  -0.200545 -0.0210962   0.970248
1.77458e+09    0.0145095 -0.00703656  0.00616813  -0.201522 -0.0213403   0.975131
1.77458e+09    0.0187706 -0.00703656  0.00936393  -0.201522 -0.0188989   0.977328
1.77458e+09  -0.00892632 0.000420297   0.0104292  -0.198348 -0.0235376    0.97391
1.77458e+09  -0.00786105  -0.0027755  0.00190707  -0.200301 -0.0240259   0.975375
1.77458e+09   -0.00786105 -0.000644969   0.00190707  -0.201766 -0.0191431   0.975375
1.77458e+09   -0.00359999   -0.0027755 -0.000223458  -0.202742 -0.0162134   0.972934
1.77458e+09   -0.0174484 0.000420297  0.00616813  -0.200301 -0.0181665   0.970492
1.77458e+09   0.00492212 -0.00171023   0.0072334   -0.19908 -0.0184107   0.976596
1.77458e+09  -0.00999158 0.000420297  0.00829866  -0.201766 -0.0164575   0.973178
1.77458e+09  -0.0153179 0.00255083 0.00936393  -0.200301 -0.0267114   0.975619
1.77458e+09     0.0102484 -0.000644969     0.013625  -0.203719 -0.0186548   0.975619
1.77458e+09    0.0230316 -0.00810182  0.00829866  -0.204451 -0.0176782    0.97391
1.77458e+09  -0.00146946 -0.00384076  0.00616813  -0.202254 -0.0210962   0.977572
1.77458e+09  -0.0302316 0.00255083  0.0072334  -0.203719 -0.0118189   0.975619
1.77458e+09   0.00492212 -0.00384076   0.0168208  -0.204207 -0.0193872   0.977816
1.77458e+09   0.00385686 -0.00384076  0.00510287  -0.202742 -0.0176782   0.975131
1.77458e+09      -0.02384 -0.000644969  0.000841811  -0.202498 -0.0206079   0.973422
1.77458e+09   -0.0163832 0.000420297    0.013625  -0.201766 -0.0235376   0.974643
1.77458e+09  -0.00679579  0.00148556   0.0157555  -0.201766 -0.0174341   0.971225
1.77458e+09    0.0209011 -0.00384076   0.0157555  -0.200057 -0.0208521   0.972445
1.77458e+09  -0.00786105 -0.00384076  0.00616813  -0.206404 -0.0196314   0.975619
1.77458e+09  -0.00999158  -0.0027755  0.00616813  -0.202254 -0.0169458   0.975863
1.77458e+09      0.01664 -0.00703656  0.00829866  -0.205428 -0.0220728   0.977328
1.77458e+09  -0.0153179 -0.0027755  0.0104292  -0.202742 -0.0235376   0.976107
1.77458e+09   -0.0121221 -0.00171023   0.0104292  -0.202742 -0.0184107   0.974643
1.77458e+09   -0.0110568 -0.00384076  0.00616813  -0.204451 -0.0252466   0.977084
1.77458e+09  -0.00999158  -0.0027755  0.00936393  -0.201033 -0.0174341   0.971469
1.77458e+09  -0.00679579 -0.00384076  0.00510287  -0.203719 -0.0201196   0.974154
1.77458e+09  0.00492212 -0.0027755  0.0072334  -0.201033 -0.0230493   0.976596
1.77458e+09   0.00172633 -0.00171023  0.00936393  -0.200301 -0.0230493   0.974643
1.77458e+09    0.0251621 -0.00703656   0.0125597 -0.203719  -0.02427  0.974643
1.77458e+09      0.01664 -0.00597129   0.0104292  -0.204695 -0.0206079   0.977572
1.77458e+09    0.0209011 -0.00916708   0.0125597   -0.20201 -0.0228052    0.97684
1.77458e+09  0.000661066 -0.00597129   0.0040376  -0.202254 -0.0191431   0.974398
1.77458e+09   -0.0121221 -0.00384076   0.0040376  -0.202254 -0.0184107   0.974887
1.77458e+09  -0.00466526  -0.0027755  0.00616813  -0.200301 -0.0220728   0.972934
1.77458e+09   0.00385686 -0.00597129  0.00190707  -0.200545 -0.0206079   0.972689
1.77458e+09    -0.0185137 -0.000644969  0.000841811  -0.201033 -0.0230493   0.971225
1.77458e+09  -0.0249053 0.00255083  0.0104292  -0.200789 -0.0206079   0.972201
1.77458e+09  -0.0110568 0.00255083  0.0114945  -0.200789 -0.0206079   0.972689
1.77458e+09     0.012379 -0.00490603   0.0125597  -0.202742 -0.0191431   0.974154
1.77458e+09    0.0134442 -0.00810182  0.00616813  -0.203963 -0.0181665   0.978061
1.77458e+09   0.0198358 -0.0112976 0.00510287  -0.204207 -0.0191431   0.978061
1.77458e+09  -0.00573052 -0.00384076   0.0104292  -0.201277 -0.0215845   0.973178
1.77458e+09  -0.00466526 -0.00384076  0.00829866  -0.202254 -0.0196314   0.974154
1.77458e+09  -0.0110568 -0.0027755 0.00829866  -0.201033 -0.0179224   0.974643
1.77458e+09   -0.0121221 -0.00171023   0.0104292  -0.200789 -0.0186548   0.972201
1.77458e+09   -0.00999158 -0.000644969   0.00616813  -0.199813 -0.0181665   0.970736
1.77458e+09     0.012379 -0.00490603   0.0114945  -0.201522 -0.0198755   0.977572
1.77458e+09    0.0145095 -0.00384076   0.0168208  -0.199568 -0.0230493   0.975131
1.77458e+09    0.0102484 -0.00384076   0.0125597  -0.202254 -0.0201196   0.973666
1.77458e+09   0.0240969 -0.0112976  0.0114945  -0.202254 -0.0201196    0.97684
1.77458e+09    0.0113137 -0.00916708   0.0040376  -0.199813 -0.0196314   0.975619
1.77458e+09  -0.00359999 -0.00597129  0.00190707  -0.200301 -0.0218286   0.975131
1.77458e+09   -0.0185137 -0.00171023  0.00829866  -0.199324 -0.0191431   0.973422
1.77458e+09   0.00172633 -0.00171023   0.0168208   -0.20201 -0.0210962   0.976352
1.77458e+09   -0.00253473 -0.000644969   0.00829866  -0.201766 -0.0215845   0.975619
1.77458e+09  -0.0206442 0.00148556 0.00510287  -0.201277 -0.0210962   0.974154
1.77458e+09  -0.0217095 0.00361609  0.0114945 -0.199324 -0.022561  0.977328
1.77458e+09   -0.00146946 -0.000644969    0.0168208  -0.203719 -0.0196314   0.975131
1.77458e+09      0.01664 -0.00490603    0.013625 -0.201766 -0.022561  0.974887
1.77458e+09  -0.00999158 -0.00490603 0.000841811  -0.202498 -0.0191431   0.974643
1.77458e+09     0.01664 -0.0102323 0.00190707  -0.204451 -0.0171899   0.977572
1.77458e+09    -0.0249053 -0.000644969   0.00510287  -0.198104 -0.0230493   0.972934
1.77458e+09  -0.00253473  -0.0027755  0.00510287  -0.201766 -0.0174341   0.973666
1.77458e+09  -0.00253473  -0.0027755  0.00510287  -0.201766 -0.0174341   0.973666
1.77458e+09  -0.00359999 -0.00171023   0.0040376  -0.202986 -0.0196314   0.975131
1.77458e+09  -0.00359999 -0.00171023   0.0040376  -0.202986 -0.0196314   0.975131
1.77458e+09  -0.00892632  0.00148556    0.013625  -0.204939 -0.0201196   0.976352
1.77458e+09  -0.00892632  0.00148556    0.013625  -0.204939 -0.0201196   0.976352
1.77458e+09   0.0155748 -0.0027755  0.0125597  -0.202742 -0.0171899    0.97391
1.77458e+09   0.0155748 -0.0027755  0.0125597  -0.202742 -0.0171899    0.97391
1.77458e+09    -0.0163832 -0.000644969   0.00829866  -0.202742 -0.0206079    0.97684
1.77458e+09    -0.0163832 -0.000644969   0.00829866  -0.202742 -0.0206079    0.97684
1.77458e+09    -0.019579 0.000420297   0.0072334  -0.204939 -0.0206079   0.975375
1.77458e+09    -0.019579 0.000420297   0.0072334  -0.204939 -0.0206079   0.975375
1.77458e+09   0.00492212 -0.00171023   0.0157555  -0.201277 -0.0232935    0.97391
1.77458e+09   0.00492212 -0.00171023   0.0157555  -0.201277 -0.0232935    0.97391
1.77458e+09   -0.0004042 -0.00597129  0.00297233  -0.200057 -0.0220728   0.970248
1.77458e+09   -0.0004042 -0.00597129  0.00297233  -0.200057 -0.0220728   0.970248
1.77458e+09   0.00492212 -0.00490603  0.00936393  -0.203231 -0.0208521   0.973178
1.77458e+09   0.00492212 -0.00490603  0.00936393  -0.203231 -0.0208521   0.973178
1.77458e+09  -0.00892632 0.000420297   0.0125597  -0.204695 -0.0188989   0.975375
1.77458e+09  -0.00892632 0.000420297   0.0125597  -0.204695 -0.0188989   0.975375
1.77458e+09    -0.0227748 -0.000644969    0.0072334  -0.203719 -0.0210962   0.975619
1.77458e+09    -0.0227748 -0.000644969    0.0072334  -0.203719 -0.0210962   0.975619
1.77458e+09  -0.0334274 0.00255083 0.00297233  -0.203719 -0.0210962   0.975619
1.77458e+09  -0.0334274 0.00255083 0.00297233  -0.203719 -0.0210962   0.975619
1.77458e+09   0.00918318 -0.00490603  0.00297233  -0.202742 -0.0193872   0.975863
1.77458e+09   0.00918318 -0.00490603  0.00297233  -0.202742 -0.0193872   0.975863
1.77458e+09    0.0187706 -0.00810182    0.013625  -0.203231 -0.0191431    0.97391
1.77458e+09    0.0187706 -0.00810182    0.013625  -0.203231 -0.0191431    0.97391
1.77458e+09   0.00918318 -0.00597129   0.0125597 -0.199813 -0.022561  0.972689
1.77458e+09   0.000661066 -0.000644969    0.0168208  -0.203719 -0.0196314   0.976352
1.77458e+09    -0.02384 -0.0027755 0.00936393  -0.201766 -0.0206079   0.977084
1.77458e+09    -0.02384 -0.0027755 0.00936393  -0.201766 -0.0206079   0.977084
1.77458e+09  -0.00253473 -0.00171023   0.0168208  -0.200545 -0.0201196   0.973178
1.77458e+09  -0.00999158 0.000420297   0.0157555  -0.198836 -0.0223169   0.974643
1.77458e+09  -0.0174484 0.00148556 0.00829866  -0.201033 -0.0171899   0.975131
1.77458e+09  -0.0174484 0.00148556 0.00829866  -0.201033 -0.0171899   0.975131
1.77458e+09  -0.00359999 -0.00171023  0.00829866  -0.202742 -0.0179224   0.975619
1.77458e+09  -0.00573052 -0.00171023   0.0125597  -0.205916 -0.0171899   0.980746
1.77458e+09  -0.00146946 -0.00490603  0.00829866  -0.201766 -0.0206079   0.978793
1.77458e+09   0.00918318 -0.00810182  0.00510287  -0.200301 -0.0193872   0.973178
1.77458e+09     -0.02384 -0.00171023   0.0104292  -0.202254 -0.0240259   0.974643
1.77458e+09    0.0283579 -0.00916708  0.00936393  -0.198592 -0.0223169   0.973666
1.77458e+09  -0.0270358 0.00361609  0.0125597  -0.200789 -0.0181665   0.972201
1.77458e+09     0.0134442 -0.000644969    0.0146903  -0.199568 -0.0196314   0.972689
1.77458e+09  0.00385686 -0.0027755 0.00190707  -0.202254 -0.0181665   0.977084
1.77458e+09  -0.00253473 -0.00171023  0.00510287  -0.200789 -0.0186548   0.975131
1.77458e+09   -0.00253473 -0.000644969    0.0104292  -0.202254 -0.0215845   0.974154
1.77458e+09  -0.00573052 -0.00171023    0.013625  -0.203475 -0.0210962   0.978061
1.77458e+09    -0.0142526 -0.000644969   0.00829866  -0.201033 -0.0191431   0.974398
1.77458e+09  -0.0163832 -0.0027755 0.00616813  -0.202254 -0.0215845   0.973666
1.77458e+09   -0.00253473  -0.00490603 -0.000223458  -0.197615 -0.0191431   0.972689
1.77458e+09  -0.00359999 0.000420297   0.0146903  -0.202742 -0.0181665   0.977084
1.77458e+09  -0.00466526  0.00148556   0.0114945  -0.200057 -0.0193872   0.972689
1.77458e+09  -0.00359999  0.00148556   0.0146903  -0.201766 -0.0196314   0.972934
1.77458e+09   -0.00892632 -0.000644969   0.00616813  -0.203719 -0.0181665   0.977816
1.77458e+09   -0.00999158 -0.000644969   0.00829866  -0.200301 -0.0230493   0.975131
1.77458e+09  -0.00359999 -0.00171023   0.0072334  -0.203231 -0.0181665   0.973178
1.77458e+09   0.00172633 -0.00384076  0.00936393  -0.204939 -0.0201196    0.97391
1.77458e+09   -0.0004042 -0.00490603  0.00510287  -0.202986 -0.0191431   0.976596
1.77458e+09   -0.0174484 -0.00171023  0.00510287  -0.202498 -0.0198755   0.973178
1.77458e+09    -0.0131874 -0.000644969     0.013625  -0.200301 -0.0213403   0.971957
1.77458e+09    0.0187706 -0.00810182  0.00829866  -0.203231 -0.0174341   0.972689
1.77458e+09  -0.0259705 0.00148556  0.0072334  -0.206404 -0.0191431   0.977084
1.77458e+09    0.0145095 -0.00597129   0.0157555  -0.201766 -0.0252466   0.976596
1.77458e+09   0.00172633 -0.00490603  0.00616813 -0.202742 -0.015481  0.974887
1.77458e+09  -0.00573052  -0.0027755   0.0072334  -0.204939 -0.0254907   0.976107
1.77458e+09   0.00279159 -0.00384076   0.0104292  -0.200789 -0.0201196   0.969516
1.77458e+09   0.00598739 -0.00171023   0.0210818  -0.204695 -0.0167017   0.975131
1.77458e+09   -0.00146946 -0.000644969    0.0114945  -0.202742 -0.0254907   0.977572
1.77458e+09    -0.019579 0.000420297   0.0104292  -0.202254 -0.0191431   0.975375
1.77458e+09  -0.0334274 0.00255083  0.0040376  -0.205428 -0.0254907   0.978549
1.77458e+09   0.00385686 -0.00490603  0.00936393 -0.207137 -0.022561  0.978793
1.77458e+09    0.0177053 -0.00810182   0.0104292  -0.201766 -0.0215845   0.973178
1.77458e+09    0.0219664 -0.00703656   0.0114945  -0.202254 -0.0240259   0.974643
1.77458e+09    0.0230316 -0.00916708   0.0114945  -0.203231 -0.0157251   0.975619
1.77458e+09   -0.00466526 -0.000644969     0.013625  -0.200301 -0.0215845   0.971469
1.77458e+09   -0.0110568 0.000420297   0.0125597   -0.20201 -0.0186548   0.971469
1.77458e+09   0.00172633 -0.00490603  0.00616813  -0.202254 -0.0230493   0.973666
1.77458e+09   -0.0185137  0.00148556 0.000841811  -0.201766 -0.0208521    0.97684
1.77458e+09  -0.00466526 -0.00171023   0.0104292  -0.202742 -0.0191431   0.974887
1.77458e+09    0.0145095 -0.00597129  0.00829866  -0.202254 -0.0215845   0.975863
1.77458e+09   -0.0174484 -0.00384076  0.00190707  -0.204939 -0.0179224   0.977572
1.77458e+09   0.0272927 -0.0112976 0.00936393  -0.202254 -0.0196314   0.978061
1.77458e+09   -0.0185137 -0.00384076  0.00190707  -0.201277 -0.0213403   0.974398
1.77458e+09    -0.0131874 -0.000644969    0.0114945   -0.20201 -0.0162134   0.974887
1.77458e+09   0.00385686 -0.00597129  0.00510287  -0.199324 -0.0176782    0.97391
1.77458e+09  -0.0185137 -0.0027755  0.0040376  -0.201277 -0.0181665   0.971225
1.77458e+09   -0.00892632 -0.000644969    0.0114945  -0.198348 -0.0191431   0.972689
1.77458e+09    -0.0004042 -0.000644969     0.013625  -0.200789 -0.0201196   0.973666
1.77458e+09  -0.0227748 0.00148556  0.0104292 -0.201033 -0.022561  0.972689
1.77458e+09    -0.02384 0.00148556  0.0114945  -0.198348 -0.0210962   0.974398
1.77458e+09    -0.02384 0.00148556 0.00829866  -0.203231 -0.0176782   0.976596
1.77458e+09  -0.00253473 -0.00171023   0.0168208  -0.200789 -0.0171899    0.97391
1.77458e+09   -0.00466526 -0.000644969   0.00936393  -0.200789 -0.0149927   0.972689
1.77458e+09   -0.0249053 0.000420297  0.00297233  -0.202742 -0.0201196   0.979037
1.77458e+09  -0.00999158 -0.00490603  0.00190707  -0.199324 -0.0206079   0.973666
1.77458e+09   -0.0110568 -0.00171023   0.0072334  -0.199813 -0.0210962   0.973422
1.77458e+09  -0.00253473 -0.00171023   0.0104292  -0.200301 -0.0215845   0.973666
1.77458e+09  -0.00679579  -0.0027755  0.00936393  -0.201766 -0.0167017   0.975619
1.77458e+09   -0.00679579 -0.000644969    0.0104292  -0.199813 -0.0223169   0.974887
1.77458e+09   0.0113137 -0.0027755   0.013625  -0.199568 -0.0186548   0.973178
1.77458e+09    0.0113137 -0.00810182  0.00297233  -0.201522 -0.0218286   0.976596
1.77458e+09  -0.0217095 0.00148556 0.00829866  -0.200301 -0.0210962   0.974643
1.77458e+09    0.0315537 -0.00810182   0.0104292  -0.202986 -0.0208521   0.976107
1.77458e+09  -0.00466526 -0.00490603   0.0114945  -0.202254 -0.0206079   0.974643
1.77458e+09   -0.00786105 -0.000644969    0.0114945   -0.20201 -0.0201196   0.975375
1.77458e+09    0.0145095 -0.00703656  0.00616813  -0.201766 -0.0162134   0.975131
1.77458e+09  -0.00573052  -0.0027755  0.00510287  -0.200057 -0.0213403   0.971957
1.77458e+09  -0.00466526 -0.00384076   0.0072334  -0.201766 -0.0184107   0.975375
1.77458e+09    0.0102484 -0.00597129  0.00510287  -0.202742 -0.0262232   0.975131
1.77458e+09   0.00279159 -0.00384076  0.00616813  -0.200545 -0.0230493   0.972201
1.77458e+09  -0.00573052  0.00148556   0.0114945  -0.204451 -0.0179224   0.974887
1.77458e+09   0.0134442 -0.0027755 0.00936393  -0.204207 -0.0206079    0.97684
1.77458e+09    0.0262274 -0.00703656   0.0125597  -0.204695 -0.0147485   0.975131
1.77458e+09    0.0134442 -0.00490603   0.0114945  -0.203475 -0.0218286   0.977084
1.77458e+09   -0.0163832 0.000420297   0.0114945  -0.204695 -0.0228052   0.977084
1.77458e+09   -0.0174484 0.000420297  0.00936393  -0.204207 -0.0215845   0.974887
1.77458e+09   -0.0110568 -0.00171023   0.0104292  -0.201766 -0.0230493   0.971225
1.77458e+09   -0.0004042 -0.00171023    0.017886  -0.202254 -0.0198755   0.973178
1.77458e+09    0.0102484 -0.00597129  0.00829866  -0.204695 -0.0196314   0.975131
1.77458e+09    -0.0142526 -0.000644969  -0.00128872  -0.200789 -0.0191431   0.970492
1.77458e+09  -0.0259705 0.00468135  0.0114945  -0.205428 -0.0179224   0.974643
1.77458e+09    0.0102484 -0.00703656  0.00616813  -0.207381 -0.0213403   0.979281
1.77458e+09   -0.00999158 -0.000644969    0.0114945  -0.204207 -0.0206079   0.977572
1.77458e+09    0.0113137 -0.00916708   0.0072334  -0.204207 -0.0201196   0.974887
1.77458e+09   -0.0163832 -0.00384076   0.0072334  -0.204695 -0.0215845   0.978061
1.77458e+09    -0.0174484 -0.000644969    0.0146903  -0.202254 -0.0196314   0.974154
1.77458e+09  0.00705265 -0.0027755  0.0114945  -0.200789 -0.0191431   0.970248
1.77458e+09   0.00279159 -0.00384076   0.0072334 -0.203231  -0.02427  0.976107
1.77458e+09   -0.0131874 -0.00171023   0.0072334  -0.202742 -0.0191431    0.97684
1.77458e+09  -0.00359999  -0.0027755  0.00510287  -0.201766 -0.0247583   0.977572
1.77458e+09   0.00598739 -0.00810182 0.000841811  -0.203719 -0.0196314   0.976352
1.77458e+09   -0.0142526 -0.00384076   0.0072334  -0.204695 -0.0203638   0.976596
1.77458e+09  -0.00573052  -0.0027755  0.00829866  -0.201033 -0.0220728   0.975131
1.77458e+09  -0.0217095 0.00148556 0.00829866  -0.199813 -0.0201196   0.971469
1.77458e+09   -0.0121221 -0.00171023  0.00190707  -0.197859 -0.0213403   0.970492
1.77458e+09   0.00598739 -0.00810182 -0.00341925  -0.200301 -0.0198755   0.972689
1.77458e+09   0.00598739 -0.00703656  0.00297233  -0.199813 -0.0210962   0.972689
1.77458e+09  -0.00892632 0.000420297  0.00616813  -0.202498 -0.0215845   0.974643
1.77458e+09   0.00598739 -0.00384076   0.0104292  -0.202498 -0.0215845   0.980502
1.77458e+09    -0.0131874 -0.000644969 -0.000223458  -0.201277 -0.0201196   0.976107
1.77458e+09   -0.00573052 -0.000644969   0.00936393   -0.20201 -0.0181665   0.975131
1.77458e+09   0.0230316 -0.0102323 0.00510287  -0.204451 -0.0149927   0.976107
1.77458e+09    -0.0302316 -0.000644969   0.00616813  -0.201766 -0.0201196   0.975863
1.77458e+09   0.0294232 -0.0102323   0.013625  -0.199324 -0.0181665   0.973422
1.77458e+09   0.00811792 -0.00703656  0.00190707  -0.200545 -0.0198755   0.974154
1.77458e+09   -0.0004042 -0.00171023  0.00936393  -0.200057 -0.0201196   0.973178
1.77458e+09  -0.00253473 -0.00171023  0.00829866  -0.200789 -0.0186548   0.971713
1.77458e+09  -0.00679579  0.00148556  0.00829866  -0.199813 -0.0203638   0.972201
1.77458e+09   -0.00679579 -0.000644969    0.0104292  -0.202254 -0.0186548   0.972689
1.77458e+09  0.000661066  -0.0027755  0.00829866  -0.200301 -0.0215845   0.976596
1.77458e+09  -0.00466526 -0.00384076   0.0072334   -0.20201 -0.0213403   0.976352
1.77458e+09   -0.0121221 -0.00171023  0.00510287  -0.203719 -0.0191431   0.975131
1.77458e+09  -0.00146946  -0.0027755   0.0114945  -0.200789 -0.0223169   0.977084
1.77458e+09   0.00172633 -0.00171023   0.0104292  -0.200545 -0.0196314   0.974154
1.77458e+09   -0.0217095 0.000420297  0.00829866  -0.200301 -0.0198755   0.973666
1.77458e+09  -0.00359999 -0.00384076  0.00190707  -0.201033 -0.0213403   0.974154
1.77458e+09  -0.00253473  -0.0027755  0.00510287  -0.199324 -0.0198755   0.972201
1.77458e+09    -0.0110568 -0.000644969    0.0072334  -0.201766 -0.0232935   0.973666
1.77458e+09    0.0113137 -0.00597129   0.0040376  -0.202498 -0.0213403   0.977084
1.77458e+09  -0.00786105  -0.0027755 -0.00341925   -0.20201 -0.0218286   0.975619
1.77458e+09   -0.00359999 -0.000644969   0.00936393  -0.201766 -0.0191431   0.973666
1.77458e+09    0.0177053 -0.00810182  0.00510287  -0.203475 -0.0186548    0.97391
1.77458e+09  -0.0312969 0.00361609 0.00510287  -0.201033 -0.0203638   0.972689
1.77458e+09   0.00705265 -0.00703656  0.00190707  -0.202498 -0.0210962   0.973422
1.77458e+09   -0.019579 0.00148556  0.0072334  -0.202254 -0.0206079   0.974887
1.77458e+09    0.00385686 -0.000644969    0.0072334  -0.203963 -0.0186548   0.974398
1.77458e+09   -0.0004042 -0.00171023  0.00829866  -0.203719 -0.0213403   0.974398
1.77458e+09   -0.019579 0.00148556 0.00510287   -0.20201 -0.0203638   0.975131
1.77458e+09   -0.0185137 0.000420297   0.0114945  -0.204207 -0.0179224   0.977572
1.77458e+09  -0.00999158 -0.00171023   0.0104292  -0.202254 -0.0196314   0.971957
1.77458e+09  0.000661066 -0.00490603  0.00510287  -0.203719 -0.0223169   0.975619
1.77458e+09     0.012379 -0.00703656  0.00510287  -0.204451 -0.0186548   0.975619
1.77458e+09  -0.00786105 -0.00171023  0.00829866  -0.204695 -0.0210962   0.975619
1.77458e+09   0.00172633 -0.00490603   0.0040376  -0.202986 -0.0196314   0.977084
1.77458e+09    0.0230316 -0.00916708   0.0125597  -0.203475 -0.0171899   0.974887
1.77458e+09    0.0209011 -0.00916708  0.00936393  -0.204207 -0.0215845   0.977328
1.77458e+09    0.0155748 -0.00810182   0.0125597  -0.200301 -0.0196314   0.971469
1.77458e+09   0.00598739 -0.00490603    0.013625 -0.199813  -0.02427  0.972934
1.77458e+09   0.00279159 -0.00490603  0.00510287  -0.200789 -0.0218286   0.974643
1.77458e+09   -0.0121221 0.000420297   0.0114945  -0.201277 -0.0196314   0.974154
1.77458e+09    0.0198358 -0.00597129   0.0104292  -0.201766 -0.0237817   0.973422
1.77458e+09   -0.0131874 -0.00171023  0.00616813  -0.203719 -0.0174341   0.974643
1.77458e+09   -0.019579 0.00148556 0.00936393  -0.202742 -0.0213403    0.97977
1.77458e+09  -0.00999158 -0.00384076  0.00297233  -0.202498 -0.0240259   0.978305
1.77458e+09  -0.0227748 0.00148556  0.0146903  -0.202742 -0.0186548   0.974398
1.77458e+09    0.0219664 -0.00810182   0.0168208  -0.203231 -0.0232935   0.978549
1.77458e+09  -0.00253473 -0.00490603  0.00829866  -0.202986 -0.0191431   0.974887
1.77458e+09   -0.019579 0.00255083  0.0146903  -0.197615 -0.0186548   0.970248
1.77458e+09   -0.00999158 -0.000644969   0.00616813  -0.201766 -0.0215845   0.974154
1.77458e+09   -0.0110568 -0.00171023  0.00936393  -0.202254 -0.0196314   0.974887
1.77458e+09    0.0177053 -0.00597129   0.0040376  -0.201522 -0.0218286    0.97391
1.77458e+09    0.0177053 -0.00810182  0.00936393  -0.204207 -0.0181665   0.974643
1.77458e+09  -0.00679579 -0.00384076  0.00936393 -0.202254  -0.02427  0.977084
1.77458e+09   -0.00679579 -0.000644969    0.0114945  -0.201766 -0.0186548   0.974154
1.77458e+09   -0.0281011 0.000420297  0.00829866  -0.202742 -0.0206079   0.974398
1.77458e+09   -0.019579 -0.0027755 0.00829866  -0.200789 -0.0206079   0.975619
1.77458e+09   0.00492212 -0.00810182  0.00616813  -0.200545 -0.0198755    0.97391
1.77458e+09    0.0177053 -0.00703656   0.0125597  -0.201766 -0.0179224   0.973178
1.77458e+09   0.00172633 -0.00597129  0.00297233  -0.201766 -0.0191431   0.971713
1.77458e+09   -0.00892632 -0.000644969   0.00936393  -0.200301 -0.0220728   0.977572
1.77458e+09    0.0155748 -0.00490603   0.0114945  -0.201277 -0.0162134   0.974154
1.77458e+09  -0.00146946 -0.00384076  0.00936393  -0.200789 -0.0220728   0.973422
1.77458e+09   0.0113137 -0.0027755  0.0157555  -0.199324 -0.0213403   0.973666
1.77458e+09  -0.0249053 0.00361609 0.00829866  -0.201766 -0.0188989   0.976596
1.77458e+09    0.0134442 -0.00384076   0.0146903  -0.202254 -0.0186548   0.974887
1.77458e+09  -0.00359999  -0.0027755  0.00297233  -0.202742 -0.0203638   0.977328
1.77458e+09      -0.02384  0.000420297 -0.000223458  -0.202254 -0.0210962    0.97684
1.77458e+09   -0.0185137 0.000420297   0.0040376  -0.198348 -0.0215845   0.973178
1.77458e+09    -0.0131874 -0.000644969     0.013625  -0.204207 -0.0215845   0.975375
1.77458e+09    0.0230316 -0.00703656   0.0072334  -0.201277 -0.0196314   0.973422
1.77458e+09   0.00385686 -0.00597129  0.00190707  -0.200789 -0.0171899   0.971225
1.77458e+09    -0.0185137 -0.000644969  -0.00128872  -0.201522 -0.0208521   0.974154
1.77458e+09  0.00385686 -0.0027755 0.00510287   -0.20201 -0.0171899   0.974398
1.77458e+09    -0.0004042 -0.000644969   0.00829866  -0.203475 -0.0164575   0.975863
1.77458e+09    0.00385686 -0.000644969    0.0157555  -0.203719 -0.0206079   0.975619
1.77458e+09    0.0230316 -0.00597129  0.00936393  -0.202498 -0.0220728   0.977084
1.77458e+09    0.0145095 -0.00703656  0.00510287  -0.201766 -0.0186548    0.97684
1.77458e+09   -0.0004042 -0.00597129  0.00190707  -0.200301 -0.0184107    0.97391
1.77458e+09    -0.019579 0.000420297   0.0125597  -0.201033 -0.0142603   0.970492
1.77458e+09  -0.0259705 0.00148556 0.00829866  -0.203963 -0.0215845   0.977572
1.77458e+09   0.00385686 -0.00703656 0.000841811  -0.200301 -0.0162134    0.97391
1.77458e+09   0.00598739 -0.00384076  0.00829866 -0.199324  -0.02427  0.973178
1.77458e+09   0.00172633 -0.00171023   0.0157555  -0.203719 -0.0201196   0.976596
1.77458e+09    0.0102484 -0.00384076   0.0104292   -0.20201 -0.0174341   0.975863
1.77458e+09  -0.00146946 -0.00171023    0.013625  -0.202742 -0.0215845   0.974887
1.77458e+09  -0.0206442 0.00148556  0.0114945  -0.202254 -0.0213403   0.974398
1.77458e+09  -0.0110568 -0.0027755 0.00616813  -0.202742 -0.0215845   0.978549
1.77458e+09   -0.0142526 -0.00171023   0.0040376  -0.201033 -0.0215845   0.974154
1.77458e+09   -0.0163832 0.000420297   0.0114945  -0.200789 -0.0247583   0.973666
1.77458e+09      0.01664 -0.00810182   0.0104292  -0.202498 -0.0203638   0.976107
1.77458e+09    0.0240969 -0.00703656  0.00829866  -0.201766 -0.0232935   0.973178
1.77458e+09    0.0177053 -0.00703656   0.0072334  -0.200301 -0.0213403    0.97391
1.77458e+09  -0.0163832 0.00148556 0.00616813  -0.205428 -0.0215845   0.976107
1.77458e+09    -0.0142526 -0.000644969   0.00616813  -0.203719 -0.0218286   0.977572
1.77458e+09     -0.019579 -0.000644969  0.000841811  -0.202986 -0.0186548   0.972445
1.77458e+09   -0.00999158 -0.000644969   0.00616813  -0.204695 -0.0237817   0.974643
1.77458e+09  -0.00573052 0.000420297   0.0104292  -0.203475 -0.0218286   0.976352
1.77458e+09    0.0219664 -0.00810182  0.00936393  -0.203231 -0.0181665   0.973178
1.77458e+09   0.0209011 -0.0102323 0.00510287  -0.205184 -0.0176782   0.972445
1.77458e+09  -0.00146946 -0.00597129  0.00510287  -0.202986 -0.0176782   0.974643
1.77458e+09      0.01664 -0.00916708  0.00616813  -0.204207 -0.0181665   0.976352
1.77458e+09  -0.00253473 -0.00171023   0.0146903  -0.200545 -0.0196314   0.972689
1.77458e+09   0.00385686 -0.00384076    0.017886  -0.203719 -0.0171899   0.973178
1.77458e+09   -0.00892632 -0.000644969    0.0125597  -0.203719 -0.0213403   0.975863
1.77458e+09   -0.00892632 -0.000644969    0.0125597   -0.20201 -0.0186548   0.975619
1.77458e+09  -0.00573052  -0.0027755   0.0104292  -0.204207 -0.0208521   0.975619
1.77458e+09    0.0177053 -0.00703656   0.0104292  -0.203231 -0.0198755   0.976107
1.77458e+09    0.0134442 -0.00490603   0.0146903  -0.203963 -0.0176782   0.976107
1.77458e+09  -0.00146946 -0.00597129  0.00936393  -0.200789 -0.0210962   0.973178
1.77458e+09    -0.0110568 -0.000644969    0.0168208   -0.19908 -0.0235376    0.97391
1.77458e+09    -0.0110568 -0.000644969    0.0168208   -0.19908 -0.0235376    0.97391
1.77458e+09    0.0219664 -0.00916708  0.00936393  -0.203231 -0.0215845   0.976352
1.77458e+09    0.0219664 -0.00916708  0.00936393  -0.203231 -0.0215845   0.976352
1.77458e+09  0.00598739 -0.0027755  0.0146903  -0.202742 -0.0215845   0.975131
1.77458e+09  0.00598739 -0.0027755  0.0146903  -0.202742 -0.0215845   0.975131
1.77458e+09   -0.00359999  -0.00490603 -0.000223458  -0.202742 -0.0213403   0.977816
1.77458e+09   -0.00359999  -0.00490603 -0.000223458  -0.202742 -0.0213403   0.977816
1.77458e+09  -0.00999158 -0.00171023   0.0072334  -0.199324 -0.0201196   0.972689
1.77458e+09  -0.00999158 -0.00171023   0.0072334  -0.199324 -0.0201196   0.972689
1.77458e+09  -0.0249053 0.00255083  0.0104292  -0.200301 -0.0193872   0.976107
1.77458e+09  -0.0249053 0.00255083  0.0104292  -0.200301 -0.0193872   0.976107
1.77458e+09   0.00385686 -0.00490603  0.00936393  -0.199813 -0.0193872   0.974643
1.77458e+09   0.00385686 -0.00490603  0.00936393  -0.199813 -0.0193872   0.974643
1.77458e+09   0.00918318 -0.00597129   0.0072334  -0.198836 -0.0176782   0.973666
1.77458e+09   0.00918318 -0.00597129   0.0072334  -0.198836 -0.0176782   0.973666
1.77458e+09  0.000661066 -0.00384076  0.00829866  -0.200301 -0.0220728   0.975131
1.77458e+09  0.000661066 -0.00384076  0.00829866  -0.200301 -0.0220728   0.975131
1.77458e+09  0.00918318 -0.0027755  0.0072334  -0.199813 -0.0179224   0.972201
1.77458e+09  0.00918318 -0.0027755  0.0072334  -0.199813 -0.0179224   0.972201
1.77458e+09   0.00705265 -0.00597129   0.0040376  -0.201277 -0.0184107   0.976596
1.77458e+09   0.00705265 -0.00597129   0.0040376  -0.201277 -0.0184107   0.976596
1.77458e+09  -0.0217095 0.00148556  0.0114945  -0.202254 -0.0213403   0.973178
1.77458e+09  -0.0217095 0.00148556  0.0114945  -0.202254 -0.0213403   0.973178
1.77458e+09  -0.00359999 -0.00171023   0.0104292  -0.201766 -0.0213403   0.976596
1.77458e+09  -0.00359999 -0.00171023   0.0104292  -0.201766 -0.0213403   0.976596
1.77458e+09    0.0230316 -0.00597129  0.00936393  -0.199813 -0.0179224   0.972201
1.77458e+09    0.0155748 -0.00490603  0.00936393  -0.203475 -0.0206079   0.976107
1.77458e+09    0.0102484 -0.00490603   0.0104292  -0.201766 -0.0196314   0.972201
1.77458e+09    0.0102484 -0.00490603   0.0104292  -0.201766 -0.0196314   0.972201
1.77458e+09    0.0102484 -0.00490603  0.00190707   -0.20616 -0.0203638   0.979281
1.77458e+09    0.0102484 -0.00490603  0.00190707   -0.20616 -0.0203638   0.979281
1.77458e+09   -0.0142526 0.000420297  0.00616813  -0.204207 -0.0159692   0.973666
1.77458e+09   -0.0142526 -0.00171023  0.00936393  -0.206404 -0.0232935   0.978305
1.77458e+09   -0.0121221 -0.00171023  0.00829866  -0.202254 -0.0218286   0.975619
1.77458e+09  -0.00999158  -0.0027755   0.0072334  -0.204207 -0.0201196   0.974154
1.77458e+09  -0.00359999  -0.0027755    0.013625  -0.20201 -0.022561  0.972934
1.77458e+09  -0.0153179 0.00255083  0.0146903  -0.202254 -0.0186548   0.974154
1.77458e+09  -0.0110568 0.00148556  0.0104292  -0.201766 -0.0215845   0.974154
1.77458e+09   0.00811792 -0.00171023   0.0104292  -0.200789 -0.0176782   0.970004
1.77458e+09    0.0251621 -0.00810182   0.0104292  -0.203231 -0.0220728   0.976352
1.77458e+09    0.0187706 -0.00810182  0.00936393  -0.203963 -0.0213403   0.975619
1.77458e+09     -0.019579 -0.000644969    0.0040376  -0.202742 -0.0215845   0.976352
1.77458e+09   0.00811792 -0.00597129  0.00616813  -0.204207 -0.0208521   0.975619
1.77458e+09    0.00492212  -0.00703656 -0.000223458  -0.202742 -0.0240259   0.977084
1.77458e+09   -0.0131874 -0.00171023 0.000841811  -0.199568 -0.0171899   0.972689
1.77458e+09  -0.0227748 0.00148556  0.0072334  -0.202742 -0.0193872   0.973666
1.77458e+09   -0.0227748 0.000420297  0.00936393  -0.202254 -0.0210962   0.977084
1.77458e+09   -0.00466526 -0.000644969    0.0072334  -0.200789 -0.0186548   0.972445
1.77458e+09  -0.00146946 -0.00171023    0.013625  -0.202742 -0.0193872   0.974154
1.77458e+09  0.000661066  -0.0027755   0.0114945  -0.202986 -0.0240259   0.977084
1.77458e+09    -0.0174484 -0.000644969    0.0125597  -0.202986 -0.0181665   0.975131
1.77458e+09    0.0251621 -0.00703656   0.0146903  -0.201766 -0.0240259   0.974154
1.77458e+09    0.0219664 -0.00916708   0.0114945  -0.199324 -0.0232935   0.971957
1.77458e+09     0.012379 -0.00490603   0.0072334  -0.203719 -0.0157251   0.973178
1.77458e+09  -0.00466526 -0.00171023   0.0125597  -0.200301 -0.0235376   0.974398
1.77458e+09   -0.00573052 -0.000644969    0.0104292  -0.201766 -0.0181665   0.973666
1.77458e+09   0.00918318 -0.00597129  0.00616813  -0.201766 -0.0203638   0.976352
1.77458e+09     0.012379 -0.00597129  0.00829866  -0.202742 -0.0201196   0.974643
1.77458e+09    0.0155748 -0.00810182  0.00190707   -0.20201 -0.0191431   0.972201
1.77458e+09   0.00705265 -0.00810182  0.00297233  -0.199813 -0.0191431   0.975619
1.77458e+09   -0.0110568 -0.00384076 0.000841811  -0.204695 -0.0157251   0.975131
1.77458e+09     -0.019579 -0.000644969    0.0104292  -0.199813 -0.0196314   0.972689
1.77458e+09    -0.0131874 -0.000644969   0.00616813  -0.201766 -0.0181665   0.975619
1.77458e+09  -0.00999158 -0.00171023  0.00936393  -0.201766 -0.0186548   0.975863
1.77458e+09   -0.00892632 -0.000644969   0.00936393  -0.202742 -0.0206079   0.974887
1.77458e+09  0.00918318 -0.0027755  0.0168208  -0.202254 -0.0167017   0.972689
1.77458e+09    0.0209011 -0.00597129    0.013625  -0.202742 -0.0176782   0.977572
1.77458e+09    0.0102484 -0.00597129   0.0104292  -0.200789 -0.0206079   0.977084
1.77458e+09  0.000661066 -0.00490603  0.00616813  -0.200545 -0.0193872   0.971713
1.77458e+09    -0.0131874  -0.00171023 -0.000223458  -0.201277 -0.0198755   0.974887
1.77458e+09   -0.0121221 -0.00384076 -0.00448451  -0.202742 -0.0240259   0.979037
1.77458e+09    0.0198358 -0.00703656  0.00829866  -0.198836 -0.0196314   0.973178
1.77458e+09  0.00279159 -0.0027755  0.0040376  -0.199568 -0.0206079   0.973178
1.77458e+09   0.00172633 -0.00597129   0.0114945  -0.202254 -0.0201196   0.976107
1.77458e+09   -0.00999158 -0.000644969   0.00829866  -0.199324 -0.0210962   0.974887
1.77458e+09   -0.0121221 0.000420297   0.0125597  -0.202254 -0.0215845   0.975863
1.77458e+09    0.0102484 -0.00384076   0.0125597   -0.19908 -0.0210962   0.972689
1.77458e+09     0.0113137 -0.000644969    0.0125597  -0.202742 -0.0228052   0.974643
1.77458e+09     0.012379 -0.00171023   0.0114945  -0.199813 -0.0203638   0.973178
1.77458e+09    0.0198358 -0.00597129  0.00616813 -0.203719 -0.022561  0.976596
1.77458e+09   -0.00146946  -0.00597129 -0.000223458  -0.203963 -0.0176782   0.977328
1.77458e+09    -0.0153179 -0.000644969    0.0040376   -0.20201 -0.0240259   0.975619
1.77458e+09  -0.00146946  -0.0027755   0.0104292  -0.204939 -0.0203638   0.976352
1.77458e+09   0.00385686 -0.00703656  0.00510287  -0.200789 -0.0210962    0.97391
1.77458e+09   -0.0004042 -0.00384076  0.00936393  -0.203475 -0.0198755   0.975863
1.77458e+09    0.0240969 -0.00810182   0.0072334  -0.201766 -0.0179224   0.972201
1.77458e+09    0.0113137 -0.00810182 0.000841811  -0.200789 -0.0181665   0.969516
1.77458e+09  -0.00359999  -0.0027755  0.00297233  -0.203475 -0.0191431   0.975131
1.77458e+09   -0.019579 0.00255083 0.00297233  -0.199324 -0.0223169   0.976107
1.77458e+09   -0.0121221 0.000420297  0.00616813  -0.205916 -0.0206079   0.975619
1.77458e+09  -0.00146946  -0.0027755   0.0125597  -0.202986 -0.0184107   0.976596
1.77458e+09  -0.0185137 -0.0027755 0.00829866  -0.202742 -0.0220728   0.977572
1.77458e+09   0.00172633 -0.00490603  0.00616813  -0.202254 -0.0174341   0.973666
1.77458e+09   -0.0004042 -0.00597129   0.0114945  -0.201277 -0.0179224   0.972201
1.77458e+09   -0.0004042 -0.00384076   0.0104292  -0.201277 -0.0208521   0.975375
1.77458e+09   0.00279159 -0.00490603   0.0104292   -0.20201 -0.0201196   0.974154
1.77458e+09  -0.0110568 0.00148556 0.00936393  -0.200789 -0.0245142   0.975863
1.77458e+09   -0.019579 0.00255083 0.00829866  -0.202742 -0.0201196   0.975375
1.77458e+09   -0.0121221 -0.00171023  0.00829866  -0.201522 -0.0186548   0.972689
1.77458e+09    -0.0163832 -0.000644969   0.00936393 -0.201522 -0.022561  0.974398
1.77458e+09    -0.0153179 -0.000644969    0.0157555  -0.201277 -0.0186548   0.975131
1.77458e+09   0.00705265 -0.00490603   0.0125597  -0.202254 -0.0210962   0.973178
1.77458e+09   0.00705265 -0.00810182  0.00616813  -0.202742 -0.0223169   0.976107
1.77458e+09   0.00385686 -0.00384076   0.0146903  -0.201766 -0.0203638   0.975131
1.77458e+09   -0.00892632 -0.000644969   0.00936393  -0.203719 -0.0218286   0.975619
1.77458e+09  -0.00573052  0.00255083  0.00936393  -0.198348 -0.0230493   0.972689
1.77458e+09   0.00279159 0.000420297    0.013625  -0.203231 -0.0152368   0.974398
1.77458e+09    0.0177053 -0.00490603  0.00936393  -0.204695 -0.0247583   0.979281
1.77458e+09   0.00918318 -0.00490603  0.00510287  -0.202742 -0.0184107   0.974154
1.77458e+09   -0.0131874  -0.0027755 -0.00235398  -0.202254 -0.0186548   0.975863
1.77458e+09  -0.0153179 -0.0027755 0.00297233 -0.204939  -0.02427  0.978061
1.77458e+09    0.012379 -0.0102323 0.00297233  -0.203231 -0.0145044   0.973178
1.77458e+09   0.00492212 -0.00384076    0.013625  -0.200545 -0.0201196   0.972445
1.77458e+09  -0.00679579  -0.0027755  0.00616813  -0.201766 -0.0162134   0.971957
1.77458e+09  -0.00146946 -0.00171023  0.00829866  -0.200301 -0.0176782   0.972201
1.77458e+09   0.00705265 -0.00171023   0.0125597  -0.200301 -0.0176782   0.972201
1.77458e+09  0.00279159 -0.0027755 0.00616813  -0.203719 -0.0210962   0.976352
1.77458e+09    0.0102484 -0.00171023   0.0125597  -0.200301 -0.0203638   0.976352
1.77458e+09   -0.00253473 -0.000644969     0.013625  -0.206404 -0.0162134   0.975619
1.77458e+09   0.00918318 -0.00597129  0.00936393  -0.200545 -0.0215845   0.976107
1.77458e+09  -0.00679579 -0.00490603  0.00510287  -0.201766 -0.0171899   0.975619
1.77458e+09    -0.02384 -0.0027755 0.00616813  -0.203719 -0.0203638   0.974887
1.77458e+09     -0.019579 -0.000644969    0.0146903  -0.197371 -0.0228052   0.973178
1.77458e+09  0.00705265 -0.0027755  0.0157555  -0.203719 -0.0223169   0.975131
1.77458e+09  0.000661066  -0.0027755   0.0157555 -0.200057  -0.02427  0.974643
1.77458e+09   0.00705265 -0.00171023    0.017886  -0.199324 -0.0237817   0.973666
1.77458e+09    0.0198358 -0.00597129   0.0104292  -0.201766 -0.0179224   0.974398
1.77458e+09   -0.0174484 -0.00171023   0.0040376  -0.201522 -0.0210962   0.976107
1.77458e+09   -0.0174484 0.000420297   0.0114945  -0.200301 -0.0193872   0.972689
1.77458e+09    0.0134442 -0.00490603   0.0125597  -0.201277 -0.0196314   0.975619
1.77458e+09    0.0102484 -0.00703656   0.0146903 -0.202254 -0.027688  0.977572
1.77458e+09  -0.00679579 -0.00384076   0.0114945  -0.200301 -0.0181665   0.975619
1.77458e+09   0.00918318 -0.00810182   0.0072334  -0.198592 -0.0264673    0.97391
1.77458e+09    0.0209011 -0.00703656  0.00829866  -0.196639 -0.0215845    0.97098
1.77458e+09    0.0145095 -0.00490603   0.0072334  -0.202254 -0.0162134   0.971469
1.77458e+09   0.00705265 0.000420297   0.0125597  -0.200301 -0.0220728   0.975375
1.77458e+09   0.00598739 0.000420297   0.0104292  -0.204207 -0.0191431   0.978061
1.77458e+09   -0.019579 0.00361609 0.00510287  -0.202742 -0.0230493   0.979525
1.77458e+09    -0.0185137 -0.000644969   0.00297233  -0.204207 -0.0208521   0.979037
1.77458e+09    -0.0121221 -0.000644969    0.0072334  -0.204207 -0.0230493   0.977816
1.77458e+09   -0.00679579 -0.000644969    0.0125597  -0.202498 -0.0184107   0.974154
1.77458e+09    0.0177053 -0.00810182   0.0125597  -0.201522 -0.0186548   0.972689
1.77458e+09    0.0219664 -0.00810182  0.00297233  -0.199568 -0.0213403   0.969271
1.77458e+09   -0.0110568  -0.0027755 0.000841811  -0.203231 -0.0179224   0.971225
1.77458e+09   0.00598739 -0.00171023   0.0125597  -0.202498 -0.0203638   0.972689
1.77458e+09  0.000661066  -0.0027755 -0.00235398  -0.204207 -0.0167017   0.972934
1.77458e+09    -0.02384 0.00255083  0.0040376  -0.204207 -0.0188989   0.974643
1.77458e+09    -0.019579 0.000420297   0.0072334  -0.203719 -0.0174341    0.97684
1.77458e+09   -0.0121221 0.000420297  0.00829866   -0.20616 -0.0169458   0.976596
1.77458e+09   0.00918318 -0.00597129   0.0104292  -0.203475 -0.0162134   0.974154
1.77458e+09   0.0145095 -0.0102323 0.00829866  -0.204695 -0.0196314   0.973178
1.77458e+09    0.0134442 -0.00916708  0.00829866  -0.204207 -0.0186548   0.977328
1.77458e+09    -0.0121221 -0.000644969    0.0157555  -0.203475 -0.0186548   0.975131
1.77458e+09    -0.0110568 -0.000644969     0.013625  -0.201277 -0.0235376   0.974643
1.77458e+09  -0.00359999 -0.00384076   0.0072334  -0.204207 -0.0179224   0.974154
1.77458e+09  -0.00573052  -0.0027755   0.0125597  -0.204939 -0.0186548   0.976596
1.77458e+09    0.0262274 -0.00916708   0.0157555  -0.201277 -0.0215845   0.973178
1.77458e+09  -0.00786105 -0.00597129  0.00510287   -0.20201 -0.0191431   0.974154
1.77458e+09  -0.00892632 -0.00490603  0.00510287  -0.203231 -0.0228052   0.978305
1.77458e+09    -0.019579 0.000420297   0.0114945 -0.200057 -0.022561  0.974643
1.77458e+09    -0.0206442 -0.000644969   0.00510287  -0.200057 -0.0240259   0.970736
1.77458e+09  -0.00786105  -0.0027755  0.00829866  -0.201766 -0.0181665   0.971469
1.77458e+09  -0.00892632 -0.00384076   0.0040376  -0.200789 -0.0210962   0.974643
1.77458e+09  -0.00999158 -0.00171023  0.00510287  -0.199813 -0.0208521   0.973666
1.77458e+09  -0.0110568 -0.0027755 0.00190707  -0.202742 -0.0213403   0.975131
1.77458e+09   0.00385686 -0.00490603   0.0072334  -0.203719 -0.0201196   0.978549
1.77458e+09   -0.00892632 -0.000644969    0.0157555  -0.203719 -0.0206079   0.979037
1.77458e+09    -0.0131874 -0.000644969     0.013625  -0.200545 -0.0223169   0.975619
1.77458e+09   -0.019579 -0.0027755  0.0040376  -0.201277 -0.0188989   0.978061
1.77458e+09  -0.00999158  -0.0027755  0.00936393  -0.198836 -0.0230493   0.975375
1.77458e+09    0.0102484 -0.00490603  0.00829866  -0.200545 -0.0215845   0.970004
1.77458e+09  -0.00573052 -0.00490603  0.00510287  -0.199813 -0.0193872   0.973178
1.77458e+09   -0.00679579 -0.000644969    0.0104292  -0.199813 -0.0237817   0.977572
1.77458e+09      0.01664 -0.00490603  0.00829866  -0.197859 -0.0213403   0.972201
1.77458e+09  -0.00573052 -0.00171023  0.00616813  -0.200057 -0.0213403   0.973422
1.77458e+09    0.0198358 -0.00597129    0.013625  -0.201277 -0.0203638   0.975619
1.77458e+09   0.00598739 -0.00810182  0.00510287  -0.199568 -0.0196314   0.974887
1.77458e+09  -0.0174484 0.00148556 0.00936393  -0.201522 -0.0252466   0.975863
1.77458e+09   0.00492212 -0.00597129  0.00936393  -0.199568 -0.0176782   0.975131
1.77458e+09   0.0113137 -0.0027755  0.0104292  -0.202254 -0.0203638   0.975375
1.77458e+09  -0.00466526 0.000420297   0.0072334  -0.198348 -0.0210962   0.972201
1.77458e+09  -0.00466526 0.000420297  0.00829866  -0.200301 -0.0196314   0.976107
1.77458e+09  -0.0185137 0.00468135 0.00829866  -0.199324 -0.0223169   0.976352
1.77458e+09  -0.00679579  0.00148556  0.00829866  -0.202742 -0.0176782   0.976107
1.77458e+09  -0.00999158  0.00148556   0.0114945  -0.203475 -0.0210962   0.976352
1.77458e+09    0.0102484 -0.00597129  0.00510287  -0.203719 -0.0186548   0.977816
1.77458e+09    0.0177053 -0.00810182  0.00936393  -0.202742 -0.0171899   0.977328
1.77458e+09  0.00172633 -0.0027755 0.00829866   -0.20201 -0.0218286   0.973178
1.77458e+09  -0.0206442 0.00255083  0.0146903  -0.202498 -0.0157251   0.972689
1.77458e+09  0.00492212 -0.0027755 0.00616813  -0.203231 -0.0184107    0.97098
1.77458e+09    -0.0110568 -0.000644969    0.0125597  -0.201766 -0.0191431   0.971225
1.77458e+09    -0.0121221 -0.000644969    0.0072334  -0.202498 -0.0193872   0.972201
1.77458e+09   -0.0185137 0.000420297  0.00190707  -0.204695 -0.0174341   0.974398
1.77458e+09   -0.00466526 -0.000644969    0.0114945  -0.204451 -0.0203638   0.973666
1.77458e+09    0.0134442 -0.00597129  0.00616813  -0.203231 -0.0198755   0.975131
1.77458e+09   -0.0004042 0.000420297   0.0168208  -0.208357 -0.0169458   0.975619
1.77458e+09   0.0304885 -0.0102323  0.0189513  -0.203963 -0.0196314   0.977084
1.77458e+09   -0.0281011 0.000420297  0.00829866  -0.205428 -0.0215845   0.976596
1.77458e+09   0.00705265 -0.00490603    0.013625  -0.205916 -0.0196314   0.979525
1.77458e+09  -0.00786105 -0.00171023   0.0114945  -0.203719 -0.0210962   0.974643
1.77458e+09   0.00172633 -0.00384076  0.00829866   -0.20201 -0.0208521   0.972689
1.77458e+09  -0.00359999 -0.00171023   0.0125597  -0.201033 -0.0196314   0.972445
1.77458e+09    -0.02384 0.00148556 0.00829866  -0.203963 -0.0206079   0.972689
1.77458e+09   -0.0153179 -0.00171023   0.0104292  -0.201033 -0.0237817   0.975863
1.77458e+09    0.0155748 -0.00916708  0.00510287  -0.203231 -0.0181665   0.973178
1.77458e+09  -0.0131874 -0.0027755  0.0072334  -0.203231 -0.0291528    0.97684
1.77458e+09     -0.02384 0.000420297   0.0040376  -0.199813 -0.0223169   0.971957
1.77458e+09  -0.00573052 -0.00171023  0.00936393  -0.202986 -0.0191431   0.974643
1.77458e+09   0.00705265 -0.00703656 -0.00128872  -0.201766 -0.0291528    0.97684
1.77458e+09  -0.00146946 -0.00490603  0.00190707  -0.203719 -0.0142603    0.97391
1.77458e+09     0.012379 -0.00703656   0.0072334   -0.20201 -0.0215845   0.976596
1.77458e+09     -0.019579 -0.000644969   0.00829866  -0.201277 -0.0257349   0.977328
1.77458e+09   -0.0153179 0.000420297  0.00936393  -0.201766 -0.0167017   0.975863
1.77458e+09   0.00172633 -0.00384076   0.0104292  -0.20201 -0.022561  0.974643
1.77458e+09   0.00172633 -0.00810182  0.00297233  -0.203231 -0.0171899    0.97391
1.77458e+09    -0.0110568 -0.000644969    0.0114945  -0.196883 -0.0193872   0.972201
1.77458e+09    0.0219664 -0.00916708  0.00829866  -0.199568 -0.0196314   0.973178
1.77458e+09  -0.0312969 0.00255083  0.0072334  -0.200789 -0.0232935   0.975863
1.77458e+09      0.01664 -0.00384076   0.0125597  -0.199813 -0.0208521   0.972445
1.77458e+09   -0.0121221 0.000420297   0.0168208  -0.202986 -0.0191431   0.975131
1.77458e+09  -0.0142526 -0.0027755  0.0104292  -0.198348 -0.0220728   0.975131
1.77458e+09  -0.00679579 -0.00490603   0.0072334  -0.202254 -0.0159692   0.974643
1.77458e+09  -0.00573052 -0.00597129  0.00936393  -0.201522 -0.0201196   0.976352
1.77458e+09    0.0113137 -0.00916708   0.0072334   -0.19908 -0.0228052   0.973422
1.77458e+09   0.0304885 -0.0123629  0.0114945  -0.202254 -0.0184107   0.975619
1.77458e+09  -0.00359999 -0.00490603   0.0040376  -0.199568 -0.0235376   0.973422
1.77458e+09  -0.00786105 -0.00171023   0.0104292  -0.199324 -0.0240259   0.975619
1.77458e+09  -0.0121221 0.00148556 0.00829866  -0.199568 -0.0176782   0.974154
1.77458e+09   0.0177053 -0.0027755  0.0114945  -0.202498 -0.0218286   0.976596
1.77458e+09  0.00918318 -0.0027755  0.0125597  -0.202498 -0.0157251   0.976352
1.77458e+09   0.00705265 -0.00384076   0.0072334  -0.201766 -0.0206079   0.975131
1.77458e+09  -0.00999158 -0.00384076  0.00510287 -0.201766 -0.022561  0.976352
1.77458e+09   0.00492212 -0.00384076   0.0146903  -0.199813 -0.0179224   0.974643
1.77458e+09   0.00598739 -0.00490603  0.00936393  -0.201033 -0.0220728   0.973666
1.77458e+09   0.00172633 -0.00597129  0.00297233  -0.197371 -0.0181665   0.970736
1.77458e+09  -0.0217095 0.00468135  0.0104292  -0.199568 -0.0198755   0.972934
1.77458e+09    0.0198358 -0.00384076  0.00510287  -0.201277 -0.0210962   0.975863
1.77458e+09   -0.0206442  0.00255083 -0.00128872   -0.20201 -0.0176782   0.973666
1.77458e+09  -0.00466526  0.00255083   0.0104292  -0.204207 -0.0171899   0.979037
1.77458e+09  -0.00786105  -0.0027755  0.00510287  -0.204695 -0.0201196   0.976352
1.77458e+09   -0.0004042 -0.00384076   0.0072334  -0.202742 -0.0162134   0.974643
1.77458e+09    0.0155748 -0.00703656  0.00829866  -0.202742 -0.0206079   0.975131
1.77458e+09    0.0155748 -0.00703656  0.00829866  -0.202742 -0.0206079   0.975131
1.77458e+09   -0.00679579 -0.000644969     0.017886 -0.200789 -0.022561  0.975131
1.77458e+09   -0.00679579 -0.000644969     0.017886 -0.200789 -0.022561  0.975131
1.77458e+09    0.0187706 -0.00810182   0.0104292  -0.202742 -0.0181665   0.975131
1.77458e+09  -0.00999158 -0.00171023  0.00297233  -0.202742 -0.0230493    0.97684
1.77458e+09    0.0145095 -0.00490603  0.00936393  -0.204207 -0.0196314   0.974154
1.77458e+09    0.0145095 -0.00490603  0.00936393  -0.204207 -0.0196314   0.974154
1.77458e+09  0.000661066 -0.00384076    0.013625  -0.200789 -0.0193872   0.972934
1.77458e+09  0.000661066 -0.00384076    0.013625  -0.200789 -0.0193872   0.972934
1.77458e+09    0.0155748 -0.00490603   0.0104292  -0.203963 -0.0213403   0.974887
1.77458e+09    0.0155748 -0.00490603   0.0104292  -0.203963 -0.0213403   0.974887
1.77458e+09  -0.00466526 -0.00597129  0.00190707  -0.204451 -0.0220728   0.975131
1.77458e+09  -0.00466526 -0.00597129  0.00190707  -0.204451 -0.0220728   0.975131
1.77458e+09    0.0219664 -0.00916708   0.0104292 -0.202742 -0.022561  0.974643
1.77458e+09    0.0219664 -0.00916708   0.0104292 -0.202742 -0.022561  0.974643
1.77458e+09    0.0187706 -0.00490603   0.0146903  -0.201522 -0.0218286   0.973178
1.77458e+09    0.0187706 -0.00490603   0.0146903  -0.201522 -0.0218286   0.973178
1.77458e+09   0.000661066 -0.000644969    0.0114945  -0.201522 -0.0186548   0.973178
1.77458e+09   0.000661066 -0.000644969    0.0114945  -0.201522 -0.0186548   0.973178
1.77458e+09   0.00705265 -0.00490603   0.0072334  -0.204207 -0.0213403   0.975863
1.77458e+09   0.00705265 -0.00490603   0.0072334  -0.204207 -0.0213403   0.975863
1.77458e+09    0.0198358 -0.00810182   0.0125597  -0.203719 -0.0218286   0.977816
1.77458e+09    0.0198358 -0.00810182   0.0125597  -0.203719 -0.0218286   0.977816
1.77458e+09  -0.00253473 -0.00490603   0.0072334  -0.202742 -0.0228052   0.975375
1.77458e+09  -0.00253473 -0.00490603   0.0072334  -0.202742 -0.0228052   0.975375
1.77458e+09   0.00918318 -0.00490603   0.0072334  -0.199324 -0.0208521   0.971957
1.77458e+09    0.0198358 -0.00810182   0.0125597  -0.203231 -0.0208521   0.974398
1.77458e+09   0.00705265 -0.00384076   0.0072334  -0.200545 -0.0196314   0.975375
1.77458e+09   0.00705265 -0.00384076   0.0072334  -0.200545 -0.0196314   0.975375
1.77458e+09   0.00385686 -0.00597129  0.00616813  -0.202742 -0.0193872   0.974643
1.77458e+09   0.00385686 -0.00597129  0.00616813  -0.202742 -0.0193872   0.974643
1.77458e+09  -0.00146946  -0.0027755   0.0125597   -0.20201 -0.0206079   0.976596
1.77458e+09   0.00918318 -0.00703656   0.0072334  -0.198348 -0.0210962   0.974643
1.77458e+09     -0.019579 -0.000644969   0.00829866  -0.200057 -0.0210962   0.973178
1.77458e+09     -0.019579 -0.000644969   0.00829866  -0.200057 -0.0210962   0.973178
1.77458e+09    -0.0206442 -0.000644969   0.00190707  -0.202742 -0.0152368   0.972934
1.77458e+09  0.00172633 -0.0027755 0.00510287  -0.202986 -0.0196314   0.976352
1.77458e+09   -0.00679579 -0.000644969    0.0114945  -0.202742 -0.0198755   0.978305
1.77458e+09   -0.0131874 0.000420297   0.0104292  -0.203475 -0.0181665   0.974887
1.77458e+09    -0.0163832 -0.000644969   0.00936393  -0.201766 -0.0254907   0.974887
1.77458e+09    -0.0163832 -0.000644969   0.00616813  -0.203475 -0.0176782   0.974398
1.77458e+09   0.00598739 -0.00597129  0.00829866  -0.201277 -0.0186548   0.971957
1.77458e+09    0.0262274 -0.00916708   0.0114945  -0.199568 -0.0220728   0.974643
1.77458e+09  -0.00999158 -0.00384076   0.0040376  -0.202742 -0.0140161   0.972201
1.77458e+09   -0.0217095 0.000420297  0.00829866  -0.201522 -0.0215845   0.976596
1.77458e+09  -0.0259705 0.00148556 0.00510287  -0.202742 -0.0206079   0.975131
1.77458e+09  -0.00573052  -0.0027755  0.00510287  -0.203475 -0.0201196   0.975375
1.77458e+09  -0.00786105 -0.00384076 0.000841811  -0.204695 -0.0206079   0.979281
1.77458e+09  -0.00573052 -0.00171023   0.0072334  -0.201766 -0.0188989   0.974643
1.77458e+09   -0.0121221 0.000420297   0.0114945   -0.20201 -0.0171899   0.971713
1.77458e+09      0.01664 -0.00810182   0.0072334  -0.203719 -0.0208521   0.975619
1.77458e+09  -0.00892632 -0.00490603 0.000841811  -0.200789 -0.0206079   0.977084
1.77458e+09    -0.019579 0.000420297  0.00616813  -0.203719 -0.0230493   0.974643
1.77458e+09    0.0198358 -0.00810182  0.00829866  -0.200789 -0.0220728   0.974398
1.77458e+09  -0.0291663 0.00255083  0.0072334  -0.201522 -0.0206079   0.974398
1.77458e+09    0.0198358 -0.00597129   0.0146903 -0.201277  -0.02427  0.975619
1.77458e+09  -0.00892632 -0.00171023  0.00190707  -0.201277 -0.0171899   0.973422
1.77458e+09  -0.0174484 0.00148556 0.00616813  -0.201766 -0.0186548   0.975131
1.77458e+09  -0.00253473  -0.0027755  0.00936393  -0.201766 -0.0232935   0.974154
1.77458e+09   -0.0217095 0.000420297  0.00616813  -0.200789 -0.0152368   0.974398
1.77458e+09    -0.0227748 -0.000644969    0.0072334  -0.204207 -0.0257349   0.976107
1.77458e+09  -0.0153179 -0.0027755 0.00510287  -0.199813 -0.0210962   0.974643
1.77458e+09  -0.0163832 -0.0027755 0.00616813  -0.201766 -0.0220728   0.975619
1.77458e+09   -0.0174484 0.000420297  0.00936393  -0.201522 -0.0271997   0.975619
1.77458e+09    0.0177053 -0.00490603  0.00936393 -0.200789 -0.015481  0.972689
1.77458e+09   0.0102484 -0.0027755  0.0189513  -0.202254 -0.0167017   0.975131
1.77458e+09  -0.0281011 0.00361609  0.0072334   -0.19908 -0.0223169   0.973666
1.77458e+09  -0.0281011 0.00148556 0.00510287  -0.202986 -0.0167017   0.978305
1.77458e+09  -0.00892632 -0.00171023   0.0114945  -0.202986 -0.0240259   0.975863
1.77458e+09     0.012379 -0.00703656  0.00936393  -0.200789 -0.0228052   0.974643
1.77458e+09   -0.0110568 -0.00171023   0.0104292  -0.201277 -0.0208521   0.974887
1.77458e+09   0.00492212 -0.00171023   0.0125597  -0.199568 -0.0218286   0.974398
1.77458e+09      0.01664 -0.00384076   0.0072334  -0.198836 -0.0193872   0.971225
1.77458e+09   -0.00892632  0.000420297 -0.000223458  -0.199813 -0.0191431   0.972201
1.77458e+09    0.00385686 -0.000644969    0.0125597  -0.204207 -0.0218286   0.977084
1.77458e+09  -0.00679579 -0.00384076 -0.00235398  -0.201277 -0.0181665   0.971713
1.77458e+09  -0.0185137 0.00255083  0.0125597  -0.204451 -0.0181665   0.979037
1.77458e+09   0.00705265 -0.00384076  0.00510287  -0.203475 -0.0215845   0.978549
1.77458e+09  0.00705265 -0.0027755 0.00510287  -0.199813 -0.0169458   0.971957
1.77458e+09   0.00492212 -0.00490603  0.00829866  -0.203963 -0.0191431   0.976107
1.77458e+09   -0.0004042 -0.00384076   0.0125597  -0.200301 -0.0174341   0.972689
1.77458e+09  -0.00679579  -0.0027755   0.0072334  -0.201766 -0.0223169   0.971713
1.77458e+09    -0.02384 0.00255083 0.00616813  -0.200789 -0.0188989   0.974154
1.77458e+09  -0.0174484 0.00255083  0.0104292  -0.201766 -0.0223169   0.974887
1.77458e+09    0.00918318 -0.000644969    0.0146903  -0.202498 -0.0206079   0.975619
1.77458e+09  0.00918318 -0.0027755  0.0114945  -0.205184 -0.0157251   0.975131
1.77458e+09  -0.0131874 0.00148556  0.0157555  -0.202742 -0.0230493   0.976352
1.77458e+09    -0.02384 0.00255083 0.00829866  -0.203231 -0.0176782   0.978061
1.77458e+09  -0.0110568 -0.0027755 0.00829866  -0.205672 -0.0159692   0.975863
1.77458e+09   0.00598739 -0.00490603  0.00510287   -0.19908 -0.0247583   0.970736
1.77458e+09  -0.00573052 -0.00171023  0.00616813  -0.204695 -0.0196314   0.973666
1.77458e+09   0.00811792 -0.00384076  0.00936393  -0.202254 -0.0230493   0.977328
1.77458e+09  -0.00253473 -0.00384076   0.0040376  -0.201277 -0.0237817   0.973178
1.77458e+09   -0.0131874 0.000420297   0.0072334  -0.203963 -0.0157251   0.971713
1.77458e+09    0.0177053 -0.00597129  0.00829866  -0.203231 -0.0198755   0.974398
1.77458e+09    -0.0270358 -0.000644969  0.000841811  -0.203719 -0.0223169   0.975863
1.77458e+09  -0.0227748 0.00361609  0.0157555  -0.202498 -0.0191431   0.974154
1.77458e+09   0.00918318 -0.00490603   0.0168208  -0.205916 -0.0254907   0.979281
1.77458e+09  -0.00679579 -0.00171023   0.0114945  -0.203475 -0.0203638   0.975863
1.77458e+09  -0.00573052 -0.00171023  0.00829866 -0.201766 -0.022561  0.975619
1.77458e+09    -0.0121221 -0.000644969   0.00297233  -0.200301 -0.0220728   0.973666
1.77458e+09  -0.00253473 -0.00384076   0.0040376  -0.200789 -0.0210962   0.974154
1.77458e+09   -0.0110568 -0.00171023  0.00190707  -0.202742 -0.0230493   0.974398
1.77458e+09  -0.00146946 -0.00490603  0.00190707  -0.202254 -0.0213403   0.973666
1.77458e+09   -0.019579 0.00148556 0.00829866   -0.20201 -0.0191431   0.975863
1.77458e+09   -0.0227748 0.000420297  0.00829866  -0.201522 -0.0213403   0.976107
1.77458e+09  -0.0227748 0.00148556 0.00616813  -0.201277 -0.0198755   0.974154
1.77458e+09   -0.0249053 0.000420297  0.00297233  -0.201522 -0.0198755   0.972934
1.77458e+09   -0.0131874 -0.00171023   0.0114945   -0.20201 -0.0220728   0.976596
1.77458e+09    -0.019579 0.000420297  0.00616813  -0.200789 -0.0196314   0.975375
1.77458e+09    0.0145095 -0.00597129   0.0104292  -0.199568 -0.0215845   0.971713
1.77458e+09   0.00279159 -0.00490603 0.000841811  -0.203231 -0.0206079    0.97684
1.77458e+09    -0.019579 0.000420297  0.00297233  -0.203231 -0.0186548   0.978305
1.77458e+09   -0.00679579 -0.000644969    0.0114945  -0.200545 -0.0206079   0.973666
1.77458e+09    -0.0131874 -0.000644969    0.0072334  -0.201766 -0.0167017   0.973422
1.77458e+09   -0.0121221 -0.00384076   0.0040376  -0.201522 -0.0193872   0.975131
1.77458e+09  0.00172633 -0.0027755  0.0040376  -0.199324 -0.0215845   0.973666
1.77458e+09    0.0177053 -0.00810182  0.00829866  -0.201033 -0.0188989   0.971225
1.77458e+09      0.01664 -0.00490603   0.0146903  -0.202254 -0.0196314   0.975863
1.77458e+09    0.0113137 -0.00490603  0.00510287   -0.20201 -0.0196314   0.975619
1.77458e+09  -0.00786105 -0.00171023  0.00190707  -0.200301 -0.0167017   0.971225
1.77458e+09  -0.00786105 -0.00490603  0.00190707 -0.201277  -0.02427  0.975619
1.77458e+09    -0.0163832 -0.000644969   0.00510287  -0.202254 -0.0176782   0.975619
1.77458e+09  -0.0217095 0.00361609   0.013625  -0.201277 -0.0201196   0.973666
1.77458e+09  -0.00466526 -0.00384076  0.00510287  -0.200057 -0.0206079    0.97391
1.77458e+09  0.00705265 -0.0027755 0.00829866  -0.203719 -0.0171899   0.975619
1.77458e+09    0.0134442 -0.00490603  0.00616813  -0.201277 -0.0184107   0.974154
1.77458e+09  -0.00359999 -0.00171023  0.00190707  -0.202986 -0.0193872   0.975375
1.77458e+09    -0.0249053 -0.000644969  -0.00128872  -0.204207 -0.0181665   0.976107
1.77458e+09  -0.00786105 0.000420297   0.0072334  -0.203475 -0.0228052   0.976107
1.77458e+09   -0.0121221 0.000420297   0.0114945  -0.204207 -0.0210962   0.975619
1.77458e+09   -0.00999158 -0.000644969    0.0104292  -0.203475 -0.0208521   0.972201
1.77458e+09   -0.0110568 -0.00384076  0.00297233  -0.205428 -0.0196314   0.976596
1.77458e+09   -0.0004042 -0.00384076  0.00829866  -0.201766 -0.0167017   0.973422
1.77458e+09     0.012379 -0.00810182   0.0125597  -0.201277 -0.0196314   0.970248
1.77458e+09    0.0145095 -0.00703656    0.013625  -0.202498 -0.0169458   0.970004
1.77458e+09  0.00598739 -0.0027755  0.0104292  -0.203231 -0.0228052   0.977084
1.77458e+09    0.0134442 -0.00703656   0.0125597  -0.202742 -0.0240259   0.975863
1.77458e+09  -0.00679579  -0.0027755  0.00510287  -0.202498 -0.0203638   0.976107
1.77458e+09    -0.0163832 -0.000644969   0.00297233  -0.205184 -0.0201196   0.978549
1.77458e+09    -0.0163832 -0.000644969   0.00829866  -0.200545 -0.0215845   0.972689
1.77458e+09  -0.00359999 0.000420297   0.0104292  -0.201766 -0.0206079   0.975131
1.77458e+09      0.01664 -0.00490603   0.0146903  -0.203719 -0.0203638   0.976596
1.77458e+09   0.00492212 -0.00597129   0.0040376   -0.20201 -0.0230493   0.974643
1.77458e+09   -0.0121221 -0.00171023  0.00510287  -0.203231 -0.0196314   0.975131
1.77458e+09   -0.0004042 -0.00703656   0.0072334  -0.204207 -0.0230493   0.977572
1.77458e+09     -0.019579 -0.000644969    0.0072334  -0.203231 -0.0218286   0.976596
1.77458e+09  -0.0302316 0.00148556 0.00829866  -0.200301 -0.0162134   0.970736
1.77458e+09  -0.00999158 0.000420297   0.0104292  -0.199324 -0.0247583   0.974643
1.77458e+09  -0.00253473 -0.00171023   0.0072334  -0.201766 -0.0215845   0.974154
1.77458e+09   0.00385686 -0.00490603  0.00510287  -0.199568 -0.0210962   0.971225
1.77458e+09   0.00279159 -0.00490603   0.0040376 -0.201766 -0.022561  0.972934
1.77458e+09    0.0145095 -0.00384076   0.0125597  -0.200301 -0.0247583    0.98099
1.77458e+09  0.00172633 -0.0027755  0.0072334  -0.201766 -0.0196314   0.977572
1.77458e+09   0.00385686 -0.00703656  0.00190707  -0.202254 -0.0167017   0.972934
1.77458e+09    0.0102484 -0.00810182  0.00297233  -0.200545 -0.0220728   0.975375
1.77458e+09   0.00492212 -0.00490603   0.0072334  -0.201033 -0.0152368   0.976107
1.77458e+09  -0.00573052 -0.00384076   0.0072334  -0.198104 -0.0232935   0.973422
1.77458e+09     -0.019579 -0.000644969   0.00510287  -0.199813 -0.0215845   0.974154
1.77458e+09    -0.02384 0.00255083  0.0104292  -0.202742 -0.0193872   0.976107
1.77458e+09  -0.00892632 0.000420297  0.00936393  -0.198348 -0.0218286   0.972201
1.77458e+09    0.0219664 -0.00384076   0.0072334  -0.197859 -0.0169458    0.97098
1.77458e+09    0.0240969 -0.00703656  0.00510287  -0.201277 -0.0162134   0.974398
1.77458e+09    0.0113137 -0.00490603   0.0040376  -0.201277 -0.0152368   0.973666
1.77458e+09  -0.0110568 -0.0027755  0.0040376  -0.203719 -0.0208521   0.977084
1.77458e+09    0.0113137 -0.00703656  0.00936393  -0.202254 -0.0215845   0.975619
1.77458e+09   0.00279159 -0.00490603  0.00510287  -0.202254 -0.0174341   0.973666
1.77458e+09  -0.0227748 0.00361609  0.0072334 -0.203719  -0.02427  0.977572
1.77458e+09   0.000661066 -0.000644969     0.013625  -0.201766 -0.0149927   0.971225
1.77458e+09    0.0198358 -0.00597129   0.0157555  -0.204695 -0.0201196    0.97684
1.77458e+09    0.0155748 -0.00916708  0.00510287  -0.201766 -0.0125513   0.975375
1.77458e+09    -0.0174484 -0.000644969   0.00510287  -0.200057 -0.0164575   0.967807
1.77458e+09    0.0102484 -0.00597129  0.00510287  -0.201522 -0.0215845   0.975131
1.77458e+09    0.0177053 -0.00597129  0.00936393  -0.203475 -0.0198755   0.976107
1.77458e+09  -0.00573052  0.00148556    0.013625  -0.200789 -0.0196314   0.972201
1.77458e+09  -0.00573052  0.00148556   0.0168208  -0.203719 -0.0196314   0.974643
1.77458e+09    -0.0121221 -0.000644969   0.00936393  -0.205428 -0.0186548   0.977572
1.77458e+09  -0.00679579 -0.00171023   0.0125597  -0.202742 -0.0191431   0.976107
1.77458e+09  -0.00146946 -0.00171023    0.017886 -0.205184 -0.022561  0.975619
1.77458e+09  -0.00573052  -0.0027755    0.013625  -0.203719 -0.0223169   0.976352
1.77458e+09   0.00918318 -0.00490603    0.013625  -0.201277 -0.0210962   0.972201
1.77458e+09   0.00918318 -0.00597129  0.00616813   -0.20201 -0.0210962   0.970492
1.77458e+09  -0.00146946 -0.00597129  0.00616813  -0.200789 -0.0208521   0.972689
1.77458e+09  -0.0174484 0.00148556 0.00510287  -0.202254 -0.0220728    0.97391
1.77458e+09  -0.00573052  0.00148556   0.0114945  -0.202742 -0.0196314   0.975131
1.77458e+09   -0.0142526 -0.00171023  0.00297233  -0.206404 -0.0218286   0.977084
1.77458e+09  -0.0121221 -0.0027755  0.0157555  -0.204207 -0.0237817   0.979525
1.77458e+09   0.0198358 -0.0102323   0.013625  -0.201522 -0.0220728   0.975131
1.77458e+09    0.0187706 -0.00916708   0.0040376  -0.201277 -0.0281763   0.974154
1.77458e+09   -0.0110568 -0.00171023  0.00297233  -0.200545 -0.0210962   0.974154
1.77458e+09  -0.00892632 0.000420297  0.00936393  -0.202254 -0.0174341   0.975375
1.77458e+09    0.00172633 -0.000644969    0.0125597  -0.19908 -0.022561  0.972201
1.77458e+09  -0.00786105  0.00148556   0.0104292  -0.201033 -0.0193872   0.972445
1.77458e+09  -0.0249053 0.00255083 0.00510287  -0.204207 -0.0235376   0.980502
1.77458e+09   0.00598739 -0.00384076  0.00936393  -0.201766 -0.0240259   0.977084
1.77458e+09   0.00172633 -0.00384076   0.0125597  -0.203719 -0.0215845   0.974398
1.77458e+09  -0.00999158  -0.0027755   0.0114945  -0.201522 -0.0220728   0.975619
1.77458e+09  -0.0163832 -0.0027755 0.00616813  -0.201766 -0.0186548    0.97391
1.77458e+09   0.00172633 -0.00597129  0.00616813  -0.198836 -0.0218286   0.971957
1.77458e+09    0.0113137 -0.00597129  0.00510287  -0.201766 -0.0179224   0.972934
1.77458e+09  0.000661066 -0.00597129  0.00616813  -0.203231 -0.0218286   0.977084
1.77458e+09  -0.00786105 0.000420297  0.00297233  -0.198592 -0.0198755   0.970248
1.77458e+09   -0.019579 0.00148556  0.0072334  -0.203719 -0.0169458   0.973666
1.77458e+09  0.00811792 -0.0027755 0.00936393  -0.203231 -0.0196314   0.976596
1.77458e+09    0.0177053 -0.00597129  0.00936393  -0.203231 -0.0142603    0.97391
1.77458e+09   0.00172633 -0.00384076   0.0104292  -0.203719 -0.0220728   0.976352
1.77458e+09   0.00279159 -0.00597129  0.00297233  -0.202254 -0.0198755   0.977084
1.77458e+09   -0.0217095 0.000420297  0.00510287  -0.204207 -0.0208521   0.976107
1.77458e+09   -0.0206442 0.000420297   0.0114945  -0.202254 -0.0201196   0.973666
1.77458e+09   -0.00892632 -0.000644969    0.0146903   -0.20201 -0.0191431   0.975619
1.77458e+09  0.00279159 -0.0027755 0.00936393  -0.202254 -0.0167017   0.976352
1.77458e+09    0.0155748 -0.00597129  0.00936393  -0.202254 -0.0145044   0.972689
1.77458e+09      0.01664 -0.00703656   0.0072334  -0.200301 -0.0230493   0.970248
1.77458e+09   -0.00892632 -0.000644969    0.0114945  -0.201277 -0.0186548   0.976107
1.77458e+09  -0.00253473  -0.0027755  0.00190707  -0.201766 -0.0196314   0.974643
1.77458e+09  -0.00892632 -0.00171023  0.00510287  -0.200057 -0.0210962   0.973666
1.77458e+09  -0.0121221 -0.0027755 0.00190707  -0.201766 -0.0176782   0.972201
1.77458e+09  -0.00573052 -0.00171023  0.00829866 -0.207381 -0.013772  0.980502
1.77458e+09  -0.00359999 -0.00597129   0.0104292  -0.201766 -0.0245142   0.978549
1.77458e+09   -0.0185137 0.000420297    0.013625  -0.201033 -0.0162134   0.973422
1.77458e+09  -0.0142526 -0.0027755  0.0157555  -0.203231 -0.0215845   0.978061
1.77458e+09  0.000661066 -0.00171023   0.0157555  -0.196395 -0.0206079   0.970004
1.77458e+09   0.00918318 -0.00384076    0.013625  -0.200789 -0.0181665   0.971225
1.77458e+09  -0.00892632 -0.00171023   0.0104292  -0.199813 -0.0203638   0.973422
1.77458e+09  -0.0259705 0.00361609 0.00829866  -0.201522 -0.0193872   0.974643
1.77458e+09    0.0134442 -0.00597129   0.0146903  -0.201766 -0.0247583   0.977084
1.77458e+09   -0.0121221 -0.00171023   0.0146903  -0.202742 -0.0230493    0.97684
1.77458e+09  -0.00466526 -0.00171023   0.0210818  -0.206404 -0.0245142   0.979525
1.77458e+09    0.0177053 -0.00916708   0.0040376  -0.199568 -0.0232935   0.974154
1.77458e+09  -0.00786105 -0.00490603   0.0072334  -0.201277 -0.0181665   0.972689
1.77458e+09    -0.0142526 -0.000644969    0.0125597  -0.199813 -0.0210962   0.971225
1.77458e+09  0.00918318 0.00148556  0.0125597  -0.199324 -0.0215845   0.971713
1.77458e+09  0.00918318 -0.0027755  0.0072334  -0.203475 -0.0235376   0.975619
1.77458e+09   0.00918318 -0.00171023    0.013625  -0.202986 -0.0235376   0.976596
1.77458e+09  0.000661066 -0.00490603   0.0040376  -0.204695 -0.0210962    0.97684
1.77458e+09   0.00172633 -0.00703656  0.00190707  -0.201766 -0.0232935   0.975619
1.77458e+09   0.00918318 -0.00703656  0.00510287  -0.202498 -0.0201196   0.974887
1.77458e+09   0.00918318 -0.00597129  0.00510287  -0.203719 -0.0218286   0.977816
1.77458e+09  -0.00253473 -0.00384076   0.0072334  -0.202498 -0.0213403   0.975131
1.77458e+09    -0.019579 0.000420297   0.0104292  -0.201522 -0.0208521   0.973666
1.77458e+09   -0.0142526 0.000420297   0.0072334  -0.200057 -0.0220728   0.974154
1.77458e+09   -0.019579 0.00361609 0.00616813  -0.200789 -0.0210962   0.972934
1.77458e+09   0.00385686 0.000420297   0.0125597  -0.199324 -0.0188989   0.971469
1.77458e+09    0.0187706 -0.00384076   0.0146903  -0.203231 -0.0213403   0.975375
1.77458e+09  -0.00786105  -0.0027755  0.00510287  -0.202254 -0.0179224   0.974398
1.77458e+09   0.00598739 -0.00703656  0.00616813  -0.202742 -0.0213403   0.978061
1.77458e+09   0.00598739 -0.00703656  0.00616813  -0.202742 -0.0213403   0.978061
1.77458e+09     0.012379 -0.00597129   0.0104292  -0.201033 -0.0188989   0.972201
1.77458e+09     0.012379 -0.00597129   0.0104292  -0.201033 -0.0188989   0.972201
1.77458e+09   0.00811792 -0.00597129 0.000841811  -0.200545 -0.0196314   0.974154
1.77458e+09   0.00811792 -0.00597129 0.000841811  -0.200545 -0.0196314   0.974154
1.77458e+09  -0.0174484 0.00255083  0.0114945  -0.201522 -0.0179224   0.973666
1.77458e+09  -0.0174484 0.00255083  0.0114945  -0.201522 -0.0179224   0.973666
1.77458e+09    0.0272927 -0.00810182   0.0104292  -0.203475 -0.0191431   0.979525
1.77458e+09    0.0272927 -0.00810182   0.0104292  -0.203475 -0.0191431   0.979525
1.77458e+09   -0.0004042 -0.00384076   0.0104292  -0.202498 -0.0198755   0.974154
1.77458e+09   -0.0004042 -0.00384076   0.0104292  -0.202498 -0.0198755   0.974154
1.77458e+09  -0.00146946  -0.0027755   0.0072334  -0.201277 -0.0184107   0.972689
1.77458e+09  -0.00146946  -0.0027755   0.0072334  -0.201277 -0.0184107   0.972689
1.77458e+09    0.0155748 -0.00490603  0.00510287  -0.201766 -0.0203638   0.976107
1.77458e+09    0.0155748 -0.00490603  0.00510287  -0.201766 -0.0203638   0.976107
1.77458e+09   -0.0217095 0.000420297   0.0072334  -0.201522 -0.0206079   0.973666
1.77458e+09   -0.0217095 0.000420297   0.0072334  -0.201522 -0.0206079   0.973666
1.77458e+09  -0.00146946 -0.00171023    0.013625  -0.202986 -0.0162134   0.973178
1.77458e+09  -0.00146946 -0.00171023    0.013625  -0.202986 -0.0162134   0.973178
1.77458e+09   -0.0185137 -0.00171023  0.00616813  -0.203475 -0.0181665   0.972934
1.77458e+09   -0.0185137 -0.00171023  0.00616813  -0.203475 -0.0181665   0.972934
1.77458e+09  -0.00359999 -0.00384076  0.00190707  -0.204207 -0.0184107   0.976596
1.77458e+09  -0.00359999 -0.00384076  0.00190707  -0.204207 -0.0184107   0.976596
1.77458e+09  -0.0163832 0.00255083  0.0114945  -0.202254 -0.0228052   0.974887
1.77458e+09  -0.00892632 0.000420297   0.0114945   -0.20616 -0.0176782   0.977084
1.77458e+09    0.0155748 -0.00597129  0.00510287  -0.202986 -0.0257349   0.977572
1.77458e+09    0.0155748 -0.00597129  0.00510287  -0.202986 -0.0257349   0.977572
1.77458e+09  -0.0249053 -0.0027755 0.00829866  -0.203963 -0.0235376   0.979037
1.77458e+09  -0.0249053 -0.0027755 0.00829866  -0.203963 -0.0235376   0.979037
1.77458e+09   0.00598739 -0.00703656  0.00616813  -0.200301 -0.0176782   0.967318
1.77458e+09   0.00598739 -0.00703656  0.00616813  -0.200301 -0.0176782   0.967318
1.77458e+09   0.00279159 -0.00490603  0.00510287  -0.202498 -0.0159692   0.972445
1.77458e+09   0.00279159 -0.00490603  0.00510287  -0.202498 -0.0159692   0.972445
1.77458e+09  -0.0110568 0.00255083  0.0104292   -0.20201 -0.0215845   0.978061
1.77458e+09  0.00492212 -0.0027755 0.00936393  -0.204695 -0.0157251   0.977816
1.77458e+09   0.00385686 -0.00384076   0.0125597  -0.202498 -0.0232935   0.976596
1.77458e+09   0.00385686 -0.00384076   0.0125597  -0.202498 -0.0232935   0.976596
1.77458e+09   -0.0121221 -0.00384076  0.00297233  -0.201766 -0.0223169   0.978061
1.77458e+09  -0.0121221 0.00148556  0.0125597 -0.201522 -0.022561   0.97391
1.77458e+09   0.00172633 -0.00384076  0.00829866  -0.202742 -0.0191431   0.974154
1.77458e+09   0.00598739 -0.00703656   0.0104292  -0.202742 -0.0198755   0.975619
1.77458e+09    0.0102484 -0.00703656  0.00510287  -0.202254 -0.0203638   0.974154
1.77458e+09    -0.0206442 -0.000644969   0.00297233  -0.202254 -0.0203638   0.974154
1.77458e+09  -0.0153179 0.00148556 0.00510287  -0.199813 -0.0281763   0.972934
1.77458e+09  -0.0142526 0.00255083  0.0114945  -0.202254 -0.0206079   0.976352
1.77458e+09   0.00279159 0.000420297   0.0146903 -0.202742 -0.025979  0.975131
1.77458e+09   0.00918318 -0.00384076  0.00936393  -0.201766 -0.0157251   0.971957
1.77458e+09   -0.0121221 -0.00171023  0.00936393  -0.204207 -0.0232935   0.980258
1.77458e+09   -0.00999158  -0.00597129 -0.000223458  -0.200789 -0.0210962   0.975863
1.77458e+09  0.000661066 -0.00916708  0.00616813 -0.201033 -0.013772  0.969271
1.77458e+09   0.00385686 -0.00597129  0.00190707  -0.199568 -0.0230493   0.972689
1.77458e+09   0.00492212 -0.00384076  0.00510287  -0.202742 -0.0171899   0.974643
1.77458e+09   -0.00466526 -0.000644969   0.00510287  -0.197371 -0.0188989   0.972445
1.77458e+09  -0.0153179 0.00148556 0.00510287  -0.201277 -0.0186548   0.975375
1.77458e+09  -0.00146946 -0.00171023   0.0072334  -0.203963 -0.0157251   0.979281
1.77458e+09    -0.0131874 -0.000644969   0.00190707  -0.203719 -0.0201196   0.978305
1.77458e+09  -0.0249053 0.00255083   0.013625  -0.203475 -0.0162134    0.97391
1.77458e+09  -0.00146946  -0.0027755   0.0146903  -0.203475 -0.0215845   0.976596
1.77458e+09    0.0187706 -0.00703656    0.013625  -0.200301 -0.0208521    0.97391
1.77458e+09    0.0113137 -0.00490603   0.0200166  -0.201277 -0.0179224   0.971469
1.77458e+09  -0.00573052 -0.00171023   0.0157555  -0.200057 -0.0191431   0.971713
1.77458e+09    0.0177053 -0.00490603   0.0072334  -0.200789 -0.0208521   0.973422
1.77458e+09  -0.00573052  -0.0027755  0.00616813  -0.202498 -0.0181665   0.972201
1.77458e+09    -0.02384 0.00255083  0.0072334  -0.201277 -0.0213403   0.971957
1.77458e+09  -0.00892632  0.00148556   0.0104292  -0.202742 -0.0213403   0.977572
1.77458e+09    0.0145095 -0.00490603   0.0114945  -0.203475 -0.0196314   0.978549
1.77458e+09   0.00918318 -0.00384076  0.00936393  -0.201277 -0.0223169   0.975131
1.77458e+09    0.0251621 -0.00703656    0.013625  -0.203475 -0.0218286   0.976596
1.77458e+09  -0.00786105 -0.00171023  0.00297233  -0.202498 -0.0208521    0.97684
1.77458e+09   -0.0131874 0.000420297   0.0104292  -0.202254 -0.0218286   0.975131
1.77458e+09    0.0102484 -0.00384076  0.00829866  -0.201277 -0.0210962   0.972445
1.77458e+09    -0.0227748 -0.000644969   0.00190707  -0.203231 -0.0208521   0.974643
1.77458e+09  -0.0142526 0.00255083   0.013625  -0.201766 -0.0218286   0.975863
1.77458e+09   0.00598739 -0.00597129  0.00297233  -0.202254 -0.0201196   0.972689
1.77458e+09   0.00492212 -0.00490603   0.0104292  -0.202742 -0.0198755   0.975375
1.77458e+09  -0.00466526 -0.00384076   0.0114945  -0.203719 -0.0196314   0.976596
1.77458e+09   -0.0153179 0.000420297   0.0114945 -0.198836 -0.022561  0.970248
1.77458e+09   -0.00679579 -0.000644969   0.00829866  -0.203231 -0.0179224   0.972689
1.77458e+09   -0.0110568 -0.00384076  0.00297233  -0.202254 -0.0232935   0.974643
1.77458e+09    -0.019579 0.000420297 0.000841811  -0.199813 -0.0203638   0.971957
1.77458e+09  0.000661066 -0.00171023   0.0157555  -0.204695 -0.0181665   0.974398
1.77458e+09      0.01664 -0.00597129   0.0146903  -0.201277 -0.0213403   0.976107
1.77458e+09    0.0134442 -0.00490603   0.0189513  -0.204451 -0.0176782   0.976596
1.77458e+09   -0.0153179 0.000420297    0.013625  -0.203475 -0.0198755   0.973178
1.77458e+09  -0.0185137 0.00255083  0.0157555 -0.202254 -0.022561  0.974887
1.77458e+09    -0.0163832 -0.000644969    0.0157555  -0.204939 -0.0215845   0.979281
1.77458e+09  -0.00253473 -0.00384076   0.0104292  -0.201033 -0.0235376   0.976596
1.77458e+09  -0.0163832 0.00148556  0.0125597  -0.202498 -0.0220728   0.972934
1.77458e+09      0.01664 -0.00597129    0.013625  -0.203719 -0.0184107   0.976596
1.77458e+09  -0.00466526 -0.00597129  0.00616813  -0.202742 -0.0245142   0.976107
1.77458e+09   -0.0185137 0.000420297  0.00829866  -0.200301 -0.0191431   0.971713
1.77458e+09     0.012379 -0.00703656  0.00616813 -0.201277  -0.02427  0.975375
1.77458e+09    -0.0217095 -0.000644969   0.00510287  -0.202254 -0.0237817   0.975619
1.77458e+09   0.00918318 -0.00384076   0.0157555  -0.200545 -0.0186548   0.971957
1.77458e+09   0.00172633 -0.00597129   0.0040376 -0.202986 -0.022561  0.976352
1.77458e+09   -0.0004042 -0.00597129   0.0040376 -0.200789 -0.022561  0.976596
1.77458e+09    0.0187706 -0.00703656  0.00616813  -0.197615 -0.0206079   0.970736
1.77458e+09   0.00385686 -0.00171023  0.00297233  -0.201522 -0.0213403   0.976596
1.77458e+09   -0.0110568 0.000420297  0.00829866  -0.204939 -0.0210962   0.978305
1.77458e+09   -0.0004042 -0.00384076  0.00190707  -0.203231 -0.0132837   0.972445
1.77458e+09  -0.00679579  -0.0027755   0.0114945  -0.202254 -0.0193872   0.977816
1.77458e+09   0.00918318 -0.00810182   0.0040376  -0.201766 -0.0196314   0.977572
1.77458e+09   0.0230316 -0.0112976 0.00829866  -0.201766 -0.0171899   0.971957
1.77458e+09    0.0219664 -0.00810182   0.0104292  -0.202742 -0.0174341   0.971957
1.77458e+09   0.00279159 -0.00171023   0.0114945  -0.201522 -0.0184107   0.972201
1.77458e+09    0.00492212 -0.000644969    0.0189513  -0.199568 -0.0167017   0.973666
1.77458e+09  -0.00786105 -0.00171023   0.0104292   -0.19908 -0.0171899   0.972445
1.77458e+09  -0.0227748 0.00255083   0.013625  -0.202498 -0.0232935   0.977328
1.77458e+09     0.012379 -0.00384076    0.013625  -0.204451 -0.0142603    0.97684
1.77458e+09  -0.00253473 -0.00490603   0.0104292  -0.204695 -0.0201196   0.977328
1.77458e+09  -0.00573052 -0.00490603   0.0114945  -0.198836 -0.0228052   0.976107
1.77458e+09   0.00918318 -0.00916708  0.00510287  -0.200545 -0.0184107   0.974643
1.77458e+09   -0.019579 0.00148556   0.013625  -0.199324 -0.0223169   0.974154
1.77458e+09    0.0315537 -0.00916708   0.0104292  -0.200789 -0.0196314   0.971713
1.77458e+09    -0.0174484 -0.000644969    0.0072334  -0.203231 -0.0201196   0.976107
1.77458e+09   0.00705265 -0.00490603   0.0104292 -0.201522  -0.02427  0.976596
1.77458e+09   0.00811792 -0.00490603  0.00616813 -0.200057 -0.022561  0.976107
1.77458e+09  -0.00253473 0.000420297  0.00616813  -0.202254 -0.0215845   0.974154
1.77458e+09    0.00172633 -0.000644969   0.00829866  -0.202742 -0.0206079   0.974154
1.77458e+09  0.00172633 -0.0027755  0.0072334  -0.200301 -0.0176782   0.973666
1.77458e+09   -0.0153179 0.000420297   0.0114945  -0.201277 -0.0223169   0.975375
1.77458e+09      0.01664 -0.00810182  0.00936393  -0.201277 -0.0181665   0.974154
1.77458e+09    0.0240969 -0.00810182   0.0104292  -0.200057 -0.0208521   0.973178
1.77458e+09   0.00492212 -0.00171023  0.00829866  -0.202254 -0.0186548   0.974643
1.77458e+09   -0.0185137 0.000420297  0.00190707  -0.201766 -0.0220728   0.973666
1.77458e+09  -0.00999158  0.00148556  0.00510287  -0.200545 -0.0193872   0.976596
1.77458e+09    -0.0110568 -0.000644969   0.00936393  -0.203231 -0.0174341   0.975863
1.77458e+09  0.00705265 -0.0027755  0.0146903  -0.200301 -0.0176782   0.972934
1.77458e+09    0.0145095 -0.00703656  0.00510287  -0.204939 -0.0210962    0.97684
1.77458e+09   -0.0121221 -0.00171023   0.0072334   -0.20201 -0.0198755   0.976107
1.77458e+09   -0.00679579 -0.000644969    0.0104292  -0.201277 -0.0201196   0.974154
1.77458e+09  -0.00679579 -0.00384076  0.00297233  -0.203231 -0.0210962   0.975863
1.77458e+09    -0.0153179 -0.000644969    0.0146903  -0.201766 -0.0184107   0.974887
1.77458e+09    0.0155748 -0.00810182   0.0125597  -0.201277 -0.0208521    0.97391
1.77458e+09    -0.0121221 -0.000644969    0.0157555  -0.200789 -0.0198755   0.972445
1.77458e+09  -0.00466526 -0.00384076  0.00616813  -0.201277 -0.0257349   0.974643
1.77458e+09  -0.00146946 -0.00384076  0.00510287  -0.201277 -0.0215845   0.972689
1.77458e+09   0.00705265 -0.00384076   0.0040376  -0.203719 -0.0198755   0.973666
1.77458e+09    0.0113137 -0.00490603   0.0114945 -0.201033 -0.022561  0.976107
1.77458e+09  -0.00359999 -0.00171023   0.0072334  -0.203719 -0.0171899   0.976107
1.77458e+09   0.00918318 -0.00597129  0.00829866  -0.203231 -0.0218286   0.975863
1.77458e+09  -0.00892632 -0.00490603  0.00829866 -0.203231 -0.022561  0.976107
1.77458e+09   -0.0174484 -0.00171023  0.00297233  -0.204695 -0.0232935   0.977572
1.77458e+09    -0.0153179 -0.000644969   0.00616813  -0.20201 -0.022561  0.973178
1.77458e+09   -0.00679579  -0.00384076 -0.000223458  -0.200789 -0.0186548   0.969027
1.77458e+09    -0.0121221 -0.000644969   0.00297233  -0.202742 -0.0210962   0.974643
1.77458e+09   -0.0004042 -0.00490603  0.00190707  -0.202742 -0.0201196   0.975619
1.77458e+09  -0.00146946 0.000420297   0.0114945  -0.200789 -0.0201196   0.973178
1.77458e+09    0.0155748 -0.00490603   0.0125597  -0.205428 -0.0191431   0.973666
1.77458e+09   0.0240969 -0.0102323 0.00936393  -0.203963 -0.0228052    0.98099
1.77458e+09  -0.00679579 -0.00490603  0.00190707  -0.203231 -0.0171899   0.974643
1.77458e+09  -0.00146946  -0.0027755   0.0114945  -0.201277 -0.0232935   0.972445
1.77458e+09    0.0187706 -0.00916708   0.0040376  -0.200789 -0.0179224   0.972201
1.77458e+09   -0.0163832 0.000420297  0.00829866  -0.202498 -0.0181665    0.97391
1.77458e+09    0.0262274 -0.00597129  0.00936393 -0.201522 -0.022561  0.975131
1.77458e+09    -0.0163832 -0.000644969   0.00616813  -0.204695 -0.0159692   0.975375
1.77458e+09  -0.00892632 -0.00384076   0.0072334  -0.203963 -0.0210962   0.980014
1.77458e+09  -0.00146946 -0.00597129  0.00510287  -0.203231 -0.0220728   0.977816
1.77458e+09    0.0113137 -0.00597129  0.00829866  -0.200789 -0.0162134   0.971957
1.77458e+09    0.0134442 -0.00597129   0.0200166  -0.203719 -0.0201196   0.974154
1.77458e+09   0.00918318 -0.00384076    0.013625  -0.201033 -0.0196314   0.971713
1.77458e+09   0.00705265 -0.00703656   0.0072334  -0.200301 -0.0186548   0.972689
1.77458e+09   -0.0131874 -0.00171023  0.00829866  -0.201766 -0.0210962   0.975619
1.77458e+09  -0.00573052 -0.00171023    0.013625  -0.202742 -0.0198755   0.973178
1.77458e+09    0.0198358 -0.00490603  0.00936393  -0.201277 -0.0215845   0.975131
1.77458e+09    0.0155748 -0.00597129   0.0072334  -0.203719 -0.0220728   0.975131
1.77458e+09    0.0145095 -0.00597129  0.00829866  -0.204695 -0.0210962   0.978549
1.77458e+09  -0.00679579 -0.00171023    0.013625  -0.203719 -0.0188989   0.977084
1.77458e+09    0.0198358 -0.00810182   0.0114945  -0.201033 -0.0191431   0.973178
1.77458e+09  -0.00466526 -0.00490603   0.0040376  -0.202742 -0.0206079   0.976352
1.77458e+09  -0.0121221 -0.0027755  0.0072334   -0.20201 -0.0240259   0.976596
1.77458e+09    0.0209011 -0.00916708   0.0040376  -0.199813 -0.0196314   0.973178
1.77458e+09  -0.00146946 -0.00490603   0.0040376 -0.200057  -0.02427  0.972689
1.77458e+09  -0.0163832 0.00255083  0.0114945  -0.201033 -0.0220728   0.975131
1.77458e+09    0.0304885 -0.00703656   0.0125597  -0.202742 -0.0186548   0.974154
1.77458e+09   -0.0121221 0.000420297  0.00616813 -0.201766 -0.022561  0.975131
1.77458e+09  -0.00359999 -0.00384076 0.000841811  -0.204939 -0.0127954   0.976352
1.77458e+09  -0.00466526 -0.00490603   0.0040376 -0.202986 -0.022561  0.976352
1.77458e+09   0.00811792 -0.00703656  0.00616813  -0.198836 -0.0152368   0.971469
1.77458e+09    0.0155748 -0.00703656 0.000841811  -0.203475 -0.0210962    0.97391
1.77458e+09   0.00918318 -0.00384076  0.00829866 -0.199813  -0.02427   0.97391
1.77458e+09    0.0198358 -0.00597129   0.0114945  -0.201522 -0.0132837   0.971957
1.77458e+09    -0.0185137 -0.000644969   0.00297233  -0.201277 -0.0257349   0.976107
1.77458e+09   -0.00679579 -0.000644969   0.00936393 -0.204207 -0.015481  0.979525
1.77458e+09  -0.00679579 -0.00490603  0.00829866  -0.204695 -0.0181665   0.977328
1.77458e+09   -0.0004042 -0.00703656  0.00297233  -0.202742 -0.0232935   0.976596
1.77458e+09  -0.00679579 -0.00703656  0.00936393  -0.205672 -0.0164575   0.978549
1.77458e+09   0.00492212 -0.00597129   0.0104292  -0.198836 -0.0201196   0.973666
1.77458e+09  -0.00466526 -0.00490603   0.0104292  -0.198592 -0.0262232   0.972934
1.77458e+09  -0.0110568 0.00148556  0.0114945  -0.198104 -0.0164575    0.96976
1.77458e+09   0.0102484 -0.0027755  0.0146903  -0.200789 -0.0230493    0.97391
1.77458e+09   -0.0004042 -0.00384076  0.00829866  -0.200301 -0.0188989   0.972445
1.77458e+09   0.000661066 -0.000644969    0.0146903  -0.198836 -0.0176782   0.972201
1.77458e+09   -0.0142526 -0.00384076   0.0040376  -0.204695 -0.0264673   0.980014
1.77458e+09    -0.02384 0.00148556  0.0072334   -0.20201 -0.0167017   0.975375
1.77458e+09    0.0145095 -0.00490603   0.0125597  -0.200057 -0.0215845   0.973422
1.77458e+09    -0.0163832 -0.000644969   0.00190707  -0.205184 -0.0201196   0.978061
1.77458e+09   -0.00573052 -0.000644969    0.0072334  -0.200789 -0.0142603   0.971957
1.77458e+09  -0.0249053 0.00255083 0.00616813  -0.198592 -0.0193872   0.972445
1.77458e+09  -0.0270358 0.00255083 0.00936393  -0.201766 -0.0196314   0.977084
1.77458e+09    -0.0121221 -0.000644969 -0.000223458  -0.201277 -0.0181665   0.975131
1.77458e+09   -0.0153179 0.000420297  0.00616813  -0.203719 -0.0206079   0.975863
1.77458e+09  -0.0206442 0.00255083  0.0114945  -0.204207 -0.0201196   0.977572
1.77458e+09  0.00172633 -0.0027755   0.013625 -0.204695 -0.022561  0.979037
1.77458e+09  -0.00466526 -0.00384076   0.0125597  -0.202986 -0.0186548   0.975375
1.77458e+09  -0.00146946 -0.00490603  0.00616813  -0.202742 -0.0188989   0.970736
1.77458e+09  -0.00786105 -0.00490603  0.00297233   -0.20201 -0.0215845   0.973666
1.77458e+09   -0.0004042 -0.00490603  0.00510287  -0.203231 -0.0186548   0.974398
1.77458e+09  -0.0174484 0.00148556  0.0114945  -0.200057 -0.0220728   0.973422
1.77458e+09    0.0209011 -0.00703656   0.0114945  -0.201277 -0.0206079   0.970736
1.77458e+09   -0.0004042 -0.00490603   0.0072334 -0.203719 -0.022561   0.97684
1.77458e+09   -0.0174484 -0.00171023   0.0040376  -0.203475 -0.0198755   0.975619
1.77458e+09  -0.00573052 -0.00171023   0.0072334  -0.201522 -0.0237817   0.977084
1.77458e+09    -0.019579 -0.00171023  0.00936393 -0.201033 -0.022561  0.976107
1.77458e+09    0.0155748 -0.00597129  0.00936393 -0.204695 -0.022561  0.979037
1.77458e+09   0.00385686 -0.00597129  0.00190707  -0.203963 -0.0220728   0.975619
1.77458e+09  -0.00253473  -0.0027755  0.00936393  -0.202254 -0.0169458   0.974887
1.77458e+09  -0.00466526 -0.00171023   0.0125597  -0.203719 -0.0203638   0.977572
1.77458e+09    -0.0185137 -0.000644969 -0.000223458  -0.200301 -0.0179224   0.972201
1.77458e+09   0.00385686 -0.00597129 -0.00235398  -0.198836 -0.0191431   0.971225
1.77458e+09    0.0209011 -0.00703656  0.00510287  -0.203719 -0.0208521   0.975619
1.77458e+09    0.0283579 -0.00916708  0.00190707  -0.200301 -0.0196314   0.972201
1.77458e+09  -0.0121221 -0.0027755 0.00510287  -0.200789 -0.0206079   0.975131
1.77458e+09   -0.0174484 0.000420297   0.0104292  -0.203475 -0.0184107   0.976596
1.77458e+09   -0.0163832 0.000420297    0.017886  -0.200789 -0.0198755   0.974154
1.77458e+09    -0.02384 0.00148556  0.0072334  -0.202254 -0.0181665   0.973422
1.77458e+09  -0.0131874 -0.0027755  0.0040376  -0.200057 -0.0210962   0.975619
1.77458e+09  -0.00146946  -0.0027755  0.00936393  -0.201277 -0.0196314   0.977084
1.77458e+09  -0.00892632 0.000420297    0.013625  -0.201277 -0.0206079   0.974154
1.77458e+09   0.00811792 -0.00703656  0.00297233  -0.201277 -0.0184107   0.974887
1.77458e+09  -0.0110568 -0.0027755 0.00616813  -0.202498 -0.0193872   0.976596
1.77458e+09   0.00385686 -0.00384076   0.0114945  -0.199324 -0.0184107   0.975131
1.77458e+09   0.00918318 -0.00490603   0.0040376  -0.201277 -0.0210962   0.974398
1.77458e+09    -0.019579 0.000420297   0.0114945  -0.200301 -0.0230493   0.972445
1.77458e+09    0.0262274 -0.00810182  0.00297233  -0.202742 -0.0215845   0.975375
1.77458e+09    -0.0217095 -0.000644969   0.00190707  -0.201766 -0.0220728   0.976107
1.77458e+09  -0.0206442 0.00255083 0.00829866 -0.199813 -0.022561  0.974643
1.77458e+09  -0.00466526 -0.00171023  0.00510287  -0.203475 -0.0171899   0.975619
1.77458e+09  -0.00999158 -0.00171023  0.00190707  -0.201277 -0.0181665   0.975619
1.77458e+09   0.00279159 -0.00490603   0.0040376  -0.198592 -0.0210962   0.971225
1.77458e+09      0.01664 -0.00597129  0.00829866  -0.201033 -0.0193872   0.975375
1.77458e+09    0.0155748 -0.00597129   0.0072334  -0.202986 -0.0206079   0.976107
1.77458e+09   0.00811792 -0.00490603 0.000841811  -0.199568 -0.0220728   0.974154
1.77458e+09   -0.0174484 0.000420297  0.00297233  -0.204207 -0.0220728   0.978549
1.77458e+09     0.012379 -0.00703656  0.00510287  -0.204451 -0.0162134   0.977328
1.77458e+09  -0.0121221 0.00148556   0.013625  -0.200789 -0.0181665   0.974154
1.77458e+09  -0.0121221 0.00148556   0.013625   -0.20201 -0.0203638   0.973666
1.77458e+09  0.00705265 -0.0027755  0.0104292  -0.204207 -0.0196314   0.977572
1.77458e+09   0.00172633 -0.00384076 0.000841811  -0.202742 -0.0201196   0.973178
1.77458e+09    0.0155748 -0.00916708   0.0040376  -0.203963 -0.0193872   0.975131
1.77458e+09    0.0155748 -0.00916708   0.0040376  -0.203963 -0.0193872   0.975131
1.77458e+09  -0.00786105 -0.00171023  0.00829866 -0.203475 -0.022561  0.975131
1.77458e+09  -0.00786105 -0.00171023  0.00829866 -0.203475 -0.022561  0.975131
1.77458e+09  -0.0249053 0.00148556  0.0146903  -0.204451 -0.0201196   0.975863
1.77458e+09  -0.0249053 0.00148556  0.0146903  -0.204451 -0.0201196   0.975863
1.77458e+09   -0.0174484 -0.00171023   0.0072334  -0.202254 -0.0198755    0.97391
1.77458e+09   -0.0174484 -0.00171023   0.0072334  -0.202254 -0.0198755    0.97391
1.77458e+09    0.0102484 -0.00703656   0.0072334  -0.202498 -0.0206079   0.978549
1.77458e+09    0.0102484 -0.00703656   0.0072334  -0.202498 -0.0206079   0.978549
1.77458e+09    -0.0121221 -0.000644969    0.0146903  -0.199813 -0.0252466   0.974398
1.77458e+09    -0.0121221 -0.000644969    0.0146903  -0.199813 -0.0252466   0.974398
1.77458e+09  -0.0174484 0.00255083  0.0125597  -0.200789 -0.0237817   0.974154
1.77458e+09  -0.0174484 0.00255083  0.0125597  -0.200789 -0.0237817   0.974154
1.77458e+09     0.012379 -0.00384076   0.0104292  -0.202254 -0.0196314   0.975131
1.77458e+09     0.012379 -0.00384076   0.0104292  -0.202254 -0.0196314   0.975131
1.77458e+09  -0.0142526 0.00148556  0.0157555  -0.200789 -0.0193872   0.972689
1.77458e+09  -0.0142526 0.00148556  0.0157555  -0.200789 -0.0193872   0.972689
1.77458e+09   -0.00573052 -0.000644969   0.00616813  -0.201766 -0.0193872   0.975131
1.77458e+09   -0.00573052 -0.000644969   0.00616813  -0.201766 -0.0193872   0.975131
1.77458e+09   -0.00786105 -0.000644969   0.00510287  -0.200301 -0.0215845   0.973422
1.77458e+09   -0.00786105 -0.000644969   0.00510287  -0.200301 -0.0215845   0.973422
1.77458e+09    0.0113137 -0.00597129   0.0072334  -0.201766 -0.0188989   0.974887
1.77458e+09    0.0113137 -0.00597129   0.0072334  -0.201766 -0.0188989   0.974887
1.77458e+09    0.0102484 -0.00703656  0.00829866  -0.204207 -0.0193872   0.976596
1.77458e+09    0.0102484 -0.00703656  0.00829866  -0.204207 -0.0193872   0.976596
1.77458e+09  -0.0110568 -0.0027755 0.00297233  -0.203963 -0.0181665   0.974154
1.77458e+09   -0.0004042 -0.00490603  0.00829866  -0.205428 -0.0186548   0.976107
1.77458e+09  -0.00999158  -0.0027755  0.00297233  -0.203719 -0.0157251   0.975863
1.77458e+09  -0.00999158  -0.0027755  0.00297233  -0.203719 -0.0157251   0.975863
1.77458e+09   -0.00679579 -0.000644969    0.0168208  -0.200301 -0.0201196    0.97391
1.77458e+09   -0.00679579 -0.000644969    0.0168208  -0.200301 -0.0201196    0.97391
1.77458e+09    0.0209011 -0.00810182   0.0168208   -0.20201 -0.0184107   0.971713
1.77458e+09    0.0209011 -0.00810182   0.0168208   -0.20201 -0.0184107   0.971713
1.77458e+09  0.00385686 -0.0027755  0.0189513  -0.202498 -0.0213403   0.977328
1.77458e+09    0.0113137 -0.00597129  0.00936393 -0.199324 -0.022561  0.976596
1.77458e+09   0.00811792 -0.00703656  0.00510287  -0.202986 -0.0186548   0.974154
1.77458e+09   0.00811792 -0.00703656  0.00510287  -0.202986 -0.0186548   0.974154
1.77458e+09  0.000661066  -0.0027755   0.0104292  -0.200789 -0.0198755   0.975863
1.77458e+09  -0.00573052  -0.0027755   0.0104292  -0.200789 -0.0228052   0.975375
1.77458e+09   -0.0110568 -0.00171023   0.0040376 -0.198836  -0.02427   0.97391
1.77458e+09   0.00385686 -0.00490603  0.00190707   -0.20201 -0.0215845   0.975619
1.77458e+09  0.00705265 -0.0027755 0.00829866  -0.200789 -0.0208521   0.974887
1.77458e+09   -0.00146946 -0.000644969    0.0114945  -0.199324 -0.0181665   0.969516
1.77458e+09  -0.00573052 0.000420297   0.0104292  -0.201033 -0.0188989   0.971225
1.77458e+09  -0.00466526 -0.00171023  0.00616813  -0.201766 -0.0176782   0.976107
1.77458e+09   0.00385686 -0.00384076   0.0040376  -0.201522 -0.0210962   0.975131
1.77458e+09    0.0177053 -0.00597129   0.0114945  -0.204207 -0.0215845   0.975131
1.77458e+09    0.0145095 -0.00703656   0.0040376  -0.205428 -0.0179224   0.978061
1.77458e+09   0.00918318 -0.00703656   0.0072334  -0.201766 -0.0203638   0.978305
1.77458e+09    0.0113137 -0.00810182   0.0040376  -0.200301 -0.0220728   0.972934
1.77458e+09   0.00918318 -0.00810182   0.0040376  -0.200789 -0.0181665   0.973178
1.77458e+09  -0.0217095 0.00148556 0.00297233  -0.202254 -0.0210962   0.971957
1.77458e+09    0.0134442 -0.00703656  0.00616813  -0.201522 -0.0208521   0.974398
1.77458e+09   0.00918318 -0.00384076   0.0125597  -0.202254 -0.0220728   0.974643
1.77458e+09    0.0113137 -0.00384076   0.0146903  -0.202742 -0.0213403   0.978549
1.77458e+09    0.0230316 -0.00916708  0.00616813  -0.201277 -0.0220728   0.976596
1.77458e+09   0.00279159 -0.00703656   0.0040376  -0.202986 -0.0210962   0.972689
1.77458e+09   -0.0142526 -0.00384076  0.00616813  -0.203475 -0.0247583   0.976596
1.77458e+09   0.00918318 -0.00597129  0.00616813  -0.200301 -0.0184107   0.975375
1.77458e+09   0.00811792 -0.00703656  0.00829866  -0.200789 -0.0237817   0.973666
1.77458e+09   0.00385686 -0.00384076   0.0072334  -0.200057 -0.0213403   0.971225
1.77458e+09  -0.0227748 0.00148556 0.00616813  -0.203231 -0.0186548   0.976352
1.77458e+09    -0.0163832 -0.000644969    0.0072334  -0.202498 -0.0237817   0.977084
1.77458e+09   -0.0110568 -0.00171023  0.00297233  -0.201277 -0.0186548   0.974643
1.77458e+09  0.000661066 -0.00384076  0.00510287  -0.203719 -0.0210962   0.978061
1.77458e+09  -0.00679579 -0.00384076  0.00297233  -0.200545 -0.0196314   0.977084
1.77458e+09  -0.0227748 0.00255083  0.0072334  -0.204939 -0.0149927   0.975131
1.77458e+09  -0.00786105 -0.00384076   0.0104292  -0.203719 -0.0210962   0.978549
1.77458e+09   0.00705265 -0.00490603   0.0168208  -0.201522 -0.0186548   0.975131
1.77458e+09    0.0134442 -0.00916708  0.00190707  -0.201766 -0.0203638   0.971957
1.77458e+09   0.00279159 -0.00597129  0.00297233  -0.199324 -0.0228052   0.973422
1.77458e+09    -0.019579 -0.00171023  0.00190707  -0.201766 -0.0142603   0.972689
1.77458e+09   0.00705265 -0.00171023   0.0157555  -0.199568 -0.0176782   0.972445
1.77458e+09   0.00492212 -0.00490603  0.00297233  -0.201766 -0.0191431   0.974887
1.77458e+09  -0.0163832 -0.0027755 0.00297233  -0.203963 -0.0171899   0.975375
1.77458e+09   -0.00573052 -0.000644969    0.0114945 -0.202254 -0.022561  0.976596
1.77458e+09  -0.00573052 -0.00171023   0.0146903  -0.204451 -0.0215845   0.975619
1.77458e+09   0.00705265 -0.00597129    0.013625  -0.202742 -0.0218286   0.976107
1.77458e+09     0.012379 -0.00916708  0.00829866  -0.202742 -0.0191431   0.976596
1.77458e+09   0.00385686 -0.00597129   0.0114945  -0.201766 -0.0181665    0.97391
1.77458e+09    0.0187706 -0.00916708  0.00936393  -0.201033 -0.0201196   0.972201
1.77458e+09  -0.0121221 -0.0027755 0.00936393   -0.20201 -0.0184107   0.974643
1.77458e+09    -0.0153179 -0.000644969   0.00190707  -0.200057 -0.0240259   0.976107
1.77458e+09   -0.0121221 -0.00171023  0.00190707  -0.201277 -0.0191431    0.97391
1.77458e+09  0.000661066 -0.00490603 0.000841811  -0.201277 -0.0206079   0.975131
1.77458e+09   -0.0110568 0.000420297  0.00510287  -0.202986 -0.0196314   0.975131
1.77458e+09  -0.00146946  -0.0027755  0.00936393  -0.201522 -0.0184107   0.974643
1.77458e+09  -0.00359999  -0.0027755  0.00936393  -0.201277 -0.0210962   0.973666
1.77458e+09   0.00918318 -0.00490603  0.00829866  -0.202742 -0.0230493   0.977816
1.77458e+09    0.0219664 -0.00703656  0.00936393  -0.200789 -0.0215845   0.973666
1.77458e+09    0.0145095 -0.00810182   0.0040376  -0.200789 -0.0196314   0.974154
1.77458e+09  -0.00892632 -0.00703656  0.00190707  -0.201766 -0.0191431   0.975619
1.77458e+09    -0.0227748 -0.000644969 -0.000223458  -0.201033 -0.0147485   0.972201
1.77458e+09     0.012379 -0.00597129  0.00616813  -0.199813 -0.0181665   0.971713
1.77458e+09   -0.0206442 0.000420297  0.00510287  -0.200545 -0.0215845   0.975131
1.77458e+09   -0.00679579 -0.000644969     0.013625  -0.203719 -0.0201196   0.975619
1.77458e+09    0.00918318 -0.000644969    0.0125597  -0.200301 -0.0220728   0.975375
1.77458e+09    0.0134442 -0.00384076   0.0125597  -0.200545 -0.0213403   0.975131
1.77458e+09  -0.00253473 -0.00171023   0.0125597  -0.203719 -0.0237817   0.978793
1.77458e+09  -0.00253473 -0.00384076   0.0072334  -0.198592 -0.0186548   0.975131
1.77458e+09    0.0198358 -0.00597129   0.0114945  -0.204939 -0.0188989   0.972689
1.77458e+09  -0.00359999 -0.00171023  0.00936393  -0.201277 -0.0206079   0.975619
1.77458e+09   -0.019579 0.00148556   0.013625  -0.200789 -0.0206079   0.975863
1.77458e+09      -0.02384 -0.000644969   0.00616813  -0.200789 -0.0215845   0.975375
1.77458e+09  -0.00466526 -0.00384076   0.0072334  -0.199813 -0.0237817   0.972689
1.77458e+09   -0.0121221 0.000420297   0.0157555  -0.203231 -0.0223169   0.976596
1.77458e+09   -0.0110568 0.000420297  0.00829866  -0.199568 -0.0201196   0.970736
1.77458e+09  -0.0185137 0.00255083  0.0125597  -0.203231 -0.0210962   0.974154
1.77458e+09  0.00279159 -0.0027755  0.0104292  -0.201766 -0.0206079   0.977816
1.77458e+09    0.0209011 -0.00703656  0.00616813  -0.200789 -0.0181665   0.971469
1.77458e+09    0.0187706 -0.00810182  0.00510287  -0.204695 -0.0198755   0.976596
1.77458e+09  -0.00573052  -0.0027755  0.00190707 -0.202498 -0.022561  0.972445
1.77458e+09  -0.00892632  -0.0027755   0.0040376  -0.202254 -0.0198755   0.973422
1.77458e+09    0.0187706 -0.00597129    0.013625  -0.204451 -0.0220728   0.980014
1.77458e+09   -0.0121221 -0.00384076  0.00297233  -0.204207 -0.0206079   0.975131
1.77458e+09  -0.0185137 0.00148556  0.0072334  -0.202742 -0.0208521   0.976596
1.77458e+09   0.00172633 -0.00384076    0.013625  -0.203963 -0.0193872   0.974643
1.77458e+09    0.0177053 -0.00597129   0.0146903  -0.201766 -0.0215845   0.973666
1.77458e+09  0.000661066 -0.00597129  0.00510287  -0.203231 -0.0213403   0.977816
1.77458e+09  -0.00999158 -0.00384076  0.00616813  -0.202498 -0.0181665   0.971713
1.77458e+09   0.00172633 -0.00384076  0.00510287  -0.202254 -0.0184107   0.973178
1.77458e+09    0.0102484 -0.00597129  0.00616813  -0.202254 -0.0181665   0.973178
1.77458e+09   -0.0174484 0.000420297   0.0125597  -0.199813 -0.0213403   0.972689
1.77458e+09    -0.019579 0.000420297   0.0072334  -0.202742 -0.0210962   0.976107
1.77458e+09  0.000661066 -0.00490603   0.0072334  -0.202498 -0.0201196   0.974154
1.77458e+09    0.0145095 -0.00490603   0.0114945  -0.201766 -0.0206079    0.97391
1.77458e+09  -0.00359999  -0.0027755   0.0157555  -0.203231 -0.0188989   0.975619
1.77458e+09   -0.0174484 -0.00171023   0.0125597  -0.203475 -0.0176782   0.976107
1.77458e+09   -0.0174484 0.000420297   0.0125597 -0.202742 -0.022561  0.977816
1.77458e+09  -0.00146946 -0.00171023   0.0168208  -0.201766 -0.0176782   0.974154
1.77458e+09   -0.0174484 0.000420297   0.0189513  -0.202254 -0.0240259   0.977816
1.77458e+09   0.00385686 -0.00171023   0.0146903  -0.196883 -0.0210962   0.971225
1.77458e+09    0.0262274 -0.00810182   0.0114945  -0.202742 -0.0176782   0.973178
1.77458e+09   0.000661066 -0.000644969    0.0157555  -0.200057 -0.0220728   0.975863
1.77458e+09   0.00598739 -0.00597129   0.0040376  -0.202986 -0.0215845   0.974643
1.77458e+09  -0.00573052 -0.00490603 -0.00235398  -0.200301 -0.0230493   0.978549
1.77458e+09  -0.00999158 -0.00384076 0.000841811  -0.202742 -0.0215845   0.975619
1.77458e+09  -0.00892632 -0.00490603 -0.00128872  -0.200789 -0.0240259   0.973422
1.77458e+09   -0.0217095 0.000420297   0.0072334   -0.19908 -0.0191431   0.975131
1.77458e+09    -0.019579 -0.00171023  0.00829866  -0.204939 -0.0174341   0.975619
1.77458e+09  -0.0121221 -0.0027755  0.0040376  -0.196395 -0.0215845   0.971225
1.77458e+09    0.0240969 -0.00916708   0.0040376  -0.202986 -0.0162134   0.972934
1.77458e+09    -0.019579 0.000420297  0.00616813  -0.200545 -0.0230493   0.977572
1.77458e+09   -0.00999158 -0.000644969   0.00297233  -0.200545 -0.0196314   0.973178
1.77458e+09  -0.00466526  -0.0027755  0.00616813  -0.202254 -0.0198755   0.975863
1.77458e+09    0.00492212 -0.000644969    0.0125597  -0.200789 -0.0201196   0.977572
1.77458e+09  -0.00786105 -0.00171023  0.00829866  -0.202254 -0.0191431   0.976596
1.77458e+09  -0.00679579  -0.0027755   0.0040376 -0.200789 -0.022561  0.979037
1.77458e+09   0.00279159 -0.00490603  0.00936393  -0.202742 -0.0164575   0.976596
1.77458e+09  -0.00679579  -0.0027755  0.00829866  -0.203231 -0.0240259   0.976107
1.77458e+09  -0.00253473 -0.00171023   0.0114945  -0.200789 -0.0191431   0.973178
1.77458e+09    0.0145095 -0.00384076   0.0157555  -0.196639 -0.0198755   0.970248
1.77458e+09    0.0198358 -0.00490603   0.0125597  -0.199324 -0.0247583   0.970248
1.77458e+09   0.00811792 -0.00384076   0.0040376  -0.202742 -0.0186548    0.97391
1.77458e+09  -0.0121221 0.00148556 0.00936393  -0.200789 -0.0201196   0.975131
1.77458e+09   0.00385686 -0.00171023  0.00829866   -0.20616 -0.0142603   0.975375
1.77458e+09    0.0209011 -0.00916708   0.0104292  -0.202986 -0.0196314   0.974887
1.77458e+09    0.0102484 -0.00916708  0.00190707  -0.201277 -0.0215845   0.976107
1.77458e+09  -0.0163832 -0.0027755 0.00510287  -0.203719 -0.0179224   0.975619
1.77458e+09   -0.00999158 -0.000644969    0.0114945 -0.200057  -0.02427  0.973666
1.77458e+09  -0.00786105  0.00255083    0.013625  -0.205428 -0.0127954   0.973178
1.77458e+09    -0.02384 0.00468135 0.00829866  -0.201277 -0.0184107   0.974887
1.77458e+09    0.0134442 -0.00490603  0.00616813   -0.20201 -0.0171899   0.976107
1.77458e+09    0.0145095 -0.00703656    0.013625  -0.206404 -0.0191431   0.978305
1.77458e+09      0.01664 -0.00703656   0.0157555  -0.203719 -0.0237817   0.980746
1.77458e+09   -0.0004042 -0.00490603   0.0146903   -0.20616 -0.0203638   0.975619
1.77458e+09   0.00385686 -0.00810182   0.0104292  -0.199568 -0.0247583    0.97098
1.77458e+09   0.0240969 -0.0102323  0.0104292  -0.200301 -0.0213403    0.97391
1.77458e+09    0.0219664 -0.00597129   0.0146903  -0.200545 -0.0162134   0.970492
1.77458e+09     0.0113137 -0.000644969    0.0104292  -0.201277 -0.0210962   0.971225
1.77458e+09    0.0145095 -0.00490603  0.00616813  -0.204207 -0.0186548   0.973666
1.77458e+09  -0.00999158 -0.00171023  0.00190707  -0.200545 -0.0240259   0.976352
1.77458e+09  -0.0259705 0.00255083 0.00616813  -0.203719 -0.0250024   0.980014
1.77458e+09  -0.0110568 -0.0027755 0.00829866  -0.203719 -0.0198755   0.975131
1.77458e+09   0.00811792 -0.00703656 0.000841811 -0.201522 -0.022561  0.975375
1.77458e+09   -0.0185137 -0.00384076 -0.00128872  -0.205428 -0.0171899   0.977328
1.77458e+09   0.00385686 -0.00490603  0.00936393  -0.198836 -0.0213403   0.975619
1.77458e+09   0.00385686 -0.00171023  0.00616813  -0.199568 -0.0196314   0.974154
1.77458e+09    0.0177053 -0.00490603   0.0114945  -0.200789 -0.0181665   0.972201
1.77458e+09   0.00492212 -0.00490603   0.0040376 -0.202986 -0.022561  0.977816
1.77458e+09   0.00598739 -0.00810182 -0.00235398  -0.202986 -0.0193872   0.975619
1.77458e+09   0.00385686 -0.00490603  0.00510287  -0.200545 -0.0191431   0.973422
1.77458e+09   0.00918318 -0.00384076   0.0104292  -0.202254 -0.0218286   0.976352
1.77458e+09  -0.00999158 -0.00171023   0.0157555  -0.201277 -0.0186548   0.974887
1.77458e+09   -0.0153179 -0.00171023   0.0072334  -0.201033 -0.0198755   0.972445
1.77458e+09  -0.00253473 -0.00384076  0.00829866  -0.199813 -0.0232935   0.973422
1.77458e+09    0.0102484 -0.00490603   0.0072334  -0.200545 -0.0201196   0.975863
1.77458e+09    0.0134442 -0.00384076  0.00616813  -0.201766 -0.0201196   0.972445
1.77458e+09    0.0145095 -0.00171023    0.013625  -0.200545 -0.0210962   0.972934
1.77458e+09    0.0198358 -0.00384076   0.0157555  -0.204695 -0.0196314   0.978061
1.77458e+09    0.0102484 -0.00703656   0.0040376  -0.203719 -0.0201196   0.978793
1.77458e+09  -0.00999158  -0.0027755 0.000841811  -0.201522 -0.0206079   0.975619
1.77458e+09   -0.0185137 -0.00171023  0.00190707  -0.201522 -0.0198755   0.975619
1.77458e+09   -0.00892632 -0.000644969   0.00829866 -0.202986 -0.022561  0.976596
1.77458e+09    0.0177053 -0.00916708  0.00616813  -0.200301 -0.0208521   0.974643
1.77458e+09  -0.00999158 -0.00171023   0.0104292  -0.202742 -0.0171899   0.971713
1.77458e+09   -0.0185137 0.000420297  0.00829866   -0.20201 -0.0208521   0.974154
1.77458e+09  0.000661066 -0.00171023   0.0114945  -0.200057 -0.0206079   0.974887
1.77458e+09    0.0198358 -0.00597129    0.013625  -0.202742 -0.0174341   0.970492
1.77458e+09  -0.00359999 -0.00384076  0.00616813  -0.201033 -0.0269556   0.974887
1.77458e+09  -0.00466526 -0.00384076   0.0072334  -0.204695 -0.0164575   0.978061
1.77458e+09  -0.00573052 -0.00171023   0.0072334  -0.203719 -0.0164575   0.975619
1.77458e+09   0.00918318 -0.00384076   0.0125597  -0.200789 -0.0203638   0.972689
1.77458e+09   -0.0131874 0.000420297   0.0157555  -0.203719 -0.0174341   0.978305
1.77458e+09    -0.0185137 -0.000644969    0.0104292  -0.200789 -0.0220728   0.978061
1.77458e+09    -0.0163832 -0.000644969   0.00936393  -0.202254 -0.0218286   0.974154
1.77458e+09  -0.00999158 -0.00490603 0.000841811  -0.202742 -0.0196314   0.973178
1.77458e+09   0.00811792 -0.00597129  0.00936393   -0.20201 -0.0191431   0.975619
1.77458e+09    0.0145095 -0.00490603  0.00829866  -0.200301 -0.0191431   0.972689
1.77458e+09    0.0209011 -0.00490603   0.0125597  -0.202742 -0.0181665   0.971957
1.77458e+09   0.00279159 -0.00384076  0.00829866  -0.203475 -0.0210962   0.975863
1.77458e+09  -0.00359999 -0.00490603   0.0040376  -0.199813 -0.0223169   0.973178
1.77458e+09  -0.0291663 0.00255083  0.0072334  -0.201277 -0.0220728   0.974154
1.77458e+09   -0.00786105 -0.000644969    0.0104292   -0.20201 -0.0181665   0.975863
1.77458e+09    0.0177053 -0.00703656  0.00510287  -0.200789 -0.0201196   0.974154
1.77458e+09  0.00492212 -0.0027755 0.00936393  -0.203475 -0.0201196   0.975619
1.77458e+09   0.00811792 -0.00490603   0.0114945  -0.203719 -0.0201196   0.976596
1.77458e+09   0.00598739 -0.00597129   0.0072334  -0.201766 -0.0215845   0.977084
1.77458e+09   0.00918318 -0.00384076   0.0114945  -0.201766 -0.0203638   0.974643
1.77458e+09    0.0102484 -0.00810182   0.0072334   -0.20201 -0.0198755   0.972201
1.77458e+09  0.000661066 -0.00384076  0.00936393  -0.201766 -0.0210962   0.975131
1.77458e+09   0.00705265 -0.00597129   0.0040376  -0.201033 -0.0213403   0.975131
1.77458e+09  -0.0249053 0.00255083  0.0040376  -0.202986 -0.0193872   0.973666
1.77458e+09     0.012379 -0.00597129   0.0104292  -0.203475 -0.0228052   0.976596
1.77458e+09  -0.00146946 -0.00490603  0.00616813  -0.204451 -0.0191431    0.97684
1.77458e+09     -0.02384 0.000420297   0.0072334  -0.201033 -0.0223169   0.974887
1.77458e+09   0.00918318 -0.00490603  0.00936393  -0.201277 -0.0213403   0.973666
1.77458e+09     0.012379 -0.00916708  0.00616813  -0.202254 -0.0186548   0.975131
1.77458e+09    -0.0142526 -0.000644969   0.00829866  -0.202254 -0.0191431   0.972201
1.77458e+09  0.000661066 -0.00384076  0.00510287  -0.201766 -0.0203638   0.972689
1.77458e+09   0.00705265 -0.00490603   0.0040376  -0.203475 -0.0188989   0.976596
1.77458e+09      0.01664 -0.00490603    0.013625  -0.202742 -0.0235376   0.977328
1.77458e+09    0.0102484 -0.00384076   0.0125597  -0.202742 -0.0206079   0.974887
1.77458e+09   -0.0121221 -0.00171023  0.00936393  -0.204695 -0.0176782   0.976596
1.77458e+09   -0.0174484 -0.00171023  0.00190707 -0.200545 -0.022561  0.975131
1.77458e+09   -0.0121221 0.000420297  0.00936393  -0.201033 -0.0240259   0.974887
1.77458e+09  -0.0121221 0.00148556  0.0125597  -0.200789 -0.0203638   0.973178
1.77458e+09   0.00172633 -0.00171023    0.013625  -0.203475 -0.0196314   0.976352
1.77458e+09  -0.0227748 0.00148556 0.00616813  -0.20201 -0.022561  0.975863
1.77458e+09   -0.0131874 0.000420297  0.00936393  -0.199568 -0.0152368    0.96976
1.77458e+09  -0.00573052 -0.00490603  0.00297233  -0.205428 -0.0198755   0.977816
1.77458e+09    0.0113137 -0.00810182  0.00297233  -0.200545 -0.0215845   0.975619
1.77458e+09    0.0113137 -0.00810182  0.00297233  -0.203719 -0.0167017   0.972689
1.77458e+09   0.00598739 -0.00597129  0.00936393  -0.203719 -0.0203638   0.977084
1.77458e+09   0.00598739 -0.00597129  0.00936393  -0.203719 -0.0203638   0.977084
1.77458e+09    0.0113137 -0.00597129    0.013625  -0.199813 -0.0164575   0.971957
1.77458e+09    0.0113137 -0.00597129    0.013625  -0.199813 -0.0164575   0.971957
1.77458e+09  -0.0259705 0.00361609  0.0146903  -0.201277 -0.0176782   0.974398
1.77458e+09  -0.0259705 0.00361609  0.0146903  -0.201277 -0.0176782   0.974398
1.77458e+09   0.00172633 -0.00171023   0.0168208  -0.202254 -0.0203638   0.977816
1.77458e+09   0.00172633 -0.00171023   0.0168208  -0.202254 -0.0203638   0.977816
1.77458e+09   -0.00892632 -0.000644969    0.0157555  -0.201033 -0.0196314   0.974398
1.77458e+09   -0.00892632 -0.000644969    0.0157555  -0.201033 -0.0196314   0.974398
1.77458e+09    -0.0163832 -0.000644969    0.0114945 -0.200789 -0.022561  0.973666
1.77458e+09    -0.0163832 -0.000644969    0.0114945 -0.200789 -0.022561  0.973666
1.77458e+09    0.0134442 -0.00703656   0.0040376  -0.197371 -0.0267114   0.975131
1.77458e+09    0.0134442 -0.00703656   0.0040376  -0.197371 -0.0267114   0.975131
1.77458e+09  -0.00999158  0.00255083   0.0104292  -0.201033 -0.0196314   0.974398
1.77458e+09  -0.00999158  0.00255083   0.0104292  -0.201033 -0.0196314   0.974398
1.77458e+09   -0.0185137 -0.00171023   0.0040376  -0.203475 -0.0159692   0.979525
1.77458e+09   -0.0185137 -0.00171023   0.0040376  -0.203475 -0.0159692   0.979525
1.77458e+09  -0.0259705 0.00148556 0.00829866  -0.202254 -0.0191431   0.975619
1.77458e+09  -0.0259705 0.00148556 0.00829866  -0.202254 -0.0191431   0.975619
1.77458e+09  -0.00466526  -0.0027755  0.00616813  -0.199813 -0.0252466   0.976107
1.77458e+09  -0.00466526  -0.0027755  0.00616813  -0.199813 -0.0252466   0.976107
1.77458e+09    0.0198358 -0.00384076   0.0072334   -0.19908 -0.0191431   0.971713
1.77458e+09    0.0198358 -0.00384076   0.0072334   -0.19908 -0.0191431   0.971713
1.77458e+09   -0.0121221 0.000420297    0.013625  -0.204695 -0.0142603   0.975863
1.77458e+09   -0.0121221 0.000420297    0.013625  -0.204695 -0.0142603   0.975863
1.77458e+09    0.0113137 -0.00703656   0.0125597  -0.201766 -0.0174341   0.974154
1.77458e+09      0.01664 -0.00703656  0.00936393  -0.201766 -0.0174341   0.974154
1.77458e+09  0.000661066 -0.00171023    0.013625  -0.201522 -0.0235376   0.974154
1.77458e+09  0.000661066 -0.00171023    0.013625  -0.201522 -0.0235376   0.974154
1.77458e+09   -0.0121221 0.000420297   0.0114945  -0.201766 -0.0235376   0.975131
1.77458e+09   -0.0121221 0.000420297   0.0114945  -0.201766 -0.0235376   0.975131
1.77458e+09    0.0187706 -0.00490603   0.0125597  -0.202254 -0.0210962   0.975131
1.77458e+09    0.0187706 -0.00490603   0.0125597  -0.202254 -0.0210962   0.975131
1.77458e+09   0.00918318 -0.00703656   0.0157555  -0.204695 -0.0228052   0.978793
1.77458e+09   0.00918318 -0.00703656   0.0157555  -0.204695 -0.0228052   0.978793
1.77458e+09   0.00918318 -0.00490603   0.0114945  -0.200301 -0.0213403   0.970248
1.77458e+09   0.00918318 -0.00490603   0.0114945  -0.200301 -0.0213403   0.970248
1.77458e+09    0.0219664 -0.00597129  0.00936393  -0.201766 -0.0201196   0.971225
1.77458e+09   -0.00999158  -0.00171023 -0.000223458  -0.202742 -0.0184107   0.971225
1.77458e+09  -0.0131874 0.00148556  0.0125597   -0.20616 -0.0215845   0.978061
1.77458e+09  -0.00146946  -0.0027755  0.00616813  -0.204695 -0.0232935   0.978061
1.77458e+09  -0.00679579 -0.00171023  0.00510287  -0.202742 -0.0198755   0.974887
1.77458e+09  -0.00253473  -0.0027755   0.0125597  -0.204207 -0.0228052   0.975619
1.77458e+09   0.0187706 -0.0112976 0.00190707  -0.203231 -0.0210962   0.976107
1.77458e+09   -0.00786105 -0.000644969   0.00829866  -0.202254 -0.0157251   0.972445
1.77458e+09   0.00172633 -0.00384076  0.00616813  -0.202986 -0.0213403   0.972689
1.77458e+09  -0.00573052  -0.0027755   0.0040376  -0.203231 -0.0206079   0.977816
1.77458e+09   0.00598739 -0.00703656  0.00297233  -0.204207 -0.0176782    0.97684
1.77458e+09    0.0155748 -0.00597129   0.0104292  -0.202986 -0.0223169   0.973178
1.77458e+09   0.0209011 -0.0102323  0.0040376  -0.204939 -0.0206079   0.975375
1.77458e+09    0.0198358 -0.00916708  0.00829866  -0.201277 -0.0171899   0.974154
1.77458e+09   -0.0131874 -0.00384076  0.00190707  -0.202986 -0.0201196   0.975619
1.77458e+09  -0.0217095 -0.0027755 0.00297233  -0.202254 -0.0186548   0.973666
1.77458e+09   0.00598739 -0.00810182   0.0072334  -0.201522 -0.0210962   0.974887
1.77458e+09   0.0251621 -0.0112976 0.00616813  -0.202254 -0.0167017   0.973666
1.77458e+09    0.0145095 -0.00810182   0.0072334 -0.198348  -0.02427  0.972689
1.77458e+09   0.00918318 -0.00597129  0.00829866  -0.200789 -0.0206079   0.977328
1.77458e+09    -0.0142526 -0.000644969   0.00936393  -0.201766 -0.0230493   0.975131
1.77458e+09    0.0198358 -0.00703656   0.0114945  -0.201522 -0.0237817   0.975619
1.77458e+09   -0.0185137 -0.00171023  0.00616813  -0.200057 -0.0184107   0.976107
1.77458e+09   0.00811792 -0.00490603    0.013625  -0.201033 -0.0206079   0.976596
1.77458e+09   0.00279159 -0.00597129    0.013625  -0.199324 -0.0167017   0.974154
1.77458e+09   -0.0153179 -0.00171023  0.00616813  -0.197859 -0.0210962   0.972201
1.77458e+09   0.00918318 -0.00384076   0.0157555  -0.200789 -0.0228052   0.975619
1.77458e+09     0.012379 -0.00597129  0.00829866  -0.199324 -0.0223169   0.973178
1.77458e+09    0.0145095 -0.00384076    0.013625  -0.200789 -0.0210962   0.974398
1.77458e+09   0.00705265 -0.00171023    0.013625  -0.202986 -0.0208521   0.977816
1.77458e+09  -0.00253473 0.000420297    0.013625  -0.200301 -0.0186548   0.975375
1.77458e+09  -0.00253473 0.000420297   0.0104292  -0.201277 -0.0210962   0.975375
1.77458e+09  -0.00359999  -0.0027755  0.00616813  -0.200545 -0.0230493   0.976107
1.77458e+09  -0.00679579 -0.00384076  0.00297233  -0.204695 -0.0220728   0.977572
1.77458e+09  -0.00359999 -0.00171023  0.00829866  -0.200789 -0.0169458   0.972445
1.77458e+09    0.0177053 -0.00597129   0.0104292  -0.202986 -0.0206079   0.975131
1.77458e+09   0.00385686 -0.00490603   0.0104292  -0.202498 -0.0157251   0.975131
1.77458e+09   -0.00359999 -0.000644969    0.0146903 -0.199813 -0.015481  0.970004
1.77458e+09  -0.00999158 0.000420297    0.013625   -0.20201 -0.0201196   0.972445
1.77458e+09  -0.00786105 0.000420297    0.013625  -0.202254 -0.0213403   0.974154
1.77458e+09    0.0145095 -0.00490603   0.0114945  -0.202986 -0.0201196   0.976107
1.77458e+09    -0.0153179 -0.000644969   0.00297233  -0.203231 -0.0198755   0.976107
1.77458e+09  -0.00679579 0.000420297   0.0104292  -0.201766 -0.0193872   0.973666
1.77458e+09    0.0134442 -0.00490603  0.00936393  -0.204451 -0.0167017    0.97684
1.77458e+09  -0.00786105 -0.00384076  0.00829866  -0.203475 -0.0186548   0.976596
1.77458e+09  -0.00253473  -0.0027755   0.0146903  -0.202742 -0.0213403   0.974643
1.77458e+09   0.00705265 -0.00703656  0.00616813  -0.201033 -0.0210962   0.975131
1.77458e+09  -0.0217095 0.00148556  0.0114945  -0.201277 -0.0220728   0.975131
1.77458e+09    0.0155748 -0.00597129  0.00829866  -0.203231 -0.0230493   0.975375
1.77458e+09  0.000661066  -0.0027755  0.00936393  -0.200545 -0.0167017   0.972689
1.77458e+09   -0.00892632 -0.000644969   0.00936393  -0.202986 -0.0220728   0.974643
1.77458e+09   -0.0185137 0.000420297   0.0104292  -0.201766 -0.0220728   0.974398
1.77458e+09    -0.0121221 -0.000644969   0.00829866  -0.201277 -0.0191431   0.973178
1.77458e+09   -0.0163832 0.000420297   0.0146903  -0.202254 -0.0198755   0.974887
1.77458e+09   0.00385686 -0.00384076   0.0168208  -0.200789 -0.0201196   0.974398
1.77458e+09     0.012379 -0.00916708  0.00297233  -0.203231 -0.0196314   0.977084
1.77458e+09  -0.00573052  -0.0027755   0.0104292  -0.202742 -0.0220728   0.978061
1.77458e+09   -0.00679579 -0.000644969     0.013625  -0.201766 -0.0201196   0.975619
1.77458e+09  -0.0153179 0.00148556  0.0114945  -0.201766 -0.0237817   0.974643
1.77458e+09  -0.0004042 -0.0027755  0.0114945 -0.200057 -0.022561  0.973666
1.77458e+09   -0.0227748 0.000420297   0.0072334  -0.202498 -0.0215845   0.978061
1.77458e+09   -0.00146946 -0.000644969     0.013625  -0.201033 -0.0191431   0.973178
1.77458e+09      0.01664 -0.00703656  0.00190707  -0.201277 -0.0196314   0.972201
1.77458e+09    -0.0131874 -0.000644969   0.00829866  -0.201766 -0.0186548   0.977572
1.77458e+09   0.00705265 -0.00597129   0.0072334  -0.199813 -0.0201196   0.975131
1.77458e+09    0.0102484 -0.00490603   0.0104292  -0.199813 -0.0206079   0.973666
1.77458e+09   0.00705265 -0.00384076   0.0125597  -0.201277 -0.0206079    0.97391
1.77458e+09   0.0230316 -0.0112976  0.0104292  -0.202498 -0.0176782   0.975131
1.77458e+09  -0.0217095 0.00148556 0.00829866  -0.198836 -0.0201196   0.973666
1.77458e+09  -0.00146946 -0.00384076  0.00829866   -0.20201 -0.0193872   0.972689
1.77458e+09  -0.00679579  -0.0027755  0.00190707  -0.202986 -0.0215845   0.978305
1.77458e+09    0.0145095 -0.00490603  0.00936393  -0.203231 -0.0188989   0.975863
1.77458e+09    0.0113137 -0.00490603   0.0114945  -0.202254 -0.0210962   0.976352
1.77458e+09   0.00492212 -0.00384076    0.017886  -0.200301 -0.0208521   0.974398
1.77458e+09     0.012379 -0.00490603   0.0104292  -0.201277 -0.0191431   0.975863
1.77458e+09  -0.00466526 -0.00490603  0.00510287  -0.200301 -0.0213403   0.972689
1.77458e+09   0.00279159 -0.00384076  0.00829866  -0.202254 -0.0210962   0.973666
1.77458e+09   0.00598739 -0.00597129  0.00510287  -0.202498 -0.0240259   0.977572
1.77458e+09    0.0198358 -0.00810182  0.00616813  -0.200789 -0.0206079   0.972201
1.77458e+09  -0.00146946  -0.0027755  0.00510287  -0.201522 -0.0215845   0.972201
1.77458e+09    0.0272927 -0.00703656    0.013625  -0.205428 -0.0201196   0.979037
1.77458e+09    -0.019579 -0.00171023   0.0040376   -0.20201 -0.0147485   0.971713
1.77458e+09   0.00172633 -0.00171023  0.00829866  -0.200301 -0.0196314   0.974154
1.77458e+09   0.00385686 -0.00597129  0.00616813  -0.204939 -0.0201196   0.977084
1.77458e+09   -0.0004042 -0.00171023   0.0114945   -0.20201 -0.0193872   0.975131
1.77458e+09  -0.0004042 -0.0027755 0.00829866  -0.201277 -0.0235376   0.976107
1.77458e+09  -0.0185137 0.00148556 0.00829866  -0.203475 -0.0213403   0.977328
1.77458e+09  -0.00573052  0.00148556   0.0104292  -0.198592 -0.0223169   0.974398
1.77458e+09    0.0134442 -0.00703656  0.00190707  -0.205428 -0.0176782   0.976596
1.77458e+09  0.00811792 -0.0027755  0.0072334  -0.203231 -0.0191431   0.974398
1.77458e+09  0.00492212 -0.0027755  0.0040376  -0.204207 -0.0181665   0.976107
1.77458e+09    -0.0142526 -0.000644969   0.00616813  -0.202498 -0.0181665   0.974643
1.77458e+09     -0.02384 0.000420297 0.000841811  -0.200301 -0.0230493   0.972445
1.77458e+09    -0.0142526 -0.000644969   0.00297233  -0.203719 -0.0208521   0.973178
1.77458e+09  -0.00359999 -0.00490603   0.0040376  -0.201766 -0.0193872   0.972934
1.77458e+09   -0.0142526 -0.00171023   0.0114945  -0.203231 -0.0174341   0.972201
1.77458e+09   0.00385686 -0.00384076   0.0114945  -0.201277 -0.0215845   0.975131
1.77458e+09  -0.0142526 -0.0027755 0.00616813  -0.200789 -0.0142603   0.975131
1.77458e+09    -0.0217095 -0.000644969   0.00616813 -0.202498 -0.022561  0.975619
1.77458e+09  -0.0217095 0.00255083  0.0072334  -0.201033 -0.0230493   0.974398
1.77458e+09   -0.0142526 -0.00171023   0.0040376  -0.203231 -0.0184107   0.979037
1.77458e+09    0.0230316 -0.00703656   0.0072334  -0.201522 -0.0240259   0.977328
1.77458e+09   -0.0004042 -0.00490603   0.0040376  -0.199568 -0.0223169   0.974887
1.77458e+09  -0.0227748 0.00148556 0.00829866  -0.202742 -0.0152368   0.974643
1.77458e+09  0.00279159 -0.0027755  0.0146903  -0.199813 -0.0235376   0.976107
1.77458e+09  0.000661066 -0.00384076   0.0104292  -0.200545 -0.0191431   0.973178
1.77458e+09  0.000661066  -0.0027755  0.00510287  -0.199324 -0.0220728   0.973178
1.77458e+09    0.0113137 -0.00810182  0.00190707   -0.20201 -0.0206079   0.975619
1.77458e+09  -0.0163832 0.00148556  0.0072334  -0.198836 -0.0240259   0.971957
1.77458e+09     0.012379 -0.00490603   0.0104292  -0.200301 -0.0196314   0.974398
1.77458e+09   0.00172633 -0.00490603  0.00936393  -0.204207 -0.0206079   0.977084
1.77458e+09    0.0187706 -0.00597129   0.0040376  -0.199324 -0.0203638   0.971469
1.77458e+09      0.01664 -0.00490603   0.0114945  -0.205428 -0.0186548   0.975131
1.77458e+09  -0.00573052 -0.00171023   0.0114945  -0.201033 -0.0191431   0.975863
1.77458e+09   0.00279159 -0.00171023   0.0114945  -0.201522 -0.0213403   0.971957
1.77458e+09    0.0198358 -0.00810182  0.00510287  -0.205184 -0.0186548   0.976596
1.77458e+09  -0.00999158 -0.00384076   0.0072334  -0.201277 -0.0223169   0.976107
1.77458e+09  -0.00146946 -0.00597129  0.00510287 -0.203719 -0.022561  0.977572
1.77458e+09   0.00279159 -0.00490603  0.00936393  -0.204207 -0.0203638   0.975619
1.77458e+09    0.0102484 -0.00384076   0.0114945  -0.202254 -0.0247583    0.97391
1.77458e+09  0.00385686 -0.0027755 0.00936393  -0.203231 -0.0164575   0.973422
1.77458e+09   -0.0174484 -0.00171023 -0.00128872  -0.202986 -0.0201196   0.976107
1.77458e+09    0.0177053 -0.00490603  0.00936393  -0.200789 -0.0206079   0.973178
1.77458e+09    0.0198358 -0.00810182  0.00829866  -0.204939 -0.0174341    0.97391
1.77458e+09    -0.0110568 -0.000644969   0.00936393  -0.202742 -0.0218286   0.976596
1.77458e+09  -0.00892632 -0.00171023   0.0040376  -0.202254 -0.0210962   0.975131
1.77458e+09   -0.00892632 -0.000644969     0.013625  -0.200789 -0.0203638   0.974154
1.77458e+09    0.0177053 -0.00597129   0.0104292  -0.201033 -0.0218286   0.976352
1.77458e+09   0.00385686 -0.00597129  0.00190707  -0.201522 -0.0193872   0.974887
1.77458e+09  -0.0227748 0.00255083  0.0072334  -0.200789 -0.0162134   0.974154
1.77458e+09    -0.0153179 -0.000644969   0.00190707  -0.202254 -0.0169458   0.973666
1.77458e+09  -0.00999158  -0.0027755 -0.00235398 -0.203475 -0.022561  0.978061
1.77458e+09    0.0102484 -0.00703656 0.000841811  -0.200301 -0.0186548   0.974154
1.77458e+09      0.01664 -0.00597129  0.00510287  -0.202986 -0.0218286   0.975619
1.77458e+09    0.0145095 -0.00703656  0.00190707  -0.201766 -0.0220728   0.977084
1.77458e+09  0.000661066 -0.00490603 0.000841811  -0.203719 -0.0123071   0.971469
1.77458e+09   -0.0259705 0.000420297   0.0104292  -0.200789 -0.0235376   0.975131
1.77458e+09   -0.0291663 0.000420297  0.00829866  -0.200057 -0.0220728   0.975131
1.77458e+09   -0.00999158 -0.000644969    0.0072334  -0.202986 -0.0149927   0.973178
1.77458e+09   -0.00359999 -0.000644969     0.013625  -0.202498 -0.0223169   0.975619
1.77458e+09   0.00918318 -0.00703656   0.0040376  -0.201522 -0.0171899   0.970492
1.77458e+09  -0.00146946 -0.00490603   0.0072334  -0.202742 -0.0188989   0.974643
1.77458e+09    0.0102484 -0.00597129   0.0072334   -0.20201 -0.0193872    0.97684
1.77458e+09    0.0187706 -0.00703656  0.00829866  -0.201766 -0.0220728   0.973666
1.77458e+09   0.00172633 0.000420297   0.0146903  -0.200789 -0.0218286    0.97098
1.77458e+09   -0.0174484 0.000420297    0.017886  -0.207137 -0.0213403   0.980014
1.77458e+09   -0.0185137 0.000420297    0.017886  -0.201033 -0.0237817   0.977816
1.77458e+09   -0.0121221 -0.00384076   0.0040376  -0.201766 -0.0210962   0.974398
1.77458e+09   0.00172633 -0.00490603   0.0072334  -0.201766 -0.0213403   0.977572
1.77458e+09   -0.00359999 -0.000644969    0.0125597   -0.20201 -0.0232935   0.974887
1.77458e+09    0.0134442 -0.00703656   0.0104292  -0.203231 -0.0223169   0.973666
1.77458e+09   0.00492212 -0.00703656  0.00616813  -0.201033 -0.0220728   0.973666
1.77458e+09   -0.0004042 -0.00597129 0.000841811  -0.200789 -0.0203638   0.974154
1.77458e+09  -0.0227748 0.00148556 0.00190707  -0.201766 -0.0215845   0.972201
1.77458e+09  -0.0121221 0.00148556  0.0072334  -0.199324 -0.0176782   0.971713
1.77458e+09   -0.00146946 -0.000644969    0.0114945  -0.203719 -0.0162134    0.96976
1.77458e+09   -0.0185137 0.000420297  0.00297233  -0.203475 -0.0206079   0.975375
1.77458e+09   -0.0153179 0.000420297   0.0114945  -0.201277 -0.0188989   0.974643
1.77458e+09    0.0134442 -0.00597129   0.0104292  -0.204207 -0.0167017   0.978305
1.77458e+09    0.0251621 -0.00916708  0.00936393 -0.203719 -0.022561  0.980014
1.77458e+09  -0.00146946 -0.00384076  0.00616813  -0.203231 -0.0162134   0.972201
1.77458e+09  -0.0163832 -0.0027755 0.00297233 -0.204207 -0.015481  0.975863
1.77458e+09   -0.0131874 -0.00384076   0.0040376  -0.200301 -0.0210962   0.977816
1.77458e+09  -0.00359999 -0.00490603  0.00510287  -0.201766 -0.0174341    0.97391
1.77458e+09   0.00811792 -0.00703656  0.00829866  -0.201033 -0.0201196   0.974887
1.77458e+09    0.0209011 -0.00810182   0.0114945 -0.203719 -0.022561  0.976352
1.77458e+09    0.0209011 -0.00810182   0.0146903  -0.201277 -0.0210962    0.97391
1.77458e+09  0.00705265 -0.0027755  0.0157555  -0.197615 -0.0247583   0.973422
1.77458e+09  -0.00253473 -0.00384076   0.0146903  -0.202742 -0.0210962   0.974398
1.77458e+09     0.012379 -0.00810182   0.0072334  -0.198836 -0.0196314   0.972689
1.77458e+09   0.00279159 -0.00597129  0.00829866  -0.201766 -0.0201196   0.972201
1.77458e+09  -0.00786105 -0.00490603   0.0072334  -0.201277 -0.0201196   0.975375
1.77458e+09    -0.02384 0.00148556   0.013625 -0.200301 -0.022561  0.976352
1.77458e+09   0.00811792 -0.00384076   0.0114945  -0.201766 -0.0218286   0.976596
1.77458e+09    0.0155748 -0.00490603   0.0146903  -0.199813 -0.0201196   0.974643
1.77458e+09  -0.00146946 -0.00384076  0.00190707 -0.201766  -0.02427  0.977084
1.77458e+09   0.00811792 -0.00490603  0.00829866  -0.201277 -0.0188989   0.974643
1.77458e+09   0.00811792 -0.00597129  0.00616813  -0.200545 -0.0188989   0.976107
1.77458e+09   -0.0185137 -0.00171023  0.00297233  -0.202742 -0.0181665   0.977572
1.77458e+09   -0.0227748 0.000420297  0.00829866  -0.200789 -0.0201196   0.974887
1.77458e+09  -0.0131874 0.00148556 0.00936393  -0.201033 -0.0206079   0.972201
1.77458e+09    0.0262274 -0.00810182  0.00829866   -0.20201 -0.0179224    0.97391
1.77458e+09    0.0209011 -0.00703656   0.0072334  -0.203719 -0.0210962   0.977572
1.77458e+09  0.00279159 -0.0027755  0.0114945  -0.201766 -0.0169458   0.971469
1.77458e+09  0.000661066 -0.00171023   0.0104292  -0.201522 -0.0179224   0.974643
1.77458e+09  -0.00573052 -0.00384076  0.00297233  -0.202742 -0.0230493   0.976596
1.77458e+09   -0.0185137 0.000420297  0.00936393  -0.202254 -0.0184107   0.972201
1.77458e+09   -0.0121221 -0.00171023  0.00190707  -0.202742 -0.0213403   0.973666
1.77458e+09  0.000661066 -0.00384076  0.00510287  -0.201277 -0.0179224   0.974887
1.77458e+09    0.0155748 -0.00384076   0.0125597  -0.202254 -0.0174341   0.972934
1.77458e+09    0.0113137 -0.00384076   0.0040376  -0.203963 -0.0181665   0.976107
1.77458e+09    0.0262274 -0.00810182   0.0114945  -0.203963 -0.0171899   0.975863
1.77458e+09   0.0187706 -0.0102323 0.00829866  -0.205916 -0.0208521   0.978549
1.77458e+09     0.012379 -0.00810182   0.0072334  -0.202742 -0.0201196   0.975131
1.77458e+09  -0.00466526 -0.00490603  0.00297233  -0.202254 -0.0228052   0.975619
1.77458e+09    -0.0121221 -0.000644969    0.0104292  -0.202254 -0.0215845   0.975619
1.77458e+09   0.00172633 -0.00490603   0.0125597  -0.202498 -0.0201196   0.971225
1.77458e+09   0.00811792 -0.00384076   0.0125597  -0.201277 -0.0179224   0.973422
1.77458e+09   0.00492212 -0.00703656  0.00829866   -0.20201 -0.0201196   0.974643
1.77458e+09  -0.00573052 -0.00384076   0.0104292  -0.201033 -0.0169458   0.974643
1.77458e+09   -0.0206442 0.000420297  0.00616813  -0.202742 -0.0230493   0.974887
1.77458e+09  -0.00466526 -0.00171023    0.013625  -0.202254 -0.0213403    0.97391
1.77458e+09  -0.00786105 -0.00171023   0.0114945  -0.203231 -0.0191431    0.97684
1.77458e+09  -0.00466526 -0.00171023   0.0104292  -0.202254 -0.0220728   0.975131
1.77458e+09  -0.00786105  -0.0027755  0.00936393   -0.20201 -0.0201196   0.975131
1.77458e+09  -0.00359999 -0.00597129  0.00510287  -0.202254 -0.0206079   0.974154
1.77458e+09  -0.00892632 -0.00490603  0.00616813   -0.20201 -0.0235376   0.977084
1.77458e+09  -0.00892632 -0.00490603  0.00616813  -0.200301 -0.0218286   0.975619
1.77458e+09    0.0155748 -0.00703656   0.0072334  -0.199568 -0.0232935   0.972201
1.77458e+09  -0.0131874 0.00148556 0.00510287  -0.202742 -0.0169458   0.975619
1.77458e+09  -0.0217095 0.00255083  0.0104292  -0.202254 -0.0184107   0.974398
1.77458e+09  -0.0217095 0.00255083  0.0104292  -0.202254 -0.0184107   0.974398
1.77458e+09   0.0240969 -0.0112976  0.0040376  -0.202498 -0.0220728    0.97684
1.77458e+09   0.0240969 -0.0112976  0.0040376  -0.202498 -0.0220728    0.97684
1.77458e+09  -0.00999158 -0.00490603 0.000841811   -0.19908 -0.0201196    0.97098
1.77458e+09  -0.00999158 -0.00490603 0.000841811   -0.19908 -0.0201196    0.97098
1.77458e+09    0.0113137 -0.00384076    0.013625  -0.199568 -0.0167017   0.973178
1.77458e+09    0.0113137 -0.00384076    0.013625  -0.199568 -0.0167017   0.973178
1.77458e+09  -0.00999158 -0.00384076   0.0040376  -0.203231 -0.0186548   0.977084
1.77458e+09  -0.00999158 -0.00384076   0.0040376  -0.203231 -0.0186548   0.977084
1.77458e+09  -0.00466526  0.00148556    0.013625  -0.202742 -0.0220728   0.976107
1.77458e+09  -0.00466526  0.00148556    0.013625  -0.202742 -0.0220728   0.976107
1.77458e+09      0.01664 -0.00490603    0.017886  -0.202498 -0.0201196   0.977572
1.77458e+09      0.01664 -0.00490603    0.017886  -0.202498 -0.0201196   0.977572
1.77458e+09  -0.0110568 -0.0027755 0.00616813  -0.199813 -0.0181665   0.973666
1.77458e+09  -0.0110568 -0.0027755 0.00616813  -0.199813 -0.0181665   0.973666
1.77458e+09   -0.019579 0.00148556 0.00616813  -0.200789 -0.0193872   0.974643
1.77458e+09   -0.019579 0.00148556 0.00616813  -0.200789 -0.0193872   0.974643
1.77458e+09  -0.00786105 0.000420297    0.013625  -0.202254 -0.0206079   0.974643
1.77458e+09  -0.00786105 0.000420297    0.013625  -0.202254 -0.0206079   0.974643
1.77458e+09      0.01664 -0.00490603    0.013625  -0.201522 -0.0186548   0.973178
1.77458e+09      0.01664 -0.00597129   0.0104292  -0.204207 -0.0235376   0.977084
1.77458e+09    0.0230316 -0.00597129   0.0072334  -0.199324 -0.0252466   0.973666
1.77458e+09    0.0230316 -0.00597129   0.0072334  -0.199324 -0.0252466   0.973666
1.77458e+09   -0.0163832 0.000420297   0.0040376  -0.203231 -0.0237817   0.977328
1.77458e+09   -0.0163832 0.000420297   0.0040376  -0.203231 -0.0237817   0.977328
1.77458e+09  -0.00892632 -0.00490603  0.00190707 -0.203719 -0.013772  0.977572
1.77458e+09  -0.00892632 -0.00490603  0.00190707 -0.203719 -0.013772  0.977572
1.77458e+09    0.0145095 -0.00916708  0.00297233  -0.201522 -0.0184107   0.974398
1.77458e+09   0.00811792 -0.00810182  0.00190707  -0.200301 -0.0254907   0.972201
1.77458e+09   0.00811792 -0.00597129  0.00510287  -0.200301 -0.0179224   0.969271
1.77458e+09   0.00811792 -0.00597129  0.00510287  -0.200301 -0.0179224   0.969271
1.77458e+09  -0.0174484 0.00148556 0.00616813   -0.20201 -0.0159692   0.974154
1.77458e+09   -0.0121221 0.000420297  0.00616813   -0.20201 -0.0159692   0.974154
1.77458e+09  0.00172633 -0.0027755 0.00510287  -0.203231 -0.0220728   0.978061
1.77458e+09      0.01664 -0.00810182  0.00829866  -0.203231 -0.0220728   0.978061
1.77458e+09    0.0155748 -0.00597129    0.013625 -0.203719 -0.022561  0.977572
1.77458e+09    0.0113137 -0.00597129   0.0104292  -0.203231 -0.0191431    0.97684
1.77458e+09    0.012379 -0.0112976 0.00936393  -0.201766 -0.0191431   0.974643
1.77458e+09   0.0177053 -0.0102323  0.0104292  -0.199568 -0.0208521   0.972201
1.77458e+09    0.0145095 -0.00810182    0.013625  -0.200789 -0.0186548   0.972445
1.77458e+09  -0.00892632  -0.0027755   0.0072334  -0.200789 -0.0186548   0.972445
1.77458e+09  -0.0206442 0.00255083 0.00616813  -0.201766 -0.0257349   0.972689
1.77458e+09  -0.00146946  0.00148556    0.013625  -0.202498 -0.0223169   0.974643
1.77458e+09    0.0240969 -0.00597129   0.0168208  -0.204207 -0.0230493   0.976352
1.77458e+09    0.0177053 -0.00916708  0.00510287  -0.201277 -0.0186548   0.976107
1.77458e+09    -0.019579 -0.00171023   0.0040376  -0.202254 -0.0218286   0.972201
1.77458e+09   0.0134442 -0.0102323  0.0072334  -0.202254 -0.0220728   0.975131
1.77458e+09    -0.0004042  -0.00597129 -0.000223458  -0.202254 -0.0240259   0.975375
1.77458e+09   -0.0142526 -0.00384076  0.00297233  -0.200789 -0.0206079   0.975375
1.77458e+09    -0.0121221 -0.000644969    0.0072334  -0.202742 -0.0193872   0.974643
1.77458e+09     0.012379 -0.00490603  0.00829866  -0.198592 -0.0210962   0.972201
1.77458e+09  0.00492212 -0.0027755  0.0114945  -0.203475 -0.0162134   0.974643
1.77458e+09   -0.00466526 -0.000644969   0.00829866  -0.202254 -0.0230493   0.976107
1.77458e+09   0.00385686 -0.00384076   0.0040376  -0.201766 -0.0201196   0.974154
1.77458e+09    0.0177053 -0.00490603  0.00616813  -0.202498 -0.0196314   0.976352
1.77458e+09      0.01664 -0.00490603   0.0072334  -0.204695 -0.0198755   0.976596
1.77458e+09    0.0155748 -0.00597129   0.0125597  -0.200789 -0.0181665   0.974643
1.77458e+09   -0.0142526 0.000420297   0.0146903  -0.201277 -0.0206079   0.975131
1.77458e+09  -0.0153179 -0.0027755 0.00510287  -0.204207 -0.0179224   0.976352
1.77458e+09   -0.0174484 -0.00171023   0.0040376  -0.199324 -0.0201196   0.973178
1.77458e+09    -0.019579 0.000420297   0.0040376  -0.201033 -0.0218286   0.971469
1.77458e+09  -0.00892632 0.000420297  0.00936393  -0.203231 -0.0149927   0.974154
1.77458e+09    0.0134442 -0.00490603   0.0125597  -0.203231 -0.0201196   0.977084
1.77458e+09   0.00385686 -0.00490603  0.00510287  -0.199568 -0.0191431   0.973178
1.77458e+09   -0.0110568 -0.00171023  0.00936393  -0.202742 -0.0171899   0.974887
1.77458e+09  -0.00466526 -0.00171023   0.0125597  -0.201277 -0.0240259   0.975863
1.77458e+09  -0.00573052 -0.00171023  0.00510287  -0.201277 -0.0181665   0.975131
1.77458e+09    -0.0174484 -0.000644969   0.00297233  -0.202742 -0.0201196   0.974643
1.77458e+09  0.00598739 -0.0027755  0.0114945  -0.202254 -0.0215845   0.979281
1.77458e+09  0.00172633 -0.0027755 0.00936393  -0.204207 -0.0164575    0.97684
1.77458e+09    0.0177053 -0.00810182  0.00510287   -0.20201 -0.0223169   0.973666
1.77458e+09   -0.00466526  -0.00490603 -0.000223458 -0.202986 -0.022561  0.975131
1.77458e+09    0.0102484 -0.00810182  0.00510287  -0.203231 -0.0206079    0.97684
1.77458e+09    0.0113137 -0.00703656  0.00297233  -0.200789 -0.0230493   0.973178
1.77458e+09  -0.00999158 0.000420297  0.00936393  -0.199813 -0.0167017   0.969271
1.77458e+09   -0.0110568 0.000420297  0.00829866  -0.202498 -0.0215845   0.976352
1.77458e+09  -0.0185137 0.00255083 0.00616813  -0.199813 -0.0215845   0.974643
1.77458e+09  -0.00573052 -0.00490603 -0.00448451  -0.201522 -0.0152368   0.970736
1.77458e+09   0.00385686 -0.00384076  0.00510287  -0.203231 -0.0235376   0.976352
1.77458e+09    0.0177053 -0.00703656  0.00616813  -0.200789 -0.0181665   0.976107
1.77458e+09    0.0187706 -0.00810182   0.0114945  -0.203719 -0.0186548   0.973666
1.77458e+09  -0.00146946 -0.00703656  0.00297233 -0.199813 -0.025979  0.974643
1.77458e+09    -0.0217095 -0.000644969   0.00616813  -0.203719 -0.0181665   0.977572
1.77458e+09   -0.0174484 0.000420297  0.00936393  -0.201766 -0.0191431   0.974643
1.77458e+09  -0.00892632 0.000420297  0.00829866  -0.199813 -0.0213403   0.974154
1.77458e+09  0.00705265 -0.0027755 0.00829866  -0.201033 -0.0179224   0.974398
1.77458e+09  -0.00679579 -0.00384076 -0.00128872  -0.201522 -0.0220728   0.977084
1.77458e+09   0.00598739 -0.00171023   0.0157555  -0.201033 -0.0198755    0.97391
1.77458e+09    0.0230316 -0.00916708  0.00829866  -0.202742 -0.0193872   0.974887
1.77458e+09   0.00172633 -0.00597129   0.0040376  -0.202254 -0.0232935   0.977572
1.77458e+09     -0.019579 -0.000644969   0.00936393  -0.198592 -0.0191431   0.972934
1.77458e+09     0.012379 -0.00384076   0.0146903  -0.199568 -0.0220728   0.973666
1.77458e+09  0.000661066  -0.0027755    0.013625  -0.203719 -0.0186548   0.975131
1.77458e+09    -0.0004042 -0.000644969    0.0146903  -0.196395 -0.0203638   0.971225
1.77458e+09   0.00705265 -0.00597129  0.00829866  -0.201766 -0.0196314   0.975131
1.77458e+09    0.0113137 -0.00810182  0.00936393  -0.202742 -0.0186548   0.973666
1.77458e+09    0.0113137 -0.00490603  0.00936393  -0.198836 -0.0201196   0.972201
1.77458e+09    0.0177053 -0.00490603  0.00936393  -0.202742 -0.0240259   0.978549
1.77458e+09   -0.00999158 -0.000644969    0.0146903  -0.199813 -0.0188989   0.975863
1.77458e+09  -0.00892632 0.000420297   0.0104292 -0.202742 -0.022561  0.975619
1.77458e+09   -0.00679579 -0.000644969    0.0114945  -0.202498 -0.0247583   0.979037
1.77458e+09   0.00918318 -0.00490603   0.0114945  -0.201766 -0.0130396   0.971225
1.77458e+09    0.0209011 -0.00597129   0.0072334  -0.205184 -0.0220728   0.975619
1.77458e+09    0.0134442 -0.00703656 0.000841811  -0.202254 -0.0193872   0.975863
1.77458e+09  -0.00253473  -0.0027755 -0.00128872  -0.203963 -0.0176782   0.973666
1.77458e+09    -0.0131874 -0.000644969   0.00616813  -0.203963 -0.0230493   0.975619
1.77458e+09  0.000661066  -0.0027755 0.000841811  -0.202742 -0.0193872   0.972689
1.77458e+09  -0.00253473 -0.00171023   0.0114945  -0.203719 -0.0198755   0.975131
1.77458e+09    0.0251621 -0.00810182   0.0114945  -0.200545 -0.0206079   0.976107
1.77458e+09    0.0262274 -0.00810182   0.0114945  -0.205916 -0.0147485   0.974154
1.77458e+09   0.00705265 -0.00703656  0.00616813  -0.202986 -0.0215845   0.975375
1.77458e+09   -0.0206442 0.000420297  0.00510287  -0.201766 -0.0201196   0.972689
1.77458e+09    -0.0163832 -0.000644969     0.013625  -0.204695 -0.0186548   0.977328
1.77458e+09  -0.00466526 -0.00384076   0.0125597  -0.203963 -0.0162134   0.972689
1.77458e+09   0.00918318 -0.00597129  0.00510287   -0.20616 -0.0186548   0.974887
1.77458e+09    0.0134442 -0.00597129  0.00829866  -0.202254 -0.0206079   0.975619
1.77458e+09   0.00918318 -0.00597129  0.00936393  -0.205184 -0.0167017   0.977572
1.77458e+09   0.00279159 -0.00490603   0.0146903 -0.201766  -0.02427  0.972934
1.77458e+09  -0.0121221 0.00148556  0.0146903  -0.203475 -0.0196314   0.971469
1.77458e+09  -0.0163832 -0.0027755  0.0104292 -0.204207 -0.022561  0.976596
1.77458e+09  -0.00892632 -0.00490603 0.000841811  -0.203963 -0.0262232   0.978549
1.77458e+09   -0.0110568 -0.00171023   0.0072334  -0.203231 -0.0198755   0.974398
1.77458e+09  -0.00573052 -0.00171023    0.013625  -0.204207 -0.0213403   0.976352
1.77458e+09    0.0198358 -0.00916708   0.0104292  -0.205916 -0.0201196    0.97684
1.77458e+09   0.00705265 -0.00916708   0.0072334  -0.198836 -0.0220728   0.970248
1.77458e+09   -0.0131874 -0.00384076   0.0072334  -0.197859 -0.0257349   0.972689
1.77458e+09  -0.00786105  -0.0027755   0.0040376  -0.201277 -0.0215845    0.97391
1.77458e+09  0.00598739 -0.0027755  0.0104292  -0.197859 -0.0230493   0.971713
1.77458e+09   -0.00786105 -0.000644969   0.00297233  -0.202254 -0.0230493   0.974154
1.77458e+09  -0.00892632 -0.00171023  0.00510287  -0.201766 -0.0186548   0.978061
1.77458e+09    -0.0174484 -0.000644969  -0.00128872  -0.202254 -0.0215845   0.980014
1.77458e+09  -0.00573052 -0.00171023  0.00616813  -0.202742 -0.0203638   0.975375
1.77458e+09     0.012379 -0.00916708 -0.00341925  -0.200789 -0.0206079   0.974154
1.77458e+09  -0.0142526 -0.0027755 0.00190707  -0.202254 -0.0213403   0.979037
1.77458e+09  -0.00146946 -0.00171023   0.0072334  -0.197859 -0.0247583   0.975131
1.77458e+09   0.00918318 -0.00490603  0.00616813  -0.200057 -0.0157251    0.96976
1.77458e+09  0.000661066 -0.00171023  0.00829866  -0.200057 -0.0186548   0.974154
1.77458e+09   -0.00466526 -0.000644969    0.0072334  -0.198836 -0.0145044   0.972934
1.77458e+09   -0.0206442 0.000420297  0.00616813  -0.201277 -0.0220728   0.976107
1.77458e+09  -0.00253473  -0.0027755  0.00829866  -0.201033 -0.0206079   0.976596
1.77458e+09    0.0187706 -0.00810182  0.00936393  -0.202742 -0.0223169   0.974398
1.77458e+09   -0.0131874 0.000420297   0.0072334  -0.202254 -0.0191431   0.977572
1.77458e+09    -0.0206442 -0.000644969    0.0114945  -0.202498 -0.0108423   0.973666
1.77458e+09   -0.0185137 -0.00384076  0.00510287  -0.202254 -0.0186548   0.973666
1.77458e+09  -0.00786105 -0.00384076   0.0040376  -0.196883 -0.0142603   0.972689
1.77458e+09    0.0209011 -0.00810182   0.0072334  -0.200057 -0.0186548   0.971469
1.77458e+09     0.012379 -0.00490603   0.0072334  -0.201277 -0.0220728   0.973178
1.77458e+09  -0.0227748 0.00255083 0.00616813  -0.201277 -0.0191431   0.975131
1.77458e+09  -0.00359999  -0.0027755  0.00936393  -0.200545 -0.0206079   0.977084
1.77458e+09   -0.00679579 -0.000644969    0.0125597  -0.204939 -0.0188989   0.979525
1.77458e+09    0.0134442 -0.00597129   0.0104292  -0.201033 -0.0174341   0.977572
1.77458e+09   -0.0004042 -0.00384076  0.00297233  -0.204695 -0.0191431   0.976107
1.77458e+09   0.00705265 -0.00384076   0.0125597  -0.203231 -0.0228052   0.976107
1.77458e+09    -0.0174484 -0.000644969   0.00616813  -0.201766 -0.0220728    0.97391
1.77458e+09      0.01664 -0.00490603   0.0125597  -0.203475 -0.0220728   0.974154
1.77458e+09   0.0251621 -0.0112976 0.00297233  -0.198104 -0.0223169   0.974154
1.77458e+09   -0.0121221 -0.00171023  0.00510287  -0.203719 -0.0188989   0.972934
1.77458e+09      0.01664 -0.00597129   0.0104292  -0.201033 -0.0198755   0.971225
1.77458e+09  -0.00359999  -0.0027755 -0.00235398  -0.201277 -0.0206079   0.974643
1.77458e+09  -0.0153179 0.00255083  0.0125597  -0.200789 -0.0235376   0.975863
1.77458e+09    0.0155748 -0.00490603  0.00510287  -0.201766 -0.0196314   0.973178
1.77458e+09   -0.00679579 -0.000644969    0.0040376  -0.204695 -0.0206079   0.977816
1.77458e+09   -0.0131874 0.000420297  0.00936393  -0.202742 -0.0181665   0.974887
1.77458e+09    -0.019579 0.000420297   0.0104292  -0.203231 -0.0186548   0.976107
1.77458e+09   -0.0153179 -0.00384076  0.00510287  -0.202254 -0.0193872   0.975863
1.77458e+09   0.0209011 -0.0102323 0.00190707  -0.201766 -0.0213403   0.972934
1.77458e+09    0.0177053 -0.00703656    0.013625  -0.202254 -0.0232935   0.975863
1.77458e+09   -0.0004042 -0.00490603   0.0040376  -0.201766 -0.0191431   0.974154
1.77458e+09   0.00492212 -0.00490603  0.00510287 -0.201766 -0.022561   0.97391
1.77458e+09   0.00918318 -0.00490603  0.00829866  -0.200789 -0.0181665   0.973666
1.77458e+09    0.0134442 -0.00490603   0.0125597  -0.204695 -0.0164575   0.977328
1.77458e+09   0.00172633 -0.00597129   0.0114945  -0.202254 -0.0232935   0.973666
1.77458e+09     0.012379 -0.00597129   0.0114945  -0.201522 -0.0198755   0.971469
1.77458e+09    -0.0185137 -0.000644969   0.00829866  -0.204939 -0.0215845   0.979281
1.77458e+09  -0.0206442 0.00148556  0.0168208  -0.199813 -0.0235376    0.97098
1.77458e+09    0.0262274 -0.00597129    0.013625   -0.20201 -0.0176782   0.972445
1.77458e+09    -0.0142526 -0.000644969     0.013625  -0.201522 -0.0218286   0.974398
1.77458e+09  -0.00253473 -0.00171023  0.00829866  -0.203963 -0.0208521   0.978061
1.77458e+09  -0.00359999  -0.0027755  0.00616813  -0.201033 -0.0252466   0.974887
1.77458e+09   -0.0110568 0.000420297    0.017886  -0.202498 -0.0198755   0.974643
1.77458e+09    0.0187706 -0.00703656    0.013625  -0.205916 -0.0247583   0.981234
1.77458e+09   0.00172633 -0.00490603  0.00829866 -0.199813 -0.022561  0.974643
1.77458e+09     0.012379 -0.00810182   0.0114945  -0.203475 -0.0171899   0.973422
1.77458e+09   0.00811792 -0.00597129   0.0072334  -0.204207 -0.0230493   0.975619
1.77458e+09   0.00492212 -0.00171023   0.0125597  -0.201522 -0.0193872   0.972689
1.77458e+09  0.00172633 -0.0027755  0.0114945  -0.203719 -0.0191431   0.973666
1.77458e+09  -0.00253473 -0.00171023  0.00829866  -0.200301 -0.0215845   0.973422
1.77458e+09      0.01664 -0.00490603   0.0104292  -0.201522 -0.0210962   0.972934
1.77458e+09   0.00385686 -0.00490603  0.00190707   -0.20201 -0.0181665   0.973666
1.77458e+09   -0.0004042 -0.00490603   0.0040376  -0.202254 -0.0186548   0.976352
1.77458e+09  -0.00146946 -0.00171023  0.00936393 -0.206404 -0.013772  0.976352
1.77458e+09   -0.0121221 0.000420297   0.0125597  -0.201766 -0.0203638   0.974887
1.77458e+09  0.000661066  -0.0027755   0.0072334  -0.202254 -0.0159692   0.972445
1.77458e+09  -0.0110568 -0.0027755  0.0157555  -0.203231 -0.0196314   0.975619
1.77458e+09   0.00598739 -0.00171023    0.017886  -0.204451 -0.0179224   0.974643
1.77458e+09  -0.00679579 -0.00490603  0.00297233  -0.202254 -0.0179224   0.975131
1.77458e+09  -0.00146946  -0.0027755   0.0114945  -0.200545 -0.0201196   0.974643
1.77458e+09   0.00492212 -0.00490603   0.0104292  -0.203963 -0.0167017   0.976596
1.77458e+09   -0.0110568 -0.00384076  0.00936393  -0.201277 -0.0235376    0.97684
1.77458e+09   0.00705265 -0.00384076   0.0146903  -0.199324 -0.0188989   0.972445
1.77458e+09   0.0187706 -0.0102323  0.0072334  -0.203475 -0.0196314   0.976107
1.77458e+09    -0.0185137 -0.000644969   0.00829866   -0.19908 -0.0228052   0.975375
1.77458e+09  0.000661066 -0.00384076   0.0040376  -0.200545 -0.0220728   0.975375
1.77458e+09   0.00279159 -0.00597129   0.0114945  -0.200789 -0.0210962   0.975131
1.77458e+09    0.0198358 -0.00703656   0.0125597  -0.201033 -0.0215845   0.976596
1.77458e+09   0.00811792 -0.00490603   0.0146903  -0.200301 -0.0230493   0.973422
1.77458e+09   -0.0163832 0.000420297  0.00829866  -0.195418 -0.0206079   0.973422
1.77458e+09  -0.00892632 0.000420297   0.0157555  -0.202498 -0.0235376   0.977084
1.77458e+09    0.0198358 -0.00597129    0.013625  -0.196395 -0.0201196   0.973422
1.77458e+09   0.00598739 -0.00171023   0.0104292   -0.19908 -0.0188989   0.972689
1.77458e+09  -0.00999158 0.000420297  0.00936393  -0.202498 -0.0247583   0.978793
1.77458e+09  -0.0163832 0.00148556   0.013625  -0.198592 -0.0181665   0.975619
1.77458e+09  0.00811792 -0.0027755   0.013625 -0.201522 -0.022561  0.975375
1.77458e+09  -0.0004042 -0.0027755  0.0114945  -0.200301 -0.0213403   0.974398
1.77458e+09    0.0219664 -0.00490603   0.0104292  -0.199813 -0.0220728   0.976107
1.77458e+09  -0.00679579  -0.0027755 0.000841811  -0.200789 -0.0196314   0.974154
1.77458e+09    -0.02384 0.00361609  0.0104292  -0.199813 -0.0215845   0.973666
1.77458e+09   0.00279159 -0.00384076   0.0040376  -0.200301 -0.0201196   0.975131
1.77458e+09   -0.00573052 -0.000644969    0.0072334 -0.204207 -0.015481  0.976107
1.77458e+09    -0.0004042 -0.000644969    0.0072334  -0.200301 -0.0210962   0.972689
1.77458e+09   0.00279159 -0.00490603 -0.00448451  -0.202254 -0.0181665   0.973666
1.77458e+09  -0.0142526 0.00255083  0.0072334  -0.202986 -0.0191431   0.975619
1.77458e+09    0.0145095 -0.00384076  0.00616813  -0.202498 -0.0176782   0.973666
1.77458e+09   0.00385686 -0.00384076   0.0072334  -0.203719 -0.0186548   0.974398
1.77458e+09  0.00279159 0.00148556   0.013625  -0.202742 -0.0181665   0.977328
1.77458e+09  -0.0121221 0.00148556 0.00936393  -0.205428 -0.0184107    0.97684
1.77458e+09  -0.0270358 0.00148556  0.0040376  -0.203231 -0.0176782   0.973178
1.77458e+09    -0.0131874 -0.000644969   0.00936393  -0.206893 -0.0206079   0.975863
1.77458e+09  0.00918318 -0.0027755  0.0168208  -0.203963 -0.0196314   0.976107
1.77458e+09   0.00172633 -0.00171023    0.017886  -0.203231 -0.0203638   0.972689
1.77458e+09   -0.00253473 -0.000644969    0.0146903  -0.202742 -0.0220728   0.974398
1.77458e+09  -0.0206442 0.00255083 0.00510287  -0.205916 -0.0208521   0.976352
1.77458e+09   -0.0142526 0.000420297   0.0125597 -0.204695 -0.022561  0.973666
1.77458e+09   -0.00892632 -0.000644969   0.00936393 -0.205184 -0.022561  0.973666
1.77458e+09    0.0219664 -0.00916708   0.0072334   -0.20616 -0.0176782   0.975131
1.77458e+09  -0.00786105 -0.00810182 0.000841811  -0.203719 -0.0210962   0.976596
1.77458e+09   -0.0281011 0.000420297  0.00616813  -0.205428 -0.0262232   0.975131
1.77458e+09   0.00811792 -0.00597129    0.013625  -0.200789 -0.0169458   0.970248
1.77458e+09  -0.00679579 -0.00171023   0.0104292  -0.202742 -0.0267114   0.974154
1.77458e+09  -0.0004042 -0.0027755 0.00829866  -0.200789 -0.0191431   0.970492
1.77458e+09    0.0187706 -0.00490603   0.0114945  -0.200301 -0.0176782   0.971957
1.77458e+09   -0.0185137 -0.00171023 -0.00554978  -0.204451 -0.0247583   0.978305
1.77458e+09  0.00598739 -0.0027755 0.00510287  -0.201277 -0.0169458   0.973422
1.77458e+09  -0.00786105 -0.00171023  0.00936393  -0.204695 -0.0240259   0.979281
1.77458e+09  -0.00786105 -0.00171023  0.00936393  -0.204695 -0.0240259   0.979281
1.77458e+09   0.00705265 -0.00810182  0.00510287  -0.201522 -0.0252466   0.976107
1.77458e+09   0.00705265 -0.00810182  0.00510287  -0.201522 -0.0252466   0.976107
1.77458e+09   0.00172633 -0.00703656  0.00829866  -0.199324 -0.0152368   0.970004
1.77458e+09   -0.0174484 0.000420297   0.0072334  -0.199324 -0.0208521   0.970736
1.77458e+09  -0.0163832 0.00148556  0.0072334 -0.201033 -0.022561  0.973178
1.77458e+09  -0.0163832 0.00148556  0.0072334 -0.201033 -0.022561  0.973178
1.77458e+09  -0.0270358 0.00255083  0.0072334  -0.202742 -0.0206079   0.977084
1.77458e+09  -0.0270358 0.00255083  0.0072334  -0.202742 -0.0206079   0.977084
1.77458e+09    0.0209011 -0.00703656  0.00510287  -0.203231 -0.0193872   0.978549
1.77458e+09    0.0209011 -0.00703656  0.00510287  -0.203231 -0.0193872   0.978549
1.77458e+09  -0.00253473 -0.00171023    0.013625  -0.200057 -0.0220728   0.973666
1.77458e+09  -0.00253473 -0.00171023    0.013625  -0.200057 -0.0220728   0.973666
1.77458e+09    0.0113137 -0.00384076  0.00936393  -0.201766 -0.0220728   0.975619
1.77458e+09    0.0113137 -0.00384076  0.00936393  -0.201766 -0.0220728   0.975619
1.77458e+09  -0.0163832 0.00148556 0.00829866  -0.202742 -0.0186548   0.975131
1.77458e+09  -0.0163832 0.00148556 0.00829866  -0.202742 -0.0186548   0.975131
1.77458e+09    0.0113137 -0.00490603  0.00829866   -0.20201 -0.0176782   0.974643
1.77458e+09    0.0113137 -0.00490603  0.00829866   -0.20201 -0.0176782   0.974643
1.77458e+09  -0.00359999  -0.0027755   0.0157555  -0.20201 -0.022561  0.975619
1.77458e+09  -0.0163832 -0.0027755 0.00829866  -0.201766 -0.0201196   0.975131
1.77458e+09  -0.0121221 -0.0027755 0.00190707  -0.200301 -0.0193872   0.972201
1.77458e+09  -0.0121221 -0.0027755 0.00190707  -0.200301 -0.0193872   0.972201
1.77458e+09   -0.00786105 -0.000644969   0.00616813  -0.200301 -0.0186548   0.974154
1.77458e+09   -0.00786105 -0.000644969   0.00616813  -0.200301 -0.0186548   0.974154
1.77458e+09    -0.0110568 -0.000644969  0.000841811  -0.201766 -0.0188989   0.973666
1.77458e+09    -0.0110568 -0.000644969  0.000841811  -0.201766 -0.0188989   0.973666
1.77458e+09  -0.00999158 -0.00384076   0.0072334  -0.202254 -0.0198755   0.980014
1.77458e+09  -0.0142526 -0.0027755 0.00297233  -0.201277 -0.0157251   0.975131
1.77458e+09    0.0209011 -0.00916708  0.00936393  -0.201277 -0.0206079   0.971469
1.77458e+09    0.0209011 -0.00916708  0.00936393  -0.201277 -0.0206079   0.971469
1.77458e+09  -0.00999158  0.00148556    0.013625  -0.202498 -0.0162134   0.975131
1.77458e+09    0.0209011 -0.00597129  0.00829866  -0.202498 -0.0162134   0.975131
1.77458e+09   -0.0153179 0.000420297  0.00829866   -0.20201 -0.0167017   0.974398
1.77458e+09   -0.0153179 0.000420297  0.00829866   -0.20201 -0.0167017   0.974398
1.77458e+09   0.00598739 -0.00384076   0.0040376  -0.200545 -0.0206079   0.974398
1.77458e+09  -0.00999158 -0.00171023  0.00510287  -0.203475 -0.0203638   0.975619
1.77458e+09      0.01664 -0.00597129   0.0114945   -0.20201 -0.0215845   0.976107
1.77458e+09      0.01664 -0.00597129   0.0114945   -0.20201 -0.0215845   0.976107
1.77458e+09   -0.0121221 -0.00171023    0.013625  -0.201033 -0.0213403   0.974398
1.77458e+09  -0.0174484 0.00148556 0.00510287   -0.20201 -0.0191431   0.976596
1.77458e+09    0.0145095 -0.00810182   0.0072334  -0.200057 -0.0220728   0.974643
1.77458e+09    0.0145095 -0.00490603   0.0072334  -0.200789 -0.0176782   0.970492
1.77458e+09   0.00172633 -0.00171023  0.00936393  -0.200789 -0.0218286   0.973178
1.77458e+09   0.00598739 -0.00384076  0.00616813  -0.201277 -0.0247583   0.974643
1.77458e+09    0.0145095 -0.00490603   0.0104292  -0.203231 -0.0196314   0.974154
1.77458e+09    0.0187706 -0.00703656   0.0114945  -0.204207 -0.0215845   0.975131
1.77458e+09    0.0209011 -0.00703656   0.0072334  -0.205916 -0.0193872   0.977572
1.77458e+09   -0.0004042 -0.00490603   0.0104292  -0.201766 -0.0196314   0.975131
1.77458e+09  0.000661066 -0.00171023   0.0146903  -0.200545 -0.0215845   0.970736
1.77458e+09  -0.00359999 -0.00490603   0.0040376 -0.204939 -0.022561   0.97684
1.77458e+09     -0.02384 0.000420297   0.0114945  -0.202742 -0.0191431   0.974887
1.77458e+09    0.0177053 -0.00490603   0.0104292  -0.202498 -0.0181665   0.972445
1.77458e+09   -0.0153179  -0.0027755 -0.00128872  -0.202742 -0.0206079   0.974887
1.77458e+09  0.00705265 -0.0027755 0.00829866  -0.204207 -0.0191431   0.978549
1.77458e+09    0.0177053 -0.00916708  0.00616813  -0.202986 -0.0215845   0.975619
1.77458e+09   0.00918318 -0.00810182  0.00829866 -0.201766 -0.022561   0.97391
1.77458e+09   -0.0153179 -0.00490603  0.00510287  -0.205428 -0.0230493   0.977572
1.77458e+09    0.0145095 -0.00703656    0.013625  -0.200789 -0.0206079   0.972689
1.77458e+09    0.0219664 -0.00810182  0.00936393  -0.202254 -0.0208521   0.971957
1.77458e+09  0.00918318 -0.0027755  0.0125597  -0.204207 -0.0191431   0.973666
1.77458e+09  -0.0206442 0.00148556  0.0104292  -0.203231 -0.0176782   0.973422
1.77458e+09  -0.0217095 0.00148556  0.0072334   -0.20201 -0.0220728   0.974154
1.77458e+09  -0.00359999  -0.0027755  0.00616813  -0.201766 -0.0198755   0.973666
1.77458e+09  -0.00253473 -0.00171023   0.0114945  -0.202254 -0.0206079   0.975131
1.77458e+09   -0.00786105 -0.000644969   0.00297233  -0.201766 -0.0203638   0.975619
1.77458e+09    -0.0174484 -0.000644969   0.00510287  -0.204451 -0.0162134   0.972201
1.77458e+09   -0.0142526 -0.00490603  0.00297233   -0.20201 -0.0191431   0.977084
1.77458e+09  -0.0163832 -0.0027755  0.0040376  -0.200789 -0.0210962   0.977328
1.77458e+09   -0.0227748 0.000420297   0.0072334  -0.200301 -0.0196314   0.971469
1.77458e+09    0.0198358 -0.00703656  0.00829866  -0.203719 -0.0235376   0.974643
1.77458e+09  -0.0249053 0.00148556 0.00829866  -0.202742 -0.0140161   0.974643
1.77458e+09  -0.0185137 0.00255083  0.0157555  -0.202742 -0.0191431   0.974643
1.77458e+09  -0.00892632 0.000420297    0.017886   -0.20201 -0.0171899   0.973666
1.77458e+09    0.0251621 -0.00703656   0.0114945  -0.201277 -0.0188989   0.975619
1.77458e+09   0.00598739 -0.00916708 -0.00128872   -0.20201 -0.0215845   0.975619
1.77458e+09  -0.00466526 -0.00490603   0.0072334  -0.199568 -0.0201196   0.972689
1.77458e+09   -0.00999158 -0.000644969    0.0200166  -0.202742 -0.0235376   0.977084
1.77458e+09    0.0145095 -0.00703656   0.0104292  -0.200301 -0.0210962   0.975863
1.77458e+09    0.0155748 -0.00703656   0.0104292  -0.200301 -0.0188989   0.973178
1.77458e+09      0.01664 -0.00703656   0.0104292  -0.202742 -0.0191431   0.975863
1.77458e+09  -0.00573052 -0.00171023   0.0104292  -0.200789 -0.0176782   0.975131
1.77458e+09  -0.0131874 0.00148556 0.00936393  -0.201033 -0.0220728   0.974643
1.77458e+09    0.0145095 -0.00597129   0.0114945  -0.200057 -0.0215845   0.974154
1.77458e+09  -0.00786105 -0.00384076   0.0040376  -0.201277 -0.0220728   0.975619
1.77458e+09    0.0230316 -0.00703656  0.00936393  -0.199813 -0.0215845   0.974398
1.77458e+09    0.0283579 -0.00916708  0.00936393  -0.199813 -0.0196314   0.973422
1.77458e+09    0.0198358 -0.00916708  0.00190707  -0.200545 -0.0206079   0.977084
1.77458e+09   -0.0131874 -0.00171023  0.00297233  -0.200789 -0.0210962   0.978549
1.77458e+09  -0.0302316 0.00148556 0.00616813  -0.201277 -0.0193872    0.97391
1.77458e+09    -0.019579 0.000420297  0.00829866  -0.200545 -0.0196314   0.971957
1.77458e+09  0.000661066 -0.00490603   0.0040376  -0.202254 -0.0188989   0.976107
1.77458e+09   0.00811792 -0.00597129  0.00190707  -0.199813 -0.0188989   0.974643
1.77458e+09  0.000661066 -0.00171023  0.00829866  -0.201277 -0.0208521    0.97391
1.77458e+09    -0.0153179 -0.000644969    0.0072334  -0.201277 -0.0179224   0.975375
1.77458e+09   0.00385686 -0.00490603  0.00616813  -0.202742 -0.0203638   0.976596
1.77458e+09   0.00172633 -0.00171023    0.013625  -0.201033 -0.0196314   0.972445
1.77458e+09    -0.0174484 -0.000644969   0.00510287  -0.202742 -0.0206079   0.976107
1.77458e+09   -0.0163832 -0.00171023  0.00829866  -0.203231 -0.0191431   0.976352
1.77458e+09  -0.00999158 -0.00171023  0.00616813   -0.20201 -0.0201196    0.97391
1.77458e+09    -0.0174484 -0.000644969   0.00829866  -0.204695 -0.0184107   0.975131
1.77458e+09  -0.00892632 -0.00171023    0.013625  -0.203231 -0.0176782   0.976596
1.77458e+09  -0.0131874 0.00255083  0.0157555 -0.201033 -0.022561  0.972689
1.77458e+09   0.0145095 -0.0027755  0.0157555  -0.201277 -0.0220728   0.974887
1.77458e+09    0.0145095 -0.00703656   0.0125597  -0.202254 -0.0201196   0.975619
1.77458e+09    -0.0131874 -0.000644969    0.0114945  -0.202742 -0.0218286   0.973178
1.77458e+09  -0.0185137 0.00255083  0.0114945  -0.201277 -0.0208521   0.972689
1.77458e+09    0.0155748 -0.00490603   0.0104292 -0.202498 -0.022561  0.976352
1.77458e+09    0.0198358 -0.00597129  0.00616813  -0.203231 -0.0220728   0.977816
1.77458e+09    -0.0142526  -0.00171023 -0.000223458  -0.203719 -0.0213403   0.974154
1.77458e+09   -0.0206442 0.000420297  0.00190707  -0.202742 -0.0210962   0.971713
1.77458e+09   0.00279159 -0.00490603   0.0040376  -0.202742 -0.0201196   0.975375
1.77458e+09  0.00172633 -0.0027755 0.00510287  -0.202742 -0.0201196   0.974643
1.77458e+09  0.00918318 -0.0027755 0.00936393  -0.202254 -0.0206079   0.973666
1.77458e+09   -0.0004042 -0.00490603 0.000841811  -0.203475 -0.0188989   0.973178
1.77458e+09    0.0145095 -0.00597129  0.00510287  -0.203719 -0.0220728   0.977572
1.77458e+09  -0.0206442 0.00148556  0.0114945  -0.203475 -0.0201196   0.974643
1.77458e+09  -0.00146946 -0.00597129   0.0072334   -0.20201 -0.0208521   0.973666
1.77458e+09   0.0240969 -0.0102323  0.0104292  -0.202498 -0.0203638   0.975375
1.77458e+09    0.0219664 -0.00810182   0.0104292  -0.203231 -0.0164575   0.972201
1.77458e+09  -0.00786105 -0.00384076  0.00616813  -0.202742 -0.0198755   0.974154
1.77458e+09  -0.00359999 -0.00490603  0.00829866  -0.204207 -0.0191431   0.976107
1.77458e+09   -0.0142526 -0.00171023  0.00936393  -0.203719 -0.0198755   0.974398
1.77458e+09   -0.00892632 -0.000644969    0.0125597  -0.203231 -0.0218286   0.975375
1.77458e+09  0.000661066 -0.00384076   0.0157555  -0.204207 -0.0196314   0.974643
1.77458e+09   -0.0121221 -0.00490603   0.0072334  -0.202254 -0.0201196   0.975375
1.77458e+09   -0.0185137 0.000420297   0.0168208  -0.199813 -0.0196314   0.972689
1.77458e+09    0.0155748 -0.00597129   0.0168208  -0.200545 -0.0271997   0.975375
1.77458e+09      0.01664 -0.00490603   0.0125597  -0.199568 -0.0215845   0.975131
1.77458e+09   0.00492212 -0.00490603   0.0040376  -0.203963 -0.0174341   0.975619
1.77458e+09   -0.0185137 -0.00171023  0.00297233  -0.201766 -0.0235376   0.974643
1.77458e+09   0.00705265 -0.00703656 -0.00128872  -0.201522 -0.0176782   0.974398
1.77458e+09  -0.00786105 -0.00384076   0.0040376  -0.202742 -0.0215845   0.978549
1.77458e+09  -0.00466526  -0.0027755  0.00829866  -0.200301 -0.0223169   0.974887
1.77458e+09   0.00279159 -0.00597129   0.0040376 -0.201277 -0.022561  0.972201
1.77458e+09      0.01664 -0.00810182  0.00510287  -0.199813 -0.0215845   0.974398
1.77458e+09  -0.00786105 0.000420297  0.00616813  -0.198592 -0.0215845   0.972201
1.77458e+09   0.0102484 -0.0027755  0.0040376  -0.198348 -0.0193872   0.971713
1.77458e+09  -0.0153179 0.00468135 0.00936393   -0.20201 -0.0186548   0.976596
1.77458e+09  -0.0110568 0.00361609 0.00936393  -0.202742 -0.0147485   0.974398
1.77458e+09    0.012379 -0.0027755   0.013625  -0.203231 -0.0215845   0.977328
1.77458e+09    0.0187706 -0.00703656  0.00510287  -0.204695 -0.0196314   0.978305
1.77458e+09   0.00811792 -0.00703656  0.00190707   -0.20201 -0.0176782   0.977328
1.77458e+09   -0.0153179 -0.00171023  0.00510287  -0.204207 -0.0188989   0.976107
1.77458e+09  -0.00573052 -0.00384076    0.013625  -0.203475 -0.0159692   0.974154
1.77458e+09    0.0145095 -0.00916708  0.00616813  -0.199813 -0.0198755   0.971957
1.77458e+09    -0.0185137 -0.000644969    0.0040376  -0.201033 -0.0201196   0.971713
1.77458e+09  -0.0185137 0.00148556  0.0168208  -0.199813 -0.0210962   0.972689
1.77458e+09   0.00918318 -0.00171023   0.0189513  -0.203231 -0.0191431   0.974154
1.77458e+09    0.0209011 -0.00597129   0.0114945  -0.203475 -0.0162134   0.976352
1.77458e+09   0.00279159 -0.00597129  0.00510287  -0.202742 -0.0230493   0.974643
1.77458e+09    0.0102484 -0.00810182   0.0072334 -0.200789  -0.02427  0.976596
1.77458e+09   0.00598739 -0.00384076   0.0104292  -0.202498 -0.0203638   0.976596
1.77458e+09    0.0187706 -0.00597129  0.00936393  -0.203963 -0.0215845   0.974154
1.77458e+09   0.00918318 -0.00810182  0.00510287  -0.200057 -0.0230493   0.974398
1.77458e+09    0.0209011 -0.00916708  0.00510287  -0.199813 -0.0198755   0.977572
1.77458e+09   -0.0004042 -0.00171023   0.0104292  -0.201277 -0.0223169   0.973178
1.77458e+09   -0.0131874  -0.0027755 0.000841811  -0.198348 -0.0240259   0.973422
1.77458e+09      0.01664 -0.00703656   0.0072334 -0.200789 -0.022561  0.976107
1.77458e+09    0.0230316 -0.00703656  0.00829866  -0.199324 -0.0191431   0.973666
1.77458e+09    0.0145095 -0.00490603  0.00510287  -0.200301 -0.0210962   0.975619
1.77458e+09   0.00918318 -0.00597129  0.00297233  -0.200789 -0.0201196   0.975131
1.77458e+09    0.0102484 -0.00597129 0.000841811  -0.202742 -0.0169458   0.976107
1.77458e+09   -0.0142526 -0.00171023  0.00190707  -0.202986 -0.0176782   0.975131
1.77458e+09  -0.0174484 0.00148556  0.0072334  -0.202254 -0.0208521   0.975131
1.77458e+09   -0.0004042 -0.00384076  0.00510287  -0.201277 -0.0191431   0.974643
1.77458e+09   -0.00146946 -0.000644969    0.0168208  -0.200545 -0.0181665   0.972934
1.77458e+09    0.0113137 -0.00171023   0.0168208  -0.202742 -0.0220728   0.974154
1.77458e+09    0.0219664 -0.00490603    0.013625  -0.200789 -0.0152368    0.97098
1.77458e+09    0.012379 -0.0027755  0.0157555  -0.204207 -0.0171899   0.975619
1.77458e+09    0.0219664 -0.00810182  0.00297233  -0.200545 -0.0201196   0.974643
1.77458e+09    0.0145095 -0.00490603    0.013625  -0.203719 -0.0196314   0.973422
1.77458e+09   0.00598739 -0.00490603   0.0125597  -0.204695 -0.0215845   0.980014
1.77458e+09  -0.00359999  -0.0027755   0.0114945  -0.202986 -0.0215845   0.974154
1.77458e+09  -0.0142526 -0.0027755 0.00936393  -0.205428 -0.0232935   0.978061
1.77458e+09  -0.00359999 -0.00490603  0.00829866  -0.201277 -0.0191431   0.972934
1.77458e+09     0.012379 -0.00703656   0.0125597  -0.204207 -0.0210962   0.977084
1.77458e+09   0.00279159 -0.00490603   0.0072334 -0.201277 -0.022561  0.973178
1.77458e+09   0.00598739 -0.00490603 0.000841811  -0.200789 -0.0193872   0.969516
1.77458e+09  0.000661066 -0.00597129  0.00616813  -0.202742 -0.0186548   0.975131
1.77458e+09    0.0145095 -0.00597129   0.0072334  -0.201277 -0.0254907   0.974643
1.77458e+09   -0.0131874 -0.00171023  0.00510287  -0.203963 -0.0201196   0.973178
1.77458e+09   -0.019579 0.00148556 0.00190707  -0.205184 -0.0230493   0.977328
1.77458e+09   -0.0270358 0.000420297  0.00190707  -0.205428 -0.0203638   0.977572
1.77458e+09   -0.0131874 0.000420297  0.00829866  -0.203475 -0.0223169   0.976107
1.77458e+09   0.00172633 -0.00490603  0.00616813  -0.203963 -0.0198755   0.975131
1.77458e+09   0.00172633 -0.00703656 0.000841811  -0.202742 -0.0191431   0.974398
1.77458e+09   -0.0206442 0.000420297   0.0040376  -0.201522 -0.0191431   0.972689
1.77458e+09  -0.0217095 0.00148556 0.00829866  -0.202254 -0.0198755   0.975131
1.77458e+09    -0.0142526 -0.000644969    0.0114945  -0.203475 -0.0206079   0.976352
1.77458e+09    0.0198358 -0.00597129  0.00936393  -0.203231 -0.0210962   0.976596
1.77458e+09   0.00385686 -0.00384076  0.00829866  -0.201277 -0.0181665   0.971957
1.77458e+09    0.0187706 -0.00810182   0.0125597  -0.203963 -0.0176782   0.975131
1.77458e+09  -0.00359999 -0.00597129  0.00297233  -0.201766 -0.0196314   0.978061
1.77458e+09   -0.0131874 -0.00171023  0.00510287  -0.202986 -0.0201196   0.976352
1.77458e+09  0.000661066 -0.00597129   0.0072334  -0.201033 -0.0203638   0.971957
1.77458e+09   0.00279159 -0.00703656  0.00297233  -0.200057 -0.0228052   0.975375
1.77458e+09    0.0262274 -0.00810182  0.00936393  -0.201522 -0.0193872   0.974154
1.77458e+09    -0.02384 0.00148556  0.0072334   -0.19908 -0.0186548    0.97098
1.77458e+09    -0.0185137 -0.000644969   0.00510287  -0.200057 -0.0196314   0.975619
1.77458e+09   -0.0249053 0.000420297  0.00936393  -0.201766 -0.0169458   0.975863
1.77458e+09  0.000661066 -0.00384076   0.0072334  -0.199813 -0.0245142   0.975619
1.77458e+09   -0.00573052 -0.000644969    0.0125597  -0.201277 -0.0218286   0.977572
1.77458e+09    0.0155748 -0.00597129    0.017886  -0.20201 -0.022561  0.976352
1.77458e+09    0.0198358 -0.00810182   0.0104292  -0.198592 -0.0252466   0.972934
1.77458e+09   0.00172633 -0.00384076  0.00510287  -0.199568 -0.0206079   0.972201
1.77458e+09    0.0209011 -0.00490603   0.0072334  -0.201033 -0.0206079   0.974398
1.77458e+09  -0.00786105 0.000420297   0.0072334  -0.200057 -0.0198755   0.973666
1.77458e+09   -0.019579 0.00148556 0.00936393  -0.203475 -0.0176782   0.972201
1.77458e+09  -0.00359999  -0.0027755   0.0125597  -0.202742 -0.0232935   0.976107
1.77458e+09   -0.0131874 0.000420297   0.0114945  -0.203475 -0.0181665   0.977084
1.77458e+09    0.0113137 -0.00384076    0.017886  -0.200057 -0.0215845   0.973422
1.77458e+09  0.00705265 -0.0027755  0.0114945  -0.201033 -0.0193872   0.973178
1.77458e+09  -0.00892632 -0.00171023   0.0146903  -0.203475 -0.0162134   0.974154
1.77458e+09   -0.0110568 -0.00171023   0.0040376  -0.199813 -0.0206079   0.972445
1.77458e+09  -0.00466526 -0.00490603  0.00297233  -0.203231 -0.0206079    0.97391
1.77458e+09  -0.00679579 -0.00171023  0.00297233  -0.200057 -0.0210962   0.973666
1.77458e+09   0.0102484 -0.0027755 0.00616813  -0.204939 -0.0206079   0.977328
1.77458e+09   -0.00253473 -0.000644969    0.0168208  -0.202254 -0.0171899   0.974398
1.77458e+09  -0.0217095 0.00148556 0.00829866  -0.201277 -0.0196314   0.976107
1.77458e+09     -0.02384 0.000420297  0.00829866  -0.205672 -0.0179224   0.979525
1.77458e+09   -0.0153179 -0.00171023  0.00829866  -0.200301 -0.0206079   0.975131
1.77458e+09    0.0177053 -0.00810182   0.0114945 -0.204207 -0.022561  0.977816
1.77458e+09   0.0272927 -0.0102323 0.00829866  -0.202254 -0.0213403   0.974398
1.77458e+09      0.01664 -0.00703656   0.0072334  -0.199324 -0.0196314   0.972201
1.77458e+09   -0.0142526 -0.00171023   0.0040376  -0.199813 -0.0203638   0.972201
1.77458e+09  -0.00466526 0.000420297   0.0114945  -0.199324 -0.0174341   0.972689
1.77458e+09  -0.00146946 -0.00171023   0.0072334  -0.202254 -0.0218286   0.972689
1.77458e+09   -0.0217095  0.00148556 0.000841811  -0.198348 -0.0215845   0.973666
1.77458e+09   -0.0185137 0.000420297  0.00829866  -0.205916 -0.0215845   0.978549
1.77458e+09   -0.0131874 0.000420297   0.0114945 -0.203231 -0.022561  0.978061
1.77458e+09    0.0198358 -0.00597129   0.0114945  -0.201766 -0.0176782   0.974643
1.77458e+09     0.01664 -0.0102323 0.00829866  -0.204695 -0.0174341    0.97684
1.77458e+09  -0.00466526 -0.00490603  0.00616813  -0.200789 -0.0215845   0.979281
1.77458e+09  -0.00786105 -0.00384076  0.00510287  -0.201522 -0.0201196   0.973666
1.77458e+09  0.000661066 -0.00597129  0.00616813  -0.201033 -0.0230493   0.973422
1.77458e+09  -0.00253473  -0.0027755 0.000841811  -0.199813 -0.0213403   0.972201
1.77458e+09  -0.00466526 -0.00171023  0.00616813  -0.201277 -0.0176782   0.973178
1.77458e+09    0.0134442 -0.00384076   0.0114945  -0.199813 -0.0176782   0.971713
1.77458e+09  -0.00146946 0.000420297   0.0157555  -0.201766 -0.0223169   0.971957
1.77458e+09    -0.0004042 -0.000644969    0.0104292  -0.203963 -0.0196314   0.978305
1.77458e+09   -0.00253473 -0.000644969    0.0125597  -0.201766 -0.0247583   0.979525
1.77458e+09    0.0198358 -0.00597129   0.0125597  -0.203719 -0.0220728   0.972689
1.77458e+09   0.00705265 -0.00703656  0.00510287  -0.201766 -0.0206079   0.974887
1.77458e+09   0.00705265 -0.00703656  0.00510287  -0.204207 -0.0223169   0.977572
1.77458e+09   -0.0121221 0.000420297   0.0114945  -0.200301 -0.0159692   0.971957
1.77458e+09   -0.0121221 0.000420297   0.0114945  -0.202254 -0.0215845   0.972201
1.77458e+09  -0.0217095 0.00255083  0.0125597  -0.200301 -0.0191431   0.970248
1.77458e+09  -0.0217095 0.00255083  0.0125597  -0.200301 -0.0191431   0.970248
1.77458e+09  -0.00892632  0.00148556   0.0072334  -0.205428 -0.0210962   0.978549
1.77458e+09  -0.00892632  0.00148556   0.0072334  -0.205428 -0.0210962   0.978549
1.77458e+09   0.00172633 -0.00597129  0.00616813  -0.202986 -0.0184107   0.971713
1.77458e+09   0.00172633 -0.00597129  0.00616813  -0.202986 -0.0184107   0.971713
1.77458e+09   0.00705265 -0.00490603   0.0114945  -0.202986 -0.0220728   0.975619
1.77458e+09   0.00705265 -0.00490603   0.0114945  -0.202986 -0.0220728   0.975619
1.77458e+09    -0.0142526 -0.000644969    0.0104292  -0.202986 -0.0215845   0.971957
1.77458e+09    -0.0142526 -0.000644969    0.0104292  -0.202986 -0.0215845   0.971957
1.77458e+09   0.00492212 -0.00597129  0.00510287  -0.202986 -0.0174341   0.975619
1.77458e+09   0.00492212 -0.00597129  0.00510287  -0.202986 -0.0174341   0.975619
1.77458e+09   -0.00679579 -0.000644969    0.0114945  -0.205428 -0.0198755   0.980014
1.77458e+09   -0.00679579 -0.000644969    0.0114945  -0.205428 -0.0198755   0.980014
1.77458e+09   0.00918318 -0.00916708  0.00616813 -0.203719 -0.022561  0.975863
1.77458e+09   0.00918318 -0.00916708  0.00616813 -0.203719 -0.022561  0.975863
1.77458e+09   -0.0142526  -0.0027755 0.000841811   -0.20201 -0.0201196   0.973178
1.77458e+09   -0.0142526  -0.0027755 0.000841811   -0.20201 -0.0201196   0.973178
1.77458e+09   -0.0110568 -0.00171023   0.0040376  -0.201277 -0.0191431   0.972689
1.77458e+09   -0.0110568 -0.00171023   0.0040376  -0.201277 -0.0191431   0.972689
1.77458e+09  -0.00999158 -0.00171023  0.00297233  -0.202498 -0.0213403   0.977084
1.77458e+09  -0.00999158 -0.00171023  0.00297233  -0.202498 -0.0213403   0.977084
1.77458e+09   0.00598739 -0.00384076   0.0157555  -0.203719 -0.0206079   0.977572
1.77458e+09   0.00598739 -0.00384076   0.0157555  -0.203719 -0.0206079   0.977572
1.77458e+09  -0.00359999 -0.00597129  0.00190707  -0.200301 -0.0186548   0.972445
1.77458e+09  -0.00359999 -0.00597129  0.00190707  -0.200301 -0.0186548   0.972445
1.77458e+09  -0.00359999  -0.0027755   0.0114945  -0.200057 -0.0184107   0.974643
1.77458e+09  -0.00359999  -0.0027755   0.0114945  -0.200057 -0.0184107   0.974643
1.77458e+09   -0.0004042 -0.00384076  0.00616813  -0.198836 -0.0210962   0.974643
1.77458e+09   -0.0004042 -0.00384076  0.00616813  -0.198836 -0.0210962   0.974643
1.77458e+09    0.0209011 -0.00916708   0.0072334  -0.200545 -0.0206079   0.977572
1.77458e+09    0.0209011 -0.00916708   0.0072334  -0.200545 -0.0206079   0.977572
1.77458e+09    -0.0185137 -0.000644969   0.00297233  -0.200545 -0.0213403   0.973178
1.77458e+09    -0.019579 0.000420297   0.0040376  -0.199813 -0.0215845   0.974643
1.77458e+09  -0.0270358 0.00255083 0.00829866  -0.197371 -0.0201196   0.974643
1.77458e+09  -0.0270358 0.00255083 0.00829866  -0.197371 -0.0201196   0.974643
1.77458e+09    0.0209011 -0.00703656   0.0072334  -0.202254 -0.0191431   0.976596
1.77458e+09    0.0209011 -0.00703656   0.0072334  -0.202254 -0.0191431   0.976596
1.77458e+09   0.00705265 -0.00490603   0.0104292  -0.203231 -0.0179224   0.975131
1.77458e+09   0.00598739 -0.00490603  0.00829866  -0.200545 -0.0193872   0.975375
1.77458e+09  -0.0259705 0.00148556  0.0040376  -0.201522 -0.0196314   0.974398
1.77458e+09   -0.0131874 -0.00171023   0.0072334  -0.203231 -0.0191431   0.974154
1.77458e+09  0.00811792 -0.0027755  0.0104292 -0.198592 -0.022561  0.973178
1.77458e+09    0.0145095 -0.00490603   0.0114945  -0.202498 -0.0176782   0.976107
1.77458e+09    0.0113137 -0.00597129   0.0040376  -0.200057 -0.0196314   0.974154
1.77458e+09  -0.0153179 0.00148556  0.0125597  -0.200301 -0.0186548   0.970004
1.77458e+09    0.0262274 -0.00810182  0.00829866  -0.202254 -0.0201196   0.976107
1.77458e+09   -0.00892632 -0.000644969    0.0040376  -0.201522 -0.0196314   0.974887
1.77458e+09  -0.0227748 0.00468135  0.0114945  -0.204939 -0.0198755   0.977328
1.77458e+09    0.0187706 -0.00703656  0.00936393  -0.199324 -0.0235376   0.974887
1.77458e+09   -0.00999158 -0.000644969   0.00190707  -0.205916 -0.0179224   0.976596
1.77458e+09  -0.00999158 -0.00171023  0.00510287  -0.203231 -0.0230493   0.974154
1.77458e+09  -0.00466526 0.000420297    0.013625  -0.202254 -0.0191431   0.972201
1.77458e+09   0.00598739 -0.00597129   0.0072334  -0.206893 -0.0206079   0.979525
1.77458e+09  0.00385686 -0.0027755 0.00936393  -0.201277 -0.0210962   0.973178
1.77458e+09   -0.00146946 -0.000644969    0.0114945  -0.204939 -0.0186548   0.972445
1.77458e+09  -0.0291663 0.00255083  0.0104292  -0.204939 -0.0220728   0.975131
1.77458e+09    -0.0163832 -0.000644969   0.00297233  -0.206404 -0.0162134   0.973178
1.77458e+09   -0.0004042 -0.00171023  0.00510287  -0.204695 -0.0210962    0.97391
1.77458e+09  -0.00359999 -0.00171023  0.00510287  -0.202498 -0.0193872   0.972934
1.77458e+09   -0.019579 0.00148556 0.00936393  -0.205428 -0.0188989   0.976107
1.77458e+09   -0.0153179 0.000420297  0.00510287  -0.202742 -0.0247583   0.975619
1.77458e+09  0.000661066 -0.00384076   0.0072334  -0.204939 -0.0210962   0.974398
1.77458e+09   0.00705265 -0.00810182  0.00510287  -0.205428 -0.0220728   0.978061
1.77458e+09   -0.0131874 -0.00171023  0.00616813  -0.203719 -0.0213403    0.97684
1.77458e+09   0.00811792 -0.00703656    0.013625  -0.202254 -0.0188989   0.972934
1.77458e+09  -0.00679579 -0.00490603  0.00510287  -0.202254 -0.0220728   0.973422
1.77458e+09    -0.0291663 -0.000644969   0.00190707  -0.203719 -0.0198755   0.977084
1.77458e+09   -0.00573052 -0.000644969    0.0104292  -0.201277 -0.0230493   0.973666
1.77458e+09   0.00811792 -0.00490603  0.00510287  -0.200301 -0.0247583   0.972689
1.77458e+09  -0.00679579 0.000420297   0.0125597  -0.203231 -0.0186548   0.973666
1.77458e+09     0.012379 -0.00384076    0.013625  -0.200545 -0.0245142   0.975131
1.77458e+09    0.0230316 -0.00916708  0.00829866  -0.201766 -0.0228052   0.976352
1.77458e+09   -0.0121221 -0.00384076  0.00616813  -0.203719 -0.0157251   0.975863
1.77458e+09  0.000661066  -0.0027755   0.0168208  -0.203475 -0.0271997   0.975619
1.77458e+09   -0.00999158 -0.000644969     0.013625  -0.203963 -0.0196314   0.977084
1.77458e+09   -0.0281011 0.000420297  0.00829866  -0.204207 -0.0201196   0.975375
1.77458e+09   -0.0131874 -0.00490603  0.00190707  -0.202254 -0.0223169   0.975619
1.77458e+09   0.00598739 -0.00703656   0.0040376  -0.200545 -0.0198755   0.975131
1.77458e+09   -0.0004042 -0.00384076   0.0072334  -0.199568 -0.0203638   0.972201
1.77458e+09  -0.00892632 -0.00384076  0.00616813  -0.199324 -0.0176782   0.971713
1.77458e+09  0.000661066 -0.00490603   0.0072334  -0.201766 -0.0167017   0.972689
1.77458e+09  -0.00786105 -0.00384076   0.0104292  -0.199813 -0.0235376   0.975619
1.77458e+09  -0.00573052 -0.00384076  0.00936393  -0.201766 -0.0186548   0.976107
1.77458e+09   0.00598739 -0.00597129  0.00510287  -0.200301 -0.0215845   0.976596
1.77458e+09  -0.00359999 -0.00171023    0.013625  -0.200057 -0.0191431   0.974154
1.77458e+09     0.012379 -0.00810182  0.00616813  -0.200057 -0.0159692   0.974398
1.77458e+09  -0.00892632  -0.0027755   0.0040376  -0.199813 -0.0176782    0.97391
1.77458e+09  -0.0185137 0.00148556  0.0104292  -0.199568 -0.0186548   0.973178
1.77458e+09    0.0187706 -0.00597129  0.00829866  -0.198348 -0.0206079   0.975619
1.77458e+09    -0.0206442 -0.000644969  0.000841811  -0.200301 -0.0206079   0.977816
1.77458e+09   -0.0131874 0.000420297   0.0104292  -0.200789 -0.0215845   0.975619
1.77458e+09    0.0102484 -0.00384076   0.0146903  -0.197859 -0.0213403   0.973422
1.77458e+09      0.01664 -0.00703656  0.00510287  -0.200789 -0.0196314   0.977328
1.77458e+09  0.00385686 -0.0027755 0.00936393  -0.198836 -0.0196314   0.975863
1.77458e+09  -0.0142526 0.00255083  0.0072334  -0.200545 -0.0167017   0.973178
1.77458e+09  -0.0163832 0.00148556  0.0125597  -0.202742 -0.0171899   0.974887
1.77458e+09   -0.0153179 -0.00171023 -0.00128872  -0.198836 -0.0220728   0.975131
1.77458e+09    0.0113137 -0.00597129  0.00510287  -0.202742 -0.0196314   0.976596
1.77458e+09   0.00279159 -0.00384076 -0.00128872  -0.199813 -0.0176782   0.975375
1.77458e+09  -0.00892632 -0.00171023   0.0040376  -0.201033 -0.0201196   0.974154
1.77458e+09   -0.0142526 0.000420297  0.00510287  -0.202254 -0.0140161   0.974643
1.77458e+09  -0.00892632 -0.00171023  0.00510287  -0.201033 -0.0193872   0.974154
1.77458e+09  0.000661066  -0.0027755  0.00510287  -0.202254 -0.0201196   0.975375
1.77458e+09   0.00705265 -0.00384076  0.00510287  -0.201033 -0.0193872   0.975619
1.77458e+09    0.0113137 -0.00597129  0.00510287  -0.203719 -0.0193872   0.972689
1.77458e+09   -0.00892632 -0.000644969   0.00510287  -0.201277 -0.0181665   0.972201
1.77458e+09  -0.00679579  0.00148556   0.0146903  -0.203231 -0.0191431   0.975375
1.77458e+09    0.0219664 -0.00490603   0.0146903  -0.204695 -0.0184107    0.97684
1.77458e+09  -0.00999158  -0.0027755  0.00190707  -0.204207 -0.0179224   0.974154
1.77458e+09   -0.00146946 -0.000644969    0.0114945  -0.204451 -0.0230493   0.976107
1.77458e+09   0.00492212 -0.00703656   0.0114945 -0.203475 -0.022561  0.973666
1.77458e+09    -0.0174484 -0.000644969   0.00936393 -0.202986 -0.022561  0.974643
1.77458e+09    -0.0110568 -0.000644969     0.013625  -0.202742 -0.0206079    0.97391
1.77458e+09  -0.00466526  -0.0027755  0.00829866  -0.202742 -0.0230493    0.97391
1.77458e+09   -0.0131874 0.000420297   0.0157555  -0.202986 -0.0223169   0.972934
1.77458e+09    -0.0163832 -0.000644969    0.0104292  -0.205184 -0.0235376   0.976352
1.77458e+09   0.00705265 -0.00703656 0.000841811  -0.202742 -0.0262232   0.977084
1.77458e+09    0.0209011 -0.00916708   0.0040376 -0.204207 -0.022561  0.976107
1.77458e+09  -0.00146946 -0.00384076  0.00829866  -0.204939 -0.0218286   0.976107
1.77458e+09   -0.0131874 -0.00171023 0.000841811  -0.202254 -0.0235376   0.973422
1.77458e+09   -0.0217095 0.000420297   0.0072334  -0.204207 -0.0167017   0.971713
1.77458e+09   0.00279159 -0.00490603   0.0114945  -0.203231 -0.0220728    0.97391
1.77458e+09    0.0102484 -0.00597129   0.0114945 -0.200789 -0.027688   0.97684
1.77458e+09   0.00279159 -0.00490603  0.00936393  -0.204207 -0.0186548   0.974643
1.77458e+09      0.01664 -0.00703656  0.00936393  -0.203231 -0.0267114   0.975619
1.77458e+09   -0.0121221 0.000420297   0.0040376  -0.199568 -0.0208521   0.971225
1.77458e+09  -0.0142526 0.00148556 0.00829866  -0.204207 -0.0174341   0.976352
1.77458e+09    0.0240969 -0.00703656   0.0104292  -0.203963 -0.0215845   0.976352
1.77458e+09   -0.0004042 -0.00597129  0.00190707  -0.203231 -0.0159692   0.975131
1.77458e+09    -0.0174484 -0.000644969   0.00616813  -0.204451 -0.0223169   0.979037
1.77458e+09   0.00279159 -0.00703656   0.0072334 -0.203231 -0.022561  0.977572
1.77458e+09  -0.00359999 -0.00490603  0.00190707  -0.201522 -0.0213403   0.973178
1.77458e+09   -0.0110568 -0.00171023   0.0040376  -0.199813 -0.0240259   0.971713
1.77458e+09   0.00172633 -0.00490603   0.0040376  -0.201522 -0.0157251   0.972934
1.77458e+09  -0.0217095 0.00148556 0.00829866   -0.19908 -0.0167017   0.971713
1.77458e+09   -0.0110568 0.000420297  0.00936393  -0.201277 -0.0198755   0.973178
1.77458e+09  -0.0131874 -0.0027755  0.0040376  -0.202742 -0.0149927   0.973666
1.77458e+09    0.0240969 -0.00916708  0.00829866  -0.201522 -0.0215845   0.977816
1.77458e+09   0.00279159 -0.00171023    0.013625  -0.203231 -0.0213403   0.977572
1.77458e+09   0.00492212 -0.00597129    0.013625  -0.200545 -0.0176782   0.975863
1.77458e+09    0.0230316 -0.00916708   0.0072334  -0.202254 -0.0181665   0.976596
1.77458e+09    0.0198358 -0.00810182  0.00936393   -0.20201 -0.0147485   0.973422
1.77458e+09  0.00279159 -0.0027755  0.0146903   -0.19908 -0.0167017   0.972689
1.77458e+09    -0.0142526 -0.000644969    0.0146903  -0.202742 -0.0169458   0.976107
1.77458e+09   0.00918318 -0.00597129   0.0146903  -0.200789 -0.0210962   0.977816
1.77458e+09   -0.00573052 -0.000644969   0.00936393  -0.200301 -0.0191431   0.973178
1.77458e+09    -0.0004042 -0.000644969    0.0157555  -0.201766 -0.0176782   0.974154
1.77458e+09    0.0145095 -0.00810182   0.0072334  -0.200301 -0.0215845   0.977084
1.77458e+09    -0.0227748 -0.000644969   0.00297233  -0.200789 -0.0169458   0.977572
1.77458e+09    0.0219664 -0.00703656   0.0104292  -0.201277 -0.0206079   0.973422
1.77458e+09  -0.00679579 -0.00384076  0.00297233 -0.199813 -0.022561   0.97391
1.77458e+09    -0.02384 0.00255083 0.00510287  -0.202986 -0.0191431   0.977328
1.77458e+09  -0.00466526 0.000420297   0.0200166  -0.198836 -0.0191431   0.971713
1.77458e+09     0.0102484  -0.00703656 -0.000223458  -0.202742 -0.0164575   0.974154
1.77458e+09    -0.0153179 -0.000644969   0.00829866  -0.201766 -0.0206079    0.97684
1.77458e+09   -0.0121221 0.000420297   0.0104292  -0.199813 -0.0184107   0.973666
1.77458e+09   -0.0249053 0.000420297   0.0040376   -0.20201 -0.0237817   0.974643
1.77458e+09   -0.0206442 0.000420297  0.00297233  -0.201277 -0.0215845   0.976596
1.77458e+09  -0.00679579  -0.0027755 -0.00235398  -0.202742 -0.0213403   0.975863
1.77458e+09  -0.00679579 -0.00171023   0.0104292  -0.200545 -0.0186548   0.972934
1.77458e+09  -0.00999158  0.00148556    0.013625   -0.20201 -0.0196314   0.975619
1.77458e+09  -0.0153179 0.00148556  0.0146903  -0.200301 -0.0201196   0.974154
1.77458e+09   -0.019579 0.00148556 0.00829866  -0.200301 -0.0206079   0.971469
1.77458e+09    -0.019579 0.000420297   0.0040376  -0.204939 -0.0274439   0.977572
1.77458e+09    -0.0185137 -0.000644969   0.00297233  -0.204207 -0.0223169   0.978061
1.77458e+09   0.00598739 -0.00384076   0.0072334 -0.202254  -0.02427  0.977084
1.77458e+09    0.0134442 -0.00810182  0.00616813  -0.201277 -0.0206079   0.973178
1.77458e+09    -0.0174484 -0.000644969   0.00829866  -0.203719 -0.0171899   0.973178
1.77458e+09   0.0102484 -0.0027755  0.0157555  -0.200301 -0.0201196   0.970736
1.77458e+09     0.012379 -0.00810182  0.00297233  -0.201277 -0.0232935   0.974643
1.77458e+09    -0.0110568 -0.000644969   0.00829866  -0.201766 -0.0228052   0.973422
1.77458e+09  0.00598739 -0.0027755 0.00829866  -0.201766 -0.0223169   0.973666
1.77458e+09   0.00705265 -0.00384076  0.00829866  -0.201766 -0.0213403   0.975131
1.77458e+09  -0.0227748 0.00255083 0.00616813  -0.203963 -0.0167017   0.974643
1.77458e+09   0.00918318 -0.00703656  0.00936393  -0.202742 -0.0191431   0.977084
1.77458e+09   0.00811792 -0.00384076   0.0104292  -0.201766 -0.0201196   0.975863
1.77458e+09   -0.0153179 0.000420297    0.013625  -0.204695 -0.0179224   0.975863
1.77458e+09  -0.00786105 -0.00171023  0.00616813  -0.203231 -0.0210962   0.974887
1.77458e+09    0.0177053 -0.00810182   0.0114945  -0.204451 -0.0203638   0.974887
1.77458e+09  -0.00786105  -0.0027755   0.0104292   -0.20201 -0.0210962   0.974154
1.77458e+09   -0.00999158 -0.000644969    0.0072334   -0.20201 -0.0176782   0.974887
1.77458e+09   -0.00146946 -0.000644969    0.0157555  -0.203231 -0.0240259   0.972201
1.77458e+09   -0.0153179 0.000420297   0.0104292 -0.200545 -0.015481  0.971225
1.77458e+09   -0.0206442 0.000420297   0.0072334  -0.204207 -0.0206079   0.975619
1.77458e+09  -0.00359999  -0.0027755  0.00616813  -0.202742 -0.0230493   0.976596
1.77458e+09    -0.0174484 -0.000644969    0.0040376  -0.202498 -0.0169458   0.974643
1.77458e+09   -0.00999158 -0.000644969     0.013625  -0.202254 -0.0230493   0.973666
1.77458e+09   0.0272927 -0.0102323 0.00936393  -0.201522 -0.0210962   0.976596
1.77458e+09   0.00705265 -0.00597129   0.0040376  -0.203719 -0.0191431   0.972689
1.77458e+09  -0.0206442 0.00255083  0.0114945  -0.203231 -0.0198755   0.975863
1.77458e+09   0.00492212 -0.00810182  0.00297233  -0.204207 -0.0171899   0.975863
1.77458e+09  0.00385686 -0.0027755  0.0072334  -0.200789 -0.0213403   0.975375
1.77458e+09      0.01664 -0.00703656    0.013625  -0.203475 -0.0157251    0.97391
1.77458e+09   0.0240969 -0.0102323 0.00510287  -0.199324 -0.0228052   0.972689
1.77458e+09  -0.00892632 -0.00171023  0.00616813  -0.203231 -0.0186548   0.972689
1.77458e+09   0.00918318 -0.00597129   0.0114945  -0.202742 -0.0196314   0.974398
1.77458e+09   0.00811792 -0.00384076  0.00936393  -0.200057 -0.0198755   0.976352
1.77458e+09    0.0145095 -0.00490603   0.0104292  -0.204939 -0.0191431   0.977816
1.77458e+09    0.0102484 -0.00384076   0.0104292  -0.202254 -0.0220728   0.977084
1.77458e+09   0.00492212 -0.00384076   0.0114945  -0.203719 -0.0218286   0.976107
1.77458e+09   0.00172633 -0.00490603   0.0104292  -0.200789 -0.0208521   0.974643
1.77458e+09   0.0230316 -0.0102323 0.00616813  -0.199324 -0.0188989   0.972934
1.77458e+09    0.0145095 -0.00490603   0.0125597  -0.200789 -0.0181665   0.972201
1.77458e+09   -0.00573052 -0.000644969    0.0104292  -0.198104 -0.0220728   0.971225
1.77458e+09   -0.0131874 0.000420297  0.00936393  -0.203963 -0.0196314   0.976596
1.77458e+09   0.00705265 -0.00490603   0.0125597  -0.201766 -0.0210962   0.977572
1.77458e+09  -0.00359999 -0.00171023  0.00510287  -0.202254 -0.0210962   0.975619
1.77458e+09    0.0198358 -0.00810182  0.00936393  -0.201766 -0.0215845   0.974887
1.77458e+09  0.000661066 -0.00703656  0.00190707  -0.200545 -0.0196314   0.976107
1.77458e+09  -0.0344927 0.00361609  0.0125597  -0.203719 -0.0210962   0.978549
1.77458e+09    0.0113137 -0.00384076   0.0146903  -0.200301 -0.0206079   0.971225
1.77458e+09    -0.0131874 -0.000644969    0.0072334  -0.201033 -0.0181665   0.972689
1.77458e+09  -0.00573052 -0.00171023   0.0072334 -0.201766 -0.022561  0.976107
1.77458e+09   0.000661066 -0.000644969    0.0104292  -0.197371 -0.0230493   0.971225
1.77458e+09   0.00492212 -0.00384076  0.00616813  -0.200789 -0.0215845   0.975131
1.77458e+09  -0.00253473 -0.00171023    0.013625  -0.202986 -0.0206079   0.977084
1.77458e+09  -0.00359999 -0.00171023   0.0146903  -0.200545 -0.0203638   0.974398
1.77458e+09    -0.0142526 -0.000644969   0.00616813  -0.202254 -0.0201196   0.975131
1.77458e+09    0.0102484 -0.00703656   0.0040376  -0.202986 -0.0193872   0.977084
1.77458e+09    0.0145095 -0.00810182   0.0072334  -0.199813 -0.0240259   0.975131
1.77458e+09  0.00492212 -0.0027755 0.00829866  -0.201033 -0.0179224   0.972934
1.77458e+09    -0.0185137 -0.000644969 -0.000223458  -0.201277 -0.0203638   0.972201
1.77458e+09    -0.0121221  -0.00384076 -0.000223458  -0.200789 -0.0181665   0.973178
1.77458e+09   0.00492212 -0.00384076  0.00616813  -0.198592 -0.0206079   0.972201
1.77458e+09     0.012379 -0.00597129  0.00829866  -0.203475 -0.0191431   0.974643
1.77458e+09    0.0102484 -0.00490603  0.00829866  -0.202254 -0.0206079   0.977816
1.77458e+09   0.00492212 -0.00384076  0.00616813  -0.203475 -0.0220728    0.97684
1.77458e+09   -0.0121221 0.000420297   0.0072334  -0.202254 -0.0179224   0.973666
1.77458e+09    0.0294232 -0.00810182   0.0104292  -0.203719 -0.0210962   0.976352
1.77458e+09    0.0102484 -0.00703656  0.00510287  -0.203719 -0.0181665   0.976596
1.77458e+09   -0.0163832 0.000420297   0.0125597   -0.20201 -0.0188989    0.97391
1.77458e+09  -0.00999158 -0.00171023   0.0072334  -0.203475 -0.0191431   0.975131
1.77458e+09  -0.00999158 -0.00171023  0.00936393  -0.202254 -0.0213403    0.97391
1.77458e+09   0.00385686 -0.00384076   0.0104292  -0.201277 -0.0198755   0.973178
1.77458e+09    -0.019579 0.000420297   0.0114945  -0.201522 -0.0213403   0.973422
1.77458e+09  -0.00253473 -0.00171023    0.013625  -0.203475 -0.0196314    0.97684
1.77458e+09   0.00172633 -0.00171023   0.0168208  -0.201766 -0.0193872   0.973666
1.77458e+09    0.0134442 -0.00490603    0.013625  -0.203475 -0.0198755   0.975375
1.77458e+09   0.0251621 -0.0112976  0.0072334  -0.207137 -0.0171899   0.977328
1.77458e+09  -0.00786105  -0.0027755 0.000841811  -0.201766 -0.0218286   0.974398
1.77458e+09  -0.00999158 -0.00171023  0.00510287  -0.204451 -0.0201196   0.975863
1.77458e+09     0.012379 -0.00703656  0.00829866  -0.202498 -0.0203638   0.975619
1.77458e+09  -0.00146946 -0.00490603  0.00190707  -0.202254 -0.0220728   0.973178
1.77458e+09     -0.02384 0.000420297  0.00297233  -0.203231 -0.0159692   0.973422
1.77458e+09  -0.0217095 0.00148556 0.00936393  -0.200789 -0.0240259   0.974643
1.77458e+09    0.0230316 -0.00703656   0.0146903  -0.204451 -0.0215845   0.978061
1.77458e+09    0.0230316 -0.00703656   0.0146903  -0.202742 -0.0220728   0.977084
1.77458e+09  -0.00679579 -0.00171023   0.0114945  -0.203231 -0.0193872   0.975863
1.77458e+09  -0.00679579 -0.00171023   0.0114945  -0.203231 -0.0193872   0.975863
1.77458e+09   0.00811792 -0.00597129   0.0072334  -0.202254 -0.0206079   0.974887
1.77458e+09   0.00811792 -0.00597129   0.0072334  -0.202254 -0.0206079   0.974887
1.77458e+09   0.00492212 -0.00490603   0.0040376  -0.204939 -0.0247583   0.977328
1.77458e+09   0.00492212 -0.00490603   0.0040376  -0.204939 -0.0247583   0.977328
1.77458e+09    -0.0185137 -0.000644969   0.00829866  -0.198348 -0.0247583   0.973422
1.77458e+09    -0.0185137 -0.000644969   0.00829866  -0.198348 -0.0247583   0.973422
1.77458e+09    -0.0206442 -0.000644969   0.00616813  -0.203231 -0.0198755   0.979037
1.77458e+09    -0.019579 -0.00171023   0.0072334  -0.199568 -0.0179224   0.972689
1.77458e+09   0.00279159 -0.00171023   0.0125597  -0.202986 -0.0188989    0.97684
1.77458e+09   0.00279159 -0.00171023   0.0125597  -0.202986 -0.0188989    0.97684
1.77458e+09   0.00279159 -0.00384076  0.00510287  -0.198836 -0.0196314   0.974887
1.77458e+09   0.00279159 -0.00384076  0.00510287  -0.198836 -0.0196314   0.974887
1.77458e+09   0.00279159 -0.00490603   0.0040376  -0.201766 -0.0206079   0.974887
1.77458e+09   0.00279159 -0.00490603   0.0040376  -0.201766 -0.0206079   0.974887
1.77458e+09   -0.0163832 0.000420297  0.00510287  -0.200301 -0.0220728   0.974398
1.77458e+09   -0.0163832 0.000420297  0.00510287  -0.200301 -0.0220728   0.974398
1.77458e+09  -0.00146946 -0.00171023   0.0157555  -0.202742 -0.0196314   0.978061
1.77458e+09  -0.00146946 -0.00171023   0.0157555  -0.202742 -0.0196314   0.978061
1.77458e+09  -0.00573052 -0.00384076   0.0114945  -0.198592 -0.0193872   0.971225
1.77458e+09  -0.00573052 -0.00384076   0.0114945  -0.198592 -0.0193872   0.971225
1.77458e+09   0.00492212 -0.00490603   0.0125597  -0.200057 -0.0235376   0.976596
1.77458e+09   0.00492212 -0.00490603   0.0125597  -0.200057 -0.0235376   0.976596
1.77458e+09    0.00385686 -0.000644969    0.0104292  -0.203963 -0.0201196   0.976107
1.77458e+09    0.00385686 -0.000644969    0.0104292  -0.203963 -0.0201196   0.976107
1.77458e+09   0.0155748 -0.0027755  0.0146903  -0.201766 -0.0125513   0.972934
1.77458e+09   0.0155748 -0.0027755  0.0146903  -0.201766 -0.0125513   0.972934
1.77458e+09   0.00918318 -0.00597129   0.0168208  -0.199813 -0.0230493   0.975863
1.77458e+09   0.00918318 -0.00597129   0.0168208  -0.199813 -0.0230493   0.975863
1.77458e+09  -0.00892632 -0.00384076  0.00510287  -0.200789 -0.0271997   0.974887
1.77458e+09  -0.00892632 -0.00384076  0.00510287  -0.200789 -0.0271997   0.974887
1.77458e+09  -0.00466526  0.00361609  0.00936393  -0.200545 -0.0213403   0.972934
1.77458e+09   0.00172633 0.000420297  0.00829866  -0.204939 -0.0162134   0.975863
1.77458e+09   -0.0153179 -0.00171023 -0.00235398  -0.203719 -0.0186548   0.974398
1.77458e+09  -0.0281011 0.00148556  0.0040376  -0.203719 -0.0186548   0.974398
1.77458e+09  -0.00146946  -0.0027755   0.0114945  -0.204939 -0.0220728   0.976107
1.77458e+09    0.0198358 -0.00703656   0.0157555  -0.202986 -0.0235376   0.975619
1.77458e+09   -0.0121221 -0.00384076  0.00616813  -0.204451 -0.0223169   0.977572
1.77458e+09   -0.0259705 0.000420297   0.0072334  -0.201277 -0.0149927   0.970248
1.77458e+09  -0.0259705 0.00148556  0.0040376  -0.200057 -0.0179224   0.970736
1.77458e+09  -0.0004042 -0.0027755 0.00510287  -0.205428 -0.0186548   0.974398
1.77458e+09  -0.00253473 -0.00171023   0.0072334  -0.202986 -0.0171899   0.972689
1.77458e+09  -0.00892632 -0.00171023   0.0114945  -0.206893 -0.0210962   0.977816
1.77458e+09  -0.00999158 -0.00171023   0.0104292 -0.204695 -0.022561  0.978061
1.77458e+09   -0.0174484 -0.00171023  0.00510287  -0.202986 -0.0167017   0.974643
1.77458e+09    0.0251621 -0.00916708   0.0125597  -0.200545 -0.0208521   0.973178
1.77458e+09      0.01664 -0.00810182   0.0189513  -0.203231 -0.0201196   0.973422
1.77458e+09    0.0198358 -0.00916708   0.0157555  -0.200545 -0.0196314   0.973178
1.77458e+09   0.00385686 -0.00490603   0.0072334  -0.20201 -0.022561  0.974887
1.77458e+09   0.00811792 -0.00490603   0.0114945   -0.20201 -0.0247583   0.977084
1.77458e+09  -0.00786105  -0.0027755  0.00510287   -0.20201 -0.0230493   0.976596
1.77458e+09   -0.0110568 0.000420297   0.0125597  -0.204695 -0.0186548   0.976107
1.77458e+09  0.00279159 -0.0027755  0.0157555  -0.202254 -0.0228052   0.975619
1.77458e+09  -0.0131874 -0.0027755  0.0072334  -0.202498 -0.0215845   0.975375
1.77458e+09   0.00172633 -0.00703656  0.00616813  -0.200301 -0.0201196   0.974643
1.77458e+09    0.0230316 -0.00916708  0.00829866  -0.198836 -0.0235376   0.971225
1.77458e+09    0.0177053 -0.00916708  0.00829866  -0.200057 -0.0220728   0.972201
1.77458e+09    0.0134442 -0.00810182   0.0072334 -0.199813 -0.022561  0.974154
1.77458e+09   -0.0174484 0.000420297   0.0072334   -0.20201 -0.0193872   0.975131
1.77458e+09  0.000661066 -0.00384076  0.00616813  -0.199324 -0.0186548   0.971469
1.77458e+09  0.00811792 -0.0027755  0.0114945  -0.202498 -0.0215845   0.974887
1.77458e+09   0.00705265 -0.00384076  0.00829866  -0.204207 -0.0201196   0.978061
1.77458e+09  -0.0153179 0.00255083  0.0114945 -0.201277 -0.022561  0.977328
1.77458e+09  -0.00679579  -0.0027755  0.00510287  -0.204207 -0.0201196   0.975375
1.77458e+09   0.00492212 -0.00703656  0.00297233  -0.201766 -0.0201196   0.977084
1.77458e+09  -0.00573052 -0.00171023  0.00829866  -0.201033 -0.0145044   0.974154
1.77458e+09  -0.0227748 -0.0027755 0.00297233  -0.199813 -0.0191431   0.972445
1.77458e+09   -0.0142526 -0.00384076  0.00510287  -0.200301 -0.0213403   0.974643
1.77458e+09  -0.0227748 0.00148556 0.00829866   -0.20201 -0.0201196   0.974643
1.77458e+09    0.00385686 -0.000644969    0.0125597  -0.199813 -0.0250024   0.973178
1.77458e+09     0.012379 -0.00384076  0.00616813  -0.202742 -0.0152368   0.975619
1.77458e+09    0.0155748 -0.00703656   0.0072334  -0.202254 -0.0171899   0.975619
1.77458e+09   0.00492212 -0.00490603   0.0040376  -0.200789 -0.0162134   0.973666
1.77458e+09  -0.00253473 -0.00171023  0.00936393  -0.201277 -0.0164575   0.975131
1.77458e+09  -0.00466526 -0.00916708 0.000841811  -0.200545 -0.0201196   0.974887
1.77458e+09   -0.0185137 -0.00171023  0.00190707  -0.199568 -0.0245142   0.975619
1.77458e+09     -0.02384 0.000420297  0.00829866  -0.201033 -0.0215845   0.972689
1.77458e+09  -0.0174484 0.00255083  0.0114945  -0.201766 -0.0206079   0.975863
1.77458e+09    0.00492212 -0.000644969    0.0104292   -0.20201 -0.0176782    0.97684
1.77458e+09   0.00598739 -0.00171023   0.0168208  -0.201766 -0.0152368   0.973422
1.77458e+09    -0.0153179 -0.000644969   0.00616813  -0.199813 -0.0201196   0.971713
1.77458e+09   -0.00892632 -0.000644969   0.00936393  -0.203719 -0.0215845   0.975863
1.77458e+09    0.012379 -0.0027755  0.0114945  -0.200789 -0.0240259   0.974643
1.77458e+09   0.0113137 -0.0027755   0.013625  -0.203475 -0.0210962   0.973666
1.77458e+09   0.00385686 -0.00171023   0.0125597  -0.204451 -0.0228052   0.977572
1.77458e+09  -0.00999158 -0.00171023  0.00616813  -0.203231 -0.0135278   0.973666
1.77458e+09    0.0209011 -0.00916708   0.0072334  -0.204207 -0.0184107   0.973666
1.77458e+09   0.0102484 -0.0102323  0.0040376  -0.202498 -0.0240259   0.975863
1.77458e+09  -0.00146946 -0.00597129 -0.00128872  -0.203231 -0.0171899   0.972934
1.77458e+09    -0.0217095 -0.000644969   0.00510287  -0.203231 -0.0213403   0.973422
1.77458e+09  -0.0259705 0.00255083  0.0125597  -0.205184 -0.0213403   0.974887
1.77458e+09    0.0177053 -0.00384076   0.0146903  -0.202742 -0.0179224   0.974154
1.77458e+09   -0.0004042 -0.00384076  0.00616813  -0.203719 -0.0171899   0.974154
1.77458e+09  -0.00999158 -0.00171023  0.00829866  -0.201277 -0.0228052   0.977816
1.77458e+09   0.0219664 -0.0102323  0.0040376  -0.201766 -0.0215845   0.974398
1.77458e+09  -0.00786105 -0.00490603  0.00616813  -0.204695 -0.0232935   0.979037
1.77458e+09     -0.019579 -0.000644969   0.00190707  -0.198836 -0.0267114   0.974154
1.77458e+09   -0.0121221 -0.00171023   0.0114945  -0.201522 -0.0198755   0.973666
1.77458e+09   -0.0206442 0.000420297   0.0157555  -0.202254 -0.0191431   0.978061
1.77458e+09  -0.00999158 -0.00171023   0.0125597  -0.200057 -0.0232935   0.974887
1.77458e+09    -0.0227748 -0.000644969   0.00190707  -0.199324 -0.0162134   0.970736
1.77458e+09   0.00172633 -0.00490603   0.0072334  -0.200789 -0.0254907   0.974643
1.77458e+09  0.000661066 -0.00384076  0.00190707  -0.198836 -0.0240259   0.974887
1.77458e+09   0.00385686 -0.00384076  0.00297233   -0.19908 -0.0232935   0.974643
1.77458e+09  0.00705265 -0.0027755 0.00297233  -0.202254 -0.0228052   0.975619
1.77458e+09   0.00172633 -0.00171023   0.0072334  -0.200789 -0.0179224   0.976596
1.77458e+09  -0.00679579 -0.00384076  0.00616813  -0.200789 -0.0162134   0.974398
1.77458e+09  -0.00892632 -0.00490603 0.000841811  -0.201277 -0.0245142   0.975619
1.77458e+09    -0.0174484  -0.00171023 -0.000223458  -0.202498 -0.0171899   0.976596
1.77458e+09   -0.0131874 0.000420297  0.00829866  -0.201766 -0.0215845   0.974643
1.77458e+09   0.0102484 -0.0027755   0.013625  -0.199568 -0.0181665   0.971225
1.77458e+09    0.0113137 -0.00384076  0.00829866  -0.202498 -0.0176782   0.974887
1.77458e+09   0.00918318 -0.00490603   0.0040376  -0.201766 -0.0188989   0.976107
1.77458e+09   -0.0110568 0.000420297   0.0040376  -0.202986 -0.0171899   0.974154
1.77458e+09   0.00918318 -0.00490603 0.000841811  -0.201766 -0.0188989   0.973178
1.77458e+09  -0.00892632  -0.0027755 -0.00341925  -0.204451 -0.0210962   0.977084
1.77458e+09  -0.0281011 0.00361609  0.0104292  -0.201277 -0.0203638   0.974154
1.77458e+09  -0.0110568 0.00148556   0.013625  -0.202254 -0.0193872   0.973666
1.77458e+09   0.00598739 -0.00384076    0.013625  -0.206648 -0.0147485   0.977084
1.77458e+09  -0.00359999 -0.00597129  0.00829866  -0.201277 -0.0203638   0.976107
1.77458e+09    0.0240969 -0.00810182  0.00936393  -0.201033 -0.0176782   0.972201
1.77458e+09    -0.0153179 -0.000644969    0.0072334  -0.201766 -0.0213403   0.973422
1.77458e+09    -0.0110568 -0.000644969   0.00936393  -0.202742 -0.0186548   0.975619
1.77458e+09   -0.0174484 0.000420297  0.00616813  -0.202254 -0.0218286   0.976107
1.77458e+09    -0.0142526 -0.000644969    0.0125597  -0.202742 -0.0186548    0.97391
1.77458e+09  -0.00786105 -0.00384076   0.0040376  -0.204207 -0.0201196   0.977084
1.77458e+09  0.00492212 -0.0027755  0.0114945  -0.202986 -0.0152368   0.972689
1.77458e+09  -0.00679579  -0.0027755   0.0114945  -0.204695 -0.0176782   0.974643
1.77458e+09  -0.0110568 -0.0027755 0.00936393  -0.203231 -0.0228052   0.977572
1.77458e+09  -0.00253473  -0.0027755   0.0125597  -0.200057 -0.0176782    0.97098
1.77458e+09      0.01664 -0.00384076   0.0157555  -0.197127 -0.0296411   0.972689
1.77458e+09    0.0209011 -0.00490603  0.00936393  -0.203231 -0.0181665   0.972445
1.77458e+09   0.00172633 -0.00171023  0.00616813 -0.203475 -0.022561  0.975131
1.77458e+09   0.00385686 -0.00171023   0.0104292  -0.202986 -0.0179224   0.975619
1.77458e+09   0.00492212 -0.00384076  0.00936393   -0.20201 -0.0208521   0.978061
1.77458e+09  0.00279159 -0.0027755 0.00829866 -0.203231  -0.02427  0.979525
1.77458e+09     0.012379 -0.00490603   0.0125597  -0.204939 -0.0230493   0.976107
1.77458e+09      0.01664 -0.00916708  0.00510287  -0.202254 -0.0247583    0.97391
1.77458e+09    0.0240969  -0.0112976 0.000841811  -0.200301 -0.0167017    0.96976
1.77458e+09  -0.00999158 -0.00171023 -0.00235398 -0.201766 -0.022561  0.975375
1.77458e+09   -0.0174484 -0.00171023 0.000841811  -0.198836 -0.0186548   0.971713
1.77458e+09    0.0102484 -0.00490603  0.00510287  -0.201277 -0.0186548    0.96976
1.77458e+09  0.000661066 -0.00171023  0.00829866  -0.207137 -0.0230493   0.980014
1.77458e+09    -0.0004042 -0.000644969    0.0125597  -0.202254 -0.0198755   0.974643
1.77458e+09   0.00279159 -0.00171023   0.0114945  -0.204207 -0.0220728   0.977328
1.77458e+09  -0.00573052 -0.00171023   0.0146903  -0.205428 -0.0223169   0.981479
1.77458e+09     0.01664 -0.0102323  0.0040376  -0.202254 -0.0147485   0.973178
1.77458e+09    0.0134442 -0.00597129   0.0125597  -0.201033 -0.0191431   0.973422
1.77458e+09    0.0155748 -0.00916708    0.013625   -0.20201 -0.0235376   0.973666
1.77458e+09    0.0155748 -0.00916708   0.0072334  -0.199568 -0.0191431   0.971713
1.77458e+09    -0.019579 0.000420297  0.00616813  -0.201277 -0.0235376   0.974643
1.77458e+09   -0.019579 0.00361609  0.0125597  -0.202254 -0.0191431   0.973666
1.77458e+09   0.0145095 -0.0027755 0.00936393  -0.202986 -0.0210962   0.976352
1.77458e+09    0.0102484 -0.00490603  0.00616813  -0.203231 -0.0203638   0.975619
1.77458e+09  -0.00253473 -0.00384076   0.0072334  -0.199568 -0.0186548   0.974398
1.77458e+09    0.0145095 -0.00703656   0.0104292  -0.205916 -0.0206079   0.977572
1.77458e+09   0.0134442 -0.0102323 0.00829866  -0.201033 -0.0162134   0.975131
1.77458e+09  -0.00359999 -0.00597129  0.00510287  -0.195906 -0.0191431   0.969516
1.77458e+09  -0.0131874 -0.0027755  0.0040376  -0.199324 -0.0257349   0.976596
1.77458e+09  -0.0217095 0.00255083   0.013625   -0.19908 -0.0186548   0.974154
1.77458e+09  -0.0217095 0.00361609   0.013625  -0.199568 -0.0232935   0.976596
1.77458e+09   0.00492212 -0.00384076  0.00829866  -0.200789 -0.0220728   0.976596
1.77458e+09  0.000661066  -0.0027755   0.0114945  -0.202986 -0.0162134   0.976596
1.77458e+09  0.00279159 -0.0027755   0.013625  -0.200301 -0.0210962   0.980258
1.77458e+09   0.00705265 -0.00597129   0.0072334  -0.202742 -0.0210962   0.978061
1.77458e+09    0.0102484 -0.00703656   0.0104292 -0.201766 -0.015481  0.973666
