  0.373718092866 -0.0459331393326   -1.18422240927 1.24264145305  -0.943722448105 -0.0914280109353    9.52460001367 -0.788080611385    1.0131756631  -6.18780508736 1774584238.22
  0.361429534497 -0.0232314267372   -1.31602903123 1.36495546398  -1.01514012121 -0.179125228626   9.52916774656 -0.323117023275   1.12425696726  -6.61670567043 1774584238.24
    0.36081977095 -0.00105457449104    -1.44835086309 1.49261925549  -1.15349989969 -0.259461710519   9.52993261012 0.258219317947  1.04899614675 -6.74819006026 1774584238.26
 0.371324823249 0.0169674238141  -1.57462815437 1.61790724159  -1.33501881927 -0.293605554774   9.51374429475 0.651446684223 0.699980492737 -5.71860955553 1774584238.28
 0.388051188666 0.0282056269227  -1.68739704958 1.73167204901  -1.52733315046 -0.248461473526    9.4683526101 0.792856915566 0.374779321457 -5.18188528045 1774584238.3
 0.402544373356 0.0317247420331  -1.77867017505 1.82392873309  -1.69595396888 -0.105199179874    9.3869289586   0.413036317748 0.00976814967166   -3.83778209491 1774584238.32
 0.404533629309 0.0285954302892  -1.84054584755 1.88469471607 -1.81152796378 0.134863859526  9.27174292026 -0.462655631643  -0.25321809131  -2.21251935233 1774584238.34
 0.384277529104 0.0217270350579  -1.86602617733 1.90530705607 -1.85628672573 0.448688186443  9.13573326429  -1.72859796558 -0.331908165212  -0.23355942951 1774584238.36
  0.33496322221 0.0152372136113   -1.8499458497 1.8800883436 -1.82820227313 0.794935481992  9.00124154276  -3.04618838553 -0.193449906791   1.78936052673 1774584238.38
 0.254576975012 0.0134903284185  -1.78983881712 1.80790332055 -1.74186270466  1.12187498061  8.89596647068 -4.69381265774 0.119351620644  4.07599172647 1774584238.4
 0.146775568112 0.0200223431296  -1.68652830898 1.69302147021 -1.62581342956  1.37811902884  8.84699958679  -5.8374345095 0.576487323186  6.12526044693 1774584238.42
0.0205203326703 0.0366050523607   -1.5442415618 1.54481164389 -1.51689854409  1.52374079853  8.87437721014 -6.80079269921  1.12331589746  8.33212581415 1774584238.44
-0.111468815798 0.0626776679873  -1.37013508944 1.37609009526 -1.45280122288  1.53909982125  8.98577429298 -6.31317000817  1.44948319203  9.16250254274 1774584238.46
-0.235096355256 0.0952938081319  -1.17325700886 1.20036794982 -1.46437362515  1.42914195205  9.17372993287 -5.41184488748  1.60219377625  9.74198196367 1774584238.48
-0.337565345672  0.129614259949 -0.963133713404 1.02877440135 -1.56938064759  1.22199475832  9.41619737103 -4.38143502347  1.61959151168   10.661880585 1774584238.5
-0.409730998211  0.159847266955 -0.748297218467 0.867974289258 -1.76895216389 0.962114448876  9.68040270339 -2.63138275733  1.21506911106  10.2346146584 1774584238.52
-0.447611157015   0.18042908945 -0.535116743725 0.720597206224 -2.04742124472 0.699677237374   9.9291766606 -1.07703140551 0.684185354906  10.5414962749 1774584238.54
-0.452751098683  0.187175831897 -0.327235932275 0.58915337967 -2.37546505036 0.478922134119  10.1283017233   0.394395068365 -0.0557696796599    9.97633522887 1774584238.56
-0.431427838486  0.178140677239 -0.125755106872 0.483402966078 -2.71574197589  0.32842057755  10.2531601782   1.51130752797 -0.838978745011   10.0376512488 1774584238.58
-0.392954284196  0.153980565252 0.0699165720956 0.42779832982  -3.0297087895 0.255677266226  10.2931545874  2.16310273409 -1.55692865774  9.96716772656 1774584238.6
-0.347534003428  0.117756713985  0.260811796342 0.450188094399 -3.28412668287 0.247234410904  10.2529553046  2.10229371781 -1.88855407681  8.93341635902 1774584238.62
-0.304181165951 0.0742329862369  0.447146081015 0.545872087336 -3.45595564794 0.273943442823  10.1504461588  2.0410726243 -2.3150179492  9.5470771329 1774584238.64
-0.269154514649 0.0288574160313   0.62743031648 0.683334255876 -3.53482115325 0.299735443341   10.012053572  1.46721091121 -2.17753610676  8.73166551123 1774584238.66
 -0.245190199528 -0.0133174527478   0.798213117838 0.835128594877 -3.52286788977 0.291431982613  9.86672720611 0.935553491411 -1.92796786356  8.14990913523 1774584238.68
 -0.231607500814 -0.0485186364457   0.954514501258 0.983409388621 -3.43241817379 0.227070671664  9.74004712681 0.528518056148 -1.62094197643  7.72019248622 1774584238.7
 -0.225159380522 -0.0747511066608    1.09080818924 1.11630953606 -3.28227979226 0.100828465191  9.64974475408 0.263237591258  -1.1117642353  6.35884218453 1774584238.72
 -0.221351455717 -0.0918342741563    1.20226244599 1.22591394066   -3.09371489848 -0.0763274098923    9.60344014884  0.240339768666 -0.680813235099   5.05479202716 1774584238.74
-0.215883419182 -0.101027229349   1.28589889639 1.30780278463  -2.88697953981 -0.279985619863   9.59878218355  0.361557149889 -0.293542851673   3.25083563688 1774584238.76
-0.205878896754 -0.104396213761   1.34137944613 1.36109643599 -2.67903379379 -0.47843692153  9.62560507135   0.615203006713 -0.0755995856376    2.08088204848 1774584238.78
-0.190648429899 -0.104128245945   1.37125451986 1.38835459219  -2.48261402738 -0.639929093287     9.669318438  0.891424526613 0.0632325694692   1.02891202748 1774584238.8
-0.171851646367 -0.101982514777   1.38065483753 1.39504164886  -2.30647433708 -0.739317467073   9.71459567184 0.990477552059 0.134987826283 0.139236973408 1774584238.82
 -0.153062365889 -0.0990058067049    1.37653820325 1.38855596309 -2.15634482413 -0.76276138907  9.74851417403  0.845668894983  0.165062126796 -0.358262073984 1774584238.84
 -0.138868917443 -0.0955447713344    1.36668192101 1.37703770928  -2.03607167713 -0.709710466965   9.76257334374  0.453810636581  0.176337653918 -0.420521342182 1774584238.86
-0.133737860859 -0.091496864416   1.35863124793 1.36826034054  -1.94849002688 -0.592083527372   9.75337909115 -0.0499974543194   0.216789102547  -0.193127320839 1774584238.88
 -0.140913502996 -0.0866794426272    1.35878421231 1.36881864274  -1.89577731524 -0.431127291672   9.72213316915 -0.710156314156  0.262962444716  0.333858844343 1774584238.9
 -0.161608036757 -0.0811768694478    1.37173358122 1.38360393883  -1.87926094911 -0.252848425797   9.67331184875 -1.47644460641 0.305770190682  1.12999056535 1774584238.92
 -0.194661484559 -0.0755482897887    1.39992000014 1.415406883   -1.89883621814 -0.0830857756003    9.61301271874 -1.98365878051 0.273153283326  1.89738243525 1774584238.93
 -0.236735204683 -0.0708317270334    1.44359320256 1.46458937084  -1.95224824109 0.0567746457053   9.54739802612 -2.07773205391 0.169465581002  2.37897335784 1774584238.96
 -0.282976034619 -0.0683451104815    1.50103889143 1.52900760099  -2.0345026692 0.152696088031  9.48152194901  -2.15211105069 0.0350973696144   2.95801190758 1774584238.98
 -0.327980870294 -0.0693436612337    1.56900762544 1.60442043222 -2.13761788079 0.199124709236  9.41866714764 -2.04127749098 -0.15304867877  3.46253786286 1774584239
 -0.366828303149 -0.0746320944742    1.64327416124 1.68537322944 -2.25084785936 0.198385403644  9.36018561889  -1.90604222303 -0.417865103278   4.21409705323 1774584239.02
  -0.39593812044 -0.0842420527843    1.71925531887 1.76626797801 -2.36141507408  0.15871354945  9.30576093508  -1.25041182517 -0.605572773335   3.99508635181 1774584239.03
 -0.413570759125 -0.0972694033415    1.79261707704 1.84227524939  -2.45571091832 0.0915359473526   9.25397671147 -0.540822396477 -0.625545798095     3.175674834 1774584239.06
-0.419874030647  -0.11192768147   1.85980546651 1.90989486118   -2.52085282511 0.00870818285762    9.20306949022 -0.0688752264264  -0.671275829848    2.95810737772 1774584239.08
-0.416500404311 -0.125822485563   1.91844178191 1.96716109031  -2.54643161471 -0.079647115808    9.1517420707  0.359783322177 -0.631243739269   2.77891346977 1774584239.1
-0.405926617957 -0.136398568242   1.96753323099 2.01359578953  -2.52623783295 -0.166258813338   9.09990221074  0.792522914227 -0.480248354016   2.73271248875 1774584239.12
-0.390681599559 -0.141468012351    2.0074680661 2.05001788947  -2.45972231403 -0.246636327848   9.04917173284    0.94061392006 -0.0935793185046     2.0461359013 1774584239.13
 -0.37270969982 -0.139703236072   2.03979064424 2.07826258852  -2.35293039022 -0.317986470082   9.00299846146 0.857766355934 0.239154269184  1.35233186792 1774584239.15
-0.353057548568 -0.130978031769   2.06678515496 2.10081073735  -2.21866367959 -0.377572460819   8.96622524402 0.911569636187 0.520131821667  1.14465870731 1774584239.17
-0.331982181744 -0.116464552677   2.09093222064 2.120323964  -2.07568277873 -0.421134565719   8.94405186728  1.03527036267 0.772561883474  1.12897316599 1774584239.2
 -0.309456177815 -0.0984408720801    2.11433290611 2.13912537481 -1.94687725256 -0.44200118999  8.94047386611 1.31178327085 1.04348807466 1.34650221569 1774584239.22
  -0.28592203502 -0.0798249530625    2.13821144046 2.15871989784  -1.85649112673 -0.431362010378   8.95647352274  1.30268125474 0.980510756119  1.35517320587 1774584239.23
 -0.263055015797 -0.0635153380787    2.16260381755 2.17946952518 -1.82668030411 -0.37987713907  8.98841879196 0.986456827613 0.666544580244  1.13882597712 1774584239.25
 -0.244258191147 -0.0516728752946    2.18631072507 2.20051965148  -1.87385656236 -0.280419931956   9.02722558204 0.616981598465 0.399838794975 0.967424425139 1774584239.27
-0.234650471034 -0.045107594674   2.20714201846 2.22003860964  -2.00540009773 -0.131382380382   9.05879692004 0.0880525866728  0.200388056097  0.827519830913 1774584239.3
 -0.240416529921 -0.0429301108366    2.22241472801 2.23579299702  -2.21736397163 0.0602946909215   9.06604217512  -0.96506806212 0.0740261744115   0.65885989167 1774584239.32
 -0.267547611103 -0.0425841981137    2.22960116616 2.24600011092 -2.49372671021 0.277288713751    9.032422159  -2.41622399874 0.0796165171243  0.138119160921 1774584239.33
 -0.320180131007 -0.0403018362581    2.22697427284 2.25023420252 -2.80756576144 0.492038385502  8.94653087779  -3.06855557637  0.248958764929 -0.362648616879 1774584239.35
 -0.398891877667 -0.0319279445212    2.21407861314 2.24995071699 -3.12423342324 0.669274946158  8.80681626852  -3.80249535184  0.558700884603 -0.744657358294 1774584239.38
 -0.499400306421 -0.0139690044523    2.19187689335 2.24809255031 -3.40624863755 0.770825344777  8.62527753809 -5.05698090937  1.12142457418 -1.22378232908 1774584239.4
-0.612090748617 0.0153505517509   2.16248478364 2.247494419 -3.61922894828 0.761989342702  8.42895629439 -6.49474871046  2.01407777957 -1.84349989803 1774584239.42
-0.722670919868 0.0552691449239   2.12850271654 2.24851767863 -3.73785744358 0.618299542389  8.25831572343 -6.04712929522  2.59871694491 -2.10891823015 1774584239.43
-0.814016202894  0.102126784574   2.09206388624 2.24717234827 -3.75070285009 0.331212298726  8.16216068605 -3.58820295392  2.31352305899 -1.83162819414 1774584239.45
-0.86898182394 0.149604291151  2.05381709244 2.2351007815   -3.66277038264 -0.0886457939458    8.18950181491 -1.25518266598  1.83988174993 -1.68174054694 1774584239.47
-0.873680939648  0.189585019335   2.01212284679 2.2017945441  -3.49499897058 -0.611608780356   8.37955675963  1.06794372244  1.40908055791 -2.00787821838 1774584239.5
-0.820538529251  0.213521989503   1.96273716548 2.13803935856 -3.28050967019 -1.19267881512  8.75172496319  4.70733486467 0.705813105148 -3.25606776008 1774584239.52
-0.710395171745  0.214067924883   1.89917793425 2.0389613048 -3.05814123491 -1.77815703829  9.29768812787   7.47850477579 -0.751476405075  -4.16397455321 1774584239.53
-0.553084573869  0.186646919829   1.81382083826 1.90543581677 -2.86450835855 -2.31380952403  9.97765387193  7.94677600593 -1.92639064977 -4.60857371511 1774584239.55
-0.366226567125  0.130637464355   1.69958423945 1.74349494767  -2.7262928488 -2.75279675927  10.7221548898  8.66960478199 -3.11412387004 -5.96521171201 1774584239.58
-0.172391662737 0.0499019456893   1.55188112252 1.5622240902 -2.65457176288  -3.0617109444  11.4398367408   8.4344067771  -4.0489666793 -7.48324090783 1774584239.6
0.00480613819003 -0.0474780926076    1.37039367609 1.3712243054 -2.64262978015 -3.22366071499  12.0304988967   8.6872299916 -5.48066462208 -10.7251822137 1774584239.62
 0.144859800081 -0.150248029648    1.1602050935 1.17882767658 -2.66794225583 -3.23821111573  12.4015168369  6.39395813256  -5.5314623455 -12.2391798085 1774584239.63
 0.233871302974 -0.245644128012  0.931921968655 0.991723439091 -2.69801454736 -3.11881012171  12.4848823996  2.92788260045 -4.11350834383 -11.0461624962 1774584239.66
 0.266675739287 -0.321392488192  0.700624282816 0.815649107804 -2.69877272267 -2.88882784199  12.2516432141  0.31630446965 -2.89726286224 -10.6391590511 1774584239.68
 0.247195775361 -0.367692668923  0.483742462529 0.655980502904 -2.64349421581 -2.57737894181  11.7206455546  -1.8690975636 -1.34837036231 -9.44618223294 1774584239.7
 0.187052339225 -0.378832952981  0.298217708845 0.517142906499 -2.52005923853 -2.21576805069  10.9592589373  -4.0008526934 0.375396720843 -9.04245072161 1774584239.72
 0.102843568225 -0.354148219938  0.157487581481 0.400998877219 -2.33467655429 -1.83489795559  10.0751326748 -5.05961900662  2.34223747803 -6.65695740601 1774584239.73
0.0127638723675 -0.298150004615  0.068905798459 0.306274959393 -2.11110349921 -1.46353392694  9.19979349866  -4.2230378489  3.34647566771 -3.12254601322 1774584239.75
-0.0666869292983  -0.219806614393  0.0321354539121 0.231937020909 -1.88550713185 -1.12707081391  8.46668219606  -3.06584777615   3.76515340136 -0.677089360483 1774584239.77
-0.123261018618 -0.131098468349 0.0388648397515 0.18409389692  -1.69819825648 -0.846438288622   7.98761890112 -1.88174965342  3.92794117366 0.939647404384 1774584239.8
 -0.150386417245 -0.0450933286374  0.0739306026207 0.173537364228 -1.58423372947  -0.6369485616  7.83230469123 -0.629975718218    4.1110190131   2.06000827822 1774584239.82
-0.147356218833 0.0261390621538  0.117655673229 0.190367968004  -1.56514332518 -0.507137070472   8.01510152099 0.838751058551  3.11305824774  1.97117059792 1774584239.84
-0.118452595438 0.0734303338298  0.148979104776 0.204004423854  -1.64374721657 -0.457862399859    8.4920067478  1.90768647994  1.65120530775 0.782129967366 1774584239.86
-0.0713558412404  0.0919214788098   0.148814971924 0.188910323208 -1.80327419869 -0.48203714476  9.16870955534  2.49200624027 0.200662180034 -1.10916243117 1774584239.88
-0.0152563168963  0.0817399399171   0.103047664739 0.132412213149   -2.0109605479 -0.565321720059   9.91831602011   2.6216499228  -1.0293345246 -3.36546682335 1774584239.9
 0.0409475262025  0.0478279740544 0.00464879092804 0.063133400521 -2.22525414686 -0.68793819176   10.605265506  2.64490793138 -2.07875868849 -6.23882787573 1774584239.92
  0.0900852403311 -0.00105299013072   -0.145432759061 0.17107643532  -2.40491765665 -0.827493354007   11.1106051667  2.17460167322 -2.55370246263 -8.61388629258 1774584239.94
  0.127634947944 -0.0539717647702  -0.338731609758 0.365981877664  -2.51791241109 -0.962401731458   11.3534714268  1.61614259677 -2.57450318642 -10.8292328519 1774584239.96
  0.152097616458 -0.0998382459959  -0.560957021662 0.589723783179 -2.54804579925 -1.07524847185  11.3044542322 0.938597169372 -1.90124711587 -11.4883221202 1774584239.98
 0.164877144818 -0.129410538405  -0.79457184464 0.821751773121 -2.49794598408 -1.15532111015  10.9883309164  0.426454327212 -0.895544792995   -11.126233166 1774584240
0.169759618934 -0.13692806627 -1.02176031334 1.04477833126 -2.38782918156 -1.19964932339  10.4760337739 0.181078532903 0.209242020072 -10.8508444284 1774584240.02
 0.172097311464 -0.121067405566  -1.22722890102 1.24513677032  -2.2505028828 -1.21224267363  9.86807092014 0.200184225804  1.29060896596 -9.41734638475 1774584240.04
  0.177807119274 -0.0850449768285   -1.40034208185 1.41414495931 -2.12385396314 -1.20172200255  9.27335901768 0.533513011693   2.2498664683 -8.15904612931 1774584240.06
    0.1923042104 -0.0358533182817   -1.53625420489 1.54865856528 -2.04252760581 -1.17802454189  8.78813538086  1.04764165625   2.5689942879 -5.91814681572 1774584240.08
 0.219509676668 0.0172167374661  -1.63592058884 1.65067170788 -2.03055021141 -1.14914197918   8.4791919765  1.70482887434  2.48696944872 -4.18525314628 1774584240.1
 0.261082606884 0.0644791979969  -1.70510106372 1.72617824459 -2.09633278045 -1.11882530785  8.37433144177  2.42390239092  2.02427411275 -2.93197202482 1774584240.12
  0.31601549312 0.0978116602256  -1.75265480847 1.78360079346 -2.23092614214 -1.08588324754  8.46112149417 2.92895833865 1.17083057036 -2.0430553495 1774584240.14
 0.38068773527 0.112290509902 -1.78853000641 1.8320403637 -2.40972987049 -1.04522715217  8.69321861651  3.66334031021 0.257497924356 -1.90078280541 1774584240.16
0.449398055632 0.107187183678 -1.82186248778 1.87952936373   -2.5972210865 -0.990319647348   9.00215946334   3.27708939179 -0.636742140838  -1.72822963365 1774584240.17
 0.515306654389 0.0861339030753  -1.85952361612 1.93152480601  -2.75377337955 -0.916292374263    9.3118103337  2.93623067601 -1.21936352445  -2.0049000321 1774584240.2
 0.571631325661 0.0564259161232   -1.9053251016 1.99002763782 -2.84333675235 -0.82279580486  9.55263915055  2.50822370796 -1.50496391035 -2.58113486966 1774584240.22
 0.612878096138 0.0275898832388  -1.95993134681 2.05370680639  -2.84065588881 -0.715675480388   9.67347427526  1.45228531503 -1.06134878788 -2.62410097758 1774584240.24
  0.635862419802 0.00948500636878   -2.02138279025 2.11905624441  -2.73679558331 -0.606837598128   9.64919757148  0.694370457961 -0.437995140725  -3.19268170171 1774584240.26
 0.640301920234 0.0102914778177  -2.08602476046 2.18210718454  -2.54199163043 -0.512129564929   9.48365532816 -0.183515449611  0.660457908964  -3.34929009807 1774584240.28
  0.62883801531 0.0347652948254  -2.14958326852 2.23994511172  -2.28522998016 -0.447623188445   9.20781011683 -0.887616593015   1.90962003935  -3.20298036839 1774584240.3
 0.606461927014 0.0830949040862  -2.20813698189 2.29141217654  -2.01044999473 -0.425209452941   8.87374362161 -1.25428861281  2.94201380665 -2.77407049642 1774584240.31
 0.57945779359 0.150589749094 -2.25879594475 2.33679432709 -1.76982171457 -0.44873513232  8.54556134159  -1.1575032912  3.20932692072 -2.03051158634 1774584240.34
0.554097944339 0.228280788698 -2.29999475399 2.3767861744  -1.61508503991 -0.511901699977   8.28856653136 -1.11793597754  3.90105483822 -1.84251817489 1774584240.36
0.535395810898 0.304344717373 -2.33141638596 2.41138481916  -1.58836404039 -0.598758670379   8.15826740844 -0.727038964085   3.59357485167  -1.39911375117 1774584240.38
0.526213323426 0.366107614237 -2.35365591728 2.43939160937    -1.714088529 -0.686930664066   8.19083736956 -0.207011184624   2.39385869282 -0.889129592724 1774584240.4
0.526927722511 0.402268928723 -2.36778750278 2.45883931441  -1.99359755549 -0.752909280871   8.39652374479 0.245001014975    1.001548961  -0.5505513696 1774584240.42
0.535711360534  0.40493500113  -2.3749993282 2.46811280656   -2.4036330954 -0.778066395346   8.75715697475  0.534368832803 -0.744660625206 -0.205861596335 1774584240.44
0.549312510053 0.371074987642 -2.37641107476 2.46713811458  -2.89927549287 -0.753730980568   9.22833527591 0.710850584155 -2.55001145762 0.047453918774 1774584240.46
0.564095868628 0.303112167372 -2.37310447691 2.45798820041  -3.42101151799 -0.683841800607    9.7460932986 0.725045931793 -4.24952232508 0.264093951153 1774584240.48
 0.57704601341 0.208527848898  -2.3663093003 2.44456247006  -3.90472423247 -0.584318610333   10.2370281382 0.544021007968 -4.97407225664 0.376395832402 1774584240.5
 0.586468505338 0.0985555235342  -2.35762535553 2.43147194432 -4.29267199207 -0.47920863718  10.6301395849 0.364521957921 -5.33735764202 0.412089720367 1774584240.52
  0.592227678406 -0.0137632200601   -2.34914652602 2.42268703097  -4.54320310062 -0.394584106481   10.8682439263  0.21161767426 -5.01997055215  0.33349857142 1774584240.54
 0.595502673852 -0.115752000932  -2.34338797057 2.42063816811   -4.6371717558 -0.351800334351   10.9168765655   0.1527813292   -4.704375153 0.158074291622 1774584240.56
 0.598180290919 -0.197053433258  -2.34298769096 2.42615766924  -4.57976475656 -0.361877820216     10.76911315  0.175946686585  -3.60907666349 -0.182671506459 1774584240.58
 0.602095581995 -0.250987914642  -2.35023286481 2.43907944561  -4.39753052013 -0.422420804476   10.4455796721  0.270994755733   -2.0787479743 -0.626816810046 1774584240.6
 0.608355684283 -0.275106893314  -2.36652359885 2.45890511921  -4.13152231626 -0.517773492508   9.98987697401  0.369749000685 -0.496922826149  -1.03837984417 1774584240.62
 0.616937627541 -0.270934827831  -2.39191433228 2.48500943462  -3.82832046009 -0.622283645365   9.46050374242 0.434922473386 0.761256073953  -1.3864983093 1774584240.64
 0.626655219399 -0.243076742862  -2.42486106369 2.51629375176  -3.53107314383 -0.705826729676   8.92096723275  0.48735466033  1.91797967425 -1.84936399841 1774584240.66
 0.635474934433 -0.197981431203  -2.46225782293 2.55063494565  -3.27252788992 -0.740301377582   8.43002599602 0.361903188597  2.52229622721 -1.88218201566 1774584240.68
 0.641061011315 -0.142675100251  -2.49978254358 2.58461373703  -3.07139090375 -0.705698804221   8.03387026656  0.15018349398  2.90841517713 -1.78820699733 1774584240.7
  0.641374813051 -0.0837258891269   -2.53250658295 2.61380207132  -2.93242932422 -0.594547581655   7.76153118123 -0.14784172779  2.90710377495 -1.39955233456 1774584240.72
  0.635157640322 -0.0265934475556   -2.55566714923 2.63354647142  -2.84975874261 -0.413950770393   7.62401787325 -0.461534838608   2.60544659472  -0.79272387469 1774584240.74
 0.622184542218 0.0246066171323  -2.56546744436 2.6399511924  -2.81198112047 -0.184943100733    7.6167929846 -0.831187636719   2.43935363986 -0.106687807436 1774584240.76
0.603265058784 0.067004293102 -2.55976074909 2.6307400858  -2.80745748609 0.0606189825445   7.72444364472 -1.02769878014  1.80709592259  0.65793766098 1774584240.78
 0.580049986013 0.0986956266654   -2.5384927005 2.60579047575 -2.82811964009 0.285051784207  7.92600284251 -1.23110681192  1.30553326782  1.41958893818 1774584240.8
0.554748466219 0.118453952077 -2.50381627908 2.56726959218 -2.87081377478 0.450925138428  8.19944907186 -1.25757256653 0.673212443102  1.97020900164 1774584240.82
0.529851171871 0.125568403004 -2.45984741344 2.51939655187 -2.93605075603 0.527355333524  8.52443040542  -1.04688755135 0.0316426596537    2.0499821435 1774584240.84
0.507902520631 0.119869892414 -2.41208402777 2.46789041868 -3.02493153266 0.495650186421  8.88302941951  -1.01230316896 -0.621145364534   2.44962060977 1774584240.86
0.491299311518  0.10191312849 -2.36655774039 2.41916449169 -3.13562047261 0.353502353245  9.25911281169 -0.687054701784  -1.24026580688   2.21311776549 1774584240.88
 0.482053674435 0.0732077561955   -2.3288205837 2.3793151182 -3.26084302403 0.117012851089  9.63721791932 -0.256088615715  -1.70802448462    1.6588632817 1774584240.9
 0.481470654107 0.0363593065781   -2.3028907209 2.35296444137 -3.38745437194 -0.18002253652  10.0018840797 0.195216255818 -1.98274558023 0.976725563702 1774584240.91
    0.48975349926 -0.00499676410624    -2.29029604735 2.34208015282 -3.49833091064 -0.48985623032   10.337910267 0.531372610481 -1.82259114108 0.297454850601 1774584240.94
 0.505632799786 -0.046516084053  -2.28936509445 2.34499910661  -3.57598199454 -0.757413822443   10.6314476701  0.941179707424  -2.03337843332 -0.119385042611 1774584240.96
  0.526174334463 -0.0836824181209   -2.29491589086 2.35595015301 -3.60668371941 -0.92907169336  10.8713979203   1.08966665261  -1.74026794971 -0.240398380015 1774584240.98
   0.5469173651 -0.112450198546  -2.29847314837 2.3653207954   -3.5838001208 -0.962241446393   11.0504723724 0.947110748642 -1.20643036335  0.15227916607 1774584241
  0.56241913059 -0.129851065899  -2.28908834922 2.36074184279  -3.50928880356 -0.833946150445   11.1654868265  0.564152613575 -0.612934075998   1.21914711177 1774584241.01
 0.567154772328 -0.134437505175  -2.25473963375 2.32885997745 -3.39301954433 -0.54645360726  11.2168677815 -0.140346112654 0.0811353990125   2.52689462936 1774584241.03
 0.556591240648 -0.126481908273   -2.1841587326 2.25750766366  -3.25021451306 -0.128400347717   11.2077101254 -0.928790445642  0.632158167125   4.42982562495 1774584241.06
 0.528169216413 -0.107902954042  -2.06879972082 2.13788167435 -3.09782798346  0.36930385173  11.1428786694 -1.83159689013  1.09266821054  6.85818492618 1774584241.08
  0.481922613709 -0.0819371531353    -1.9045714203 1.96630501136 -2.95090466215 0.882325224505  11.0285361201 -2.69614885765  1.38523608872  9.41590262271 1774584241.1
  0.420546420714 -0.0526081656444   -1.69294296446 1.7451884689 -2.81987560901  1.34484464143  10.8721868448 -3.39556064186   1.4766685868  11.8271806826 1774584241.12
  0.348867409858 -0.0240738249369    -1.4411227876 1.48294400018 -2.70942289468  1.70204024476  10.6830078808 -3.75636280142  1.33905883335   13.522597686 1774584241.14
   0.272835518127 4.74481359452e-05    -1.16119584228 1.19281809441 -2.61906146477  1.92028837027  10.4720531214 -3.76970704556  1.03471690755  14.3393410665 1774584241.16
 0.198286887292 0.0172578251791 -0.868339426736 0.890858508533 -2.54507368585  1.99271196626  10.2519411123 -3.32309255606 0.616000803174  13.5376632005 1774584241.18
 0.129791268443  0.026563523511 -0.578460079641 0.59343698729 -2.48303568674  1.93882050179  10.0358414037 -3.21919962841 0.283995476417  14.1031393641 1774584241.2
0.0698667101597 0.0285869608637 -0.305737580215 0.31491909989 -2.4300298875 1.79846714443 9.83586163839   -2.91340331677 -0.0309027755188    13.5854856048 1774584241.22
 0.0187329372626   0.025385516107 -0.0605841814209 0.0683065912262 -2.38581167476  1.62176232823  9.66120915031  -2.44388158472 -0.220010633129   11.7340065372 1774584241.24
-0.0253800795365  0.0200123610814   0.151578543417 0.1549861215 -2.35263943311  1.45750115094  9.51668376804 -2.09736869442 -0.23615031861  9.73877752567 1774584241.25
-0.0654972651727  0.0159017333107   0.330524546691 0.337326596688 -2.33401574127  1.34283429296  9.40208840634    -1.8427774373 -0.0886070409384    7.61570474375 1774584241.28
-0.104956900333 0.0161860354083  0.480448193853 0.49204512562 -2.33299785502  1.29635614956  9.31296450058 -2.04464321643 0.180551988618  7.01560350842 1774584241.3
-0.146499046497 0.0230545864746   0.60845879785 0.626271181888 -2.35084442014   1.3157546262  9.24266911926 -2.18449209173 0.531263314559  6.11022298498 1774584241.32
-0.191575056713 0.0372513663534  0.722727052189 0.748614091916 -2.38653992078  1.38002478508  9.18531158966 -2.39477722876 0.889750710279  5.69259090251 1774584241.34
-0.239990790854 0.0577903209504  0.830696694133 0.866598118238 -2.43729850389  1.45530624128   9.1386487827 -2.51141612793  1.14139058709  5.49028907367 1774584241.36
-0.289914960212 0.0819449712644  0.937711136936 0.984920219512 -2.49969978807  1.50283250575  9.10589182328 -2.28020357843  1.10846514343  5.00432936742 1774584241.38
-0.338218364097  0.105541250777   1.04627530918 1.10463688153 -2.57084207316  1.48730006075  9.09560199462 -2.29047503344  1.04534220389  5.48577582834 1774584241.4
-0.381063689132  0.123544033372   1.15601584954 1.2234562958 -2.6489123651 1.38410224696 9.11940697053 -1.91800453249 0.635934014418  5.47111451661 1774584241.42
-0.414635290342   0.13087806404   1.26425485377 1.33693374066 -2.73284818952  1.18422747773  9.18798096245    -1.44154691395 -0.00459042188703      5.5483737011 1774584241.44
 -0.4358807756 0.123369475367  1.36700147754 1.44010593971 -2.82118472886 0.896104626951  9.30637096672 -0.713855624348 -0.807363539051   4.90606554611 1774584241.45
-0.443132812669 0.0986476526021    1.4601077793 1.52905617169 -2.91057497717 0.544219803043  9.47009805289 -0.0141231699687   -1.53007507886    3.98544443252 1774584241.48
-0.436495011519  0.056824423891   1.54033389016 1.60199419581 -2.99468525652 0.164864530123  9.66338387418 0.599544924771 -2.32655030114  3.47101904967 1774584241.5
  -0.417913012266 0.000781534819441     1.60611586645 1.65959635848  -3.06411510814 -0.200157066736   9.86034296072  1.08027087915 -2.86428705412  2.78627647367 1774584241.52
 -0.39090851504 -0.064046011688   1.65791234674 1.70457757471  -3.10767801542 -0.510696085758   10.0291719617  1.69713385773 -3.84590162165  2.69666247702 1774584241.54
-0.360020826412  -0.13040885446    1.6981037109 1.7407405544  -3.11490960122 -0.734982683741    10.138492177   1.7477626702 -3.62970048957  2.08533007408 1774584241.55
 -0.33006336366 -0.190407376144   1.73050928807 1.77196478211   -3.0792011944 -0.854663937233   10.1643291469  1.2441650666 -2.4226718811 1.40066391742 1774584241.58
-0.305345307127  -0.23687450497    1.7596566584 1.80159286276  -3.00064848204 -0.867236179467    10.095955637 0.866046670782 -1.56748193774  1.25461386356 1774584241.6
-0.289017709006 -0.264697047202   1.78997080338 1.83237311699  -2.88766497431 -0.785480535023   9.93906458425  0.529558257174 -0.815357852909   1.52733815608 1774584241.62
-0.282673296276 -0.271782471823   1.82504668259 1.86669903789  -2.75666115873 -0.634136492308   9.71539862859 0.0847308154129  0.161990322659   2.37616647541 1774584241.64
-0.286266237839 -0.259436721311    1.8671322648 1.90668263367  -2.62956772417 -0.444616484483   9.45883761904 -0.453436576319   1.15024829857   2.65824865964 1774584241.66
-0.298340048559 -0.232040077631   1.91689221388 1.95379762049  -2.52955673426 -0.248924612479   9.20878448182 -0.702413039297   1.47317238171   2.47175753656 1774584241.68
 -0.31648204419 -0.196065045506   1.97346022697 2.00826981598   -2.47583574458 -0.0740101957407      9.002286743 -0.816395891328   1.51558438959   2.43303987858 1774584241.7
-0.337881382743 -0.158634234375    2.0347341138 2.06868836778  -2.47872070224 0.0624258441099   8.86657789199 -0.984798436618   1.59215738902    2.8233536602 1774584241.72
-0.359863333087 -0.125929028739   2.09783158687 2.1321953723 -2.53624518301 0.154050339331  8.81361245602 -1.30863479703  1.75325880443  3.85251378214 1774584241.74
-0.380299730062  -0.10180375648   2.15961025803 2.19520121085 -2.63331036237 0.205770854488  8.83776119707 -1.17704338958  1.20890374415  3.69846561704 1774584241.76
 -0.397840015459 -0.0869243888791    2.21716062372 2.25424793637 -2.74386266068 0.231582862386  8.91721817048 -0.753522155336  0.551352386405   2.58500199862 1774584241.77
 -0.411953271529 -0.0786428507216    2.26819959065 2.30664682578 -2.83590496851 0.250893751503  9.01894960247 -0.503773591925  0.307967557518   1.89967036389 1774584241.8
  -0.42280923192 -0.0716601735057     2.3113165725 2.35076309427 -2.87844876096 0.283996786421  9.10629353883 -0.435197939182  0.439469113551    1.7739145946 1774584241.82
 -0.431052137388 -0.0593565423705    2.34604866537 2.38605814777 -2.84896436488 0.347451829827  9.14771635471 -0.449388317505   1.10311071898   1.87571508335 1774584241.84
 -0.437535864718 -0.0355107992085    2.37278449721 2.41304888471 -2.73963561566 0.450145931886  9.12486878491 -0.37638727713   1.9795877898  1.45272994419 1774584241.86
  -0.44309242673 0.00396868463565    2.39252018533 2.43320765376 -2.56086666239 0.590751703665   9.0380676423 -0.261893468235   2.29564452543  0.813343744202 1774584241.87
-0.448397724078 0.0596995477443    2.4065173941 2.44866300725 -2.34102370363 0.757147835784  8.90772326731 -0.21868847268  2.49601852019 0.470572164555 1774584241.9
-0.453976421141  0.128194032644   2.41594028035 2.46156367766 -2.12221598745 0.928083140783  8.77101899126 -0.268641237137   3.20075809594  0.338219788111 1774584241.92
-0.460350880283  0.202116854562    2.4215664387 2.47320807312 -1.95283098013  1.07694971682  8.67420028471 -0.422707605245   4.22950349754  0.228107255587 1774584241.94
-0.468289992676  0.271411945256   2.42366436546 2.48336644853 -1.87830298041  1.17703844547  8.66191763827 -0.595467492387   3.91303706605 0.0168672906854 1774584241.96
-0.479063161835  0.325082175496   2.42209648526 2.4903275523 -1.93201388621  1.20720373639  8.76590952632 -0.651274125375   2.02822096971 -0.174009410017 1774584241.97
-0.494571828038  0.353259768665   2.41664230442 2.49189762726 -2.12820178624  1.15661698974  8.99566748782 -0.788106889363  0.496727590035 -0.302280858526 1774584242
-0.517236412851  0.349141991794   2.40745501562 2.48702096683 -2.45831551129  1.02735751986  9.33346538788  -1.23802591154  -0.96482251581 -0.476062928083 1774584242.02
-0.549570256877  0.310398208189   2.39549354426 2.47724924775 -2.89153029044 0.834006504467  9.73528059434   -2.1969250136   -3.1521752303 -0.712279059329 1774584242.04
-0.593464814036  0.239768537273   2.38274051988 2.46721337181 -3.37930802025   0.6001050658   10.137851218  -3.18619787056  -5.29158962937 -0.749003776352 1774584242.06
-0.649315938495  0.144742076377   2.37204556794 2.46356685175 -3.86311705352 0.352161171611  10.4706747185  -2.98182106741  -4.98143742029 -0.397187058531 1774584242.07
-0.715206573501 0.0363864621921   2.36652417079 2.47250501888 -4.28385437693 0.112637745859  10.6704906638   -2.84899883097   -4.51368187231 -0.0721252377017 1774584242.1
  -0.78639759783 -0.0724370231861    2.36857520946 2.49676126754 -4.59122309413  -0.1061943076  10.6950285708  -3.1524304474 -4.62296422964 0.274317857248 1774584242.12
-0.855348782743  -0.16912875256   2.37871905065 2.53348187225  -4.75135156835 -0.305683148489   10.5327805105 -3.51224538759 -4.76277233819 0.724357145263 1774584242.14
-0.912394664863 -0.243295058242   2.39456054525 2.57401956378   -4.7512964248 -0.500234404428   10.2063538482 -2.94064787694 -3.81951161145  1.00985179481 1774584242.16
-0.947052627208 -0.288239885006   2.41021118973 2.60559185006 -4.59969763783 -0.71254681325  9.76842921927 -0.925766471092  -1.44806953097  0.541910715159 1774584242.17
-0.949776012355 -0.301766381216    2.4164422545 2.61387271913  -4.32363577285 -0.965684997085   9.29113662845  0.685976778797 0.0422642813236 -0.175915661766 1774584242.2
-0.913826379314 -0.286192755232   2.40169046779 2.58555642904 -3.96251141853 -1.27409992016  8.85128958336 2.51312509884 1.20489192477 -1.3935983969 1774584242.22
-0.836866142236 -0.247632907799   2.35383056276 2.51041536707 -3.56034377314 -1.63622714186  8.51493133257 5.35123709113 2.55045654096 -3.8830388683 1774584242.24
-0.721891136481 -0.194714376086   2.26241575515 2.38276426664 -3.15813157733 -2.03104451781  8.32476825576  8.44411334187  3.59860974398 -7.57486499966 1774584242.26
-0.577235522998  -0.13698668144   2.12092666736 2.20233878598 -2.78778627352  -2.4199731864  8.29326860833  7.65344831193  2.78352305146 -8.34260374265 1774584242.27
 -0.415569198809 -0.0833065322057    1.92851103149 1.97453603054 -2.46868711693 -2.75401977942  8.40272327812   6.9599653395  2.06554262873 -9.20620734848 1774584242.3
 -0.252030900904 -0.0404741304094    1.69076630942 1.70992644384 -2.20725283895 -2.98451813056  8.61181709661  7.02875828005  1.58991439321 -11.4083310402 1774584242.32
 -0.101845196541 -0.0123417491204    1.41930767998 1.4230105598 -1.99924060628 -3.07471310119   8.8667216975  7.51139466016  1.12196383049 -15.3619148588 1774584242.34
  0.0220972242932 0.000471906286491     1.13013368257 1.13034979121 -1.83392354306 -3.00910198002  9.11378812714  7.13938367108 0.421646659136 -19.3768074331 1774584242.36
   0.111200767472 0.000240586149211    0.841085411893 0.848404584304 -1.69897069067 -2.79802837535  9.31078988468   3.41852183335 -0.224565716528  -13.6856695395 1774584242.37
   0.162282322534 -0.00873697654875     0.56891833207 0.591675549209 -1.58480845845 -2.47632783426  9.43430805539   1.41053948199 -0.457652547168  -10.9185715699 1774584242.4
  0.177664848278 -0.0213238268039   0.326606496286 0.372412818415 -1.48747293355 -2.09643267967  9.48201718786 0.0453832317649 -0.539188724489   -10.035675088 1774584242.42
  0.164305874111 -0.0327783713783    0.12144675818 0.206930319117 -1.40940308349 -1.71775548459  9.46996388891  -1.19012651114 -0.482787961183  -9.74941448478 1774584242.44
  0.132221427567 -0.0397584522234 -0.0456621154777 0.145424445059 -1.35816122324  -1.3949925093  9.42606789986 -2.29165066317 -0.25889025471 -9.62078431161 1774584242.46
 0.0925803309793 -0.0408812835843  -0.179670681398 0.206213362287 -1.34356237132 -1.16805526303  9.38175979036   -1.8922752278 0.0748801828522  -6.04846795105 1774584242.47
 0.0558560160502 -0.0367365577897  -0.289756493155 0.297368953546 -1.37403382979 -1.05572755911  9.36380927553 -1.39797305516 0.258305740878 -4.65875240816 1774584242.5
 0.0303510411463 -0.0293830771237  -0.387050110349 0.389348608372 -1.45315299759 -1.05410448499   9.3880664866 -0.783141631728  0.345629624357  -4.36088823138 1774584242.52
 0.0212891860295 -0.0214809258691  -0.482240299566 0.483187713154 -1.57722813241 -1.13971017381  9.45621090806 0.00473860921902   0.356567992736   -4.97357653291 1774584242.54
0.0305382726901 -0.015294391469 -0.583565663565 0.584564272088 -1.73453588605 -1.27619415455  9.55587481186  1.11461426309 0.302022334288 -6.67494021307 1774584242.56
 0.0569109408893 -0.0118286489241  -0.695563501904 0.6979880782 -1.90646972267 -1.42286260592   9.6638353791  1.64986233199 0.123402648987  -5.8464553332 1774584242.57
 0.0969048195423 -0.0103304574929  -0.818742286649 0.824521797377 -2.07044956945 -1.54309369011  9.75144866422   1.93590433498 0.0770170065024  -5.55083971066 1774584242.6
   0.145692076125 -0.00829662663037   -0.950126623706 0.96126771304 -2.20406403651 -1.61090071531  9.79117580041  2.30794876515 0.189627332809 -6.05678695547 1774584242.62
    0.19815061597 -0.00201182814342    -1.08444325383 1.10239960306 -2.28963068423 -1.61445657924  9.76293898714  2.72880436286 0.545242949867 -6.96236131515 1774584242.64
 0.249744111496 0.0124940315339  -1.21560841335 1.24106085131 -2.31822473255 -1.55614552034  9.65912815202  3.07277413261  1.25145135044 -7.87840717796 1774584242.66
 0.297104500778 0.0382892051996  -1.33815503436 1.37127533472 -2.29227699809 -1.44950743291  9.48732832969  2.22420610048  1.60778456392 -5.84796258402 1774584242.67
 0.338244553073 0.0764672594814  -1.44829695372 1.48923493298 -2.22608010086 -1.31412350073  9.27021501062  1.71960105982  1.98982886905 -4.71011041175 1774584242.7
0.372418306141 0.125438246713 -1.54444493908 1.59365627359 -2.14393311982 -1.16991104946  9.04252879175  1.50332313199  2.55061897261 -4.37233953742 1774584242.72
 0.39973368291 0.180793028063  -1.6271349878 1.68524223919 -2.07612810707 -1.03234443989  8.84554106292  1.21432667902  2.77745588682 -3.87546592456 1774584242.74
0.420679805566 0.235823852169 -1.69846922243 1.76561096723  -2.05344216756 -0.909770712462   8.71989082561 0.926533958207  2.62045482439 -3.45159386711 1774584242.76
0.435741299014 0.282630991474 -1.76127326283 1.83625550057  -2.10114754403 -0.803323611041   8.69802489387 0.608490136118  1.92795749561 -2.96843039772 1774584242.78
0.445227135705 0.313600312838 -1.81821979297 1.8980241237  -2.23370971918 -0.709141148213   8.79762773976 0.338210964995  1.00131132022 -2.72971409582 1774584242.8
0.449354876093 0.322935506256 -1.87114898271 1.95125745645  -2.45126700044 -0.621900909332   9.01733020528 0.0829182408494 -0.143132501103  -2.57343723453 1774584242.82
0.448530478395 0.307898121182 -1.92074180728 1.99630406835  -2.73867817896 -0.538324476762   9.33563558654 -0.145586345769  -1.37269271552  -2.45006649033 1774584242.84
0.443683320919 0.269460007355 -1.96659534621 2.03395202514  -3.06744006199 -0.459389207929   9.71344932048 -0.303654068891  -2.41242225193  -2.19054395421 1774584242.86
0.436484669148 0.212198503603 -2.00763962069 2.06546941829  -3.40020676975 -0.390495875434    10.099938356 -0.349927314446  -3.06794738369  -1.85397605889 1774584242.88
0.429309392115 0.143438243842 -2.04275093275 2.09229836715  -3.69710307865 -0.339601720655   10.4407931608 -0.281851054154  -3.41172664782  -1.54906811381 1774584242.9
 0.424888017601 0.0718243431234  -2.07137542324 2.11572321153   -3.9226303558 -0.314075135899   10.6874395551 -0.0897466512011   -3.43657171489   -1.27786733736 1774584242.92
  0.425711141761 0.00565432406342   -2.09398500708 2.13682829387  -4.05180877799 -0.317494135186   10.8054637878 0.211013601767 -3.00391737417 -1.01901969797 1774584242.94
  0.433350136425 -0.0486394826394   -2.11224039923 2.15678409771  -4.07433148608 -0.347626965959   10.7805626506  0.559407765872  -2.34768016407 -0.877830615255 1774584242.96
  0.447908444215 -0.0875016345189   -2.12881732951 2.1771866555  -3.99590821951 -0.396396509515   10.6207444567  0.880044629061   -1.5813892107 -0.886557086606 1774584242.98
 0.467795700376 -0.110536165365  -2.14694086533 2.2000923027  -3.83656088478 -0.451909896928   10.3542334754   1.04111064075 -0.805935086085  -1.01406821788 1774584243
 0.489928883612 -0.120030114314  -2.16974630519 2.22760781293  -3.62626653057 -0.501905958219   10.0234299376   1.09672259287 -0.241012370599  -1.35804397991 1774584243.02
 0.510342001259 -0.119886009074  -2.19962487873 2.26123223499  -3.39888563628 -0.537499615452    9.6761575887  0.88242660696 0.144487610216 -1.70657594407 1774584243.04
 0.525070859084 -0.114276003984  -2.23770940772 2.30132609718  -3.18566203172 -0.556028313551   9.35609291321 0.519005002336 0.337464157612  -2.0991527807 1774584243.06
 0.531107502393 -0.106383995961   -2.2836124304 2.34697219114  -3.00967692581 -0.562111996447   9.09454613177 0.053491365458 0.418966311444 -2.44983750764 1774584243.08
  0.527205244535 -0.0975586218113   -2.33546158674 2.39621448908  -2.88245825693 -0.566579220267   8.90554312842 -0.406507776051  0.468353773153  -2.58631233698 1774584243.1
  0.514353695277 -0.0870812685852   -2.39020467927 2.44647118928  -2.80349127218 -0.583497534709   8.78542329123 -0.809395387768  0.643691947569  -2.80116921348 1774584243.12
  0.495814596756 -0.0725944232136   -2.44409887017 2.49493914791  -2.76269870698 -0.626018649856    8.7170389826 -0.942764968355  0.901393133991  -2.57995472536 1774584243.14
  0.476692582497 -0.0510728575624   -2.49326744586 2.53894206542  -2.74518686171 -0.702022648743   8.67738230208 -0.754666721328   1.21114272165  -2.07836078375 1774584243.16
  0.463095490255 -0.0200844786545   -2.53420766377 2.57625101698  -2.73689107604 -0.810605443631   8.64643799876 -0.390510469692   1.79451792581  -1.76529972959 1774584243.18
0.461009798289 0.020994448112 -2.56416135747 2.60535875996  -2.72943056505 -0.940326384812   8.61462298199 0.299937323299  2.25925395226  -1.1792408132 1774584243.2
 0.475075308619 0.0701525471673  -2.58130780654 2.62559858334 -2.72266220081 -1.06985117562   8.5865283081   1.21485271052   2.65523478843 -0.539334005914 1774584243.22
0.507483959905 0.122570391942 -2.58479356707 2.63699094707 -2.72410975885 -1.17120616591  8.57977165496  2.22204939656  2.73311755712 0.179740033235 1774584243.24
0.557238027121 0.171212572577 -2.57466172128 2.6398316126  -2.7454460807 -1.21531620422  8.61926231792  2.59924614985  1.97637476318 0.763150168946 1774584243.26
0.619966023715 0.208097771577  -2.5517683355 2.63423313151 -2.79718600622 -1.17888234056  8.72858000281  3.1919190046 1.33254775417 1.38460497315 1774584243.28
0.688400865151 0.225969834586 -2.51776531583 2.61994280527 -2.88336487299 -1.05110414685  8.92101544872  3.66465492455 0.325784076819   2.1019950018 1774584243.3
0.753485571083 0.219967522856 -2.47518338358 2.59666305078  -2.99801837367 -0.838470670866   9.19287430324 3.23494490787 -1.0212034573 2.48257786743 1774584243.32
 0.80592173642 0.188870989486 -2.42757685134 2.56482191683  -3.12473591541 -0.566022275243   9.52094711143  2.13709300028 -2.13692057394  2.42054277181 1774584243.33
0.837860488226 0.135599413305  -2.3796175398 2.52645542892 -3.23961309466 -0.27418060437  9.86486697505 0.946422075176 -3.00270232463  2.22889471791 1774584243.36
 0.844390305852 0.0668222060863  -2.33698049538 2.48574697659   -3.31687878141 -0.0113244452409    10.1737903573 -0.314589843913  -3.38982899512   1.73800074887 1774584243.38
   0.824512840075 -0.00822673237755    -2.30587637195 2.44886809471  -3.3356398341 0.176533678692  10.3958062348 -1.61323744776 -3.74615834555  1.14785464189 1774584243.4
  0.781403603485 -0.0794415451406   -2.29216404335 2.42299784404 -3.28582052013  0.25669056036  10.4879450973 -2.86814947974 -3.61716732404 0.161243303884 1774584243.41
 0.721899476146 -0.137637598037  -2.30010759388 2.41465896256 -3.17157686544 0.218654335496  10.4246841802  -3.09879427811  -2.37383310655 -0.954079327021 1774584243.43
 0.655304968336 -0.176039475801  -2.33098820854 2.42773979803  -3.01116463713 0.0786459488835   10.2033185216 -3.21035887644 -1.32025437539 -2.01723431863 1774584243.45
 0.591734752709 -0.191167608934  -2.38189681349 2.46173262204  -2.83321418907 -0.121733343209     9.845283067  -2.66004853623 -0.161081810551  -2.63861390454 1774584243.47
 0.540291892974 -0.183004203761  -2.44507451025 2.51073599346  -2.67033197277 -0.322777592486   9.39327492434 -2.02315212122 0.879645841974 -3.02814397832 1774584243.5
 0.507410057235 -0.154504094128  -2.50810942803 2.56358135901  -2.55164984675 -0.458600070663   8.90472356973 -1.24294694985  2.01484049317 -3.06532785808 1774584243.52
0.495661063084 -0.11065678514 -2.55514206076 2.60512490377  -2.49621134308 -0.471250201006   8.44274656439 -0.104479827137   2.43874071723  -1.52899489655 1774584243.53
  0.503248803286 -0.0573731960592    -2.5690066962 2.61846261129  -2.50886319859 -0.323918561211   8.06617079835 0.675232986451  2.59928759649 0.498779556903 1774584243.56
    0.524287160164 -0.000461547987146     -2.53399660089 2.58766613238   -2.57966780779 -0.0101598129187    7.82041511811  1.1030203202 2.66450254792  3.0855335717 1774584243.58
 0.549814241093 0.0551122454241   -2.4387468823 2.50056381947 -2.68692809888 0.443171813789  7.73091916864 1.13432126394 2.66895199655 6.42666922113 1774584243.6
0.569358693655 0.105587560957 -2.27863698961 2.35106456429  -2.8029589136 0.980203447677  7.80031519656 0.636375340958  2.58571519642  10.5752662462 1774584243.62
0.572776561714 0.148412562943 -2.05715972994 2.14056194327 -2.90101206209  1.52677554526  8.00973899893 -0.443022769172     1.954315704   12.6032705254 1774584243.63
0.552037906754 0.181995114249 -1.78588903576 1.87810215913 -2.96148132269  2.00527050429  8.32375333416 -1.68497277163  1.36851531894  13.7987397148 1774584243.66
0.502662028342 0.205358772766 -1.48297110653 1.57925445799 -2.97577410499  2.35013994664  8.69757445551 -3.04988797751 0.858165459919  14.7262258545 1774584243.68
0.424565610514 0.217862766614 -1.17039566732 1.26394072677 -2.94696977037  2.52054590114  9.08488836971 -4.73634120695 0.360548120744  16.0708999596 1774584243.7
0.322183694616 0.219097462868 -0.87058928701 0.953798583543 -2.88736305616  2.50726946189  9.44463169775  -6.23669015449 -0.250837212737   16.0309832449 1774584243.71
 0.203837872779  0.208985184253 -0.603030193382 0.669977686006 -2.81389293272  2.33250099878  9.74562667461  -6.03578308055 -0.775795133141    12.210280333 1774584243.73
0.0804504026476  0.188026844702  -0.38156719636 0.43292018543 -2.74298345945  2.04290090401  9.96868371361 -5.68998647544 -1.21889455726  9.24773957161 1774584243.75
-0.0361783151674   0.157569521597  -0.212940127496 0.267358415844 -2.68632083131  1.69792487677  10.1064526243 -4.87302960711 -1.53808725253  6.43637536368 1774584243.77
 -0.135223038783   0.119953264667 -0.0967022690055 0.205000938419 -2.64861432773  1.35642484887  10.1617174299 -4.33158789775 -1.98945672536    4.688969725 1774584243.8
  -0.20848019325  0.0784329236018 -0.0264223171777 0.22430749726 -2.62765933866  1.06473011779  10.1449245595 -3.25634015598 -2.32720647474   2.9381319543 1774584243.81
 -0.251509588647  0.0368468326585 0.00822080771442 0.2543272379 -2.61631175784 0.848788372853   10.071572006 -1.39441386892  -1.9899570862  1.13880165917 1774584243.83
   -0.264078166923 -0.000910508183466    0.0189839040858 0.2647612054 -2.60550867881 0.711735204608  9.95980707349 0.0396513272508  -1.64012794163  0.205638145002 1774584243.85
 -0.249857494129 -0.0314900067371  0.0167888349591 0.252393052353 -2.58732714774 0.636839953901  9.82833306495   1.10547771592  -1.17613173986 -0.202858722917 1774584243.88
 -0.215477045054 -0.0526178571423  0.0100654416214 0.222036728832 -2.55723970889 0.594541035696  9.69460870727   2.08853954818 -0.826577891858 -0.332352639217 1774584243.9
 -0.169157773299 -0.0634284036783 0.00394695929275 0.180701668914 -2.51509581291 0.551524693719  9.57334459861   2.62801012985 -0.325221000948 -0.265484319263 1774584243.91
  -0.119220148985  -0.0645298219145 0.000341469770207 0.135564222573 -2.46478548152 0.479625579282   9.4753831284   2.21093960314  0.129050117978 -0.120007697947 1774584243.93
 -0.0727648414591  -0.0578020540446 -0.00128515732954 0.092937889118 -2.41289134867 0.362665681762  9.40709416396    2.05288795864   0.450686811665 -0.0740139662675 1774584243.96
 -0.0347636857188  -0.0459884232016 -0.00270348833233 0.0577127175109 -2.36682650614 0.200019719756  9.37037485568  1.61162642749 0.634534888769 -0.10747912909 1774584243.98
-0.00768967004574  -0.0321804422678 -0.00562501092687 0.0335611775402   -2.3329769099 0.0064943621462   9.36322545535   1.07275822485  0.664526398464 -0.197134823165 1774584244
0.00831412874982 -0.0193036173997 -0.0106196591348 0.0235484934066  -2.31526115203 -0.191136306776   9.38074608187  0.596696189626  0.595467714413 -0.287030530405 1774584244.02
  0.0148424431729 -0.00969471805419  -0.0164636998958 0.0241937820886  -2.31435234667 -0.360002521323   9.41632165328   0.14592236427  0.346870292864 -0.225276604428 1774584244.04
  0.0144036323207 -0.00482833187657  -0.0200207039572 0.0251317727126  -2.32763517556 -0.468113318429   9.46275993685    -0.13139025203      0.1117839732 -0.00438932776832 1774584244.06
 0.00957581139513 -0.00521398210606  -0.0166396412061 0.0198937033442   -2.3498321193 -0.491013127393   9.51321011109 -0.299364260371  -0.13942587169  0.472640517382 1774584244.08
 0.00232543827536  -0.0104536284004 -0.00095148081229 0.0107513406439  -2.37413893396 -0.416830806833    9.5617833715 -0.39915086318  -0.3552201103  1.21872214913 1774584244.1
-0.00639591780456  -0.0194278544319   0.0321266322288 0.0380850336846  -2.39365531074 -0.248781014203   9.60388613119 -0.503671206205 -0.531348131319   2.30757725727 1774584244.12
-0.0167413501069 -0.0305681440851  0.0864032988495 0.0931676676122    -2.40286965573 -0.00469364992617     9.63633359735  -0.56990623382 -0.554209546504   3.20521872426 1774584244.14
-0.0297821200273 -0.0421699403386   0.163653344529 0.171603309167  -2.3989473131 0.286250303029  9.65732719883 -0.760193957198 -0.553707840268   4.42374771125 1774584244.16
-0.0471305924707 -0.0527029711214   0.263245458775 0.272574884165 -2.38257975143 0.588817232037  9.66636044425 -0.993549160403 -0.461652490084   5.33646854128 1774584244.18
-0.0704765453511 -0.0610785998514   0.382227854176 0.393440810431 -2.35818920943 0.867861673033  9.66408210731  -1.35082175376 -0.353571584724   6.31844384647 1774584244.2
 -0.101132493235 -0.0668377284114   0.515838353902 0.529890809963 -2.33336335279    1.093950989   9.6521127936  -1.81630357883 -0.240213268425    7.2481090887 1774584244.22
 -0.139659531624 -0.0702283209915   0.658308261347 0.67661404715 -2.31752329849  1.24728348495  9.63279351791  -2.06291285273 -0.129748581068   7.03044018042 1774584244.24
 -0.185617751165 -0.0721514973974   0.803765471725 0.828069273467 -2.31999220641  1.31919080482  9.60884417773   -2.38942794285 -0.0914481122321    7.05372046496 1774584244.26
 -0.237463453003 -0.0739714696417   0.947030724751 0.979146497444 -2.34779494357  1.31118429104    9.582919783  -2.62006261897 -0.123817926073   6.86660084579 1774584244.28
 -0.292601509227 -0.0772072952821    1.08414608487 1.12558844299 -2.40363425576  1.23215980606  9.55707020551   -2.8155805195 -0.234673414967   6.78870862769 1774584244.3
 -0.347591393688 -0.0831504292718    1.21256264469 1.26413683521 -2.48451342143  1.09481081818   9.5321419499  -2.75757410955 -0.397610616237   6.42884367506 1774584244.32
 -0.398493490067 -0.0924757066044    1.33101632815 1.39246302778 -2.58139029014 0.912387678233  9.50721722213  -2.35425200313 -0.546971012977    5.6924188728 1774584244.34
-0.441324694615 -0.104927791461   1.43920329764 1.50900081492 -2.68006405837 0.696679390842  9.47926001888  -1.81583350069 -0.654203158336   5.05911171158 1774584244.36
-0.472571010113 -0.119164137871   1.53740444087 1.61280372834 -2.76325188564 0.457595314145  9.44319775314 -1.19099204192  -0.6867904347   4.6049486538 1774584244.38
-0.489686427484 -0.132815782624   1.62619304134 1.70350715792 -2.81356021779  0.20416188488  9.39265886106 -0.478100119712 -0.596738271116    4.2660027381 1774584244.4
-0.491499621315 -0.142789789189   1.70630108801 1.78141073439   -2.81684873397 -0.0537055295393    9.32147028963  0.291176897053 -0.336374715212   3.95320984433 1774584244.42
-0.478457699573 -0.145787485364   1.77864166678 1.84763144052   -2.7653653938 -0.303523324704   9.22579215415  1.03693909068 0.102239394157  3.68734120455 1774584244.44
-0.452659499354 -0.138960258049   1.84441602975 1.90422715726  -2.66002461503 -0.529475009069   9.10648462882  1.47667213913 0.612267020699  3.07409971316 1774584244.45
-0.417665394514 -0.120581400334   1.90519759115 1.95416532494  -2.51131457064 -0.713093321419   8.97106502155 1.75578692051 1.13919365871 2.79032012119 1774584244.48
 -0.378109267209 -0.0905904070592    1.96289225848 2.00102954955  -2.33854202122 -0.835476640792   8.83453187267 1.94412928384 1.72652471726 2.83161319145 1774584244.5
 -0.339173039869 -0.0508746212956    2.01952125711 2.04843664437  -2.16742020943 -0.880653840606   8.71847932051 1.80796347734 2.14126696206 2.85728779748 1774584244.52
  -0.306006754177 -0.00519557969062      2.0768423649 2.09927162042  -2.02632242711 -0.839338721837   8.64829210641  1.5041075865 2.47504366978 3.12612161035 1774584244.54
-0.283180829877 0.0412618496212   2.13589488573 2.15498048379  -1.94179556907 -0.712140535947   8.64870907046 0.794691035323  2.19766338013  2.99583615611 1774584244.55
-0.274239226805 0.0826553315198   2.19659998498 2.21519537544  -1.93409688572 -0.511361424379   8.73853055418 0.0407941655816   1.64161750412   2.76753773079 1774584244.58
-0.281387524231  0.113427118764   2.25755544594 2.27785013589  -2.01355003396 -0.260789847827   8.92558533071 -0.813109997887    1.2189200087   3.12785710164 1774584244.6
-0.30531138647 0.129235102065  2.31612781704 2.33973605759   -2.17840769681 0.00668532495652    9.20317152304 -1.59486926553 0.356802361386  2.78672604756 1774584244.61
-0.345095537819  0.127679804033   2.36887289668 2.39728009694 -2.41467139348 0.253361597412  9.54900572425  -2.35286846022 -0.520718556205   2.43380052961 1774584244.64
-0.398213784237  0.108674665622   2.41222579647 2.44728782411 -2.69798234596 0.442233303788  9.92726885151 -3.01764944786 -1.39251575977  1.94519153324 1774584244.65
-0.460586727768 0.0743855745685   2.44331908029 2.48746486922 -2.99730664963 0.542778294896  10.2936878829 -3.06130062172 -1.90333232688  1.15543603541 1774584244.68
-0.526741138068 0.0287640989505   2.46073626784 2.51664589876 -3.27976517155 0.535984257823  10.6028539196 -3.25430487879 -2.45164326307 0.544792913295 1774584244.7
 -0.590131106401 -0.0232071879332    2.46500569603 2.53476751948 -3.51569329453 0.417698640791  10.8163158962   -2.78954612974   -2.50811604062 -0.0487911034788 1774584244.72
 -0.643676767823 -0.0763741977714    2.45869098228 2.54269820188 -3.68293883291 0.199704437219  10.9096021746  -2.35079462069  -2.67751299954 -0.493464377406 1774584244.74
-0.680534298618 -0.126174805874   2.44602881283 2.54206686899   -3.76955750934 -0.0916296999757    10.8763826063 -1.34450167541 -2.42829215754 -0.69399631338 1774584244.75
-0.695039484487 -0.169139929749   2.43217890225 2.5351888319  -3.77442284126 -0.418822043697   10.7285714083 -0.0722115329528    -1.7599885444  -0.544368632268 1774584244.78
-0.683688167841 -0.203043049442   2.42225328272 2.52506771324  -3.70575243446 -0.738232778614   10.4922098718   1.22274409403  -1.43418315299 -0.294644221522 1774584244.8
-0.645958642247 -0.226707917537   2.42035190867 2.51530562938 -3.57804975483  -1.0057130823  10.2001999733   2.54664628436 -0.940596088396   0.16929881461 1774584244.82
-0.584768998892 -0.239578544754   2.42882934244 2.50969413194  -3.4083430922 -1.18218767618  9.88399271074   3.65781064187 -0.380419112548  0.723465383425 1774584244.84
 -0.50640941418 -0.241221296904   2.44795285516 2.51139630284 -3.21276273094 -1.23853606582  9.56676879892  4.22197834922 0.220961174123  1.20803262772 1774584244.85
-0.419889240146 -0.230949408821   2.47600630825 2.521953973 -3.00437097227 -1.15928102752  9.26025073816  3.91403462105 0.768228519009  1.41814314965 1774584244.88
-0.335766513982 -0.207728301775   2.50978063222 2.54064736261  -2.79275850842 -0.944720041101   8.96611885055 3.85990668448 1.50450814577 1.72301760054 1774584244.9
-0.264647388694 -0.170439492606    2.5453044712 2.56469544236 -2.58534249974 -0.61126166282  8.68144082664 2.98819802871 2.22005764706 1.71237484444 1774584244.92
-0.215621732114 -0.118467704192   2.57862911555 2.59033886661  -2.38971764471 -0.189881343114   8.40610920249 1.75462911534 2.96888271682 1.53977744743 1774584244.94
 -0.194919950796 -0.0524586706452    2.60649389032 2.61429839529 -2.21601794212  0.27720610846  8.14951824181 0.277591136375   3.7615408758  1.26176576448 1774584244.96
-0.205034985575 0.0249896135358   2.62675022819 2.63485874144 -2.07819382184 0.741367510306  7.93387131697 -1.17197388762  3.81819805005 0.756971530662 1774584244.98
-0.244466208245  0.108959109716    2.6384955473 2.65203592881 -1.99343521228    1.153392986  7.79253707009 -2.47983977796  4.02611695872 0.365436072764 1774584245
-0.308127117839  0.192363726052   2.64194217094 2.66679668487 -1.9795779584 1.46971745722 7.76342478742    -3.54360948611     3.88501300924 -0.00960267395308 1774584245.02
-0.388334436431  0.266688097717   2.63810568502 2.67983726769 -2.0510189523 1.65823446902 7.87893355858 -4.19557784128  3.26685957553 -0.33735362437 1774584245.04
-0.476182141902  0.323218684617   2.62842937876 2.69069893326 -2.21421094482  1.70282669734   8.1551735686  -4.26237226409   2.14325395179 -0.576952741989 1774584245.06
-0.563024156632  0.354527547198   2.61445976513 2.69779277302 -2.46404467235  1.60577530852  8.58354647131  -4.12677704331  0.814079553118 -0.767016543317 1774584245.08
-0.641767646077  0.355883345641   2.59765310475 2.69931849175 -2.78228908032  1.38743390287  9.12731340896  -3.70704537665 -0.724123580654 -0.899843040465 1774584245.1
-0.707727208724  0.326261669237   2.57933474746 2.6944929427 -3.13878998163  1.08296835903  9.72460118319  -2.78251623408  -2.07089109996 -0.876148429797 1774584245.12
-0.758899506649  0.268707815591   2.56077105732 2.6843399113 -3.49544497948 0.736508705034  10.2976962206  -2.14068324589  -3.31852576733 -0.878005781959 1774584245.14
-0.795658816539   0.18994850527   2.54326941167 2.67158617442 -3.81224993272 0.393620169252  10.7668465873  -1.51787130172  -4.20743026387 -0.808748599201 1774584245.16
-0.820008035741 0.0993193605916   2.52821135529 2.65972370202  -4.05413704911 0.0934450916314    11.065544226  -1.01667032424  -4.76885064689 -0.686877829833 1774584245.18
 -0.834612356336 0.00723085429479    2.51695181172 2.65173084854  -4.19705819906 -0.137930617144    11.153731347 -0.548010397266  -4.40664581605 -0.442037419733 1774584245.2
 -0.841873163298 -0.0765018890534    2.51057445531 2.64907286758   -4.2318995444 -0.291464783543   11.0257463605 -0.198580248209  -3.47369251975 -0.169636181241 1774584245.22
-0.843264458677   -0.1441172453   2.50956079668 2.65136948008  -4.16532825869 -0.375565471844   10.7110465158 0.0663439520601  -2.70410731607 0.0688090476106 1774584245.24
-0.839067242139 -0.190868183202   2.51348463411 2.65670275079  -4.01743655076 -0.412745304005   10.2675191847 0.367477234072 -1.77552955474 0.281793765766 1774584245.26
-0.828525256395 -0.215332239967   2.52086330723 2.66224977938  -3.81684680004 -0.433216044612   9.76904121482   0.80835367146 -0.793737759929  0.444197281915 1774584245.28
-0.810338846837 -0.219077137944   2.52927113395 2.66493082614  -3.59454364478 -0.466856872024   9.29034548164   1.1219288275 0.235810211733 0.369637991212 1774584245.3
-0.78333759174 -0.20583456729  2.53575113004 2.66195782184  -3.37793597074 -0.535409214949   8.89281337371  1.39051004094 0.850359485106 0.180307317215 1774584245.32
-0.747140535721 -0.180428525767   2.53746605351 2.65132182236  -3.18647278778 -0.646736344278   8.61439463868    1.80831916028     1.3018683357 -0.0742516423063 1774584245.34
-0.702626611229 -0.147728082452   2.53243704535 2.63225096254  -3.02962001797 -0.792537121435   8.46562098445    2.4079790317   1.73733503744 -0.438468480399 1774584245.37
-0.652089094432  -0.11184977274    2.5201581532 2.60555707592  -2.90732522368 -0.950124471376   8.43202280613   3.31169252626   2.30107249256 -0.977037795738 1774584245.38
 -0.599023311412 -0.0757411146231    2.50187130324 2.57369882893 -2.81246363351 -1.08794571994   8.4816722207   2.6646305633  1.80229288763 -1.01503967117 1774584245.4
 -0.547580760855 -0.0411628156441    2.48034771718 2.54040624019 -2.73434566809 -1.17363803716  8.57548347543   2.04085313841   1.40132709678 -0.897006585093 1774584245.42
   -0.50179981344 -0.00898377692565     2.45913911626 2.50983046323 -2.66226063752 -1.18277042879    8.677531401   1.81592534741   1.34936762549 -0.853961846122 1774584245.45
-0.464779008123 0.0203650465172   2.44140914643 2.48533959084 -2.58821604629 -1.10617377638  8.76299320834   1.66458226721   1.44591880184 -0.796698394498 1774584245.47
-0.437981957868  0.046450814132   2.42859476644 2.46820955617  -2.50840516768 -0.953983720286   8.82218489144   1.45589687253   1.59696453025 -0.734687754574 1774584245.48
-0.420845280082 0.0685556887857   2.41923891403 2.45652754013  -2.42335648022 -0.755205271968   8.86026356504 0.705677821023  1.01711752242 -0.52567248971 1774584245.5
-0.410801871182 0.0856264005055   2.40834781605 2.44463274561  -2.33705839784 -0.552627871788   8.89321335673  0.371707355882  0.606191174725 -0.688752309214 1774584245.52
-0.403740536757 0.0964506020422   2.38754481039 2.42336117021  -2.25553158255 -0.394045937078   8.94150148276 0.351898581167 0.316084975409 -1.37001437665 1774584245.54
-0.394820004148 0.0999817526404   2.34612708322 2.38121638604  -2.18532191469 -0.321690607008    9.0231566641   0.607906154233 -0.0189956629178   -2.87088053954 1774584245.57
 -0.37946793955 0.0956921394547   2.27291572417 2.30636050779  -2.13224934955 -0.362300650776   9.14796271118   1.34318355005 -0.535963380063  -6.22451227964 1774584245.58
-0.354348083883 0.0838324577938   2.15857418722 2.18907125678  -2.10054846482 -0.520207964793   9.31404692487   1.70107875738 -0.836307171262  -7.62080082652 1774584245.6
-0.318083076812 0.0655132893031   1.99791269409 2.02413536307  -2.09236368191 -0.775184047189   9.50750958762   1.88990186771 -0.941788796389  -8.37775374662 1774584245.62
-0.271573768334 0.0425837959745   1.79164358407 1.81260928599 -2.10748412104 -1.08572585191  9.70504303677  2.20779065262 -1.06092244803 -9.92858112757 1774584245.64
-0.217843276037 0.0173444764211   1.54712765565 1.56248536206  -2.1432390666 -1.39719549033  9.87886584188  2.75318312972 -1.26012637139  -12.843782712 1774584245.67
  -0.161436045611 -0.00782601781174     1.27784377039 1.28802466782 -2.19458247388 -1.65306617528  10.0028480424  3.33261711419 -1.45514528722 -16.4764530849 1774584245.68
 -0.107498261858 -0.0308362841791    1.00158210182 1.00780626085 -2.25448684672 -1.80675338172  10.0584814243  3.25941757926 -1.37028223969 -17.4851422862 1774584245.7
-0.0607371337635 -0.0501605536928   0.737644560291 0.741838646804 -2.31475954873  -1.8313285709  10.0393759277   2.00876898853 -0.826295991658   -12.051306839 1774584245.71
-0.0244871347497 -0.0649824513015   0.503569353937 0.508334961388 -2.36726232583 -1.72488479574  9.95324081792  1.12917066293 -0.46605415023 -7.92466065753 1774584245.74
-9.15494432922e-05   -0.0751914256358     0.312026279642 0.320958187398 -2.40531351939 -1.51034703912  9.82081458578  0.884081715189 -0.380930145318  -7.84669359826 1774584245.77
 0.0132623575661 -0.0812478251312   0.168522610403 0.187555243685 -2.42489215923 -1.22984813241  9.67187142588  0.581335185102 -0.278081939033  -7.66892889655 1774584245.78
 0.0182237554798 -0.0839525597242  0.0704121906046 0.111076613802  -2.42524347232 -0.935087853857   9.53912044599   0.163801338405 -0.0903105186807   -4.97801766114 1774584245.8
 0.0185627862075 -0.0841701728025  0.0074395103165 0.0865132436979 -2.40863759564 -0.67602120925  9.45134655775 0.000528426686732   0.0326007649745    -2.49953305535 1774584245.82
  0.018246308996 -0.0825611427115  -0.036269134808 0.0920039141424  -2.37930521824 -0.490543065946   9.42735649304    0.0380767406 0.0922144964696  -1.66680526849 1774584245.84
 0.0205411262289  -0.079379016153 -0.0791621136288 0.113971954034  -2.34186035528 -0.397484913236   9.47211522691 0.211282556103 0.189557295963 -2.37475695556 1774584245.87
 0.0273670694781 -0.0743782300943   -0.13878393676 0.159818830888  -2.29971373159 -0.394338150079   9.57593355475  0.59370085723  0.40159471025 -4.79216305118 1774584245.88
 0.0390506808284 -0.0668586717308  -0.228565306441 0.241323718203  -2.25401086845 -0.459925601676   9.71684099159 0.878620386702 0.599636759606 -7.01261453612 1774584245.9
 0.0545216777535 -0.0558458791939  -0.355515535067 0.363981690806  -2.20348399694 -0.561067112518   9.86553753096 0.788370064708 0.635991838588 -6.98093584279 1774584245.91
 0.0718775046163 -0.0403767022212  -0.519243454997 0.52574748626  -2.14532791328 -0.661403176673   9.99174100856 0.676585044882  0.70369187409 -6.97475726479 1774584245.94
  0.089144867746 -0.0198355392712  -0.712437917193 0.718267388873  -2.07687789253 -0.730144617572    10.070463746 0.754012703878  1.04909085093 -9.17866827071 1774584245.97
  0.105014805994 0.00572867441401  -0.922626972503 0.928601883251 -1.99758119924 -0.74868242238  10.0868213013  0.94107562264  1.72112956802 -13.1656555014 1774584245.98
  0.11933361514 0.0353765441276  -1.13477873513 1.14158433297  -1.91060337157 -0.713663858639   10.0383727129 0.929541212189  2.02766888091 -13.5739951077 1774584246
 0.133196656705 0.0672035836966  -1.33416365174 1.34247916954  -1.82345550686 -0.636132720083   9.93461097091 0.724305272838  1.56099561075 -9.25840025567 1774584246.01
 0.148601439995 0.0984534646589  -1.50889341755 1.51938632948  -1.74727676838 -0.537364499773   9.79390490147 0.678077924304  1.15059598352 -6.23216930599 1774584246.04
0.167742821096 0.125823215113 -1.65167516132 1.66493242325 -1.69480123569 -0.44281142755  9.63876758687 0.980369171304   1.0689306202 -5.66582336126 1774584246.07
0.192142430253  0.14592772138 -1.76052878818 1.77698486977  -1.67746552924 -0.375903345617   9.49065567049  1.64056754193 0.910373423757  -5.6616428021 1774584246.08
0.221865109508 0.155856415053 -1.83845263728 1.85833889494  -1.70243116071 -0.353276070923   9.36552259493  2.09519722025 0.259800681858 -4.38522420575 1774584246.1
0.255068221668 0.153730406186 -1.89223176154 1.9155244386  -1.77038571935 -0.382422580533   9.27107466204   1.65661194283 -0.417877574219  -2.30937568224 1774584246.11
0.288054875251 0.139160158053 -1.93072351344 1.95704737962  -1.87480797534 -0.461990496255   9.20620283685   1.18153032693 -0.781381635917  -1.37516780219 1774584246.14
0.315878537677 0.113514710388 -1.96300809856 1.9914983392  -2.00298913115 -0.584214577799   9.16252061026  1.01245613409 -1.32203748452 -1.47422790898 1774584246.16
 0.333407160381 0.0799403865182  -1.99676055171 2.02598210773  -2.13862631117 -0.738464346946   9.12746830131 0.613334123876 -2.08052273051 -2.18940799104 1774584246.18
 0.336635921711 0.0431025033582  -2.03710536579 2.06518276211  -2.26539557323 -0.914705625104   9.08815106871 -0.315383232176  -2.38122946213  -2.98404924232 1774584246.2
  0.323966425768 0.00866026408111   -2.08608558264 2.11110925896 -2.37068062835 -1.10582207696  9.03500406735 -1.01593042144 -1.55907238907 -2.71858997276 1774584246.21
  0.297158234891 -0.0174809482306   -2.14274610778 2.16332371191 -2.44861505347 -1.30814117616  8.96450149624  -1.21547232401 -0.755935636242  -2.29643685686 1774584246.24
  0.261702761256 -0.0300632197188   -2.20372262891 2.21941108351 -2.50175564049 -1.52004176988  8.88038311607  -1.55215957681 -0.173989530325  -2.66554958875 1774584246.26
  0.226459048921 -0.0254059827084   -2.26415900173 2.27559775661 -2.54097564021 -1.73906864786  8.79319181971 -1.73067566564 0.813819730217 -3.36345513747 1774584246.28
  0.202514147321 -0.0022308171602   -2.31875183489 2.32757965024 -2.58348753266 -1.95843802343  8.71824446571 -0.836752083849   2.10784804938  -3.28843129098 1774584246.3
 0.201375861578 0.0377806511036  -2.36273579613 2.37160284566 -2.64923489039 -2.16409479711  8.67245608981 0.762323011567  2.32113878387 -1.86314208736 1774584246.31
  0.23275658449 0.0898520568526  -2.39266532911 2.40563845931 -2.75620357766 -2.33349989092  8.67066784925   2.00999665367   2.16465936751 -0.879329636954 1774584246.34
0.302338525465  0.14651206404 -2.40690475652 2.43023967457 -2.91546175092 -2.43703396402  8.72225020511   3.94456211725    2.4192721275 -0.292275846553 1774584246.36
0.409988507755 0.198551638534 -2.40579748647 2.4485454612 -3.12690099226 -2.44230856776  8.82872630352  6.96628445561  2.54108967221 0.434217939479 1774584246.38
0.548877958949 0.236442185644 -2.39153761992 2.46508095374 -3.37666429084 -2.32086861388   8.9829679974 9.81595805638 1.77316147677 1.26046497554 1774584246.4
0.705836048072 0.251993743571 -2.36780777008 2.48358994393 -3.63706566817 -2.05593864596  9.17017852369   8.25731733722 0.0919283876521   1.37382038247 1774584246.41
0.863025046241 0.239939572754 -2.33927104787 2.50490963198 -3.86941772327 -1.64926605274  9.37045815591  5.98192145583 -1.07287370692   1.1521822989 1774584246.44
 1.00072026344 0.199105466186 -2.31100990409 2.52623253267 -4.02962612367 -1.12499552751  9.56235627481  4.98667241864 -2.24644435311  1.07602955308 1774584246.46
 1.1006809028 0.13287806718 -2.2879894108 2.54244971916  -4.07578244804 -0.529006119513   9.72655974312  4.12808589877 -4.17247920453  1.01111428248 1774584246.48
  1.14940424263 0.0488225441683  -2.27459193736 2.54897670356  -3.97643367598 0.0768071490876   9.84884118263  1.38528212366 -6.09641045302 0.478130109877 1774584246.5
    1.1405347673 -0.0425125713017   -2.27423384991 2.54455624387  -3.7178858239 0.624490480068  9.92161854743  -1.86632027337  -4.52293767223 -0.366866516804 1774584246.51
  1.07587415066 -0.129374107147  -2.28904590279 2.53258247502 -3.30893306695  1.05218686792  9.94390452701  -3.73690397927  -3.36518777551 -0.964284633876 1774584246.54
 0.964768676661 -0.200794909528  -2.31958918719 2.52023633663 -2.78182933311   1.3157195661  9.91991879028 -5.50639337211 -2.58153787062    -1.63890583 1774584246.56
 0.822048339812 -0.248374131113  -2.36459382919 2.51570212049 -2.18905948469  1.39683740277  9.85702538435 -7.81239796938 -1.73823520504 -2.63665245451 1774584246.58
  0.66504318427 -0.267482936017  -2.42074531854 2.52464600593 -1.59634163716  1.30611569788  9.76379370595  -10.8139313856 -0.322987774227  -4.09447869683 1774584246.6
 0.510405897513 -0.257682188951  -2.48259100298 2.54758167264 -1.07307421974  1.07981553427  9.64880903544 -7.53766056047  1.15915756235 -3.13064948635 1774584246.61
 0.371469529657 -0.222336551523  -2.54267654689 2.57926872887 -0.681937724128   0.77149156989    9.5204490914 -5.54378765193  1.96832760243 -2.39105684311 1774584246.64
0.256675055834 -0.16759478831 -2.59202608661 2.61008990861 -0.469477215887  0.440387106466   9.38737038098 -4.42604204177  2.65559742424 -1.71533535102 1774584246.66
 0.169285614728 -0.101027472522  -2.62103396271 2.62843740713 -0.459250080818  0.139337395281   9.25911439625  -3.72969737173   3.45173701408 -0.721609253599 1774584246.68
 0.108265378746 -0.030245527875   -2.6207398898 2.6231495867  -0.648628282922 -0.0951181936017      9.146189812 -3.37581720884  4.73180476299  1.24705374162 1774584246.7
0.0699372191447 0.0382268716371  -2.58433387477 2.58556262438  -1.00971948284 -0.248361123591    9.0592297002 -1.53629686359  3.41932254538  2.95132118462 1774584246.71
 0.049902050231 0.0996532239515  -2.50862033014 2.51109476931  -1.49421372081 -0.328049104879    9.0072500619 -0.552431171985   2.47635101032   4.14400288634 1774584246.74
0.0447116208611   0.15130419052  -2.39510676848 2.40029758978  -2.04133728961 -0.359376125011   8.99546333351 0.0650364660809   2.00516555738   5.59201229511 1774584246.76
0.0529051557684  0.192243183889  -2.25040514563 2.25922104203  -2.58756467046 -0.376499136588   9.02336082097 0.756106574205  1.77287578542  7.67104144102 1774584246.78
0.0752035457669  0.222799925593  -2.08575246903 2.09896611269  -3.07638754531 -0.412217375751   9.08378966657 2.03268804865 1.72244876539 11.1629929737 1774584246.8
0.113861507542 0.243896064382 -1.91564874904 1.93446629922  -3.46636756313 -0.488404948778   9.16352830488  2.53829556858 0.886766001239  8.70792993275 1774584246.81
0.171375220562 0.256397971679 -1.75582390752 1.78270215693  -3.73598089626 -0.609576706591   9.24548561223  2.96325852878 0.367714300965  6.46753124975 1774584246.84
0.248899718572 0.260653117771 -1.62091785018 1.6605016696 -3.88439308252 -0.76125959529  9.31220796772     3.90940080409 -0.00176433896614     5.26291204936 1774584246.86
0.344814578373 0.256319697326 -1.52233644185 1.58180438831  -3.92817118375 -0.913649343007   9.34997184965  5.08268489393 -0.44945002157  3.82416933922 1774584246.88
0.453861036327 0.242528864426 -1.46670667962 1.55436114672 -3.89484610171 -1.02964144362  9.35246752583   6.7088148119 -1.14615164475  2.02548088829 1774584246.9
0.567150724084  0.21833520286 -1.45521018683 1.57701201406 -3.81494672283 -1.07513313064  9.32303621281    5.9558527431  -1.60789502673 -0.466161092497 1774584246.91
0.673138106442 0.183330874529 -1.48386936698 1.63969308657 -3.71444488604 -1.02886162629  9.27466348945  4.52720336003 -1.88599241609 -2.10620098125 1774584246.93
 0.75940584152 0.138243440993 -1.54465346667 1.72677815981  -3.60938359788 -0.889161026518   9.22743267814  3.44710427086 -2.38314508099 -3.48324340566 1774584246.96
  0.81489800784 0.0853255967216  -1.62711546658 1.82176945913  -3.50385030859 -0.675838406414   9.20379219211  1.72922557754  -2.6130090836 -4.17540667984 1774584246.98
 0.832106797177 0.0283860227431   -1.7201979762 1.91109616857  -3.39156351948 -0.426641956901   9.22262063772 -0.161504075577  -2.94603573251  -4.87185398458 1774584247
  0.808707235961 -0.0276018021819   -1.81386330275 1.98616951291   -3.2604005835 -0.189168013624   9.29350705803 -2.17534040847 -2.74047354849 -4.67152917126 1774584247.01
  0.748244529996 -0.0772628789332   -1.90029164153 2.04375824206  -3.09845281347 -0.010178395222   9.41276966243 -3.39957884804 -2.01195912746 -3.66491312892 1774584247.04
 0.659682900539 -0.115798277471  -1.97451886269 2.08502170479  -2.89984050677 0.0750900541346    9.5624589927 -4.76502040675 -1.55271918041 -3.32473380779 1774584247.06
 0.555875035449 -0.139947983804  -2.03451506714 2.11372515991  -2.66864035495 0.0510699589437   9.71296319011  -5.21169029312 -0.822611053869   -2.6576510576 1774584247.08
 0.451250279411 -0.148697196725  -2.08080706188 2.13436072391   -2.41983139025 -0.0744573081048    9.82897370964   -4.78758171671 -0.0873320399696    -1.9787607557 1774584247.1
 0.359194339333 -0.143535708762   -2.1158053857 2.15087319553  -2.17700096367 -0.271995793223   9.87767296565 -4.06005507044 0.515445424722 -1.56287504013 1774584247.12
 0.289665217194 -0.128183120049   -2.1430075139 2.1662913135  -1.96744463182 -0.496883404661   9.83730373114 -2.68443582256 0.858693907575 -1.21219947323 1774584247.14
 0.247542319431 -0.107820603021  -2.16622362203 2.18298585955 -1.81600391405 -0.69922102742  9.70398639621 -1.49331919228   1.0416925833 -1.19009088739 1774584247.16
  0.232045930465 -0.0879897146803   -2.18892682467 2.20294987403  -1.73932140778 -0.834886215649   9.49488675669 -0.273690460108  0.922059837943  -1.27403997797 1774584247.18
  0.237325478589 -0.0734001902408   -2.21378342253 2.2276777174  -1.74206092019 -0.875122836396   9.24658547909 0.528954091868 0.506641754845 -1.28489168251 1774584247.2
 0.254052054298 -0.066911852977   -2.2423822869 2.25771963781  -1.81607834437 -0.812590925241   9.00859942516  0.83622612811 0.109322971862 -1.49616758086 1774584247.22
  0.271629398287 -0.0689155104135   -2.27515965896 2.29235323442  -1.94270108373 -0.662664093806   8.83319687003 0.649676222909 -0.25365897729 -1.69681450974 1774584247.24
  0.280516774247 -0.0772447135002   -2.31150244125 2.32974246265  -2.09742587155 -0.459933183528   8.76364781409 0.0664595158118 -0.489986982664  -1.95966073377 1774584247.26
  0.274167590668 -0.0876288761571   -2.35000215344 2.36756347515  -2.25572536621 -0.250983096173   8.82360554497 -0.811499840611 -0.464310148322  -2.07083431823 1774584247.28
  0.250219299972 -0.0945798059677   -2.38881736646 2.40374779211   -2.39843047695 -0.0852416212896    9.01025621717  -1.51342670085 -0.116699288642   -1.8163774961 1774584247.3
  0.210775340145 -0.0925170088545   -2.42608397307 2.43697950039    -2.51536493203 -0.00587729435974     9.29315294833 -2.11928147516 0.423912839569 -1.71384916614 1774584247.32
  0.161832871472 -0.0769001620298    -2.4602948972 2.46681059151   -2.60645965456 -0.0423739201456    9.61938246937 -2.32118026877  1.11384658476 -1.51631199903 1774584247.34
  0.112072560262 -0.0451532793937   -2.49056160606 2.49349076416  -2.68028818814 -0.205738787918   9.92417289694  -2.3210645784  2.04286683093 -1.44561297202 1774584247.36
 0.0713068461472 0.00277561097205   -2.51667661002 2.51768813195  -2.75063034102 -0.486594262466   10.1446327642 -1.83341610354  3.17536702951 -1.40314396797 1774584247.38
0.0488802406283 0.0642920384994  -2.53892374379 2.54020796804 -2.83210539798 -0.85589597684  10.2334182169 -0.424636866466   2.93459810052  -0.91270393056 1774584247.4
0.0522524201056  0.134457730175  -2.55763171994 2.56169654945 -2.93601532311 -1.26782018919  10.1690477282  0.831679835775   3.19731814034 -0.754861590435 1774584247.42
0.0859073379617  0.206639375655  -2.57253082716 2.58224606864 -3.06731443764 -1.66442233093  9.96039068789   2.54620232066   3.59486895941 -0.631600847036 1774584247.44
0.150654125172 0.273386688108 -2.58204085655 2.60084062018 -3.22319475562 -1.98183251886   9.6443457932   4.21806898493   3.23583431557 -0.271736559448 1774584247.46
0.243341335446 0.327412727944  -2.5826730446 2.61469198095 -3.39331700142 -2.15782782406  9.27746723512 5.48316620817 2.36950488601  0.3531585755 1774584247.48
0.356997880289 0.362556433723 -2.56875071289 2.61865898489 -3.56137406871  -2.1404545581  8.92377271392 5.29792150037 1.05045647441 1.11366239149 1774584247.5
0.481422321449 0.374618733764 -2.53262665561 2.60505363169   -3.707515788 -1.89693337022  8.64175805275   5.90978497696 -0.013961806716   2.46818347599 1774584247.52
0.604234146454 0.361972340567 -2.46549408525 2.56413415473 -3.81117163451 -1.42149425885  8.47357563738  6.10443973714 -1.28907151595  4.59609683168 1774584247.54
 0.71234815319 0.325854240246 -2.35876017002 2.48543163593  -3.85390101985 -0.740331509429   8.43851816045  5.20257846079 -2.51762809781   7.1297518696 1774584247.56
0.793732456351 0.270270452152 -2.20580056223 2.35979097589  -3.82198824928 0.0881394918371    8.5317026686  3.30815677959 -3.24356046669  9.25818578227 1774584247.58
0.839191863481 0.201487327925 -2.00377619754 2.18173306729  -3.7085304347 0.978890273447  8.72756433659   1.1303076221 -3.22863775001   10.167425432 1774584247.6
0.843835356164 0.127155329719  -1.7551113093 1.95157431173 -3.51475742388   1.8316494303  8.98678201345 -0.742124355373   -3.4684778575   12.6972595738 1774584247.62
 0.807890958948 0.0551958155831  -1.46823830975 1.67674032391 -3.25033907532  2.54637756512  9.26476442451 -2.67301818044 -3.35415176854  14.9069921725 1774584247.64
   0.736644516903 -0.00734968252187      -1.157325251 1.3718968251 -2.93254048964  3.03986985974  9.51984966263 -4.44650479704 -2.91693617793  16.5630915642 1774584247.66
 0.639476689246 -0.055285044912 -0.840900412435 1.05787540661 -2.58428756373  3.25992188245  9.71978527274 -5.59661379502 -2.10776172421  16.5868212936 1774584247.68
  0.528193101919 -0.0858553521913  -0.539532690115 0.759904348006 -2.23144030683  3.19389986139  9.84565842703 -5.13765361313 -0.99778189358  12.9994689371 1774584247.7
  0.415012776532 -0.0988781021193  -0.272954053932 0.506474480425 -1.89974297665  2.86986194918  9.89304360106  -4.96195975274 -0.241113455564   11.0022831222 1774584247.72
  0.310645747009 -0.0964264968812  -0.057159250892 0.330251463884 -1.61195943755  2.35017227986  9.87061384168 -4.56888015085 0.397051134815  8.81823889606 1774584247.74
  0.222838516552 -0.0821775090881   0.097954894919 0.256914983793 -1.38560833174  1.71927684156  9.79679413608 -4.23214933182 0.978297057236  6.74621764012 1774584247.76
  0.155623484735 -0.0605917918418   0.189952521015 0.252926855987 -1.23154316059  1.06847928493  9.69524284048 -3.31779869757  1.34683979751   3.6834179598 1774584247.78
  0.109328032451 -0.0360986322917   0.223974160665 0.251833585089 -1.15344718302 0.480909252697  9.59004578485 -1.63299370797  1.05729098689 0.475432816032 1774584247.8
 0.0812338263327 -0.0124277879255   0.211610464096 0.227007429324  -1.14817391155 0.0194439031841   9.50148452695 -0.960037734254  0.988287815125  -1.24202334297 1774584247.82
 0.0666636968396 0.00782114452662   0.168778308615 0.181635173458  -1.20676835899 -0.280626154105   9.44307355827 -0.545870151231  0.929339594875  -2.56208138897 1774584247.84
0.0602265067415 0.0233370067502  0.113011076612 0.1301666295   -1.3159460268 -0.413561010806   9.42026118158 -0.258755491603  0.698447422155   -2.8850431955 1774584247.86
 0.056965449335 0.0339992013753 0.0606458674509 0.0898828646126  -1.45978510732 -0.400194209902   9.43081803023 -0.197802382197  0.486548181765   -2.5011721922 1774584247.88
0.0532162079854  0.040580722804 0.0243672285813 0.0712216377541   -1.6214067666 -0.281188534183   9.46659326062 -0.22426557096 0.234208692733 -1.11413453592 1774584247.9
0.0470672534731 0.0443362473306 0.0114723728046 0.0656707279892  -1.78447646904 -0.108071932954   9.51609093692  -0.331625669083   0.134095565723 -0.0286595364268 1774584247.92
0.0384041149134 0.0465701144139 0.0230871475727 0.0646271458587 -1.93443965959 0.066359378171  9.56725154312 -0.482354852036  0.102784539761    1.1212941729 1774584247.94
0.0285953446549 0.0482724089311  0.054412634798 0.0781578788454 -2.05948025107 0.196876802173  9.60990077985 -0.494264603407 0.0887972837346   1.94898518955 1774584247.96
0.0199289852476  0.049889270428 0.0959383164512 0.109955738006 -2.15123323705 0.252814439837  9.63749279776 -0.396818611558 0.0867851122719   2.35276696546 1774584247.98
0.0149308823541 0.0512608572054  0.135430244773 0.145574578579  -2.2052798773 0.222487608657  9.64796185861 -0.0987043264728  0.0427549195488     1.5020727748 1774584248
0.0156931962969 0.0517240513569  0.160398137921 0.169260794478 -2.22141296504 0.114622443491  9.64365927125   0.184656105503 -0.0201723304663   0.555537695825 1774584248.02
0.0233204594513 0.0503443572001  0.160670278493 0.169980400405   -2.20360727789 -0.0433196707366    9.63047592152  0.621633474889 -0.156442134538 -0.844759916087 1774584248.04
0.0375701741209 0.0462184258617  0.130668731932 0.143603545839  -2.15960069499 -0.209744951614   9.61634135181  0.878118829877 -0.303972926214  -2.35693626738 1774584248.06
0.0567319875478 0.0387784966135 0.0709912514183 0.0988030768178  -2.10001184835 -0.335955824219   9.60936028691     1.043771473 -0.472324090512  -3.68004724074 1774584248.08
 0.0777571914739  0.0280331267683 -0.0110194882854 0.083387445964  -2.03699885028 -0.374743833426   9.61590139039  0.945103221726 -0.570696890378   -4.0965881921 1774584248.1
0.0966190324299 0.0146928602965 -0.101900760084 0.141190943325  -1.98258470143 -0.289329905706   9.63898282172  0.682588107121 -0.612017542146  -3.79435493693 1774584248.12
    0.10885371021 0.000151575994776   -0.183878095338 0.213682725429   -1.94690118251 -0.0611747505483    9.67728647165  0.379837350942 -0.793330357547  -3.79504414792 1774584248.14
 0.110203436896 -0.013679600773 -0.237625734326 0.262293573301 -1.93668651705 0.304863635521  9.72505749541 -0.308270493904 -0.659860341399  -1.63972240251 1774584248.16
 0.0972612572258 -0.0246623459831  -0.245539542781 0.265250165949 -1.95437101073 0.779276035665  9.77299871625  -1.10294638205 -0.447477260349   1.11591335745 1774584248.18
 0.068009723295 -0.030798046124 -0.194935963206 0.208743555251 -1.99798076751  1.31117752655  9.81006376754  -1.76443910259 -0.139666643061    3.8761848098 1774584248.2
 0.0221585587693 -0.0306072050393 -0.0805511685701 0.0889735549759 -2.06189889713  1.83583992238  9.82582812876 -2.33005043118 0.160344447317  6.30856952931 1774584248.22
-0.0387781810353 -0.0234493435934  0.0941903622777 0.10452484578 -2.13829770358  2.28523574139  9.81293305647 -3.65293813603 0.570222932045  10.8632482039 1774584248.24
  -0.111673512442 -0.00971604477157    0.317443802349 0.336654039865 -2.21886696844   2.5995742041  9.76901706409 -3.86549971498 0.821388191309  12.0066872125 1774584248.26
 -0.192201776357 0.00915195992681   0.570741715498 0.602305061422 -2.29638249902  2.73748935651  9.69761820917 -4.3979199778 1.08950879491 13.8221525309 1774584248.28
 -0.27539031303 0.0308419678834  0.831986722871 0.876922435867 -2.36572424838  2.68280500223  9.60775347718 -4.52751394004  1.19719317501  14.0319840962 1774584248.3
-0.356209174368 0.0525198081877   1.07904477785 1.13753282975 -2.42415068612  2.44659170806   9.5122119814 -3.38959155096 0.886173269387  10.1046003777 1774584248.32
-0.430112255168 0.0712924018809   1.29322323809 1.36473642222 -2.47089732314  2.06431104052  9.42494343135 -3.47447057627  0.81429350656  9.69267501013 1774584248.34
 -0.49347229334 0.0846894478539   1.46196550602 1.54532532098 -2.50639277822   1.5888909331  9.35817344358 -2.98668776462 0.518898939885  7.53619514871 1774584248.36
-0.543881572832  0.091058371068    1.5802930115 1.67374573768 -2.53148634476  1.08131709283  9.31995117657 -2.25793901241 0.132359769978  4.91062999072 1774584248.38
-0.580307281104 0.0897796911879   1.65081670741 1.75214518089 -2.54701832231 0.600620395236   9.3127107548  -1.59732214736 -0.264601134062   2.75572467566 1774584248.4
-0.603092838909 0.0812498498633   1.68244519619 1.78911831599 -2.55386887583 0.195009827224  9.33314856442 -0.765241177269 -0.528867946261  0.853459122567 1774584248.42
-0.613792457426 0.0666376583784   1.68816209609 1.7975185732  -2.55337803591 -0.104523594448   9.37336888048   -0.289038605443   -0.831554342045 -0.00151680660635 1774584248.44
-0.614829615758 0.0474835377969   1.68238360434 1.79183836741  -2.5478403417 -0.28735949597  9.42292699615  0.120450493584  -1.03834747839 -0.244365945037 1774584248.46
-0.608992419518 0.0252587722456   1.67842393924 1.78566981618  -2.54071850489 -0.362935747844    9.4711845835 0.395608639115 -1.14826936392 0.101898678173 1774584248.48
 -0.598821360408 0.00101895798022    1.68650692193 1.78966300115  -2.53631425775 -0.357230893184   9.50933937584 0.620938900184 -1.34997177843 0.922871995885 1774584248.5
 -0.585996546724 -0.0247361294801    1.71260161278 1.81025084256 -2.53884678914 -0.30670086585  9.53161513393 0.670222907511 -1.26994657687  1.71844850081 1774584248.52
 -0.570871064037 -0.0519416060355     1.7581713553 1.84925882904   -2.5511432197 -0.250653815394   9.53537007239 0.823255049171 -1.36517160812   2.6423608993 1774584248.54
  -0.55230226085 -0.0806100442245    1.82074849097 1.90437938288  -2.57334901732 -0.223287109918     9.520232548  1.10418840531 -1.50027469032  3.51794308954 1774584248.56
 -0.52788928862 -0.110341485524   1.89511124624 1.97035250148  -2.60214092544 -0.246726187561   9.48670146559  1.43188365455 -1.47120572837  3.82417397964 1774584248.58
-0.494635056249 -0.139860892908   1.97476199802 2.0405660629  -2.63083360594 -0.326334798087   9.43484883506  1.90656326319 -1.37975198155  3.87109346207 1774584248.6
-0.449934048994 -0.166756553633   2.05339186786 2.10871206181   -2.6505328361 -0.449261649725   9.36375401685   2.5209998219 -1.17929656351  3.74098491943 1774584248.62
-0.392677801652 -0.187555398448   2.12605933194 2.17013851317  -2.65217444537 -0.586651784845   9.27206458029   3.26963392342 -0.817390051114   3.54980780337 1774584248.64
-0.324203363703 -0.198188516257   2.18989637516 2.22261842046  -2.62899903979 -0.699258169746   9.15967522359   3.62478431784 -0.182334378985   2.97829863199 1774584248.66
-0.248812640565 -0.194792122762   2.24426592711 2.26640271197  -2.57883948203 -0.745481501625   9.03006625538  3.76837715856 0.588382584213  2.51612850965 1774584248.68
-0.173667877263 -0.174684377791   2.29040824359 2.30361565495  -2.50559301446 -0.690311993173   8.89249439865 3.48502095275 1.42328436343 2.13954422433 1774584248.7
-0.108004401396 -0.137285964903   2.33071173589 2.3372482929  -2.41941279162 -0.513388060537   8.76310433209 2.79066146948 2.24314846562 1.93020423852 1774584248.72
-0.0617627451571 -0.0847344400707    2.36780916185 2.37012969877  -2.33544048959 -0.214498695596   8.66418949174 1.61694170637 2.90765245746  1.8412411253 1774584248.74
-0.0438877103364 -0.0219886393472     2.4037225859 2.40422376274 -2.27124330919 0.184669636618   8.6212571343 0.0278977552208   3.17373077364   1.76587807039 1774584248.76
-0.0606339922689  0.0436758118994    2.43925720333 2.44040155744 -2.24343810818 0.642992833336  8.65815555559 -1.76901226881  3.16177522074  1.76182976105 1774584248.78
-0.114231007634     0.103736715   2.47378027676 2.47858808334 -2.26421040672  1.10615819741  8.79115702595 -3.56385045746  2.67366318054  1.66599912917 1774584248.8
-0.20218779165  0.14987195733  2.50542959449 2.51803871289 -2.3385094573 1.51548748113 9.02338632924 -5.30960250767  1.87517261306   1.5136561109 1774584248.82
-0.317380107371  0.175482128644   2.53169381658 2.55753742709 -2.46259198803  1.81758183905  9.34117541192 -6.22300948474 0.682935725472  1.12968851718 1774584248.84
-0.448894281481  0.176946426045    2.5502152387 2.59546024383 -2.6243054373 1.97289444661 9.71369395498  -6.34382313509 -0.504697655192  0.665449916378 1774584248.86
-0.583451983529  0.154314159558   2.55960403791 2.62979122894 -2.80510221212  1.96162225755  10.0965371206 -6.44257170456 -1.63866232697  0.24506083926 1774584248.88
-0.707145266177  0.111260520023   2.56003852138 2.65823824398 -2.98335649993  1.78594261971   10.438960828  -5.59529098094  -2.50087799686 -0.153474381103 1774584248.9
-0.807188704129 0.0543125254079   2.55346711762 2.67856263232 -3.13822869165  1.46843975909  10.6933850246  -4.49122321733  -3.23362284009 -0.451487505689 1774584248.92
  -0.873438046679 -0.00846813899712     2.54332166963 2.68913570613 -3.25318554847  1.04737233796  10.8249551996  -2.28581908112  -3.05385242654 -0.487452372871 1774584248.94
 -0.899506975499 -0.0690246097876    2.53378018753 2.6895946227 -3.31838134915 0.570039133527  10.8186646582 -0.231800018596  -2.61054061043 -0.338965843556 1774584248.96
-0.883403232882 -0.120696444377   2.52874937681 2.68133219021   -3.3314131018 0.0857641095781   10.6819770826    1.81811665942   -2.28096412972 -0.0745484933158 1774584248.98
  -0.8276757659 -0.159142266233   2.53083488234 2.66748920073  -3.29639753252 -0.360115611096   10.4420238847  3.59605196137 -1.54283584867 0.295235160584 1774584249
-0.739103458376  -0.18260624642   2.54059635999 2.65221583356   -3.2217605189 -0.730361747775   10.1380084213  5.57000665988 -0.90311917345 0.711027932069 1774584249.02
 -0.62796951153 -0.191522577136   2.55632798023 2.6392876591  -3.11746202292 -0.997815371215   9.81095088303  5.87052780788 -0.12709214941 0.856686325508 1774584249.03
-0.506972683654 -0.187631688777   2.57447121195 2.63061380171 -2.99251209013 -1.14562963006  9.49382054211  5.55343796448 0.434033900052 0.799054931797 1774584249.06
-0.389847036211 -0.172911902575   2.59059016872 2.62545932361  -2.8535260163 -1.16650951273  9.20505065685  5.39877899201 0.968435051672 0.651315059961 1774584249.08
-0.289802780673 -0.148675668068   2.60067084498 2.62098816286 -2.70473810526 -1.06176179257  8.94737442226  4.34479518879   1.4605721874 0.298351548811 1774584249.1
-0.217952090489 -0.115126675431   2.60239397558 2.61404125241  -2.54942232451 -0.840731736132     8.712191351   3.33723312491   2.38636588856 -0.144175598756 1774584249.12
 -0.181923439252 -0.0715340448096    2.59601022702 2.60335982071  -2.39218235129 -0.520825443782   8.48785693605  0.967244945269   2.86974539907 -0.522552341728 1774584249.13
 -0.184874434227 -0.0169876752392    2.58452383129 2.59118323784  -2.24122132781 -0.127920449832   8.26899505834 -0.987293914852   2.74616304935 -0.525339817712 1774584249.15
-0.225075225046  0.048492867014   2.57304913008 2.58332968103 -2.10960854648  0.30334634243  8.06357935465 -2.34603489504  2.94822700753 -0.36084610852 1774584249.17
-0.296155908921  0.122858091687   2.56740750997 2.58735072136 -2.01478269102 0.730088972143  7.89521101367   -3.86868464736    3.62905367066 -0.0193523828891 1774584249.2
-0.388006619512  0.201332095085   2.57223409577 2.60911325793 -1.97602662807  1.10312944682   7.7995007432 -5.97795046059   4.7801857895 0.672677138141 1774584249.22
-0.488207521445  0.276429519736   2.58901838312 2.64910853902 -2.01027969763  1.37081265467  7.81527425775 -6.37901452601  4.47983081406  1.37963061171 1774584249.23
-0.583767640585  0.338810423566   2.61457259432 2.70029017186 -2.12723123093  1.48466842434   7.9729224023 -4.0828199797 2.39419213768 1.20053713608 1774584249.25
-0.66288679184 0.378862577739  2.64038213466 2.74855845283 -2.3249884616  1.4063864235 8.28315863353 -2.60633959214 0.979696181937 0.757639240757 1774584249.27
-0.716443950885  0.388682080746   2.65314039235 2.77552150707 -2.58762534277  1.11506759599   8.7294861237   -1.76154781996  -0.344511526487 -0.0892744364321 1774584249.3
 -0.7389705664 0.363982631241  2.63652624382 2.76221496054 -2.88557762136  0.61336159061  9.26682242863 -0.382063239006   -2.5365984002  -2.41185832396 1774584249.32
-0.728981621534  0.305441841792   2.57399358567 2.69261061097   -3.17922008803 -0.0690035711627    9.82721010449  1.66139653562 -4.78638507577 -6.09360227301 1774584249.33
-0.688680323833  0.219099419246   2.45207374868 2.5563549857  -3.42518037028 -0.875571711273   10.3317334105    2.496214641 -4.47821658917 -7.32529337599 1774584249.35
-0.623180501351  0.115634313315   2.26351377671 2.35057862005 -3.58419627899 -1.72808381511  10.7061035608  2.96607251949 -4.18400034191 -8.79667668688 1774584249.37
 -0.539466715626 0.00861576328186    2.00954112008 2.08070999467  -3.6288138714 -2.53579307212  10.8962864632  4.05541034147 -4.64127582434 -12.8332011805 1774584249.4
 -0.445320040322 -0.0879207867541    1.70068070034 1.76021443227 -3.54911906929 -3.20796960003  10.8803407356  5.41475794046 -4.83613889016 -18.5244804581 1774584249.42
-0.348386347516 -0.162045826677   1.35583423532 1.40922616025 -3.35506876493 -3.66751661302  10.6734290228  5.70594138929 -3.55153395994 -21.0689393102 1774584249.43
-0.255479961241 -0.206082443493  0.999704501686 1.05221151619 -3.07477053266  -3.8631607385  10.3246157421  4.24063036733 -1.34267664761 -16.7650257565 1774584249.45
-0.172130861043 -0.217852182148  0.659020904638 0.715120381013 -2.74904952286 -3.77781472901  9.90615247139  3.18186757491 0.110542798732 -13.3255194684 1774584249.47
-0.102325941592 -0.200761645701  0.358302299222 0.423268678661 -2.42355546176 -3.43142874892  9.49789105641  2.80379803751  1.24848216988 -12.3029415123 1774584249.5
-0.0483789556742  -0.162747625659   0.116003029093 0.205630775344 -2.14023834644 -2.87775190323  9.17068378878  2.70058675016  2.55178414453 -12.3011530906 1774584249.52
-0.0108867356299  -0.114360749322 -0.0582026217769 0.128780616476 -1.93010258031 -2.19562477959  8.97277365754  1.85206849151  2.99206495122 -8.71583660418 1774584249.53
 0.0112282462999 -0.0664506362743  -0.164508536878 0.177777443119 -1.80873402828 -1.47643492823  8.92222555385 0.777772634066  2.13687656462 -3.81239327094 1774584249.55
  0.020554029722 -0.0279794192112  -0.212315221026 0.215135002072  -1.77532455805 -0.810001908587   9.00671743962  0.20009858218  1.28802612269 -1.11220512182 1774584249.57
  0.0208637211585 -0.00442749154609    -0.21806526063 0.219105808767  -1.81502653612 -0.271342097674   9.19003820336 -0.0847486279583   0.665222179683   0.219903970587 1774584249.6
 0.0166185555608 0.00291151982397  -0.202103534831 0.202806538671  -1.90370622718 0.0894898810916   9.42300790133 -0.238238466286 0.0307950413219  0.918205527682 1774584249.62
  0.0123435928652 -0.00332616770468   -0.185227453128 0.185668083064 -2.01372677127 0.252906729564  9.65568322644  -0.13238611217 -0.585840637797  0.471121353111 1774584249.63
 0.0119737937341 -0.0176426771861  -0.185574259662 0.18679518635 -2.11936487595 0.229943338105   9.8477976263  0.142562752516 -0.716259270065 -0.745069340593 1774584249.65
 0.0182974846748 -0.0332395225351   -0.21634401174 0.219646068072  -2.2008048797 0.057353886926  9.97526799032  0.466884191016 -0.588854586768  -2.24039944414 1774584249.68
 0.0326158369389 -0.0436773171575  -0.284627564553 0.289800537192  -2.24620570928 -0.211130093814   10.0319113107  0.819594543826 -0.248274522347  -3.94122915808 1774584249.7
 0.0546921531066 -0.0442643261883  -0.391357046542 0.397631613509 -2.25190188247  -0.5154847292  10.0268188015  1.40324986493 0.299910246499 -6.89500115609 1774584249.72
 0.0829963499895 -0.0329097179826  -0.532176988508 0.539614483448  -2.22121027186 -0.799848962255   9.97878229017  1.74631305131 0.979817630537 -8.87905747608 1774584249.73
  0.115177071678 -0.0103275761003  -0.698890147796 0.708392444451 -2.16248457113  -1.0207768289  9.90958996907  1.55826227863  1.26480545692 -8.28290258157 1774584249.75
 0.148636641597 0.0203689887906 -0.881086249977 0.893767714134 -2.08700174945 -1.15195504306  9.83792452039  1.51610728684  1.49234815587 -8.48515335888 1774584249.78
0.181059701675 0.054522597917 -1.06761353833 1.08422967884 -2.00706541336 -1.18497765301  9.77515062875  1.41984215345  1.52288179219 -8.37799402109 1774584249.8
 0.210763943466 0.0870049430651  -1.24767781957 1.26834192607 -1.93448353062 -1.12672497435  9.72365772885  1.46971488558  1.54898180756 -9.06797771084 1774584249.82
0.236797594777 0.113266632732 -1.41151015206 1.43571004745  -1.87941529886 -0.994616310249   9.67779089224  1.33598256939  1.20051483761 -8.42949028074 1774584249.84
0.258787347589 0.130158806388 -1.55068537938 1.57750985796  -1.84952383758 -0.811306683205   9.62686784942 0.990936539007 0.575469994814 -6.14038914611 1774584249.86
 0.27661811824 0.136391742695 -1.65826007038 1.68669699467  -1.84939873177 -0.600227059163   9.55940168282  0.741820847421 0.0573970699029  -4.22524643758 1774584249.88
0.290077927028 0.132579859371 -1.72890955542 1.75808158903   -1.8802685744 -0.382821629001    9.4674534438  0.501653522557 -0.353261689461  -2.30213242136 1774584249.9
0.298610095885 0.120905111328 -1.75918320252 1.78843830627 -1.94005076509 -0.17761592871  9.35004128681   0.29380584398 -0.736689334696  -0.49798368668 1774584249.92
0.301276624184 0.104500224719 -1.74789069079 1.77674133407     -2.02375693037 -0.000595593904072      9.21474011197 -0.0435326304928  -0.903492115535    1.65523691905 1774584249.94
 0.296962047532 0.0867009137901  -1.69651962242 1.72449480585 -2.12420198991 0.134005795174  9.07700604335 -0.406142069125 -0.840147132153   3.40296668127 1774584249.96
 0.284760699316 0.0703353155232  -1.60950772998 1.63601676194 -2.23289520123 0.213408085682  8.95729961355 -0.838373568165 -0.759969066506   5.21321383353 1774584249.98
 0.264422558285 0.0572045100305  -1.49418104458 1.51847576184 -2.34096353261 0.227008289852  8.87665031183  -1.14334997051 -0.534777810497   5.93131032055 1774584250
0.236708861383 0.047860082792 -1.36023115709 1.38150297622 -2.43998567973 0.168089446668  8.85174864652   -1.5363445341 -0.390951477985   6.95069824912 1774584250.02
 0.203536956096 0.0417110346834  -1.21872365912 1.2363067824  -2.52267893589 0.0359386700859   8.89081883906  -1.69339406237 -0.257050244359   6.87380414546 1774584250.04
 0.167862080346 0.0374094249787  -1.08076915861 1.09436699388  -2.58344184305 -0.162487563542   8.99133773101  -1.72774204095 -0.204668560629   6.46237763855 1774584250.06
 0.133324203067  0.033393622269 -0.956102669206 0.965931048882  -2.61878094425 -0.412137076246   9.14016939567  -1.65889199735 -0.232343196008   5.92283089424 1774584250.08
 0.103750591291 0.0284300168608 -0.851868477519 0.858634004709   -2.627632343 -0.69106996787  9.31604076795  -1.23981396155 -0.278650330292   4.50551304636 1774584250.1
0.0826297149219 0.0219999484569 -0.771877709009 0.776599552656  -2.61154434934 -0.973161921174   9.49369690282 -0.782248550703 -0.352282962732   3.40553468622 1774584250.12
0.0726570663289 0.0144271541061 -0.716502195688 0.720321170373  -2.5746441468 -1.23169841526  9.64871074797 -0.183808899262 -0.389164959996   2.25780957194 1774584250.14
 0.0754120792687 0.00671858340048  -0.683220157988 0.687402287851 -2.52329610644  -1.4430224543  9.76185430772  0.486080652258 -0.373986693525   1.28129277336 1774584250.16
   0.091179638486 0.000176030379044   -0.667677298546 0.673874418905 -2.46538943004 -1.58945573489  9.82214149791   1.06181847554 -0.264057839917  0.444610797542 1774584250.18
   0.118899938366 -0.00409617486611   -0.665010669114 0.675568770761 -2.40926996615 -1.66100542631  9.82803603483   1.60509467698  -0.14327699201 -0.085199130255 1774584250.2
   0.156226418052 -0.00563029808853   -0.671130010167 0.689096426127 -2.36243828274 -1.65576299259  9.78676157912    2.01418633626 -0.0184729257801  -0.465267863943 1774584250.22
   0.199688696146 -0.00483712156972   -0.683672503963 0.712254916296 -2.33024005326 -1.57924622108  9.71204629806   2.13083573988 0.0640828238214 -0.751557555831 1774584250.24
   0.244979911979 -0.00296112260568   -0.702433858568 0.743933633588 -2.31483583963 -1.44311840843  9.62090345047   2.32459223617 0.0820775069645  -1.20687248465 1774584250.26
   0.287396065606 -0.00174031942278   -0.729208064676 0.783800949748 -2.31472444133 -1.26370223525  9.53016023023    1.95314300735 0.00286274366622   -1.63085174748 1774584250.28
   0.322434999331 -0.00284759581328   -0.767107957742 0.832122020154 -2.32499833659 -1.06053309334  9.45340573587   1.46997462786 -0.137186480497  -2.24652232049 1774584250.3
   0.346513571205 -0.00725750480483   -0.819555743705 0.889829165315  -2.33835019567 -0.854966470271   9.39887059335  0.873788223424 -0.294049720507  -3.02542493017 1774584250.32
 0.357697111009 -0.014714102829  -0.88920032395 0.958561914619  -2.34666722887 -0.668679498277   9.36852448544  0.218129430616 -0.361942879429  -3.51695772718 1774584250.34
  0.356280006421 -0.0234629827815   -0.97702252709 1.04022063668  -2.34289593313 -0.521870753063   9.35843503895 -0.320673227793 -0.396213623321  -4.87924934353 1774584250.36
  0.345037017752 -0.0303565106959    -1.0818317829 1.13592784447  -2.32277846209 -0.431086349596    9.3602176166 -0.734018791155 -0.212407091893  -6.00653356705 1774584250.38
  0.329000251977 -0.0313570767459    -1.2002549058 1.2449242029  -2.28607875386 -0.406837257419   9.36325281762 -0.833432818508  0.219535059373  -6.74267568043 1774584250.4
 0.314708541063 -0.022367667705  -1.32719658934 1.36418201319  -2.23702835492 -0.451425228301   9.35726897178 -0.51667388946 0.804266417807 -6.62538992237 1774584250.41
    0.309006150691 -0.000233800446862     -1.45664238709 1.4890573863   -2.1838950665 -0.557551599029   9.33486908035 0.0626706521504   1.27069912415  -5.53243936674 1774584250.44
 0.317601760943 0.0362947498993  -1.58260423253 1.61456630221  -2.13775919377 -0.708260758626   9.29359782805 0.877032028984  2.17683509176 -6.15244024534 1774584250.46
 0.343695543626 0.0858669180638  -1.69999087394 1.73651050265 -2.11072256086 -0.87854493799   9.2371727536 1.83078088007 2.84863069238 -5.8721563165 1774584250.48
