  -0.015317901968956 0.000420296564698219  0.00829865783452988 0.0174264882230313  -1.79737420856215 -0.345469382352013   9.54158024309182 1774584237.99813
-0.00116361071409506 -0.00313739225352762  0.00850763140261894 0.00914204638630104  -1.84587611121187 -0.335044840707123   9.59584426922348 1774584238.01897
 -0.0131873730570078 0.000420296564698219    0.013624981045723 0.0189663798823946  -1.83348907492114 -0.356117206450843    9.5947008400346 1774584238.03803
-0.00632028295147316  0.00150841274625996   0.0125597193837166 0.0141409984300073  -1.82896524064311 -0.350693985671136   9.57443167925051 1774584238.06
 0.00674938569573054 -0.00490602664649487   0.0105808216324663 0.0134750544022619  -1.84123246005096 -0.364274097095405   9.59415856205304 1774584238.0798
  -0.0148507475517407 -0.000735804392378752   0.00615515794220331 0.0160926094914046  -1.83613393191083 -0.360719771900249   9.57085291170067 1774584238.09785
-0.00959238659831772 0.000819843889247933  0.00536927423229775 0.0110233901516702   -1.8551991562113 -0.347780778231991   9.58597214884479 1774584238.11832
 0.0239295068240602 -0.0115112557549973  0.0013960998602492 0.0265909646443955  -1.86353584166084 -0.351518122175983   9.59812695944309 1774584238.13705
  0.0172132158909595 -0.00720012630826342  0.00928282397302862 0.0208400441716893  -1.83882522859458 -0.339784867111354   9.56968154399411 1774584238.16079
   0.011463474870266 -0.00776890969909927  0.00838188554434215 0.0161871312866867  -1.83883075557561 -0.360347204354608   9.59245376013034 1774584238.1819
-0.00424415269826348 -0.00469547429101912  0.00583979891821283 0.00861182688800457  -1.83025619874205 -0.357455585970921   9.58370388213668 1774584238.19821
 0.00892189415606727 -0.00568110721587357  0.00301378951762225 0.0109980953708743  -1.82358889921251 -0.360863060222093   9.59222978926348 1774584238.21767
 -0.0101084126076321 0.000380433447923142   0.0141376863545103 0.0173838692618456  -1.82387536024413 -0.355374434856172   9.58631194248668 1774584238.23628
0.00722945380201544 -0.0051426523083156 0.00149275511658764 0.0089966767685517  -1.82585353846371 -0.360074731704801   9.58851998109872 1774584238.26041
 0.00754592308671116 -0.00765675541438909  0.00494380074698863 0.0118324986597194  -1.82836333380009 -0.337578701643696   9.59374439857269 1774584238.28082
  -0.0134184902831169 -0.000903979431549807   0.00677249239678692 0.0150578787867118  -1.82254466434786 -0.341113008524688   9.57817722318803 1774584238.29813
-0.000535749774641818 -0.000294722050444349   0.00918880279551927 0.00920912513342009  -1.83100043182242 -0.365379143652713   9.57570558312272 1774584238.31684
0.000246428492830796  -0.0058411646920335  0.00401333936635313 0.00709132038699828  -1.85203398331426 -0.368878820436294   9.60029883985564 1774584238.33815
  0.0173085141996706 -0.00597129017114639  0.00465721014524773 0.0188926063962924  -1.83440527430354 -0.366908023750369   9.56986572897434 1774584238.36027
-0.00745333517382752 -0.00074689768629557   0.0102593070904167 0.0127028911411018  -1.85946316959548 -0.346389652797843   9.59970147036542 1774584238.38208
   0.010466036521176 -0.00764007520313672  0.00403760373592377 0.0135724321144193  -1.84601412839755 -0.343948800198734   9.59250641430834 1774584238.39805
 -0.00256549409699418 -0.000526358753605938    0.0108135568279616 0.011126177455477  -1.83418290638924 -0.337123244787485   9.57747645759462 1774584238.41509
 0.00094852669159975 -0.00401600216090789   0.0128855998640372 0.0135302128622269   -1.8508803065421 -0.359688192539101    9.5937087885483 1774584238.43597
 -0.0090348154916309 0.000441996597430545   0.0167122732048316 0.0190032451868855  -1.83649010764657 -0.358807678878474   9.58276956168512 1774584238.45787
 0.00811791606247425 -0.00432040543874002  0.00600641936766548 0.0109837852297256  -1.83746321832791 -0.357935220078869   9.59572946900002 1774584238.48027
 -0.0108298831740916 -0.00372100362596159  0.00586874037507571 0.0128675697448639  -1.83380595715695 -0.354304056626783   9.59250789218722 1774584238.49804
  0.0122927883407343 -0.00670061895471711  0.00897053231723388 0.0166277295389643  -1.81187245102259 -0.360964376441624   9.57195863667143 1774584238.51582
-0.0135163291169437 0.00464215564105295   0.013256827813296 0.0194931845901248  -1.82462736565374 -0.363978835622593   9.58999080469861 1774584238.53588
 0.00438385838960088 -0.00384076125919819   0.0136950851870059 0.0148837165959844  -1.83861495898361 -0.357460537883259   9.59801607369746 1774584238.55862
  0.0102484449744225 -0.00434502473458998   0.0104481013772015 0.0152667182696951  -1.84073875412611 -0.351445647176201    9.5806900904377 1774584238.57997
  0.0138818327667863 -0.00605880930351104   0.0102541503443939 0.018291037434404  -1.85398624181448 -0.344499750313925   9.58791722404359 1774584238.59813
-0.00131376542352612 -0.00417239267841184  0.00793184181257323 0.00905808781093463  -1.84417197767978 -0.344427807759494   9.57841778854613 1774584238.61585
   -0.012019095293045 -5.88776902960319e-05    0.0111737033644954 0.0164107819778171  -1.84802594376144 -0.343181340838179   9.59472585619029 1774584238.63543
 -0.0173291923782383 -0.00366190355732229   0.0125000998717687 0.0216786287146884  -1.83561637387881 -0.360985563444127   9.58553881673186 1774584238.65803
  0.0166402111095909 -0.00490615979896504  0.00829879098700005 0.0192311456130581  -1.81406468245374 -0.367420071435642    9.5708235372102 1774584238.67782
 0.00801811251255582  -0.0071850878522592 0.000916077251447402 0.010805314120344  -1.83514091420174 -0.384519071451861    9.6071278507234 1774584238.69808
-0.00467166388139724  -0.0030014801169224  0.00563870029756274 0.00791380233255583   -1.8266901224976 -0.365170061720719   9.57965479861236 1774584238.71574
-0.00979733698943729 0.000614539094526972 0.000459464312106082 0.00982733828853965  -1.83378572262838 -0.340722648599954   9.58031094977346 1774584238.73679
-0.00796455504179016 -0.00442730514189419  0.00206664633116514 0.00934377840550952  -1.86199034508339 -0.327782907377435   9.59520833606385 1774584238.75843
 -0.0108767703342116 0.000780444186394182   0.0129350407579135 0.0169182890813505  -1.83347463815285 -0.335367683414938   9.55560388361286 1774584238.77851
  -0.0154221063393857 -0.000749173010824031   0.00840286256936787 0.0175787008479908  -1.85953369899824 -0.350878694155206   9.60060524960827 1774584238.79821
  -0.0202168400386856 -0.000751815096287842    0.0114410272744027 0.0232418362480772  -1.83147559953425 -0.363443827744029   9.57944580709934 1774584238.818
-0.00982765880732203 -0.00195606962972404  0.00698755974975563 0.0122161809615717  -1.82522920880335 -0.368414833625887   9.58062485996151 1774584238.83646
-0.00431238170439698 -0.00552687736073401  0.00353437561690953 0.00785078469494716  -1.80955665040827 -0.397797699965422   9.67386953007119 1774584238.85986
0.0283339136016391 -0.123372722998959 0.0064144947559042 0.126746933624197   -1.0651484111113 -0.671168355824808   9.81398235235164 1774584238.87859
 0.0731780097520025 -0.0668158233724649 0.00250193479471482 0.0991243413189798  0.458665531454108 -0.597144520290669    9.0862387901181 1774584238.89812
0.00521253899737221   0.198948452080616  0.0220874223159292 0.200238636063659 -0.271089569158043   0.25145579775481   8.43014519720265 1774584238.91776
-0.020096104753839  0.148893572237897 0.0292797596853269 0.153070093771675  -3.04724931508556 -0.179223569330393   11.0160619261434 1774584238.93631
-0.0454637916541773 -0.0690891263049657  0.0409679830036037 0.09229647532025  -2.45672180952895 -0.163823575816522   10.0617021488996 1774584238.95982
0.00143999694733463  -0.010620594128429   0.060404410612224 0.0613478885721367  -1.75654936907578 -0.395754331578458   9.24317524116078 1774584238.97814
0.0168225091750508 0.0497570002143308 0.0450650782194195 0.069207060045894  -2.37945826637379 -0.267295254926038   9.46784122809393 1774584238.99762
 0.0187157661150821 -0.0156353835219709  0.0200077988054459 0.0315445261843125  -2.60933641818032 -0.454500154861484    9.6807741059269 1774584239.01779
-0.0156313429750845 -0.0344826169093149  0.0100845888475568 0.0391802078139404  -1.97665722075293 -0.239370727057838   9.25317286916259 1774584239.03627
-0.0106220520398231  0.0361655861339034   0.013624981045723 0.0400801411978776   -2.1721512353029 -0.347869840743908   9.62151168669827 1774584239.0581
0.00726633594741983 0.00515621310826907  0.0226551986381535 0.0243442846896935  -2.41704952165167 -0.368555222778509   9.63783873560177 1774584239.07629
-0.00253472849726677  -0.0219502579420805   0.0232123658061028 0.032047661359217 -2.11312251790299 -0.43112157307128  9.38648640707997 1774584239.09822
0.00770323109666556 0.00150098157863991  0.0217015743370622 0.0230770674856033  -2.03999585733133 -0.457871336364547   9.53957623569906 1774584239.11616
-4.66796439140252e-05  -0.00793845291529668    0.0133995051769686 0.0155745931781587  -2.11981263186963 -0.509991831340113   9.70714059876874 1774584239.13575
 0.0191276436411931  -0.021123049347168 0.00250221091004733 0.0286061361324058  -1.88925788356752 -0.418264070868268   9.48202890546073 1774584239.15712
 -0.00485137687967287 -0.000551908156046932  -0.00968930985170541 0.0108500315964375  -1.81854315742865 -0.338139220994908   9.51336640396758 1774584239.17714
 0.00492212362587452  -0.0102323489263654 -0.00768030434846878 0.0137082216360982  -1.89382769359576 -0.250791359584061   9.67264171616569 1774584239.19812
-7.38244208987908e-05  -0.00983995731901265   0.00310313684549888 0.0103179294612342  -1.82859190738521 -0.233307408404258   9.60637675204335 1774584239.2161
 -0.0136000966191839 0.000218068294873857   0.0039458847910313 0.0141626335339321  -1.76294349833635 -0.239435033915994   9.52231216827723 1774584239.23595
  -0.0217143486941198 -0.000379057417001086   0.00537039936381853 0.0223718084441582  -1.79538796001356 -0.264917543970602   9.61059271442045 1774584239.25619
 0.0133741224815257 -0.0096821872598497 0.00805863807106396 0.0183726304552737 -1.78632980855216 -0.30361789840512  9.62441153929518 1774584239.27637
  0.0169968386999162 -0.00363610109703682  0.00895460614565517 0.0195524609244629  -1.78252364234669 -0.327152991482344   9.58009705839034 1774584239.29806
 0.00395786217617652 -0.00305240528720338   0.0109406351658162 0.0120282728965737  -1.82296951980408 -0.376509327876456   9.59319335472322 1774584239.31598
 -0.0221296729653616 -0.00390987691477823  0.00304145039976749 0.022677301064651   -1.8029958552365 -0.391776674678657   9.59285791647434 1774584239.33798
  -0.0194896102894668 -0.000376920468671634    0.0072333961725235 0.0207920417098387  -1.80691986035156 -0.393969205058205   9.59976796977131 1774584239.35813
  0.0149017432139671 -0.00393882161695521  0.00791025012400104 0.0173247892792226   -1.8229479310318 -0.394635027384149   9.60335104841363 1774584239.37626
-0.00993369051918104 -0.00405915226928382  0.00315952705797205 0.0111864889802903 -1.81279607533876 -0.38088821589024  9.57530311667386 1774584239.39805
   -0.015424252537345 -0.000723517627629342    0.0043403225572635 0.0160396210676679  -1.81978262805061 -0.344783187867142   9.58054509507652 1774584239.41588
  0.0171946040913789 -0.00141474049771817  0.00834790669140013 0.0191662058494495  -1.83208973068673 -0.338375503313697   9.57581885333243 1774584239.43784
 -0.0285519600781065  0.00361608900129795 -0.00712042790128161 0.0296477826736579   -1.8606573473737 -0.330183979988757    9.5733561510375 1774584239.45481
 -0.0265911969345337 0.000392025033674532  -0.0168937517337816 0.0315062578812659  -1.90406662670399 -0.502495622233819   9.59703894616053 1774584239.47578
 -0.0313571150925823 -0.00441918790525531  -0.0392220965499833 0.0504100262492257  -1.93031205350763 -0.407552668618018    9.5492732586575 1774584239.49811
  -0.0841279333098764 -0.000711455426436255    -0.070763616738314 0.109934092917992  -1.92570321361843 -0.624615207694553   9.54281795378967 1774584239.51791
-0.0842853196212343 0.00462111953977515  -0.100663208800253 0.131371425566665  -1.83556073228502 -0.826436167665208   9.40499709861603 1774584239.54051
-0.100411643599178 0.0242258248887226 -0.130047861705808 0.166077798323799 -1.83192689191313 -0.88970709574915  9.34382284639162 1774584239.5581
-0.123409851999398 0.0212635821528019 -0.158986106457491 0.202382591995939 -1.85940535068402 -1.13748207830728  9.41534327046277 1774584239.57608
-0.0510349482039733  0.0304484820118104  -0.181770170100672 0.191238256458882  -1.9615001690414 -1.42425578530713  9.59683295110862 1774584239.59809
-0.0360855926281437  0.0316860216794162  -0.211428097300464 0.216813316688084 -1.95872392201424 -1.25859435088539  9.50798365275472 1774584239.61889
0.00336995445704072  0.0459597338548061  -0.232540089260924 0.237062326915361 -1.87727436664856 -1.10941708382712  9.36111339110021 1774584239.64216
0.0363595412999304 0.0334919568395768 -0.251341385949255 0.256156631199307  -1.99349225347914 -0.979021677719731   9.60884152265239 1774584239.65866
-0.044321263007519 0.0230147129392041 -0.284102928029017 0.288458879358768  -2.08336471700465 -0.936277921114895   9.88618834235441 1774584239.67613
-0.0121312479760066 0.00790456680476793  -0.306973924187028 0.307315211931674 -2.04575468784161  -1.1558627497223  9.89288332260619 1774584239.69773
  0.0110505947016624 -0.00954895521340665    -0.32724683931376 0.327572575210096 -2.14836837806292 -1.11438601987615  9.95582515026422 1774584239.71804
-0.0242716081260826 -0.0455364100894142  -0.368341035193113 0.371937889723528 -2.10447048805413 -1.01459862599739  9.90585433407938 1774584239.74043
 0.0353605307877246 -0.0685179908303631  -0.393002157577511 0.400494417021758 -2.08398086884279 -1.25683861644749  10.0539647955884 1774584239.75685
 0.0671349737419446 -0.0801992034406094  -0.422452254194146 0.435206760064174 -2.02103034191673 -1.45609398009502  9.93101616717239 1774584239.77598
  0.137924417262843 -0.0887453536923565  -0.444318154387879 0.473621689746075  -1.93619266202447 -0.999169720476528   9.61142388786806 1774584239.79634
 0.113391698516681 -0.105260358960995 -0.475299343726525 0.499846863157068  -1.72088216150884 -0.914828121392455   9.38101673091818 1774584239.81661
  0.111295919897648 -0.0573321395700351  -0.495095853246641 0.510679605932684 -1.77403681442378 -1.06984493567931  9.49537479496641 1774584239.83896
 0.174260656017689 -0.072327549790735 -0.511957423883107 0.545617498402932 -1.78223205271593 -1.05281283867029  9.47544690752645 1774584239.85603
  0.189212873578072 -0.0528429299592972  -0.521378417886327 0.557161862847776  -1.77883134614186 -0.790588679740143   9.44777412689932 1774584239.87583
  0.192244940654743 -0.0474726106171019   -0.53554086506765 0.570977919120832  -1.80691925043517 -0.553192117901231   9.43618731180753 1774584239.89603
  0.162049661500697 -0.0317712470170833  -0.542443096637726 0.567022061316344  -1.72648219217559 -0.336508378988791   9.25203893433308 1774584239.91643
  0.152993887662888 -0.0428990365464541  -0.556055271795525 0.578312132235192  -1.94247842712227 -0.856131992857562   9.79849996582376 1774584239.93881
  0.251564274661457 -0.0539215635306401  -0.581663494650765 0.636022436953976 -1.85957331485185  -1.3116994667963  9.79871570104362 1774584239.95613
  0.302560523532477 -0.0366255884552921  -0.606766982753379 0.679006977496979  -1.68162591598991 -0.787085573298262    9.2321043873292 1774584239.976
   0.242616407084799 -0.00454226847850353   -0.643783500483909 0.687997491772306  -1.72213333145005 -0.629479516389676   9.17580200135921 1774584239.99797
  0.353263906829169 -0.0287292370336894  -0.638123121568224 0.729946487907655 -1.78802468575591 -1.59249391761728  9.70533706725468 1774584240.01618
  0.661725597948115 -0.0244278487211146  -0.701810233717499 0.964891232690785 -1.53152436620241 -0.66102930927054  9.52200468993029 1774584240.03863
  0.731624989560576 -0.0500801625312575  -0.825324316596205 1.10405768671463  -1.68128648807215 -0.183470636925379   10.5333189046085 1774584240.05621
 0.675758723153954 -0.180974691777322   -1.0234773748495 1.23972078623027 -1.49216340524634 0.381922395973411  10.7221610599996 1774584240.07637
 0.549931475782166 -0.143530657181272  -1.12310087171867 1.25872206847344 -0.729758164999181  0.660755697239125   9.27108306199318 1774584240.09678
 0.389851034590463 -0.198134653680698  -1.23899386703257 1.3139052373382 -0.773556626799203   1.42931438766049   8.75522953755322 1774584240.11629
 0.0393637783638822 -0.0865781996380507   -1.40192874715802 1.40515106084994 -0.0319023745679175   0.617402578666297    7.67047161948848 1774584240.13841
0.0524438269149481 0.0467936954075717  -1.50785265157857 1.50948985547565 -0.315568708105777 -0.592398168160767   8.20811724092047 1774584240.15621
0.230508512192401 0.133238221464417 -1.61583677195624 1.63762482622184 -0.932461982712791 -0.924699425307683   9.26208920457974 1774584240.17673
0.276045005297824 0.139964500948615 -1.69100295312747 1.71909333486041 -1.65061771308797 -0.47546434767695  10.2063659903874 1774584240.19801
 0.424209702694668 0.0952701199811871  -1.71727419530416 1.77145728976995 -3.41958935007016 -1.47274271052367  12.7386711848101 1774584240.21611
 0.577546009498233 0.0078426218855512  -1.74859870226168 1.84152608489715 -1.58936865901561 0.105661764388693  8.95671327374653 1774584240.23792
 0.533494524497445 0.0393373179809824  -1.77838557042495 1.8570996390475 -1.79058922378436 0.458769443352088  8.40121045424433 1774584240.25559
 0.357803424796797 0.0319108627612004  -1.83079759503836 1.86570668325884 -2.14263531901016  1.06522018727794  8.75045171113646 1774584240.27816
   0.38418629679862 -0.0113085861154678   -1.86345589647335 1.90268096980789  -2.14773835465616 -0.495103205614554   9.06491042585428 1774584240.29817
  0.416114211082458 -0.0475166067481041   -1.89000272750854 1.93585102075841 -1.6772556904576 1.09899590931477 8.60511708821709 1774584240.31826
  0.187082350254059 -0.0347334295511246   -1.82502150535583 1.83491408842928 -0.887249052905033   2.27845952185572   8.21154620071191 1774584240.33827
-0.0673664872352057   0.065424718255643   -1.73563111930623 1.73816973269743 -1.7864405504174 3.69515871609081 9.08471757908841 1774584240.35623
 -0.52131849527359 0.0132034718990326   -1.2412565946579 1.34635256859644 -1.02075938163668  4.13134441024765  8.33880790112828 1774584240.37876
-0.758872509002686  0.035574022680521 -0.728864312171936 1.05280396160329 -0.904919814706706    1.3053583459006   8.72210468453075 1774584240.39801
-0.718392431735992   0.17405840754509  -0.38691446185112 0.83431817432094 -1.33280760506579 0.345797201826312  9.62927279620222 1774584240.41861
-0.546884834766388  0.282715380191803 -0.248430073261261 0.663873866028066 -1.79820225266446 -1.88173876951589  10.3405575353876 1774584240.43983
-0.162324398756027  0.408416599035263 -0.173861563205719 0.472632174062846 -2.23984264336966 -1.87435919802691  10.5438326244087 1774584240.45856
-0.274157652029624  0.253560722634079 -0.193421378346946 0.420555927114035 -3.93563501806297  0.64113976561181  12.0359711703889 1774584240.48086
 -0.35939833521843  0.159144714474678 -0.145099431276321 0.41898454441628   -3.8942592027185 0.0861027478074657   11.0139169885852 1774584240.49812
 -0.209227303446609    0.09034122659547 0.00801701013316296 0.228039194398219 -3.15909245721254  0.24800279210782  9.28703999819867 1774584240.51965
-0.192421588689736 0.0913151651239422  0.180976849006625 0.279494449053754 -3.10586017612265 0.667390871444183  8.92628070693066 1774584240.54035
 -0.179740061988993 -0.0244443048833585   0.373017386309471 0.414784262495802 -3.83741277674115  1.84820047270351  10.0170894339521 1774584240.55805
-0.375413515943364 -0.238182048889231  0.944274344359283 1.04370495533038 -3.41941124533551  2.53467286059142  9.29683904800129 1774584240.58056
-0.412531587018633 -0.210393173363882     1.273243537879 1.35484194813892 -2.90693683991474 0.445805829690819  9.24995232550357 1774584240.59818
 -0.367278336846041 -0.0576314752432371    1.35934638294918 1.40926837489958  -2.9055028748056 -1.03863831130086  9.75523684331895 1774584240.61846
-0.158815229052277 0.0225339652481611   1.33089342128135 1.34052502974719 -2.75092299395035 -1.52680955509696  9.99947898170843 1774584240.63714
 -0.100670799874105 0.00626224483502439    1.32442719585849 1.32826248263935  -2.80564095706047 -0.911548066122642   9.86718283609825 1774584240.65705
 -0.188855057291251 -0.0322512944376998      1.300603699805 1.3146392518877   -2.85130856415194 -0.0312814058312524    9.56880621753458 1774584240.67994
  -0.335641305854345 -0.00263691826011635     1.29888109158987 1.34154915289124  -2.56702566321066 -0.119075204770138    9.2607660574723 1774584240.69807
  -0.28748103851956 -0.0676751793995321    1.30241922220399 1.33548534540124 -2.81655452553779 -1.24373217020026  10.3022077478247 1774584240.71811
-0.189829050584496 -0.150426753701167   1.32871801505751 1.3506127647158  -2.58974674857208 -0.935102696905795   10.4676150861783 1774584240.73602
-0.0673805071561093   -0.20457678470565    1.35689062493845 1.37387916558588  -2.09746661990003 -0.935900596119718   9.71725248277763 1774584240.75711
-0.00114086589767276   -0.192313095522727     1.42610907517058 1.43901797159327  -1.56068819450725 -0.215664409633976   8.78033603649177 1774584240.7786
-0.0319221070208975 -0.0842980014259025     1.4555431333596 1.45833157650492    -1.35049609165742 -0.00300362806188041       8.799126041402 1774584240.798
 -0.129217381067369 -0.0573039079583217    1.43459686001673 1.44154397095859  -1.86162593577648 0.0289777503481293   9.79690162088387 1774584240.81784
 -0.272788044643043 -0.0855288738437378    1.41961217014434 1.44811160453298   -2.1690012525756 -0.220867612874221   10.2151092193184 1774584240.83441
 -0.220302031729567 -0.0764788209487032    1.48940472388115 1.50755047237476  -1.88727290508608 -0.115804191245755   9.55512432498055 1774584240.85572
-0.281375207255794  -0.06131191004667    1.5245848113608 1.55154439337192  -2.05855519525673 0.0204941673549692   9.46806922653888 1774584240.87691
 -0.339946056236129 -0.0445238367972644    1.58658245844994 1.62320349637829 -2.05615414214055 0.628632493385228  9.25874372145704 1774584240.89812
 -0.493956354929047 -0.0459525046971432    1.66280887895947 1.73523424390172  -2.3558977642378 0.274142764786983  9.38543621126011 1774584240.91799
 -0.488452301172114 -0.0730829536914825    1.72704947927977 1.79628134559181  -2.42513356975176 -0.134224224787098   9.50029537330069 1774584240.93377
 -0.408265165190331 -0.0916445987618908    1.81177604709183 1.8594654130706   -2.43177416446834 -0.0184885632289336    9.24454102299717 1774584240.95537
-0.469666415018688 -0.108618781996594   1.89245039277119 1.95288327103766      -2.515067591872 -0.00662190625392905     8.88217374218178 1774584240.97803
-0.402383860378522 -0.138167633600076   1.96862694657678 2.01407425902224  -2.44908701707787 -0.426130011520611   8.95660594786157 1774584240.99791
 -0.37697713579972 -0.143035037180572   2.00975357181162 2.04980003956156 -2.31438364315939 0.029276583266034  8.78637222464616 1774584241.01679
-0.385579384438012 -0.133715215598996   2.04911506911507 2.08935965957533  -2.45133282042145 -0.418132812651399   9.02374359404607 1774584241.03049
-0.262513745918631 -0.148662235435928   2.11331595810988 2.13474079593821  -2.36249473720751 -0.430782942025336   9.18197289277926 1774584241.05211
-0.260007541923207 -0.131125136015035   2.15219099268342 2.17180196890499 -2.15845510165398 -0.19592933608448  8.88430346422216 1774584241.07435
-0.377309620628924 -0.159176218249385   2.11877076052325 2.15798265839269  -2.55353942560387 -0.125719844443802   9.71685970411437 1774584241.09679
-0.253722656176025 -0.160267180546142   2.15873115210331 2.17949098242652  -1.98650757134819 -0.600238475447549   9.04930890616007 1774584241.11646
-0.298682788782845 -0.126342539172546   2.14628276438279 2.17064588318922  -1.55058525518546 0.0138582666866709   8.50214982768789 1774584241.1319
-0.351752598944431 -0.028125962688073   2.15393026067482 2.18264438892184 -1.65703297491819 -0.14292031478921  8.68668429583147 1774584241.15208
 -0.338411131215343 -0.0188974930123108    2.18529602226169 2.21142440835887 -2.20781545613156 -0.29073407839092   9.2828471695515 1774584241.17414
 -0.284127265487637 -0.0235698346472058    2.23990016768724 2.25797178930652  -2.13096429406198 -0.425286211688363   8.80647314191295 1774584241.19812
 -0.313528395576437 -0.0059640259977252    2.25600671768188 2.27769662919903  -2.1651721558167 0.117077172713152  8.45052995852541 1774584241.21776
 -0.385402073529637 0.00764947388019036    2.26468354349879 2.2972559337013  -2.3096630479225 0.214095632582873  8.46556243649209 1774584241.23221
  -0.415237062354527 -0.00335663035552964     2.25517373870787 2.29308562349463 -2.77442999198823 0.256235072548824  9.16004332246643 1774584241.25078
-0.400608944009437  -0.05265838888295   2.29189620182021 2.32724056166482   -2.93998262606267 -0.0948701924132774    9.17959323725589 1774584241.27501
 -0.319882459306286 0.00681188330054283    2.31148909833065 2.33352802452153 -2.87259870141461 0.165514675570538  8.66380013222354 1774584241.29791
-0.377175619680503 0.0256098989699032   2.27986385764065 2.31099470453368 -3.08955366035693  1.06961232831206  8.20829193685562 1774584241.31717
-0.611323569280379  0.029870106375542   2.22372935101391 2.30642167787535 -3.81761886407062  1.32879978647679  8.67991398150177 1774584241.33229
  -0.699954242873633 -0.00907576965291665      2.2043627143274 2.31284095605998 -4.53572936595206 0.267876037249031  9.24924535181418 1774584241.35056
 -0.648678718629509 -0.0738469877242566     2.1094994926091 2.20821773539586 -4.42599848253188 0.385534259636236  8.79962565285901 1774584241.37306
-0.792510514100542  0.102013651899626   1.93086977816659 2.08967408951035 -3.77758204291178 0.273979345314602  7.79992038036038 1774584241.3981
-1.25024289854111 0.342112474624188   1.8144030292188 2.22984452441965 -3.25925429389554 0.984031549313376  7.38026163272992 1774584241.41842
-1.50432884784479 0.511847230330764  1.75527815569466 2.36769809593921  -3.35132024094539 -0.936960991012063   7.92555180292987 1774584241.43279
-1.15620044794985 0.424619950205162  1.67746581561345 2.08110382742029 -2.72280014241816  -7.3135948346654   10.607576087796 1774584241.45419
0.0658988344794961 -0.125091582853024   1.77646303081429 1.78208065483477 -2.32995257476554 -6.36089646693456  13.1795979514103 1774584241.4761
0.0515492624697709 -0.188596224384024   1.73887886589659 1.7498358701818 -1.55623046560215 -0.32906461736534  8.89435089195894 1774584241.4981
 0.30397334118014 0.184712811250663  1.62547410293808 1.66393649942259 -1.45128740736294 -2.44467510002581   11.058040764746 1774584241.52009
 0.675326422362976 0.0357664325826735   1.40271425674508 1.5572258347835 -2.86984309206276 -2.45497751704432  13.4760126149655 1774584241.53462
 0.261121779736201 -0.303330949637036  0.989619009000936 1.06749240364337  -1.95762194534838 -0.569792364621076   10.9850228876714 1774584241.55591
-0.182041586845369 -0.280428990303252  0.682100120714177 0.759631576898944 -2.81780501511494 -2.21445378926259   10.704392321068 1774584241.57622
  1.24808585643768 -0.788940727710724   0.66450160741806 1.61916897300489 -7.47837014878201 -6.85624062701699  17.8563064072974 1774584241.59804
-0.168715998530388 -0.524755120277405 0.0903240218758583 0.558561951215163 0.132791861850723  0.48963995217564  9.18044193574537 1774584241.61882
-0.710450595429027 -0.072258898720899 -0.147400771978448 0.729169654174979 -3.30998715904944 -3.18438715310483  11.8418494345895 1774584241.63412
-0.316274425302261 -0.219152979839999 -0.110087980253431 0.400221068997256 -1.99065087957069 -1.60733296623339  8.22062117520705 1774584241.65327
0.0279923399959799 -0.221399187794422 0.0267678953599751 0.224761410559026  -2.0719020364579 -1.51700478682737  8.29657559772519 1774584241.67426
-0.0321105833531961  -0.252591292071622   0.120993772287849 0.281909459447777 -0.825365142006894 -0.663936303577939   6.81057649001296 1774584241.69764
 0.0549895577132702 -0.0528429299592972   0.212829440832138 0.22608095361862  -1.02164756066914 -0.285760621965423   6.86195537626179 1774584241.71874
0.0297885417594913 0.0294410657395122   0.16902426620322 0.174135970257647   -1.0953439298807 -0.319161556751605   6.85702670047802 1774584241.73588
-0.0867085902211094   0.104708384651447   0.155070690093403 0.206225954623787  -1.52193593443065 -0.196532031372104   8.05837730779762 1774584241.75681
-0.139604439036231 0.0785459451718938 0.0974434030719013 0.187494217787642  -1.65032130959062 -0.664021524827573   8.93794467288269 1774584241.77572
0.0900983390633473   0.17200524376087  0.093455000319907 0.215493275226871  -1.7497954550058 -1.62039125870113  9.89120164484811 1774584241.79823
 0.211215558783409   0.12634719960467 0.0571293039636006 0.252664569125739  -1.46048280419336 -0.796556728106989   9.66092764830037 1774584241.81856
   0.288642111162944    0.198300042532958 -0.00229706576908095 0.350203443324479 -3.62427526466266  2.16877316064729  11.9314848017746 1774584241.83805
-0.683631796231778 -0.229455170068011 -0.142971272895521 0.735148211426371 -5.27526159564619  1.50618034391012  16.5364505542439 1774584241.85842
-0.0059213067305942  -0.250869526400401  -0.444423115102949 0.510374848897914 -2.20889026274599 -6.00082892560234  12.2677873262473 1774584241.87642
 0.519479701028338 -0.189651946594563   -1.0584958236112 1.19425308424553 -1.43477574825681 -3.70595859644501  10.7566191757379 1774584241.8981
  0.399415474087265 -0.0639617432357138   -1.35179051311544 1.41101432199926 -1.66813933464655 0.190191494749597  7.98194821121235 1774584241.91784
 0.171952483405101 -0.180623400593567  -1.42798541532497 1.44959815665308  -2.17804152190285 0.0737056278015597   8.04222812994717 1774584241.93797
 0.281227510312944 -0.130090742885462  -1.38254776056621 1.41684537765698   -2.3761235746983 -0.640955567404134   8.43210489775167 1774584241.95804
  0.21019334455517 -0.156073920444243  -1.50219657866391 1.52483929372498  -1.61789757553569 -0.556047134796552   7.85599473166243 1774584241.97585
-0.016528326594176 0.0945446099700939  -1.61348751304129 1.61633963745079 -1.54691320620234 -1.03780209856909  7.91339100768305 1774584241.99785
0.201679130758165 0.162739019276739 -1.65552008416251 1.67568052123428 -1.98022924977918 -2.21972304934531  8.89812650806549 1774584242.01619
0.415972267752665 0.221884474287387 -1.71204265369173 1.77576904340877   -2.6425463910423 -0.809119267009224   9.43687662036266 1774584242.03766
0.398464382695963 0.130997268308254 -1.78153175408917 1.83024302741727  -2.98323947038549 -0.631340477368748   10.1506501516335 1774584242.05703
 0.423118527889783 0.0712168169383099  -1.82996845175563 1.87959720633952  -2.91331677531002 -0.826013784154427   9.93604990284333 1774584242.07407
 0.435305717163497 0.0825050794794446  -1.88041532039642 1.931905777391  -2.34108719349861 -0.964643827045165    9.0296027544696 1774584242.09811
 0.610211774154461 0.0634903075015383  -1.92479075434229 2.02020020702527 -2.33704076588591  -1.0968384314211  8.70154270356273 1774584242.1157
 0.578744880489535 0.0644552183223276   -2.0326312505813 2.1144006036467  -2.56957032817689 -0.752321224676176    8.7641435809278 1774584242.13701
 0.637689232826233 0.0175080180330121  -2.11405606167276 2.20820903001806 -2.56658393933693 -1.02867041968734  8.78400960573826 1774584242.15993
0.740806410030846 0.053566927774226 -2.13970417196219 2.26494977789936 -3.64713331239927  -2.0737334699995  10.7442561192959 1774584242.1765
  1.04147292113064 -0.175140177945193  -2.18344413899155 2.42544186396533  -2.84757910104931 -0.947643448793589   9.21207907699488 1774584242.1982
  0.702205682469843 -0.0439558456409458   -2.31712208220684 2.42158619105526 -0.796281500350931   1.96771329277571   8.15604485810298 1774584242.21463
0.474243334445427 0.312135644611371 -2.40565641838287 2.47174396008357  -2.14878405946951 -0.595928471539631   8.96894961145214 1774584242.23757
0.305361209654168 0.239160278519309 -2.39698214489311 2.42816113759348 -1.81292938618466 0.714399371769693  8.43724376468105 1774584242.25987
0.273592194119102 0.284610000457726 -2.38224910350254 2.41473939218751  -2.15464326191235 -0.290414342486525    9.1451714787428 1774584242.27699
 0.39294965335406 0.303854574684904  -2.2405356182637 2.29493722993382  -2.00491891867404 -0.474787650243891   8.03641548731026 1774584242.29822
0.632585138499272 0.341842402725838 -2.19751142545448 2.31215843980349 -1.21970037691437 -1.39704005012147  7.90075674150981 1774584242.31789
0.698126356875888 0.398657558026154 -2.30939871918538 2.44532834255673 -1.44993297346745 -1.24052548179378  7.68415342280098 1774584242.33699
0.541124046707254 0.526573148387024 -2.48359765735491 2.59583355362894 -1.85816577083429 -1.72135305793573  8.11018293432875 1774584242.35978
  0.7219595237294 0.572343130472465 -2.51178053592114 2.67541467319271 -2.51156635099947 -2.74157604906308  8.86296029734121 1774584242.37692
0.796509997121395 0.538129043806859 -2.54064460989395 2.71641051335876 -3.59989576338702 -1.49095049227824  9.88642176034573 1774584242.39804
0.634520179619074 0.205563195233739 -2.56255738002955 2.64793738814241 -7.94600111844007   1.9122503487437  15.8032238635143 1774584242.41804
  0.65545802269556 -0.518862650266983  -2.32982662767306 2.47526479075926 -5.40828303365823  1.96237536365383  10.0310076162217 1774584242.43968
 0.249133056450104 -0.622843906935859  -2.43468263681933 2.5254071660334 -4.89194028097625 0.659864710613409  9.02623142248467 1774584242.46073
 0.652184439131532 -0.477816516787378  -2.28875308536663 2.42735326068032 -3.10488650435371 -3.47076118559769  9.90613405058823 1774584242.47864
0.687510864255213 0.211167164783201  -2.2993532642316 2.40920903901758  -4.132658935675  1.5022627762464 11.3838645513289 1774584242.4982
  0.42960164415471 -0.120425713966736  -2.34434134755848 2.38641913316105  -4.1962127636331 -1.26936482924761  11.0324435100355 1774584242.51619
  0.4756685242338 -0.23009891245725 -2.51424765586853 2.56917249897728  -3.73117394228251 -0.775368668807846   9.55904782177367 1774584242.53834
 0.70784686919173 -0.24999083695796 -2.48801179157868 2.59879689160619 -2.66662290082072 -1.12541856445441  8.02730552861884 1774584242.55827
 0.679746310084989 -0.154528093777531  -2.49888727325664 2.59429597044837 -2.98253334401194  -0.8774863941546  7.96742957963929 1774584242.57638
 0.808704977273861 -0.156868101210223  -2.51444290655611 2.64594680063208  -2.67133398822897 -0.930031842463406   7.29388155009945 1774584242.59807
  0.835625730221971 -0.0698266552966921   -2.55713015719023 2.69110772055127  -2.49596077214334 -0.651666032930574   6.98408342148866 1774584242.61567
 0.810611555619868 0.0357901572029822  -2.61248497589643 2.73558947555031 -2.91277155827293 -0.51100735002285  7.09629844167339 1774584242.638
 0.693249174034183 0.0715134950907654  -2.65952516060533 2.74932404004548 -3.33222153305391 0.239062372708856  6.46080087862004 1774584242.65725
  0.426950117755859 -0.0176200407564628   -2.69199275008582 2.72569657801499 -4.61259097548333 0.736136658997395  11.5571433209612 1774584242.67637
  0.203984375914012 -0.0221148930760809   -2.65863095774599 2.66653656708438 -3.95154686342115  1.36759468041036   8.5955468796077 1774584242.69824
  0.26223975696439 0.0223751575593998  -2.49795095439346 2.51177811686537  -3.63865786736427 -0.554329167891047   9.46004696029855 1774584242.71578
   0.610742805224163 -0.00596588588944399    -2.36949627359253 2.44694809027417  -2.22185062402305 -0.959439689887375   8.72303722468154 1774584242.73816
 0.781065650531726 0.0717581026078189  -2.35753355420591 2.48458794067289 -0.918219805965148    1.0352647541502   6.10705599952253 1774584242.76053
0.663516540368127 0.271921499717419 -2.42527707547581 2.52906393635653 -1.23871721263696 0.388276195457035  6.85129919753012 1774584242.77624
0.814523160457611 0.304020673036575 -2.43648314476013 2.5869531621689  -2.77164329910066 -0.930048234069427   9.26500741850304 1774584242.79815
0.760811919099649 0.276151550803983 -2.42897520886379 2.56027635628079 -3.26990422202029 0.245797658482425  9.80849610001052 1774584242.81462
0.272951775745151 0.158300485762028 -2.51214035033443 2.53187891800799 -4.12818769507164  0.83731531484428  11.1238229413582 1774584242.8376
0.0784253776073456 -0.431011825799942  -2.40452527999878 2.44410792641926 -6.62692037078961 0.844267141906101  14.3035287991324 1774584242.8601
0.252558169651229 -0.49682352985974 -2.31771899567584 2.38378702735721  -5.81320068485762 -0.405924198327805   11.5177831554921 1774584242.87629
 0.574691924459062 -0.215415710281619  -2.13131871480563 2.21792565257614 -0.806556389011319  -2.07930628384757     8.648653815102 1774584242.89798
0.651646592431536 0.174532553324612 -2.11144445021476 2.21659706756559 -2.01902051061784 -1.59527121967801  11.1026489310808 1774584242.91456
0.561387863836951 0.193909714067222 -2.11796530012239 2.19966686645855 -3.41022730409833 -2.63770746519231  11.6585359241375 1774584242.93386
0.851279906562682 -0.13952091882823 -2.13461779843682 2.30233288460016 -4.80130522211172 0.706881330720075  10.0638566337211 1774584242.95609
 0.644546434885597 -0.288559022899351  -2.23155891220673 2.34063273391398   -3.0064406861814 0.0759948647969852   8.83352051043662 1774584242.97583
 0.431859620887378 -0.195752244482567  -2.23397507938616 2.28373954922433 -2.52765032910676 -1.17838115826467  8.54955181255662 1774584242.99685
 0.617733113733287 -0.149337164363767  -2.09742466505214 2.19159439998188 -1.82872805936081  1.65270920008248  20.5842255937188 1774584243.01575
   0.534192407274563 -0.00977170868139745    -1.55678909692407 1.64591898542486 -2.2454307509892 3.78539524668985 8.15007198364499 1774584243.03604
 0.226475335645993 0.0619100948547371  -1.16205501079198 1.18553607520296 -1.94175701218386  4.54641891720492  6.84335263016235 1774584243.05507
-0.142303471817499 0.0980757777320233 -0.780042883250717 0.798959345636026 -2.02754607003055  5.12350939289451  7.76714716267684 1774584243.07598
-0.677891867049859  0.389983170144752 -0.411158034664944 0.88355825267949   -5.04524258789607 -0.0470318237807784    13.9824507017993 1774584243.09812
 0.427525285960848 -0.131491803000958 0.0546286801994355 0.450613201196636 -5.50544954156319  -1.2135620064838  13.6254586832937 1774584243.11588
 0.283057740539178 -0.252650634693203  0.121161720249618 0.398289078614855 -1.48373633499993 0.481028864393554  7.16308008333088 1774584243.13624
 0.212669033890149 -0.107191753117603 0.0846582706375422 0.252755242674675  -0.22629836929906 -0.435235011409425   7.08259942503534 1774584243.15485
0.190919947097859 0.118801416985869 0.140280971984108 0.265033873266241 -1.12599155862735  2.15874823383361  8.40639471399627 1774584243.1764
-0.245415031909943  0.111668268935828  0.330286247710949 0.426365272508751 -1.68859364855333  3.12425393292491  9.03293027323805 1774584243.19803
-0.302093837860484  0.135995471157329  0.542345003728898 0.635526205689646 -2.33348162639872  2.06149684006901  9.60724571016062 1774584243.21601
-0.348977286427859 0.0692092683013462  0.717367854009875 0.800744470619744 -3.02131968724734  1.64997038207729  10.2480450825958 1774584243.23768
 -0.33022537775162 -0.011884485499948  0.836386198723187 0.899295232124257 -2.90153155562967  1.00163872403864  9.90942387536373 1774584243.25505
-0.187237354924263 0.0370604362161964  0.964948020496344 0.983644237146429 -2.62884270438876 0.442162726619717  9.27231747656781 1774584243.27684
-0.166704142736716 0.0771930957331924   1.08224719617929 1.09772858160494 -3.50059559343904  1.96928049041112  9.56708928399067 1774584243.29813
-0.381390734487978 0.0953686871087695   1.19881695101344 1.26163233981667  -3.078319992984  2.0074216705959 9.39755342595851 1774584243.31664
-0.485387808446192 0.0791057465652111   1.31202986082231 1.40117143826772 -2.63235550758111 0.952545183539917  8.90578600140166 1774584243.33797
-0.463237455804697 0.0891513037634414   1.41327547593407 1.48992767149946 -2.23130971066502 0.511545968055139   8.5158641603731 1774584243.35466
-0.459963850475039  0.147969766212785   1.54102988423273 1.61500306487487 -2.20804032810048 0.352292751860425  8.44334500623731 1774584243.37789
 -0.43478542660412 0.0826362824753711   1.57411962433865 1.63515128171577 -2.62981091574368   0.8102186513759  8.91157570276135 1774584243.39815
-0.468392469191604 0.0468036613154583   1.66048834209373 1.72592109383284 -2.53429153161589 0.717244830352394  8.95679352313059 1774584243.41996
 -0.55125570659297 0.0853390163803623    1.7132303711451 1.80175578433429    -2.840582022915 -0.171015441004506   9.68249141102768 1774584243.44035
-0.417543060632435 0.0275570334926688   1.73772803718402 1.78740043884761 -4.11432541644844 -2.44175149393171  12.6019584634545 1774584243.45407
-0.178295209757907 -0.290044540872908   1.68508636899483 1.71913672768775 -3.05520294192305 -2.00128250228641  10.8623432861548 1774584243.47517
-0.214244575282963 -0.311387777712615   1.70952087994022 1.75080687829885  -3.45556629404261 -0.493906264965234   10.7590224707163 1774584243.49801
-0.219924296655913 -0.384793441180602   1.82380496606492 1.8768849839237  -3.22626985990293 -0.914577294537465   9.63939090399645 1774584243.52256
 -0.14501220628527 -0.439128691870373   1.90631873619711 1.96160996938016  -2.94566389392089 -0.539299127590639   8.76232201969651 1774584243.54083
-0.307748220155398 -0.353946425388666   1.87044369520836 1.92835335351147 -2.03434448081697  1.71954073987849  8.17472637434631 1774584243.55503
-0.676798346865566 -0.130551749449085   1.92486914799564 2.04455887626394 -2.83967955549977 -0.17134784295707  9.86891182443395 1774584243.57538
-0.372402132477734 -0.169017506200105   2.03588342954601 2.07655281762254 -2.50867937000421 -1.01234005024241  9.53108062543528 1774584243.59805
 -0.23955039029786 -0.109402684011188   2.15896697105826 2.17496936044653  -2.10262330105913 0.0352956277500014   8.37504122454497 1774584243.62381
-0.329561519484554  -0.12314903564243   2.16973048255466 2.19806889041984  -2.32728865624102 -0.433657683853081   8.92436107938939 1774584243.6421
 -0.245670711094033 -0.0514708519978554    2.23720915939771 2.25124591499637  -2.41229877026629 -0.017328674307916    8.6904858539112 1774584243.65623
 -0.398453744828828 -0.0587380838719424    2.16817904063387 2.20527002915949 -2.05348075834712 0.506631680218448  8.77302243551489 1774584243.67437
-0.629653939540275 0.0180287257676192     2.204560352122 2.29278770597709 -2.43214391999414 0.580196007579108  8.47409640927335 1774584243.69823
 -0.369925433645932 -0.0264287096866139    2.31391181711586 2.34344430284619  -3.30961391106109 0.0368787046443933   8.86362456604284 1774584243.72393
  -0.309767187968675 -0.00530693023232364     2.44397680942967 2.46353537000802  -3.0481646961969 0.781370157357619  8.35758289145352 1774584243.74212
 -0.421653886810244 -0.0133449013044257    2.51518440821263 2.5503181554404 -2.88800465012037  1.04290618679756  8.59394799864174 1774584243.7567
-0.835098432106545 -0.126355001083296   2.45912506873424 2.60012520492432 -5.00133642601564  2.67914574041904  12.1805532054985 1774584243.77411
-0.681548297386169 -0.394818597385908   2.57426868925241 2.69207152411987 -2.34337012240483  -3.8795062563699  9.51480925763371 1774584243.79818
0.368578043618507  0.15897202392703   2.5806518101821 2.61168253124786 -0.836352861088186  0.107748667785348   8.51858479988294 1774584243.82388
-0.244676472688865  0.299212379522692   2.27589861794234 2.30848633166821 -1.21774807784945  3.09495547118618  7.79009453862714 1774584243.84267
-0.836551598263924  0.359389418958606   2.24106814944124 2.4189596485798 -1.6362769114922 2.06127968016769 8.68341042159916 1774584243.85774
-0.858085995754749  0.420723661100067   2.29160946757937 2.48290030549341 -1.57656828418461 0.267470442029034   8.4300114368869 1774584243.87409
-0.392010914762751  0.435911108484046    2.5207279980989 2.58800322491929 -2.19820655994133 0.520949077548254  8.87203523589188 1774584243.89809
-0.507763107068143  0.387026166624596   2.57159295896106 2.64966091663249 -2.51358172349564  2.82419988335878  8.02572986274866 1774584243.92253
-0.69195155036311 0.320242774511529  2.52740079954492 2.63990666202748 -3.45041039935553 0.649734031276313  9.50126201364303 1774584243.94252
-0.540750647519803  0.238048501730623   2.51739096910364 2.58579497317437 -3.47818823633242 0.933124737260325  9.66568234462677 1774584243.95723
-0.638392636441039  0.181484257921313    2.5011954004863 2.58775194436198 -2.97659596398421  2.22534930470224  9.10289869848487 1774584243.97382
-1.00478829960434 0.269570771604776  2.48356586512254 2.69265061497537  -3.2208149005199 0.940689536191219  9.36456378668273 1774584243.99806
 -0.39231595237198 -0.289571546759706   2.49965800383761 2.54677317861795 -5.93082132210789  -4.7216533662077  16.6860125511066 1774584244.02194
-0.672113743723636 -0.441086647781024   2.39433544093825 2.52569525459543 -5.89538386059669 -1.70705644710716   11.265375420308 1774584244.04251
-0.792960941791534 -0.375618070363998   2.29116058349609 2.45342471035022  -5.00493823989229 -0.192577936741379   9.34021939278198 1774584244.05781
 -1.30513195580074 -0.151220008288027   2.23403224521671 2.59174400464763 -4.53602325488298 -0.50729747311273  9.98427875978271 1774584244.0737
-0.898422122001648 -0.142325147986412   2.32311844825745 2.49485432073405   -3.9484102218643 -0.980752431338842   9.40898584938069 1774584244.09819
-0.893301020837106 -0.287777130239667     2.349109150328 2.52964744394794  -3.68520743228086 -0.575889220798101   7.34578249856304 1774584244.12213
-0.808083548291107  -0.27594131316266   2.41240575348413 2.55907095422773 -2.69932592809617  1.06429376474581  6.38978824029268 1774584244.14312
-0.947424292564392 -0.216893658041954   2.37744688987732 2.56844493093142  -2.64867934994547 -0.689665961712952   7.01174994311172 1774584244.158
-0.852911692495251 -0.139034256800889   2.29001389567564 2.44764223736779 -2.97712143171061 -2.09530120460035  8.04801317561413 1774584244.17387
-0.675013564026439 -0.210537764811016   2.14706836895176 2.26050260848875 -3.06477481217486 -2.22553765377836  9.23259844872656 1774584244.19803
 -0.277925551605308 -0.0725802677340295    1.98147981134897 2.00219198636969 -2.51336511253572 -4.05415520045704  9.22263385467113 1774584244.22059
0.121997925224104 0.081107102563868  1.56801537813316 1.57484414527514 -1.06353868706473 -8.23209263263827    10.22586078035 1774584244.24266
0.829418516331853 0.291570662628442  1.25326876290434 1.53089226224822 -0.580439816254921  -5.42571387039906   9.49353661885828 1774584244.25709
0.514530288667755 0.304624606977053 0.695637420971627 0.917305287561619 -4.50375812427049  1.41151424569627   10.906486476362 1774584244.2725
-0.493927705989857 -0.470579646123409 0.0910317034280759 0.688256168239016 -2.44442665789144 -2.87471094634927  9.49747619629168 1774584244.2981
-0.0766479905082416  -0.214866299023414  0.0361275649122498 0.23097108444881 -0.247649023843318  -1.19482068631304   7.91800024494526 1774584244.31962
   0.166003530581019 -0.00134476392783203    0.110514923496712 0.199430511383964  -0.85455261969348 -0.541921275036854   8.04448183412664 1774584244.34268
 0.0598387257140486 -0.0273794935396404  0.0504882307139768 0.0829419749113565 -1.08261680428282 -0.50910466823687  8.52344529615489 1774584244.3578
-0.0132529642715698 -0.0150484904759349 -0.0725373047711325 0.0752579478264454 -1.44230171429936 -1.80881521068437  9.79905866566267 1774584244.37398
  0.182752190176638 -0.0493788047382464  -0.152885655246309 0.24333239190833 -1.93145900573115 -1.42054523854416  10.4534422319836 1774584244.39816
  0.154075444606055 -0.0805891129271856   -0.21865156551334 0.279360617937423 -1.37873267322678 -1.13862949965091  9.31971730763117 1774584244.4185
  0.043271642178297 -0.0115155260261001  -0.420740552257132 0.423116597015647 -1.03035354277859 -1.21293400865556  8.71686800513811 1774584244.4423
0.0430339990561274 0.0615405665756715  -0.56567508159457 0.570637769820962 -1.59230002634415 -1.73616942885083  9.52515569510009 1774584244.45801
0.0343985072264419 0.0542342515834325 -0.721243980877444 0.724097708390356 -2.13118416810289 -1.36600471802127  10.2093689678047 1774584244.47426
-0.0235267720211665  0.0232198789860769  -0.905254582946483 0.905857898197877 -2.10649604126391 -1.36394881212985  10.0584814626919 1774584244.49823
  0.07854903806965 0.0421993066789399  -1.03977748646912 1.04359376877878  -1.8299244126966 -1.74102500977005  9.39760259628778 1774584244.52012
 0.216900454822515 0.0567770547716236  -1.16699486705843 1.18833768811372 -2.23149795569078 -2.03382273540446  9.12564025845545 1774584244.5421
   0.3732228748508 0.0190051286083033  -1.25301273488231 1.30755398473736 -2.70878488164497 -2.10381594370001  9.54015000413286 1774584244.55825
   0.51794782721903 -0.0756343878188844   -1.34969683433905 1.44764362222424 -3.02451892050735 -2.24242002869605  10.0139144550758 1774584244.57431
   0.48061202886647 -0.0340549015240756   -1.56484160784676 1.63733836339877  -1.78304193517929 -0.381846242488721   9.55659738913681 1774584244.59804
0.244104230764426 0.108880662402573 -1.67277441264681 1.69399412918942  -2.08430137581376 -0.142258056723567   9.07859285979589 1774584244.6181
0.204017519119387 0.142337769315773  -1.6832000587548 1.70148336062202  -2.38620607550618 0.0348729891441304   9.29576343707879 1774584244.63894
0.352461223637482  0.15261618285218 -1.56422067155893 1.61068523392023  -2.27819616210067 -0.503997642180695    8.2278506803902 1774584244.65785
0.452656095154082 0.260721530224943 -1.62399149727468 1.70593717352763 -1.52431431974907 -1.05770845260439  8.15694663555906 1774584244.6778
 0.35952414335805 0.418591986885663 -1.82400325491817 1.9056402428303  -1.77248186417981 -0.538313515237397   8.27236769805226 1774584244.69819
0.297211713134706 0.400875259218984 -1.95318358354779 2.01592705396771 -2.69047675260232 -2.14734697797117  9.67616033429909 1774584244.71806
0.616960986012843 0.400973423206758 -1.95641098795448 2.09020680751191  -2.6374463048982 -1.66031486505322  9.59123386190072 1774584244.73803
0.610778603976503 0.329637453341772 -2.01930967640814 2.1352571093329 -2.85635395432081 -1.15588625007324  9.18664273849052 1774584244.75701
0.638023648791887 0.338963861543567 -2.05083277264898 2.17437019323328  -3.02070358804624 -0.462641494109989   9.32336282166493 1774584244.7777
0.595657066407131 0.236189317614208 -2.12757781755304 2.22197662099753  -2.92003808615417 -0.628508375634368   8.82869364829674 1774584244.79809
0.553323377301656 0.244379537896892 -2.16779252296409 2.25060270617233 -5.17761615546068  1.61883247543146   12.134061781134 1774584244.81884
 0.122212670654432 -0.319903592089111  -2.16902247082558 2.19588996173449 -5.82528938514566  2.20551966020336  13.5034956882969 1774584244.83818
 0.182665346565166 -0.510794825850638  -2.16834847778449 2.23517630267992 -3.67394937491627 0.874597208715507  9.25377754588269 1774584244.85894
0.0523865789897642 -0.556671906003058  -2.32502865926021 2.39131474945743 -2.43813377474154 -3.38601773297484  9.33519250409886 1774584244.87786
0.822596184804265 0.399645521035925 -2.00090719564318 2.20000241620669 -3.00694386877879 -1.00671284850304  11.1198285807315 1774584244.89808
0.490490827326463 0.197339521172605 -2.07923589866052 2.1454011421146 -5.21684145026481  -1.1449129769557  11.8026161486177 1774584244.91822
 0.808528881622189 0.0353744095651062  -2.17706209301295 2.32262129028889 -3.9171554815756 -1.1562545057825 9.59621907251681 1774584244.93688
 0.605202416345494 -0.211761005741038  -2.31686815195506 2.40395314468617  -3.49544206487452 0.0662830572936486    9.0392500019799 1774584244.95805
  0.47078394588798 -0.260017656115972   -2.4060593690363 2.46543472688394 -2.64814187174029 0.149619889176801  8.06772929346974 1774584244.97689
 0.416831693028826 -0.154903490444649  -2.39284999101086 2.43381898076786 -1.71482577523355 -0.76221712112786  7.45273905849233 1774584244.99795
  0.574014061312381 0.00873658896650978   -2.41041843056672 2.47783887308817  -1.45579814101704 -0.151645861615748    6.9424729017557 1774584245.0181
 0.403455478253608 0.0171265505644094  -2.48003461844265 2.51269603222138  -1.55148473126752 -0.162840297024704   7.40183819986152 1774584245.03673
0.347943410652528  0.13648478647977 -2.54300669962442 2.57032600817321  -2.22087626457804 -0.298778157370215   8.55318967037024 1774584245.05805
 0.24450267479579 0.177070911799995 -2.67046246035301 2.68747193807537 -5.42671393564726 -3.18343271621794  12.9860719309129 1774584245.08009
  1.40169599244671 -0.352120073310051  -2.57034992366977 2.94880296584533 -6.68465876783524 -3.41045874236444  14.1588088621589 1774584245.09821
 0.760995170288019 -0.329034419249453  -2.66048087920598 2.78667109772092 -2.41928142248473  1.94361120034359   6.0291081086121 1774584245.12003
 -0.150144897742552 -0.0313982446202244   -2.85881918245785 2.86293144487819 -0.430828296209241   2.89334874779055   6.23875564649487 1774584245.13646
0.0631819808056653  0.325973695390842  -2.61629223109092 2.63727811412676  -2.7022503876382 -1.50080640826966  7.96233187318189 1774584245.157
0.603835114944253 0.235750062340898 -2.27868663116934 2.36909427862281 -2.25449259824822 -2.61959261559065  7.91222998129484 1774584245.17974
0.86269112431507 0.36618591195597 -2.3657309056863 2.54460425532269 -1.97907005309869 -2.85196768301978  8.26452783242193 1774584245.1981
0.980336404816128 0.347707552611115 -2.45792413980695 2.66896067520606 -2.42281837024475 -1.17974737138773  8.57407630834087 1774584245.21617
0.839922967152397 0.384724056735922 -2.55059020339688 2.71274650054987  -2.22612771761517 -0.626614226245371   8.55671702133787 1774584245.23443
0.946000777975334 0.471143711624976  -2.5672350680381 2.77625462872163 -2.69296067975224 -2.56074472785556  9.46616032968201 1774584245.25565
0.920516917973035 0.139031762522487 -2.56032932608124 2.7243288137184  -5.6061433796492 0.207479316504311  14.5874051801852 1774584245.27507
 0.918919086456299 -0.329811692237854  -2.40452527999878 2.59517434133888 -4.63766844381901  2.37540224599552  11.1969750554183 1774584245.29808
 0.683657121992581 -0.544493681056492  -2.42936648078048 2.58179819643236 -3.79504004835902  2.42259643886534  9.72788532960279 1774584245.31412
 0.351886853774001 -0.584881062141499   -2.5257648916808 2.61637124712034  -2.66839133085816 -0.628746405525991   8.31884006782801 1774584245.33386
0.977677943021404 0.215682126366114 -2.19622960382371 2.41366886971184 -1.60160192049225 -1.10412135142883  7.57784814899514 1774584245.35481
 0.846893170006394 0.0801184148870645  -2.21495212835105 2.37269044181797 -3.97234968926665 0.860676304071627  11.5270404534777 1774584245.3744
 0.508792221546173 -0.246721059083939  -2.41730856895447 2.48256349833032 -3.50498441614185 0.417025752583578  11.5920716696885 1774584245.39805
 0.362394364437697 -0.130898478179914   -2.4433007633853 2.47349604958755  -1.33279197263798 -0.129570166425877   9.77648211473126 1774584245.41608
  0.285438441686674 -0.0946997960015427   -2.50367534179463 2.52167273302181 -1.45010475809394 0.119501576658307  7.94124966388898 1774584245.43395
  0.314416757633908 -0.0195737265549961   -2.56007379933528 2.57938343142217 -1.83515642048414 -1.56578385326072  7.27463750461544 1774584245.45591
0.554909417433073  0.03214552687559 -2.55879598119248 2.61847181955827  -2.2732520804748 -2.10973465043603  6.92774903148335 1774584245.47635
 0.850034733768553 0.0548652997531462   -2.5117509458214 2.65225603280767 -2.59140949559212 -1.87493139181918   6.9750604044199 1774584245.49813
  1.05405323006413 0.0734674063394877  -2.47727076171973 2.69319440413691 -3.02876074636552 0.221046614013127   6.4637552582363 1774584245.51608
0.506442671702969 0.203461907203551 -2.56766031975426 2.62502579892944 -3.20638755481652  4.82668101762748  6.03779783728525 1774584245.53421
-0.170243362302222  0.405565066285168  -2.30122389121638 2.34288224691382 -5.38190078659321  2.05670501301111  11.8273556692628 1774584245.55518
    0.4374799104467 -0.0798766793151196   -1.49175619533491 1.55663274482549 -6.01000259133509  3.64171741072953  11.9288873197718 1774584245.57582
 0.827515294480852 -0.200274308359359 -0.673501604085486 1.08558545121712 -1.58578942217909  3.70764566821456  8.70038216469843 1774584245.59697
 0.655504660768848  0.148816898735286 -0.406075824091138 0.785321847747895 1.15563854779205 3.86348895677036 7.13077320589138 1774584245.61393
 0.219984826700351  0.591855944387955 -0.451855364305599 0.776440630787369 -1.46823156140003  1.37158032806601   9.8244094100117 1774584245.63237
  0.13212737550179  0.427243571418737 -0.364842126471318 0.577152050956888 -3.80766073149293 0.994544095212666  10.1743873526251 1774584245.65398
-0.315587872631072  0.189025062036166 -0.294057863769199 0.470952446298017 -3.3504449253665 1.33719263039973 9.30331886022734 1774584245.67455
-0.421749738038969 0.0491397386960322 -0.228955427729507 0.482398324356392 -2.79425647456265 -0.25116983012276  9.27157408830037 1774584245.69824
-0.168279467991256 0.0727411130861803 -0.157408969773541 0.241633674485996 -2.11794018049783   -1.575983245412  8.81729268528996 1774584245.71433
 0.0638462979509837   0.153795124559862 -0.0946831524020923 0.191557274592293 -3.13844959019682  1.87334554828567  11.2607871358352 1774584245.73395
-0.571710474450822 -0.223262717125369 -0.147184890872848 0.631159646647533 -4.43432043614026  3.09959544288661  13.5301744805902 1774584245.7542
 -0.229985366399039  -0.125671461619887 -0.0140718966722488 0.262458764950483 -1.95013826210687 0.888032109783864  8.98288191513287 1774584245.77561
 -0.226344626220868 -0.0873878477142869  0.0411349215820539 0.246090648990898 -2.05181075756303  1.45016948823369  8.07212588120568 1774584245.79816
-0.264314477321138 -0.104933018353882 0.0179749702925812 0.284949435548522 -2.34399760690303 0.353626613088887  8.44643092088019 1774584245.81425
0.308840575060518 0.102273768045968 0.193554561978182 0.378557515968971  -1.58109723826115 -0.834729186145201   9.91466449267019 1774584245.83479
-0.0344325919255847 0.00309029566021738  0.0760580412595344 0.0835462683440645 -2.8620463879221 1.43298420035046 9.48619998115565 1774584245.85785
 -0.117187751518954 -0.0628453277876861 -0.0164541318667106 0.133989711494193  -2.42789511213467 -0.182182936682721   9.59899275271725 1774584245.87593
-0.0611513204083723 -0.0522931867878675 -0.0311161242425442 0.0862686186280716  -2.29984694046071 -0.198980893779795   9.49480742827121 1774584245.89823
-0.0477155130151662 0.00818145877975702 -0.0451844045789914 0.0662218760472953  -2.25948434859456 -0.248345732665991   9.35023799472761 1774584245.91609
  -0.01567860974556  -0.010230816301471 -0.0208149926400237 0.0279955768712176 -2.57425910297583 -0.18470631761231  9.50359686010249 1774584245.93599
 -0.069427415000246 -0.0390866903854239 -0.0129951026792502 0.0807267490522604  -2.43244547451639 -0.202281318008848   9.37339121125431 1774584245.95782
-0.0218898017825448 -0.0386875720039231  0.0142209174116878 0.0466703989876654 -2.32070366116934 -0.50213453212875  9.40039552587039 1774584245.97607
-0.00803316918617102  -0.0176892001181841   0.0399588818683891 0.0444314286082125  -2.2558074427002 -0.63222827019042  9.43006491611344 1774584245.99816
 0.0203403841066615 -0.0119143384712977  0.0428636717556806 0.0489180645896167  -2.24481531709994 -0.725236167389556   9.45171578890409 1774584246.01609
 0.0592125786803012 -0.0331530999705275  0.0567477261906337 0.088462206277222 -2.29983658856965 -0.45128119909516  9.58404772125679 1774584246.03602
 0.0500642665609138 -0.0354143635088258  0.0986623219554704 0.116167386570682  -2.23527823734336 0.0513252030221101   9.52878598210977 1774584246.05712
-0.0413076708756216 0.00189710534836058   0.104898987924911 0.112755134470862  -2.14637852170983 -0.358587354186223   9.38628626588093 1774584246.07599
-0.0209860845783411 -0.0293641507079815   0.288410919698286 0.290660502466265 -3.12194638285161  2.32167986079194  10.7210040419033 1774584246.09808
-0.181096410185428 -0.149685104804694  0.556024417305205 0.603626285893875 -2.54293332418707  3.00694030460143  9.61303481298637 1774584246.11597
  -0.24712625830934 -0.0508790209353912   0.848042339857505 0.884780126646338 -2.11371643950751  1.93122928093104  8.48014960949212 1774584246.13617
 -0.253100670879427 -0.0600222452998234    1.00777930796099 1.0408082210882 -2.25388722102104 0.516876481521053  9.18522834226754 1774584246.15693
-0.217998169252676 -0.129207211620389   1.05299156665365 1.0830553747505 -2.29289924329622 0.168494099143908  9.91689176588927 1774584246.1771
-0.191088640243871  -0.10717909669921   1.10871614729981 1.13015650353517 -2.28878555580558 0.479976524587063  10.2389024768059 1774584246.19776
  -0.27822106446963 -0.0849418318054777    1.15970627193098 1.19563402120429 -2.14742130845068  1.01607209076406  9.59428497301056 1774584246.21622
 -0.419846073068705 -0.0554443358233611    1.23067725774695 1.30150348143279 -2.50715186415269 0.938466527785967  9.66630436843996 1774584246.23616
 -0.488815319714596 -0.0935785247929767    1.35365929195775 1.44225200148715 -3.03296035104836 0.530432725660156  9.71133712069114 1774584246.25603
-0.494743772439868 -0.131073708121373   1.51413510250347 1.59829810297138 -2.74327835853063 0.761342945891514  8.92531038260441 1774584246.27695
-0.538572356380343 -0.124745818391954     1.636599774846 1.72744913826409 -2.56596338845796 0.424069627929607  8.53635824185095 1774584246.29664
-0.501607020411016 -0.110224620081241   1.75331081476481 1.82698053710731  -2.75001729944053 -0.111716842996502   8.79289489561957 1774584246.31655
-0.433242732119407 -0.105753594938219   1.88943058212986 1.94134773094987 -2.74018211153589 0.212597468235221  8.90369426325073 1774584246.3352
 -0.437088241601612 -0.0541875431502287    1.97513717634136 2.0236475202329   -2.62115631012125 0.00519452278373629    8.92342199657758 1774584246.354
  -0.5944958727697 -0.183757786349049   2.00525686780444 2.099582666308  -3.55753691912495 -0.714618464635535   11.0682611027335 1774584246.37637
-0.384964674711227 -0.203466588379695   2.01880474895039 2.0652285751817 -2.22006905563727 -1.11052804654844  9.27997060411497 1774584246.39646
 -0.38488041970178 -0.152644649641187   2.03588157293134 2.07755796682916 -1.53748262110801 -1.03056612795331  7.88704701809388 1774584246.41675
  -0.180113462846306 -0.00448164642727904     2.11877324912507 2.12641976708767 -1.46878186454972 -1.44406118796503  8.06034184610187 1774584246.43634
-0.102113463186946 0.0709823211046276   2.16658829061011 2.17015448074146  -2.2801895200499 -1.19671388266673  8.62221244018864 1774584246.45397
-0.0479622900739842  0.0776873800287174    2.19448189397171 2.19638031616898  -2.90901493177109 -0.279071573120719   9.27860024608672 1774584246.47632
-0.539886698991008  0.118501772046718   2.17395145738062 2.24311953688896 -1.68094292190624  1.44883650915495  8.78619946043563 1774584246.49793
-0.695377522423772  0.196476635691017   2.28278175635479 2.39441966125634 -1.95498802093488 -1.21377545414018  9.82414883733005 1774584246.51453
-0.24328450858593 0.198559492826462  2.42964482307434 2.44985452437514  -1.41189185789046 -0.956186889950391   8.63475154239462 1774584246.53788
-0.374068700811759  0.204446893519031   2.49264521508699 2.52883492808302 -2.39825743407643 0.601963044739837  8.67020074969319 1774584246.55402
-0.580558486212351  0.112193910750268   2.51400637590078 2.58260792370665 -3.37223379474072    1.443957369608  9.71682063900833 1774584246.57615
  -0.371247537466874 -0.00227910391917454      2.5483255425264 2.57522678595155 -4.04022276431094 0.802997973060692   10.839942959291 1774584246.596
-0.510335827985279 -0.113066244055286   2.58259468549803 2.63496146887063 -3.32710125940691  2.30527670512298   10.041597861553 1774584246.61596
-0.682094726865956 -0.185253292221199   2.68570197668936 2.77715089728489 -3.23097228309377 0.404761302472904   9.7867591522923 1774584246.63792
-0.439659532800279 -0.254126633508818   2.65296666240031 2.70113179286908 -5.11336371180325 -3.02867509040199  16.5413566691422 1774584246.65441
 -0.715484982642146 -0.0874121385504336     2.3226913457307 2.43196519915164 -2.97647970887466 -1.44998619167545  11.9925576735072 1774584246.67612
 -0.805577311643015 -0.0561233767979635    2.18931096164239 2.33349247378789   -4.3580827951574 -0.283846078776085   10.9861591543411 1774584246.69809
-0.794658631467768 -0.349202731278047   2.29026168168954 2.44922915602311 -4.10459442237612 0.839969023659579  8.30309616490963 1774584246.71626
-0.859945811245103 -0.379168544777161   2.45762120876391 2.63119318739477  -2.74331938758035 -0.559422243286662   6.22758833227219 1774584246.73693
-0.589236236043636 -0.250387065083074   2.59035686724018 2.66830315441971 -2.02706121219367 -1.60328955870405  6.79135185922373 1774584246.75441
 -0.347427224823968 -0.0862836110129984    2.64208311410269 2.66622461917688  -2.2731204042305 -1.77496652734833   9.1114920903146 1774584246.77598
-0.0928349499501582 0.00331182023161544    2.65491858140258 2.65654323698339 -2.48810567417456 -2.30985464735184  9.98225226863499 1774584246.79801
  0.111456074106969 0.00501620209757868    2.69222322080413 2.69453400226752 -1.60687868215024 -1.15230477472823  8.80210618746331 1774584246.8162
 -0.530626158832439 0.00849852370746416    2.46634842255238 2.52279822553629 -5.23124915513457  4.04372044479669  12.7819015133578 1774584246.83822
-0.576249475103382 -0.381172681447489   2.57596464477183 2.6670114213766 -2.98779686188877 -1.21071095915377   8.6137595074803 1774584246.85594
-0.337454111884547 -0.322914119554471   2.73183395944594 2.7714735409557 -2.90692252669975 0.373777917874581  7.69887338405055 1774584246.87635
 0.424626559123316 0.0193769080471113   2.90225630636629 2.93321919520538 -0.131428943775831  -1.57216823378714   7.37637646831575 1774584246.89822
-0.0645451207654773   0.235053335053929    2.70801095506844 2.71895926334053 -2.27893607189945  2.35548013464824  7.16088102684257 1774584246.91793
-0.550376115690835  0.381338696815355   2.52110683592634 2.60850776279586 -2.00874180078874  2.81996781207325  7.56435324095257 1774584246.93882
-0.864225115475549  0.396712829145485   2.51551753786151 2.68925539923529 -2.08955817637751  2.68881458171015   7.0703618042446 1774584246.95798
-0.723192079756351  0.403810116090735   2.61783934721049 2.74575167156154 -2.04417230868753 0.312715911448399  8.40179176248964 1774584246.9798
-0.602392964466912  0.403118221993378   2.67235495523909 2.76891000058385 -2.37136435097557  1.33986934843484  8.38485817861445 1774584246.99811
-0.66281929692373 0.366050087928443   2.7007184301762 2.80485331636795 -2.73628841759848   1.8952301289491  9.16272265650249 1774584247.01884
-0.893668021843433  0.390797829642249   2.61831023699408 2.79408553449365 -3.15340285899988  1.08180761080106  9.14844658410829 1774584247.0402
-0.743978651741615  0.306147330702742   2.65867520602272 2.77773005770245 -3.19408095584613  1.99763755168352  9.17242079385554 1774584247.05991
-0.836943677533223  0.231799336591807   2.66182027164269 2.79990942895216 -5.97631809039516 -1.72481045770471  15.3543621616906 1774584247.08046
-0.636210243736636  -0.28822358330714   2.57573884350982 2.66875755702446  -4.8216048304212 -1.19762549801634  12.9751261520587 1774584247.09823
-0.600336271562682 -0.412248611810118    2.6629554680654 2.76073982508178 -5.01658679506225  -1.7290459473976  11.6324900829936 1774584247.12036
-1.18218776017369 -0.23967983140962  2.46175364796901 2.74139478097879 -3.78872882383532  1.24961247660637  10.6116045053348 1774584247.1418
  -0.78446021923909 -0.0160631494457066     2.4876917647474 2.60849500224378  -3.8989850061103 -1.26444889376248  10.7722447384802 1774584247.16265
-0.951295709785623 -0.170730184412314   2.42979726287802 2.61496215307516 -3.07332637175411 0.109537754290736  8.01743220920962 1774584247.18191
-0.777347463661799 -0.211083976861616   2.50359777580722 2.62998618771582   -2.69943911215935 -0.0859484439120672    6.52702093713618 1774584247.19819
-0.821893306053624 -0.161378206738001    2.5686795110719 2.70178940014693  -2.6449851994471 0.290321809423076  6.93460418415472 1774584247.22218
 -0.788418387150246 -0.0853105102115358    2.61196514048758 2.72969656399231  -3.24486321075007 -0.791426505714525   8.87620606520236 1774584247.24364
  -0.72565342347005 -0.0742581059125436    2.62119663139989 2.72080115733393  -3.25774385889087 -0.925298834340525   9.68741240483571 1774584247.26682
-0.618895641199269 -0.103654564857037   2.62421618741082 2.69820063779181 -3.45364497606607 -0.89816903096373  9.81105690145137 1774584247.28312
-0.650104618093418 -0.123846870295627   2.63994309736714 2.72163069116381  -3.29067017263575 -0.786425856140694   9.17532128933672 1774584247.2981
 -0.540773825792002 -0.0799187217194164    2.68700170019003 2.7420433019132 -3.78907000706619 0.352923711139162  8.80113442150815 1774584247.32234
   -0.6774530241056 -0.0403525104410259    2.55655271686523 2.64509597540046 -1.70291582622836 -2.50688249120632  8.69393864344577 1774584247.34574
-0.523461524307942 0.0164867462621565   2.44681438919207 2.50223588723975 -2.79895327118436 -2.01615716549088  8.50366556143806 1774584247.36793
 -0.294890289976834 -0.0813501545531366    2.43180658018095 2.45097151639504  -2.3325989598392 -2.41510301720989  8.97538736513014 1774584247.38408
-0.0367091034047208 -0.0442519414333192    2.43698161232607 2.43765977351409 -2.11796288418386 -1.68111042264847  8.95725847036601 1774584247.39811
-0.331585142701376  0.157400337507347   2.29348556634487 2.32267079375016 -2.38325101756675  1.45220473609157  7.83675690180209 1774584247.42259
-0.885777677199828  0.213209442842739   2.17570947604498 2.35876494888634 -1.77168290682822 0.130689789462588  8.41348123162156 1774584247.44413
-0.417064972131411  0.124913893730482   2.26867065582309 2.31006779476678 -1.67619111276166 -1.66367692247992  9.19532213492223 1774584247.46801
-0.294632416739814   0.18913012726942   2.33957625222952 2.36562793059923 -2.10294836416408 0.353489842529726  8.88059763035177 1774584247.48406
-0.300196569948362  0.181039913470728   2.38999806548388 2.41557119205685 -2.53224413900255  1.27178422636178  9.30755290206805 1774584247.49814
-0.445245357557551 0.0766520763529064   2.27734129453654 2.3217240019083  -3.28052156903143 -0.424123994127344   10.1315096470474 1774584247.52014
-0.245282713492253 -0.092294912211657   1.93718793321211 1.95483478814474  -3.23182406723768 -0.990701826325512   10.0075821650244 1774584247.54194
-0.251832110583574 -0.183798229132731    1.5704287989633 1.60107707920844 -1.54081818660241 -1.79574606865299  9.47520038088649 1774584247.56554
-0.186384328172439 -0.079303813782936    1.3148414925799 1.3303519696977 -0.609546759546273  -2.44481218177863     8.906332082124 1774584247.58194
-0.150450259886312 0.0965299789186522   1.08412232482973 1.09876045283952 -0.961263941764805  -1.24675652364373   8.88235348132709 1774584247.59866
-0.274291955540198  0.242982288339981  0.864004017601822 0.938498487880023 -2.27776009159375 -3.10244564567614  11.4393221335324 1774584247.61284
 0.353114581205232 -0.208921132963861  0.390463752822052 0.566391992816397 -3.77435933665903 -4.22322352077405  12.9745238160539 1774584247.63998
 0.218795410404657 -0.136850393001157  0.107139052366727 0.279424834652816 -2.91016854479285  -1.4636150514867   9.2962748454989 1774584247.66655
  0.114092449716247  -0.145671864256378 -0.0472547798756671 0.190972231853955 -2.81404894688856 0.485678062343236  8.32404678241286 1774584247.68268
 -0.267916267560322 -0.0948064933177683  -0.112494484579251 0.305650792015034 -2.20739743007436 0.487777726007457  8.64539725171823 1774584247.69805
-0.0978783716029931 -0.0238036936061793 -0.0105226595280379 0.101279404720276  -2.22204935238206 -0.413483852405226   9.22404631509294 1774584247.71504
 0.0198358260095119 -0.0688218921422958  0.0839324370026588 0.110338419477219  -2.40162207717911 -0.325188611142529   9.37785161255269 1774584247.74073
 0.0302925266745741 -0.0799792703930458  0.0440402193596796 0.0961969946837343  -2.20367955669659 -0.295257107779774   9.40891876703891 1774584247.76699
0.00800407370076382 -0.0652735423086523 -0.0278292591494926 0.0714084601860053  -1.95080609180813 -0.586993043379508   9.28517205291026 1774584247.7839
0.00279159471392632 -0.0464513413608074  -0.116337284445763 0.125299177441352  -1.89484965389478 -0.441910965779148   9.50509611652458 1774584247.79817
-0.0101341530433846 -0.0591721054348326  -0.150831407794377 0.162339621462942 -2.38698341307132  0.78601486058955  9.79851902028038 1774584247.81481
 0.0138017515085189 -0.0939018629497109  -0.279008873151136 0.294710026139587 -2.04772832729582 -1.42382194054492  10.3856132183496 1774584247.83981
  0.197727103614919 -0.0245097012028116  -0.897674607334873 0.919519675488684 -1.57494893570251  -3.9419580126993  11.4820528012301 1774584247.86598
 0.271609490014463 0.0452886048515553  -1.21640871143038 1.24718600298393  -1.9472147912251 -1.12281647016008  9.51070206702566 1774584247.88376
   0.1647117882967 0.0717930197715759  -1.36056625843048 1.37237923128825   -2.7654983940658 -0.054880874304357   10.1074989398341 1774584247.89806
 0.217154684208346 0.0544212366798514  -1.45234130376944 1.46949416144132 -2.98438291610583 0.138456899183253  10.1477071492486 1774584247.91408
  0.186928446641014 0.00922619694885114   -1.55126882055841 1.56251794246033 -2.13345373964118 0.594462406475657  9.43124062845876 1774584247.93847
0.106413692894568 0.069766336298576 -1.65268649832475 1.65757771385263   -1.01137625067163 -0.0631124485546399    8.84055667177196 1774584247.96502
0.106039624052365 0.166651726346927 -1.72728280215382 1.73854050236971 -0.867632682971378 -0.244529640406988   9.17043497085373 1774584247.98288
0.0828858446655573  0.247232693450345  -1.81756472587585 1.83617417493679  -1.16314683033051 -0.146885926289605   9.36057255210065 1774584247.99801
0.0852567864078309  0.199654931111397  -1.84778254339112 1.86049217649702  -1.30370933646048 -0.197531920008267    9.3149030793631 1774584248.01291
0.0976887743313756   0.29327127385633  -1.93968282159334 1.96415900198634 -0.696140518408815 -0.859445571500167   7.16000744449163 1774584248.03797
  0.889517094758818 -0.0317352055129653   -1.91079164068203 2.10793085257497 -4.64235711265686 -3.04299115746627  13.2819341725167 1774584248.06438
  0.409930074726924 -0.0465289135334583   -2.02134216241347 2.06301520680547 -2.25130027188859  1.17554404762061  7.64493534999297 1774584248.08276
  0.201007544238403 -0.0303032267747936   -2.11461983485775 2.12436799174897 -2.14053572550796 -1.13901045002474  8.95408742510375 1774584248.09822
 0.212088031450756 0.0251409645091498  -2.18754302820425 2.19794401689991  -1.72680626861295 -0.728149831023209   8.24485479773016 1774584248.1127
0.245366083863034 0.137392408230343 -2.22716990120261 2.24485343792695 -2.20002172701951 -1.76025024026184  9.19700661506198 1774584248.13708
 0.242457762694269 0.0750437815907322  -2.26556364232638 2.27973593937485 -2.60689111558808 -1.72498671313972  9.02796135979744 1774584248.16392
 0.257639581275833 0.0288939609169981    -2.321504056811 2.33593538022938 -2.58000068683416 -1.93375735452271  8.85144972505707 1774584248.18263
  0.295823391952498 0.00966519034967697   -2.36191463470459 2.38038770723647 -2.65957183830812 -2.58875354137894  8.98103952529283 1774584248.19812
  0.477801238557965 -0.0123723713662581   -2.36534524924016 2.41315255366165 -2.73267043699521 -2.14421901873331  8.69471705449566 1774584248.21261
  0.406748089037155 -0.0209734965077526   -2.40144014391351 2.43573370061066 -3.22705019239155 -1.84817094052919  8.89677715718173 1774584248.23779
  0.520510137081146 -0.0347334295511246   -2.44298601774995 2.49806282884446 -3.34296007474167 -1.48793719648012  8.25838036690626 1774584248.26284
 0.173093449745137 0.0915789443415032  -2.54707041039133 2.55458719187317 -2.48535204461437 0.204842972458747  8.06761418721035 1774584248.28272
-0.049781598061817  0.264347410080329  -2.50037209470242 2.51479986732311 -3.12212363010595 -1.95950804271442  8.85085987839879 1774584248.29823
0.215095401725545 0.285951843992528 -2.39812843105986 2.42467615585749 -3.71833414010739 -3.34474312879329  9.00303096604504 1774584248.31286
0.824505541054617  0.36063548866972  -2.2195246440359 2.39502755483116 -2.99793203111671  -4.4426761907069   9.2129990719274 1774584248.33627
 1.40602051432251 0.391037693334888 -2.30360078032135 2.72697281236934 -3.12400364204727 -2.67038693103639  9.31499863250304 1774584248.36216
 1.31036414545718 0.303621422140714 -2.37976725412171 2.73359330286574 -4.1422446555161 0.11362493555688 10.4343366115192 1774584248.38393
 1.33236807800234 0.152031602687559 -2.33369936184042 2.69155550099748  -4.69325374199325 0.0616263818832852   11.0549859942009 1774584248.39818
  1.58061915671291 -0.013815634565262  -2.27908658509315 2.77358674872047 -4.7932551454963 0.10939838888587 11.0690445630517 1774584248.4127
 1.62095341408219 -0.23782526028744 -2.27927957288775 2.80698525048473 -4.25960120101657   1.9744200725242   9.3392556458071 1774584248.43758
  1.07959700873398 -0.548189178984831  -2.44736871780599 2.73050448051615 -3.43580816430663  4.16521743358212  8.29120410505525 1774584248.45974
0.0541295397609016 -0.678238228157033    -2.692423325745 2.77706328091818 -1.36523427090053  3.00635615264237  8.73677111038511 1774584248.48367
 0.293066808859552 -0.251901874091537  -2.52934904090515 2.55870070140173 0.312863294435939 -0.24057453015543  9.58660994736898 1774584248.4981
  0.237657258856228 -0.0267489758624354   -2.44989821318555 2.46154377075983 -1.39110885164878  2.01701012959228  9.27681731616911 1774584248.51249
0.00944969337760356 -0.0999800325230354   -2.45818771452186 2.46023822900028  0.802729223751396 -0.632424126808511   8.22698061774796 1774584248.53705
0.434721270914869 0.331065644546897  -2.5150981496806 2.5737726680715 -2.98748550771329 -4.46286207882991  13.6725452682649 1774584248.55826
  1.09132072814328 -0.254874507583669  -2.41019634799996 2.65800458656556 -0.783782140555945   2.32495746231097   9.54118805287397 1774584248.58273
 0.229021925070672 -0.214118042287911  -2.60766895987426 2.62644912048339 -0.378139551787115   2.67147175634565   8.51627329110603 1774584248.59805
-0.0654950918640363  -0.104316673069169   -2.65821557818489 2.66106776227952 -0.382743985131514  0.468717201772755   8.28318427071212 1774584248.61216
-0.278058952265892  0.100863417347776   -2.6451032343694 2.66159000042563 -0.503293036556519  -1.92751440327168   7.50100134590709 1774584248.63604
-0.11072353313779 0.297477825551356 -2.73265378982776 2.7510269886981 -1.15471541446538 -2.42859673964703  8.57652051180042 1774584248.65782
0.000413465334210515    0.105853238445303    -2.71295592406417 2.71502024393149 -3.33979674982353 -2.32543487930273   11.262297152515 1774584248.68222
0.567256455795135 0.292797705990508 -2.15230823332782 2.24498131718847 -3.77296876386677 0.835035945609073  9.12503479093737 1774584248.69815
0.518574984019039 0.309531186417449 -1.79310198444078 1.89207407255128 -4.08885057729473   2.8501451887971    7.750471678262 1774584248.7122
0.0511780389133889  0.322868828369111  -1.53714041600177 1.57151650659659 -4.53280447510031   1.2801430067205  8.24101355488957 1774584248.73604
-0.18807055625362 0.102325610371764 -1.46719779004585 1.48273747500456 -4.23458672538431 0.322143599795028   8.9068434450086 1774584248.75777
0.0901236773745878  0.141534155001915  -1.38330695887665 1.39344620876882 -3.69280859511656 -3.25228835902676  10.3447260572217 1774584248.7804
0.475902537651763 0.186847361987205 -1.44481495554081 1.53260739192376  -3.2487778155955 -2.34075202992904  10.2286673053673 1774584248.7981
0.505238584310172 0.227249773995439 -1.55857669033807 1.65410694530973 -3.09657195022269  -1.3701320594616  9.49590681721447 1774584248.81354
0.660882897298944 0.262836132426224 -1.63808669750421 1.78582671751525 -3.23706610097996 -1.65715207057147  9.51905260636412 1774584248.83492
0.863448404604525 0.223590361694479 -1.69045930701681 1.91133159497156 -3.06728880972812 -1.50448299727486  8.94895365547077 1774584248.85601
 1.01435662954933 0.206138096061642 -1.74533071517143 2.0291849575333   -3.1856546075383 -0.771836265432053   8.99258486622623 1774584248.87604
0.937698592670081 0.117114060671802 -1.82307342110617 2.05343396598143  -3.65858472489715 -0.140033421079377   9.39531589035558 1774584248.89805
   0.948702117773026 -0.00726628982830934    -1.84144049562519 2.07147087987334 -3.66216229380039 0.184505016069532  9.41193719547216 1774584248.91437
0.789373265483454 -0.12657796089692 -1.88259209018117 2.04530807226138 -3.53776992200548  0.80459754019649  8.87972441884787 1774584248.9366
 0.637689232826233 -0.205175742506981  -1.95711433887482 2.06858434162236 -3.42528458025497 0.381592793530515  8.68124474053937 1774584248.95821
 0.496047486651257 -0.295314080254896  -2.04858809571262 2.1283765411471 -3.4861843138465 1.13335787804935 8.03619988356922 1774584248.97698
0.607861876487732 -0.23393788933754 -2.01357340812683 2.11629413524453  -2.0132979995035 -1.69220919240134  10.0240551959174 1774584248.9982
  0.415048956871033 -0.0507123991847038   -2.11583852767944 2.15675915652247 -2.80126595571773  1.44115081532906  10.8643981966722 1774584249.01806
0.0358147919178009 -0.182805195450783  -2.20212507247925 2.20998988089214   -1.85852756061746 -0.0722854896838975    11.0569815365131 1774584249.038
-0.071776919066906 -0.140194609761238  -2.27136731147766 2.27682145069966 -0.935463094929531  -0.84356823080527   10.1486322981587 1774584249.05965
-0.0105264519254182  -0.117414464485046   -2.30378639562463 2.30680053739494 -0.23677388061806 -2.41578109624708  9.27506795274486 1774584249.07659
 0.191888467711245 0.0905388109959757  -2.30570223524787 2.31544407359888 -0.225963168427255  -2.10903970235876   8.02902454583348 1774584249.09698
0.487486928701401 0.240104794502258 -2.30971670150757 2.37278002756697 -3.12412726004195 -3.24826351560682   11.068178534593 1774584249.11819
 0.966003379057134 -0.217784564300797   -2.2290020914322 2.43906600329032 -3.20095844566547 0.222182461552146  9.64708340785297 1774584249.138
 0.404020583022486 -0.128706853823561  -2.28128897255805 2.32036149382848 -2.00500504686427  1.53504237261028  7.88485881435456 1774584249.15892
 0.297240483709404 -0.200232294187757  -2.37330683168015 2.40021461417332 -2.0287706075115 1.61968713172412 7.37072898699997 1774584249.17619
 -0.178819115134105 0.00412531821818625   -2.52080968087379 2.52714755037666 -3.0535490310666 1.24879057999583 7.53264007330628 1774584249.19626
0.0963167384870739 -0.150011733489249  -2.46034257565131 2.46679265927637 -3.25856263707184 -1.28320662544866  8.56876420390988 1774584249.21808
0.418152341159325 -0.17115188810951 -2.38845740677371 2.43081737964674  -3.78452212817237 -0.487679973007945   9.11003473163227 1774584249.23797
-0.157014659556523 -0.242277546663291  -2.57717423395613 2.59329501698133  -1.27829683447581 -0.429426142832827   9.11954423715207 1774584249.2606
-0.018683224266349 0.0977987556478545   -2.5891589483349 2.59107269662932 -0.394463564704274  -2.20139927442986   10.2798796657785 1774584249.27697
-0.112858684715491   0.26457862685972  -2.65696564484884 2.67249048088364 -2.90833639244398 0.487698400508579   15.058231626908 1774584249.29507
0.140559083871882  0.19121219324298 -2.66306321303962 2.6736163964841 -3.40571867808562 -3.51105911116047  12.3066940919024 1774584249.32184
0.299821963514776 0.250434915158513 -2.67806653278728 2.70640928363978 -3.48128318340171  -2.0715492488928  9.83993142502867 1774584249.33959
0.479435552954803 0.264241863087193 -2.64572223271392 2.70176393201212 -3.31779974904324 -1.00844777237379  7.05784338704748 1774584249.36049
0.491305105636517  0.33364390341772 -2.60076777427285 2.66771287375693  -3.81683950632413 -0.407019891047229   7.39243460918268 1774584249.37691
0.461285311767782 0.244389284654508 -2.61609097932768 2.66766607232358 -4.64410702079665   0.8238435104603  8.54822526538918 1774584249.39812
-0.0259535845170429  0.0392705541541032   -2.44131945376291 2.44177321639297 -4.05297226713591  -0.3036663786223  7.96315591801029 1774584249.42185
-0.120384566686954   0.38552388735681  -2.37647062255201 2.41054635538748 -2.03322637563563 -2.79240360022356  7.94230819000079 1774584249.43995
0.682349073423272 0.553636190042645 -2.23217449643668 2.39889897066735 -2.82473700454207  -4.9214495238649  8.65350164442197 1774584249.45968
 1.04668938704081 0.628751783058793 -2.17492106114008 2.49422715481854 -3.36342022951209 -2.10333015159363  8.92130284871821 1774584249.47638
 1.05078289158023 0.408885344814544 -2.17491353864602 2.44981240323164 -4.46725994363504 -0.59081456198031   10.150790923603 1774584249.49802
  1.44382758593337 0.0331999991504545  -2.07355432382006 2.52692854502826 -4.96938555930535  1.49290393448054  10.5642255093318 1774584249.5207
  1.06245407344367 -0.237045653864591  -1.72027898874126 2.03576990332842 -4.30006056664871  6.31865592594173  8.70166959413302 1774584249.5402
0.815145472891971 -0.24640132366765 -1.20596068513395 1.47631870826397 -2.40971272482396  5.19490808269778  8.65926828673563 1774584249.56081
 0.385809719343561 -0.240700477891862 -0.944808873421269 1.04854645433233 -1.64760354829961   5.8985139385576  8.69451195956174 1774584249.57808
-0.216695272778117 -0.141352527436437 -0.716231954557586 0.761528457108749 -0.0354975595449615    3.02431600730569    8.56012903670648 1774584249.59805
0.500587265020154 0.457688330066469 0.154104424439008 0.695567675363849 -2.86432077548091  1.69749138551122  10.7598063066922 1774584249.62177
0.336695143025075 0.041280701172731 0.321065537644606 0.467066157079495  -3.34023465110819 -0.181173945900931   11.8224204425154 1774584249.64189
 0.471521829492084 -0.306196681263944  0.245649741956807 0.613541391454612 -1.29857432346395 0.503510858232498  9.95316994658665 1774584249.66383
 0.128166928555589 -0.187116775686951 0.0958050357363577 0.246207339840426 -0.490053021868411   1.19406408335792   8.51456262448877 1774584249.67852
 0.130136077704919 0.0266906530246354 0.0490492152399521 0.14161078770686 -0.716911683546881 0.0683701173911674    8.8964028724302 1774584249.69804
 0.152548376370306 0.0142395515969459 0.0591892879189065 0.164247203225035 -1.44091684214236  0.68234310442161  9.15186977889654 1774584249.72408
  0.089717484753082 -0.0150264279501777   0.073066124834026 0.116677672266903 -1.29180620328661 0.419155778639418  9.25448654874959 1774584249.74248
0.0644299735562991 0.0475478295096914 0.0937757205078165 0.123312218941629  -1.25139034252029 0.0449606229433544   9.49705318816171 1774584249.76256
0.0635654464506002 0.0733398223370726 0.0887288218675015 0.131499427196062  -1.68331469414266 -0.353009873623894   10.0575052972996 1774584249.77996
 0.091833851250477 0.0143335128885015 0.0965905463195869 0.134047153888234  -1.94802420850222 -0.408072208424624   10.2324955771433 1774584249.798
0.00844448830489217 0.00818428420097068  0.0678096183714411 0.0688217715137746 -1.58262369390831 0.330564718499494  9.11031828383154 1774584249.8241
-0.0182990797370678  0.0288733048100658  0.0576788949228242 0.067047587349559  -1.76614582191945 -0.114962899429244   9.29604645844115 1774584249.84267
0.00991244324915573  0.0434955865270867  0.0616047833742374 0.0760609749680461   -1.83383248734873 -0.0037853277567784    9.21269598301619 1774584249.86239
-0.0258525288577822  0.0573922768017988  0.0514222012128612 0.081280191082531  -2.01591438159651 -0.241738504616398   9.47778264249674 1774584249.88005
0.0463258582167737 0.0490400808563827 0.0649166035018878 0.0936225404490953  -2.29276029903181 -0.241491329151556   9.92411902892997 1774584249.89683
0.0492008289333354 0.0649714303211347  0.105036771776281 0.132946349144623 -2.12933967341445 0.277136599788656  9.39759628359007 1774584249.92296
0.0518452322063341 0.0770163874917321  0.118571427064071 0.150594273997439 -2.23177731772684 0.114342194912386  9.58596471938425 1774584249.94226
0.0741242031724752 0.0529283448115678  0.115787012176039 0.147317478152121 -2.36913071723468 0.102054114781217  9.74890057374784 1774584249.95815
0.0530975112107781 0.0237159111282113  0.103892061249591 0.119060281068493 -2.32562080093965 0.119204401791853  9.89295331780244 1774584249.98031
0.0561545763272416 0.0170680914883199 0.0929993304866085 0.10997059452646 -2.14424392803008 0.363828033192803  9.59779522383396 1774584249.99666
0.0347739510790428 0.0174889505461773 0.0636924132704735 0.0746445883709669 -2.08047302465851 0.434750503848556  9.44231315686488 1774584250.02251
 0.0215195591858326    0.01322479832051 -0.0157342997018017 0.0297582745682077  -1.70254315323888 -0.594807312278333   9.52159193704895 1774584250.04221
   0.114720377571745 -0.00806381019584163   -0.122962053248621 0.168361089935279   -1.7449172659145 -0.913071970867807   9.43574104960729 1774584250.05828
  0.163623585329615 -0.0297016973987673  -0.280161025775893 0.325799123492201  -1.70243638373715 -0.385757154633547   9.60817541938512 1774584250.07982
  0.134171986937303 -0.0112976133823395  -0.366402234451227 0.390359264726345 -1.65195739969294 0.236180709094102  9.59433741334481 1774584250.09653
  0.153289769439157 -0.0201156220495362  -0.402443668201304 0.431118658539005 -1.77970441660945 0.812226453948303  9.58425739599342 1774584250.12238
 0.0899578766848038 -0.0167590005864948  -0.239766534013659 0.256634515432394 -2.2199042756217 3.86867633084163 9.47768357166525 1774584250.14236
-0.268774303568468 -0.069132500979996 0.0622542127428902 0.284419612464931 -3.08851574894483  5.96714578817833  11.1979602322772 1774584250.15902
-0.430383667983528 0.0375006666805518  0.770503195363864 0.883352464044996 -2.79665754421923  3.15950402988584  10.3732996108416 1774584250.18206
 -0.352642669750911 -0.0141900015001111    1.19438742970354 1.24543949708746 -2.69024074855986   2.4361889125041  9.16336028416168 1774584250.19624
 -0.313591957092285 -0.0283418446779251     1.4517320394516 1.4854861460421 -2.23620720638859  1.37541913298772  8.72853283008092 1774584250.21828
-0.357267796993256 0.0568793155252934   1.48901629447937 1.53233320806152 -1.73995889406193 0.996019430942132  9.18966124697953 1774584250.24189
-0.415749936415835  0.153290292058576   1.48794208964725 1.55251975363053 -1.80132500071409  1.01061774640033  9.10113439236352 1774584250.25779
-0.464859515428543  0.200690016150475    1.5113867521286 1.59394503235738 -2.35996573009953 0.671387012409252  9.33210552092095 1774584250.27998
-0.511068482114374  0.155783834255572    1.5549521775566 1.64418243236999 -2.74686372188213 0.920502410680108  9.40970274687311 1774584250.29624
-0.643085903597334 0.0992377628104717   1.58718998837267 1.71539490268674 -2.68597866259066  1.01219255204028  9.02999764945353 1774584250.31705
 -0.77510180714293 0.0301724238108443   1.63246373172265 1.80738236739897  -2.8865206393359 0.402798978967586  9.31312475194643 1774584250.34
-0.745807662715635 0.0207562776529645   1.66545034809926 1.82493417821337  -2.60356701734762 -0.325263638263627   9.35276664195516 1774584250.35766
  -0.67226193742035 0.00333830382922935    1.71619542630701 1.84316955217194 -2.86312590166263 -0.45788944098996  9.71821183260702 1774584250.37985
 -0.660205273032749 -0.0511481270191582     1.7398558056396 1.86160827185948 -2.73130669819749 -0.54454932212501  9.62043707589289 1774584250.39812
-0.617940634656876 -0.102012077124179   1.76215533662431 1.87014665794767 -2.72416417154795 -1.07089011181519   9.9930983808547 1774584250.41689
 -0.39876761586518 -0.123715258586266   1.81554825526093 1.86293761136837  -2.25809613712313 -0.812906970599909   10.0205387814679 1774584250.43983
-0.399678900775834   -0.1080538268255   1.87385935888514 1.91905386847229  -1.93183806878593 0.0395558892994457   9.32537939000287 1774584250.45781
 -0.419571027478592 -0.0376252917504333    1.95188840638715 1.99682845048525  -2.10347458399948 0.0779196669592181    8.9909417428332 1774584250.47875
 -0.398297556816955 0.00126222907791826    2.04398483519315 2.08243044145252 -2.42548160580054 0.553078399102391  8.47746603284563 1774584250.49809
 -0.654007658132284 -0.0981139824543679    2.08343933657477 2.18588010641843 -3.11109420085738 0.458698315910323  8.84985165349881 1774584250.51964
-0.578706055964529 -0.176283063483039   2.18601294466042 2.26817746481705  -3.0817675113611 -0.97871278426054  9.28592219719136 1774584250.53853
-0.344212588460058 -0.213108988708769   2.27942419168239 2.31509662708704 -2.62203287655465 -1.26406012058136  9.65552663618958 1774584250.55809
-0.258238068763811 -0.181411414164077   2.28591038881139 2.3075925348778  -2.46320898631801 -0.848852283683456   9.14045476871416 1774584250.57822
-0.237427590234472 -0.164676537889572   2.31189293505186 2.32987964622178 -2.54034039954956 -0.14686546577551   8.6431197972107 1774584250.59804
-0.255036110081358 -0.184070023745556    2.3572237231022 2.37811456238822  -2.52927699955431 -0.740084676106949   8.96455395485443 1774584250.61862
-0.116242857916015 -0.158618898774313   2.38571483515013 2.39380609735214 -2.41971034473776 -1.06062398191568  9.02163404095453 1774584250.63814
0.0489408145018061 -0.179390098744912   2.41741947860415 2.42456036146485 -2.42237517007596 -0.68431440785987  9.00870539836507 1774584250.65828
 0.276067252508463 -0.103879553383209   2.49793068482621 2.5152856290519 -2.45728442523041 0.207092433097998  9.22311647197034 1774584250.6786
 0.158379877237883 0.0919684239469456   2.50279634126559 2.50948837462332 -2.09543411620079   1.4953774096885  9.33892916030369 1774584250.69804
-0.26699688528905 0.231175125543527  2.48424956250761 2.5092280016458 -1.69586914087275  3.34418453495666  8.27633625028987 1774584250.71832
-0.521088171430074   0.38202379383066   2.51646540574272 2.59809029861492 -1.83964135833394  1.92947302120806  8.09724797630026 1774584250.7363
-0.645394720153286  0.336526620038488    2.5639737842809 2.66528536507369 -2.69147930142124  1.43702852380207  8.50221279498351 1774584250.75797
-0.588116365484291  0.288213350943157   2.68317794799805 2.76195432540716 -2.80919071305006  1.38077069737257  9.63255683846125 1774584250.77824
-0.720862809904043  0.133847402922045   2.73054859090422 2.82726969446863 -3.30021181174195  2.94292552020531  9.94524299643908 1774584250.79805
-0.985015694059969 0.0160747913522008   2.69838438632997 2.87259336016269 -3.63806620898894  2.70650275094996  10.4182636199442 1774584250.81823
  -1.14608963971348 -0.0712758964046473    2.72470859737241 2.95679533553846 -3.31459546311936  1.65275214177472  9.09755387851959 1774584250.83508
-0.401667037730435 -0.413072596290289   2.78214369755897 2.84117738497128 -3.97893641023406  -2.9922899421664   17.146942431564 1774584250.85862
-0.681235196959955 -0.159555514489166   2.35987932387123 2.46141621409625 -2.32410289779091 -2.00649608250284  12.9387609295401 1774584250.87807
 -0.741970935579387 -0.0543303869706033    2.28952263143363 2.40736090772442 -3.76030591542327  0.75197412503494  11.2458862119795 1774584250.89813
-0.958699178684146 -0.290289778466746   2.38338105120367 2.58531961388309 -3.69916572454121  1.14035105808026  7.77172913886884 1774584250.91819
-0.921625899956274 -0.301331075663143   2.55133650783597 2.72937954356794  -2.67601288316668 -0.264736080862002   6.18806116955883 1774584250.93398
-0.567682442179239 -0.112548188713384   2.70047558740082 2.76179268738423 -2.21473244641984 -1.01507179726702  6.55570118782256 1774584250.95774
 -0.429868012282958 -0.0217729928152048    2.76644408257333 2.79972738551546 -2.54991250305039 -1.44675495905332   8.6889776838155 1774584250.97686
 -0.254024194838996 -0.0130517136665114    2.70086732734905 2.71281826865251  -2.4651277464886 -1.57329162293346  9.62049414851333 1774584250.99796
-0.0853619115778583  0.0411232420828398    2.71998156374019 2.72163140121401  -2.1408572408249 -1.36115529607095  9.60341164643292 1774584251.01642
-0.0177468392425425  0.0643828827262231    2.71554322725038 2.71636432110213 -2.00194328434323  -1.0285947408146  9.23319529657428 1774584251.03029
-0.0256983193857693   0.149267931783552    2.70823211552582 2.71246428744115 -4.57692469391756  3.44736712598948  11.5486298204142 1774584251.05062
-0.935226658675846 -0.313951085012745   2.53043386903476 2.71593625706438  -2.95461226637476 -0.483333699956713   8.47108109423714 1774584251.07399
-0.233622269809644 -0.276477086244122   2.70063306020447 2.72478216928223 -1.36376085867159 -2.84120065281426  8.23445204734335 1774584251.09805
0.338608821046706 0.153060324789823  2.76053901188626 2.78543695546343 -1.00975803176791  1.74710431521011  6.67428793453574 1774584251.11611
-0.357873656504202  0.304799962969805   2.67384967116437 2.71485701933489 -2.31917813859722  2.66795237331537   6.9557611869132 1774584251.13018
-0.672469554698833  0.343633666771651   2.47245371368755 2.58521309861743 -2.51086197875893  2.46226200394591   7.4240565219468 1774584251.1468
  -1.466705789103 0.398046778716332  2.36443947567427 2.81073676176933 -2.06774176182355 0.618891831921493  7.20360272702811 1774584251.17296
-0.981476526329577  0.442310083681169   2.52819696739234 2.74785630770495   -2.231488251661 -1.57564056039452  9.28794426275487 1774584251.1977
-0.384234797606818   0.47295996645185   2.65886661430257 2.72780116251366 -1.93549987026579 0.377369514824653  8.50398986552588 1774584251.21616
-0.563178619192118   0.51787581766723   2.62043955586602 2.72984779531514 -2.46205252278785   1.9212374352736  8.33340197597816 1774584251.23052
-0.671972062885986  0.468014556118502   2.61069516975994 2.73611281701723 -3.30265709188253  1.06731555525953  9.32733178169077 1774584251.24643
-0.617531504639516  0.313752920250788   2.46078380234326 2.55641212954077 -3.24485138973227 0.438243765385254  9.25841142524512 1774584251.2729
-0.512969575803114 -0.137503267275132   2.21042281359675 2.27332662613183  -6.4738179818908 -4.23495650807388  16.7198216990655 1774584251.29673
-0.286801885246077 -0.361635450521618   2.13283497804287 2.18220543579605 -3.89514560645232  -3.6162540738347   12.343278563973 1774584251.31676
-0.363272309730124 -0.419667401049486   1.62891813388022 1.72088982372612 -4.05490846524267  -5.4478772714688  11.8907784403724 1774584251.33202
-0.186598963352372 -0.583199197735305   1.09689419724445 1.25623141073285 -2.82482055112516  -6.1757822568325  9.76992679728282 1774584251.35003
 -0.667253185617851 -0.0142194036665314   0.161410648831617 0.686645762175844 -1.10351336904489 -2.06501100891115  8.67968762944087 1774584251.37358
 -0.115783877385577 -0.0502261193643828  -0.165337563195765 0.208002594051991 -2.45792142913668 -2.74070732623091  7.47262583535339 1774584251.39817
-0.0679408016305223  -0.229531809706485  -0.117500356439801 0.266659216898296 -1.79643624040782 -2.29747457219557  7.18174160959133 1774584251.41772
 0.0230316184461117  -0.143390402197838 -0.0769224986433983 0.164342123900869  -1.0351792154646 -2.13318101970388  7.36880762741467 1774584251.43202
 0.176429703831673  0.125056251883507 0.0242776274681091 0.217614130342593 -1.22657523590735 -2.06350118997343  8.40765669401422 1774584251.44991
 0.344344720834906  0.185467792878997 0.0510120868445077 0.394428475095939 -1.75064585000651 -1.68909574491502  9.66252442753011 1774584251.47245
0.0336842648684978   0.26780167222023 -0.132316246628761 0.300599325457669 -3.14396863197266  1.05718036813607  11.6514221904636 1774584251.49806
-0.249676093459129 -0.156173571944237 -0.189840525388718 0.350382307342562 -2.90786623473282 0.559001083774149  11.9135042471437 1774584251.51889
-0.114756287730996 -0.183714789888742 -0.157218871835232 0.267652579398755    -2.4330595338344 -0.0169107525640175    10.0468252068845 1774584251.53382
 0.121581261239267 -0.139914958298424 -0.115581194058419 0.218442695140283 -2.23806844632715 0.451219280351429   9.5573448140263 1774584251.55397
0.0774738322742519 -0.167721235101739 -0.145297957290719 0.235040642834739 -1.61945660600805  1.04439633001187  8.50299239931036 1774584251.57559
-0.0472758337855339 -0.0464513413608074   -0.24310377240181 0.251976538055285 -1.61215338663806 0.155630968297408  8.76470340004003 1774584251.59818
-0.0977642063439099 -0.0473957951372559  -0.459597887314193 0.472265200350838  -1.9516757287666 -1.77666187317167  9.71145578795289 1774584251.61999
-0.00965038490982643  -0.0263972076991366   -0.674257013094549 0.674842546236085 -1.72914003396857 -2.83154307981655  9.94617545716122 1774584251.63409
 0.303372283588483 0.0404723242891156 -0.880585020188713 0.932256793627062 -2.03931776842739 -1.55601547974582  9.83906970926236 1774584251.65463
 0.27942331408919 0.107486341944459 -1.00695254729572 1.05051612775175  -2.33243856726382 -0.859896518832437   10.3453380854368 1774584251.67621
0.213292373384883 0.143017052001132   -1.128314120264 1.15716907480903   -2.63048966792417 -0.0469985440767844    9.96363842706283 1774584251.69808
 0.206360931304558 0.0936502262306097  -1.25891801560308 1.27915197253959  -2.53112967942127 -0.748294624338008   9.91001107702496 1774584251.71997
 0.310331150427799 0.0297035480005096  -1.34920072193166 1.38474918730815   -1.9602344117713 -0.655212414520469   9.38660121345094 1774584251.73601
 0.274373152795281 0.0844751153771651  -1.45070069429364 1.47883372172698   -1.4037402079574 -0.139255802164763   9.02591232855234 1774584251.75591
0.253694697874344 0.141451490908604 -1.55191395281392 1.57886238822398  -1.41659037576755 -0.257125015417311   9.34130777491416 1774584251.77619
0.190168551893933 0.187657944835105 -1.65410800106278 1.67554554147868  -1.60830812085903 0.0103690547174915   9.34848392702559 1774584251.79809
0.110333982001482  0.17920127338723 -1.74624131658386 1.75887618089291  -1.87651618100808 -0.311331940762595   9.63313632644403 1774584251.82003
0.0577004220825018  0.170138171117072  -1.82486963429008 1.83369177293611    -1.371359158708 -0.523627874389587   8.79372450871127 1774584251.83621
 0.443171378428223 0.0997380414862242  -1.77882366393308 1.83590908678665 -3.8292537100609 -3.2056602671531 12.8043349222268 1774584251.85789
0.657209382630626 -0.10402412780672 -1.89826872048228 2.01150921622177 -2.60352074488087 0.218364483183435  8.57188761848698 1774584251.87687
 0.371245255400257 -0.070999364033215    -1.740473594162 1.78104247038792 -1.26955973495692  1.00665564052736  6.10214900515516 1774584251.8967
 0.288884394319312 0.0809667044762269   -1.3914050759621 1.42338255080217 -2.23572957035497  1.94435885534506  7.29352383349497 1774584251.9189
 0.116557409748889 0.0388282214948633  -1.17423552462902 1.18064487795976 -2.79297485917489 0.891858644876522  9.31327554011976 1774584251.93633
 0.132391253850873 0.0785109697269976 -0.939918184108495 0.95243771937145  -2.50156788129335 0.0988669688556569   9.20163019221967 1774584251.95956
0.00355953224895698   0.116328002274589    -0.8423095254492 0.850311831650886  -2.54092488258576 -0.305944706289622   9.55953620608438 1774584251.97697
-0.0136263761040565  0.0771515875950681  -0.775374470059614 0.779322535548918 -2.51639487956844 -1.18381025212282  9.65446144219945 1774584251.9982
0.00377042056832995  0.0824456661939621  -0.752998337864876 0.757507756245897 -2.52159662220955 -1.75766344779294  9.73149063976029 1774584252.01786
 0.148690814897002 0.0432417869418027 -0.734570495396353 0.750714741615947 -2.66151229846544 -1.96839853040872  9.67996117413094 1774584252.03795
  0.194679381508619 0.00439011278946293  -0.738049913757712 0.763306628998234 -2.77284363428558 -1.70323368113638  9.94293469548509 1774584252.05713
  0.189841349625977 -0.0485818684101105  -0.741141610010254 0.766609954314854 -2.63282930521467 -1.41413112679546  9.67769392353517 1774584252.07606
  0.209481211414419 -0.0791814387155142  -0.737972668870925 0.771204083348363 -2.48822368062493  -1.5763954341617  9.52864380658705 1774584252.09808
 0.208410127629569 -0.102700908798014 -0.758045365774562 0.792852467069883 -2.33191651388219 -1.05172306173369  9.58375898207071 1774584252.11659
 0.115935849288564 -0.021266530359403 -0.755875814735606 0.765010871665236 -1.94951733029474 -1.04712125728786  9.57743414251684 1774584252.13819
  0.17500990663427 0.0324965667939916 -0.734900661306473 0.756150432296527 -2.20120398132543 -1.12743608643128  9.65848103699805 1774584252.15824
  0.176493014399087 0.00428405844483727  -0.750503616328901 0.770988855568738 -2.33050067906971 -1.23394098260745  9.49337408156081 1774584252.17592
  0.239970002355485 -0.0114000403036089  -0.753570251236148 0.79093848464816 -2.26383719445779 -1.13165235427596  9.27833052521438 1774584252.19789
 0.240238659152781 0.0150913761762962 -0.755302601522398 0.792732226450346 -2.10280420587767 -1.34113541125754  9.26177939754788 1774584252.21614
 0.454203100726993 0.0568793155252934 -0.791462475372957 0.914302227476304 -2.31061737820459 -1.47812933602743  9.27073555267891 1774584252.23825
 0.495397310678902 0.0477737769027607  -0.93601222046298 1.06010362986054  -2.64136502188117 -0.284262394683702   9.24143803166355 1774584252.26091
 0.385476836894062 -0.021908209191683  -1.11112319025316 1.17629380060009  -2.68367248124645 -0.596808422508394   9.79690539087588 1774584252.27773
  0.548272153595748 -0.0465566663202376   -1.22795329936049 1.34559993422922 -2.70571763164684 -1.06443196814764  10.2722146009534 1774584252.29808
  0.565476850612144 -0.0726965000849587   -1.32766949917205 1.44490662284267 -2.53452791899674 0.267469996079271  9.86843600529286 1774584252.31412
 0.0637348622043825 -0.0594336182430105   -1.60939300843193 1.61175070753118 -0.772439973841907      0.73721200378   6.89694863723202 1774584252.33677
0.203728460809236 0.105869272445385 -1.68977664364688 1.70530310912938  -1.37060319235475 -0.895893051921061   7.76540736128336 1774584252.36028
0.218608877213847 0.138364373987613 -1.75428126495889 1.77325612864342 -1.92635317874808  0.18985172174924  8.76969327321842 1774584252.37633
0.333994751987661  0.18384428450348 -1.86315792399986 1.90176461873266 -3.92294340595251 -3.04742434149025  12.7166689822555 1774584252.39819
     0.525416055719 -0.0367850745534078   -1.96889698017321 2.03812916466361 -3.28032400566814 -1.48497312225589  11.2713340025307 1774584252.41412
0.353281212771649 0.149705520918439 -2.00984921607862 2.04614594534767 -1.80751046376747 0.478426338248467  7.56049187758417 1774584252.43692
0.603312948625695  0.25527842196022 -1.89524948122477 2.0052740916844 -1.66489543533547 -2.13471060791223  8.39904868679893 1774584252.46252
 0.67516866953826 0.375389758674005 -2.05133845646555 2.19197620110663 -1.33714184931746 -1.39549859561689  8.30346200386786 1774584252.47819
 0.63162865864153  0.46288426444669 -2.19084333977007 2.32658787586124   -2.1894236734136 -0.818948659503364   8.21016702721437 1774584252.49821
0.682081175620928 0.453462523626109 -2.19964539270504 2.34719041496814 -2.57646093319088 -1.38433880018276  8.89539897005129 1774584252.51402
0.776677483740889 0.331971927898974 -2.25165815700582 2.40486958704082   -2.7060525808379 -0.777105784951614   9.10798044958566 1774584252.54001
0.916623851062752 0.374775798049926 -2.34164381921936 2.5424303253441  -3.37126193262739 -0.117968712100812   9.21797836680403 1774584252.5632
  0.5766856337932 0.223266234494123 -2.38830201786349 2.46706316502425 -7.0463135416052 3.94164832430144 15.1811977638961 1774584252.57811
 0.288383816359033 -0.766066780995113  -2.31802821663419 2.4583080261827 -4.43656251976959   2.4999707785774  9.96285433984042 1774584252.59823
0.0817997166834057 -0.659902100318006  -2.40674404340037 2.49691386837767 -1.82900030451979 -1.90098046653482  9.57849004607116 1774584252.61386
0.834100629546455 0.310796049118562 -2.03088938247237 2.21739255166885 -3.58757030784888  2.24455743122277  12.2989475012555 1774584252.63878
 0.274036583071041 0.0698040221082259  -2.09091478488346 2.10995101554704 -3.16300723396016 0.418558576558216  10.8772585805413 1774584252.66118
  0.248269155509564 -0.0343486121337029   -2.32229921777101 2.33578489112178   -2.21500387729563 -0.0915540416617772    8.49523262202524 1774584252.6769
 0.275499284267426 0.0345087610185146  -2.40026426315308 2.41626969587186  -2.04493256512115 -0.129565968105362   7.59105453773237 1774584252.69812
 0.225292291849929 0.0769067181576837  -2.45168042932766 2.46321095069283  -1.65489328674677 -0.513005519837045   7.46995484360754 1774584252.71407
0.260585606098175 0.096294105052948 -2.50466012954712 2.52001979700884  -1.47267589835064 -0.572805243760011    7.6539081979655 1774584252.73888
0.00811270716118944   0.196753462505157   -2.60392340749487 2.61135881355377  -1.81414768269294 -0.222180461650833   6.78407529240309 1774584252.76233
0.395874172449112 0.388176560401917 -2.47696328163147 2.53825619294197 -7.05985759424567 -4.57024863163551  15.5235168981293 1774584252.77911
 1.15114676952362 -0.37774857878685 -2.49613809585571 2.77462398665879 -4.32402077071642  -1.3137176341526  10.0445686009317 1774584252.79807
 0.808823719140859 -0.384167193496927  -2.54020997739726 2.69340805866337  -2.82126662722714 -0.964489913501565   7.29656978737285 1774584252.814
