  0.194565193449 -0.0997930976948   -1.29385070686 1.31219812852 -0.430743264173 -0.334599828986   9.69643257674  1.20644315008 0.560590853721 -2.04714595044 1774584238.22
  0.228246673838 -0.0839703768986   -1.35105045568 1.37276542137 -0.704737465544 -0.525725703603   9.58149272956  1.95908926492 0.888536360028  -3.3767769194 1774584238.24
  0.278304350769 -0.0618135694674   -1.43818739369 1.46617093423 -0.855893626362 -0.614144188122   9.49678129891  2.43634779874  1.01720677655 -4.35049548778 1774584238.26
  0.336764915663 -0.0386626047401    -1.5448274368 1.58158060652  -1.02452722284 -0.689609386956   9.37303468961  3.05460159641  1.11408251036 -5.82005868489 1774584238.28
 0.393510707089 -0.019795197314  -1.65769482649 1.70387636411 -0.861859184791 -0.505255084984   9.33730404843  2.79479238196 0.823330382658 -6.03135979276 1774584238.3
   0.437433450484 -0.00900621100198    -1.76207726088 1.81558404067 -0.399110438517   -0.1219734038   9.42532806311  1.60934087043 0.305660183119 -4.64050612658 1774584238.32
   0.457925719765 -0.00756093114211    -1.84343438388 1.89947452212 0.107482350528 0.275541661616  9.54188369541 0.209712128777 -0.11021404681 -2.92295276511 1774584238.34
   0.44654201709 -0.0137932111249   -1.88903181568 1.94114173268 0.636194461953 0.676597534785  9.66948884724  -1.35152601717 -0.361899585876  -1.04657864958 1774584238.36
 0.398557298215 -0.023458077701  -1.88940739636 1.93112881776 1.33147776801 1.20652636493 9.81647602573  -3.50591183515 -0.449167642203   1.31182306161 1774584238.38
  0.314099371431 -0.0307613933482   -1.83947514538 1.86635299152 2.06383176878 1.72963643379 10.0077244852  -6.05919643604 -0.192811016223   4.55398055959 1774584238.4
  0.198559078678 -0.0298222648269   -1.73909241427 1.75064488135 2.06733542265 1.65074684341 10.1128369891 -6.64512099751 0.383538065258  6.50020250968 1774584238.42
 0.0620942148891 -0.0162163504195   -1.59296578135 1.59425802244 1.85334642479 1.43860579109 10.1394473363 -6.55218162615 0.972239938044  7.69508450761 1774584238.44
-0.0817771109586  0.0117751839612    -1.4098569332 1.41227572482 1.59240507323 1.23171976054 10.1211685474 -6.32962341394  1.55171770539  8.84481216675 1774584238.46
-0.218288986279 0.0525200575929  -1.20116731455 1.22197027604  1.3326854008 1.07812695662  10.074544467 -6.27510758049   2.2251034276  10.7226729506 1774584238.48
-0.333856872307  0.101160669996 -0.979112311891 1.03940117935 0.875958473515 0.849548034409  9.96193406096 -5.62711007009  2.75606634931  12.5559515826 1774584238.5
-0.418329385592  0.150496568836 -0.754810741268 0.87600681916 0.187978935981  0.47336151285  9.79505308575 -3.50771674226  2.41205821452  11.6929612242 1774584238.52
-0.466581795885  0.192428085729 -0.536674253486 0.736713237823 -0.341402763777  0.207629758734   9.67678554186 -1.41987274449  1.61508954391  9.93706080484 1774584238.54
-0.479107653613  0.219631176538 -0.329450548053 0.621546185791 -0.696801992249   0.11116657921   9.61518799133 0.115370345004 0.785892239799  9.12960914984 1774584238.56
-0.461495031096  0.227078662298 -0.134142958644 0.531541828976 -0.991149315225  0.170517369571   9.59931097983   1.42173427197 -0.166284591571   9.63395564059 1774584238.58
-0.422935932835   0.21306138932 0.0511802610209 0.47632906485 -1.10120767829 0.392528965149  9.67746599751  2.43509667292 -1.32672054218  10.1481490643 1774584238.6
-0.374139802244  0.179484668239  0.229905784798 0.474396466723 -0.884106492938   0.68707470096   9.84984927169   2.6222292637 -2.18997377537  9.49092644706 1774584238.62
-0.32514462367 0.131390268684 0.405127238618 0.535826938924 -0.522890292054  0.932516069567   10.0268760742  2.14853767586 -2.45717982857  8.25493997759 1774584238.64
-0.283512302279 0.0758383289961  0.578107531937 0.648335558312 -0.233706208125   1.24713245928   10.2036972418  1.69561329469 -2.61762108585  8.07369031743 1774584238.66
-0.253268201329 0.0204302760464  0.747367994173 0.789380197812 0.0105357618237   1.59731747684   10.3756426347  1.21781811044 -2.59717337185   8.2533781902 1774584238.68
 -0.234740973524 -0.0281735881094   0.908639831962 0.938894786409 0.175500099386  1.86895183955  10.4958570638  0.73914752916 -2.26350006659  8.12985290262 1774584238.7
 -0.225238142338 -0.0654064992784    1.05566944613 1.08141028772 0.200631141951  1.87356268766  10.4907684886 0.372672911513 -1.58091037161  7.05091784438 1774584238.72
 -0.220311829269 -0.0893832524057    1.18163716438 1.20531865337 0.096783358843  1.61105095139  10.3716045818  0.233632568247 -0.830144627925   5.27394141681 1774584238.74
-0.215265138795 -0.100842634649   1.28079660553 1.30266966714 -0.0642744277114    1.44249472199    10.2817258572   0.33023485068 -0.315039806006   4.03364273201 1774584238.76
-0.206535483413 -0.102525709408   1.34990788814 1.36945965017 -0.26063551495  1.20721801593  10.1772175734  0.568340698536 0.0664082279606   2.72311460103 1774584238.78
 -0.192656601787 -0.0982009218814    1.38912183615 1.40585186379 -0.418363819653   0.86079598912   10.0607764285  0.80820877227 0.276368052105   1.3227070713 1774584238.8
 -0.174621258434 -0.0916125982239    1.40213841632 1.41593700092 -0.502758920006  0.520204518559   9.97829410709 0.968430260733 0.328899426058 0.170777309205 1774584238.82
 -0.155610248708 -0.0856191958044    1.39565475519 1.40691058418 -0.419316267355  0.177767699874   9.92056980896  0.822498853557  0.236543643179 -0.569929387342 1774584238.84
-0.140189998514 -0.081710462038   1.37828016194 1.38779899124  -0.277107037707 -0.0486405395305    9.91357471593  0.532302273679  0.133999391737 -0.865623075021 1774584238.86
 -0.133186387982 -0.0799743134768    1.35918936281 1.36803882574 -0.0738787424293  -0.202567929757    9.94261652258 0.0441656869458 0.0588354745605 -0.822816278903 1774584238.88
 -0.138500209549 -0.0794594037503    1.34679902887 1.35623144377  0.180125874162 -0.240528531915   9.96109607808 -0.636813908331 0.0304578171995 -0.293307637039 1774584238.9
 -0.158131924108 -0.0787812073444    1.34769979551 1.35923026853  0.414545344142 -0.193307153875   9.96775495236  -1.39106683499 0.0703919413482  0.502317881917 1774584238.92
 -0.191630534334 -0.0767708580874    1.36598452848 1.38149547896   0.514797334404 -0.0571989280744    9.92255373654 -1.85317463718  0.13804220106  1.31502940862 1774584238.94
-0.236083330322 -0.072974639807   1.40301481524 1.42460914243 0.558350038844 0.106320612786  9.85267514266 -2.27169020516 0.212811853278   2.1902135539 1774584238.96
 -0.286639771647 -0.0678703962968    1.45758615569 1.48705284056 0.546258610253 0.317806408368  9.74098610568 -2.68188887359 0.270381124504  3.26475457893 1774584238.98
-0.337441023654 -0.062756018383    1.5264009841 1.56451421424 0.356301334563 0.484259979811  9.61334266031 -2.42346154948 0.214641414345   3.7110777073 1774584239
 -0.382735133518 -0.0593594115079    1.60473821399 1.65081630038 0.131375907776 0.650723668716  9.47721042392  -2.08193407541 0.0895534393249   4.16008732426 1774584239.02
 -0.417918770502 -0.0592943050154    1.68721032888 1.73920976516 -0.120410995194  0.727007171178   9.39202600879 -1.42742902454  -0.1033193511  4.06321950019 1774584239.04
 -0.440269898769 -0.0635238599738    1.76851264766 1.82359805042 -0.349435374068  0.784844408048   9.33526701521 -0.782118878699 -0.317180615692   3.92020911634 1774584239.06
-0.449216735303 -0.071986886688   1.84408490419 1.89937540286 -0.520762646847  0.785267263293   9.33698423133 -0.145490645873 -0.497702071274   3.54161551823 1774584239.08
 -0.446107660707 -0.0834939837619    1.91061874766 1.9637839212 -0.61827525965  0.74898623754  9.38416579209  0.392279552795 -0.600396480639   3.06647442812 1774584239.1
 -0.433574950271 -0.0959271420934    1.96635774118 2.01587500118 -0.663669295745   0.71588898057   9.44530360887  0.837274170084 -0.618313326458   2.67918119877 1774584239.12
-0.414689398141 -0.106695858528   2.01115358006 2.05623199707 -0.534235238016  0.560126837276   9.56245140833   1.01127969564 -0.425033485144   1.95104500364 1774584239.14
-0.392155270716 -0.113335531514   2.04626803622 2.08658658461 -0.394445688133   0.44776113549   9.62874938923   1.13333256186 -0.178781512492   1.51708092515 1774584239.16
-0.367780558739 -0.114095657616   2.07394583352 2.10939130529 -0.228137742514  0.342268401729    9.6448709318  1.21393643251 0.121229427966  1.23297438306 1774584239.18
-0.342378512202 -0.108364589215   2.09682543484 2.12735583154 -0.0587690502318   0.251378847139    9.59121335347  1.32548783706 0.443501285184  1.11245648237 1774584239.2
   -0.3161319946 -0.0968143186752    2.11729348136 2.14295220118 0.0929245672529  0.161563042327   9.47273180427  1.40271139659 0.717662452003  1.05963878298 1774584239.22
 -0.289313110783 -0.0812149943721    2.13691219646 2.15793690518  0.171047140188 0.0804030792332    9.3397264201  1.32222447274 0.819874884132 0.966796369404 1774584239.24
 -0.263132100636 -0.0639505479471    2.15604643604 2.17298513785  0.169056567172 0.0318261232088   9.17460848537  1.20969411231 0.838035663241 0.912312984605 1774584239.26
 -0.240423552858 -0.0473459421176    2.17378315256 2.18755075766 0.0710032347179 0.0083771243848   9.04860348557 0.889511321746 0.739777468469 0.767289071838 1774584239.28
 -0.225886036595 -0.0329742148827    2.18817474875 2.20005012022   -0.11829075825 0.00814285219853     8.8963562341 0.372277239923 0.661859185307 0.580166939474 1774584239.3
 -0.225678750334 -0.0211316535729     2.1967618524 2.20842479638 -0.390122231317 0.0236738430775   8.86419642303 -0.512113398168  0.559316466921  0.227520078627 1774584239.32
 -0.246332458613 -0.0106431831906    2.19725861878 2.21104916167 -0.679391956382 0.0428798152217   8.94471811145  -1.59985798362  0.522893230011 -0.202313698538 1774584239.34
  -0.293120807453 0.000910924859952     2.18823331289 2.20777844658  -1.10839025037 0.0623758706024   8.94759942078  -3.18457837147  0.710706565342 -0.722582405639 1774584239.36
-0.368218410401 0.0165582658097    2.1696026361 2.2006895675  -1.38351147191 0.0533716622455   9.09000315048  -4.4083198899 0.954394989457 -1.13848751873 1774584239.38
-0.469096086261 0.0390093225619   2.14278614401 2.19387905873  -1.64851315606 0.0140141972186   9.16750600221 -5.53691747613  1.33996475641 -1.49313174338 1774584239.4
-0.587630255578  0.069657149971   2.11043419223 2.19182433501   -1.78898797554 -0.0664011399324    9.18497337106 -6.06229366352  1.72786680819 -1.68508602303 1774584239.42
-0.710309900261  0.107759760271   2.07573791951 2.19655189578  -1.84222955513 -0.192882110135   9.08895200709 -5.96270124562  2.06533331212 -1.77271163768 1774584239.44
-0.819715204392  0.150045677969   2.04143531526 2.20497275905  -1.75137054536 -0.363783809982   8.88557605242 -4.92512190366  2.19157534524 -1.76652099384 1774584239.45
-0.89715271067 0.190900869209  2.00872196466 2.20823233819  -1.28630790858 -0.485692574615   8.78083392897 -2.45490791674  1.68843834581 -1.50327147466 1774584239.48
-0.926025381112  0.223163768346   1.97633590561 2.19390717346 -0.962786979868 -0.677925876009   8.52945393556 0.0446719157822   1.15113887749  -1.62876241813 1774584239.5
-0.895270427536  0.239404929435   1.94009289482 2.15006611507 -0.536061120959 -0.842855140011   8.40116196295  2.92297155048 0.242297870951 -1.96333039268 1774584239.52
-0.802088244116  0.233437458633   1.89308858566 2.06920830068 -0.105297582472  -1.04495656152   8.36154512529   6.02124125104 -0.937359358072  -2.82229003044 1774584239.54
-0.653262497529  0.201730239373   1.82665838195 1.95041734624 0.362673390182 -1.32099359037  8.50530080325  9.48831384585 -2.50349863131 -4.52910656611 1774584239.56
-0.46463957848 0.144401378431  1.73201244589 1.7990577558  0.67602797305 -1.26334583216  9.23840227198  9.86737630264 -3.40588010183 -5.61200695881 1774584239.58
-0.258744264272 0.0655560671057   1.60227866819 1.62435929608 0.869327905136 -1.22774159893  10.0824622758  9.42827638567 -4.00601814481 -6.94771066613 1774584239.6
-0.0609569683389 -0.0271209438703    1.43453813972 1.43608877577 0.984273462081 -1.20690409273    11.03511305  8.25259376207 -4.28848871757 -8.41606184732 1774584239.62
 0.104957425384 -0.123442766185   1.23137274426 1.24198752529  1.16148235951 -1.31783698465  12.2961715271  7.08998334337 -4.65514495134 -10.8889574815 1774584239.64
  0.22100580346 -0.212252207237   1.00149330946 1.04732201998  1.38026622261 -1.47793698723  13.9244998534  5.09078735991 -4.69962411666 -13.8982819127 1774584239.66
 0.277916345285 -0.283111959512  0.759180201506 0.856588848254  1.20000052232 -1.19191516848  14.1647060719  1.41497124684 -2.95883499766 -12.2599986859 1774584239.68
 0.276286551676 -0.327849335364  0.522514035502 0.675899669057    1.1283881039 -0.989790053033   14.2114790867 -1.24414692019 -1.39807741407 -10.7018729087 1774584239.7
 0.225771858083 -0.341707957011  0.310645011759 0.514040448912   1.13987012287 -0.822305572748   14.0181129811  -3.13073070713 0.0912174504805  -8.94503801605 1774584239.72
 0.142610904684 -0.323954541193  0.140579638706 0.380850429582   1.30899662804 -0.715945961393   13.8186505818   -4.628895108  1.64434009333 -7.38375391253 1774584239.74
0.0461343033139 -0.277894622148 0.0240972575068 0.282726851891   1.48427397307 -0.563820342417    13.045965351 -5.27514658322  3.19566729312 -4.92705299165 1774584239.76
-0.044931237684 -0.210342098203 -0.034587071648 0.217850590822   1.34843592657 -0.318641457071   11.4213140147 -4.09592409916  3.72905108392 -1.62140841058 1774584239.78
 -0.115596098126  -0.130650455949 -0.0399251771852 0.178958149619   1.25250095463 -0.150765194276   10.0189432193 -2.74952539884  3.96053997462 0.736929420231 1774584239.8
  -0.156629002613  -0.0494476168266 -0.00464977076508 0.164314733477    1.05053338241 -0.0306992539286    8.80789979612 -1.16444410208  3.59931297359  2.15813592801 1774584239.82
-0.165230470231 0.0227700810568 0.0520652597222 0.174729436999  0.883178048443 0.0368824354375   7.70174403341 0.309177744748  3.20781029083   2.8465949594 1774584239.84
-0.144439186111 0.0770253246589  0.107581690915 0.1958810847   0.59259141421 0.0557453219525   6.88805331335 1.72615642821 2.28664601287 2.36844355431 1774584239.86
-0.10159489739 0.107068367433 0.139379051137 0.203006596878  0.189224744269 0.0176165507524   6.95832838489  2.45343786628 0.830667524187 0.525564796166 1774584239.88
-0.0463076145026   0.110250013473   0.128603009669 0.175608071362  -0.141181614173 -0.0523691856605     7.2847272733    2.7880599786 -0.471604280043   -1.8820753715 1774584239.9
0.0116118093047 0.0879192932319 0.0629590471935 0.108758805902 -0.366502190189 -0.136091360628   8.02903347998  2.57585287948 -1.51938774221 -4.44434115664 1774584239.92
 0.0638933133272  0.0452471011336 -0.0615361566458 0.0995808928644 -0.511835247637 -0.245970515465   8.79901266201  2.35215598857 -2.45513578294 -7.63647753502 1774584239.94
   0.104994158021 -0.00955143019871   -0.240214811854 0.262332153712 -0.499647361852 -0.362219298673   9.79279603179  1.84908639394 -3.00599007321 -10.7388483541 1774584239.96
  0.132647978401 -0.0665247670591  -0.460839252646 0.484142383587 -0.251800120022 -0.398373177739   10.6678066699  1.02339632514   -2.535729275 -11.1295890474 1774584239.98
 0.147811674519 -0.115642909523  -0.70586174741 0.73038509028 0.0630811105899 -0.481501991343   11.4006567198 0.534380977924 -2.04086143396 -12.3084242361 1774584240
 0.154120662994 -0.148531379716 -0.955420688679 0.979103386715  0.451893267693 -0.533925456382   11.7679813216  0.22595466193 -1.08999819243 -11.9210443344 1774584240.02
 0.156997999798 -0.159957454145  -1.19051911177 1.21143324809  0.853077117903 -0.601061122754   11.8414080577    0.211092948608 -0.00575554599867      -11.00168922 1774584240.04
  0.16257086526 -0.148761778354  -1.39582620571 1.41311363644   1.24510911372 -0.707947060059   11.6584239848 0.517810708956  1.11102882569 -9.83175429523 1774584240.06
 0.176543999011 -0.118019023407  -1.56164210787 1.57601470379   1.34468770928 -0.736724493532   10.9874692459  1.00085885248  1.83397941625 -7.12198477522 1774584240.08
  0.203173343365 -0.0743615680661   -1.68474829516 1.69858348877   1.38684569593 -0.840223489096   10.3015306279  1.70175457004  2.29071537876 -5.17180510659 1774584240.1
  0.244474951538 -0.0265778247839   -1.76809117718 1.78511086309   1.18098427661 -0.899018738578   9.57904739334  2.32045879007  2.17607341114 -3.23566694971 1774584240.12
 0.299787389435 0.0162408842139  -1.81946772094 1.84407131986 0.925554199687 -1.02966318592  8.93217230094 3.03860846064 1.83380106553 -2.0407354902 1774584240.14
 0.365771408487 0.0466246212958   -1.8495541191 1.88595148878 0.539813245066 -1.14759737124  8.43419187499  3.57728554526  1.15015905559 -1.31105960912 1774584240.16
  0.43687346688 0.0603164245572  -1.86970917269 1.92101766977 0.0732293281587  -1.08820263916   8.36666808285  3.35949214829 0.252812442059 -0.96709881993 1774584240.18
 0.506203060407 0.0571925486185  -1.88998025461 1.95743145188 -0.331723564422  -1.14829132108   8.34949493892   3.29686148624 -0.482656894191  -1.21751708062 1774584240.2
 0.566690752123 0.0413113168301  -1.91765015013 2.00005678213 -0.629501787277  -1.07753040886   8.66080927638   2.65930491987 -0.930237941759  -1.66729761512 1774584240.22
 0.612324080788 0.0200708936932  -1.95651467978 2.05019348182 -0.792710798031 -0.988058580509   9.08476864969   1.83707146286 -0.979469896003  -2.26077140059 1774584240.24
 0.639223097988 0.0026393050451  -2.00691126842 2.10625401465 -0.766068526062 -0.838402788575   9.55925396936  0.844970474088 -0.549173409533  -2.72944782683 1774584240.26
   0.646331375161 -0.00203153754285     -2.0663660161 2.16509050299 -0.566896501308 -0.656002274941   9.93516965641 -0.0858925686617   0.238391678691   -2.90551530981 1774584240.28
  0.63556596575 0.0127895416372  -2.13062224683 2.22343401699 -0.317670227454 -0.559036486782   10.1564794058 -0.871736333495   1.29764877078   -3.2027849961 1774584240.3
 0.61138110604 0.049994713998  -2.1947743355 2.27888584884 0.0251058241525 -0.447703445733   10.1423737926 -1.39001411982    2.368072586 -3.08350992894 1774584240.32
0.579832229095 0.107739320928 -2.25425806312 2.33012716183  0.376274390351 -0.396653347704   9.89820189899 -1.68632262916  3.40949532084 -2.91668467521 1774584240.34
0.547346901837 0.179462418355 -2.30552869464 2.37639600075  0.601325104063 -0.343346875519   9.45897251777 -1.49046858582  3.63324241022 -2.27483988072 1774584240.36
0.519483997878 0.254847254048 -2.34636504505 2.41665878261  0.692722484541 -0.340713359508   8.95546415629 -1.13407892186  3.40123334511  -1.6830220679 1774584240.38
0.499967253276 0.321559443049 -2.37584213805 2.44908015277  0.670631046282 -0.388890024333   8.39764230654 -0.734496538448   2.82496195626  -1.19737964272 1774584240.4
0.490208534461 0.367444204579 -2.39409004046 2.47123183303 0.418810175365 -0.40584822668   8.1136005563 -0.252515294805   1.46354674124 -0.625128296341 1774584240.42
0.489406930793 0.382765737773  -2.4019853323 2.48104056607 0.0567674649862 -0.449479760814   7.92204625717   0.12391935019 -0.134974028749 -0.170528581361 1774584240.44
0.495158272109 0.362052907493  -2.4009015008 2.4780217995 -0.415252886009 -0.437607160438   8.17288314395 0.364884753487 -1.89071233564 0.229053516336 1774584240.46
0.504379344663 0.305183631842 -2.39258651798 2.46414403364 -0.954833990122 -0.425095145921   8.64568121948 0.483252522236 -3.65376258393 0.549447036166 1774584240.48
0.514278775969 0.217487119679 -2.37916192637 2.44380743483  -1.47318863347 -0.379415676927   9.43779269771 0.482978898243 -5.06242482143 0.758366914072 1774584240.5
0.523111211341 0.108842410378 -2.36317399504 2.42282548702  -1.71912461616 -0.285476454702   10.3586964428 0.384828785858  -5.3407974847  0.74753832958 1774584240.52
   0.530528860827 -0.00803762152029    -2.34759578128 2.40680938751   -2.1446455639 -0.242620370787   11.3927610879 0.373898474994 -5.95339248834 0.715719058117 1774584240.54
 0.537469334113 -0.119774569824  -2.33568957669 2.39972186541  -2.12986661527 -0.170662671251    12.100842954  0.37614630274 -5.13489266269 0.420535684345 1774584240.56
 0.545652272019 -0.214492111695    -2.330687642 2.40329943047  -2.06077449836 -0.119313100289    12.594084338   0.483156792009   -4.08070138962 0.00926383506519 1774584240.58
 0.556860095753 -0.283547302157  -2.33531778678 2.41747831512   -1.97351377349 -0.0762025179632    12.8751047667  0.701066234633  -2.85012488924 -0.542943556222 1774584240.6
 0.572222661986 -0.322511762367  -2.35126518704 2.44129076342    -1.6364866736 -0.0181712193526    12.4915522936 0.894337982402 -1.22516366129 -1.11349511589 1774584240.62
0.591704551805 -0.33128111442 -2.37870086163 2.47347513481  -1.33891221071 0.0592923359658   11.8424568134  1.08039246369 0.236103196966 -1.67748221827 1774584240.64
 0.613920624753 -0.313399312358  -2.41600794806 2.51241160393 -0.944767945448  0.152263436509   10.7949518906  1.04225808745  1.31859229643 -1.89509414042 1774584240.66
 0.636307181617 -0.274852975575   -2.4597999516 2.55559127981 -0.76496817819 0.294532720228  9.83786383662  1.01567225379  2.21166722909 -2.17593914453 1774584240.68
 0.655582447209 -0.222679016429  -2.50526271501 2.59917593877 -0.658742088339  0.489266245902   8.79768972807  0.83984297303  2.91134384468 -2.27870398959 1774584240.7
 0.668365472898 -0.163721833219  -2.54678211206 2.63810848343 -0.569596882591  0.674321583278   7.91450041657 0.427396405378  3.13311669931 -1.93681019175 1774584240.72
 0.671801036531 -0.103785332706  -2.57875965766 2.66685008952 -0.514770442328  0.816398374516   7.37608615078 -0.110362088997   2.98550157988  -1.27424420811 1774584240.74
  0.664061137139 -0.0472814747126   -2.59648011035 2.68047042423 -0.458168370653  0.855207361173   7.32627368249 -0.637623058487   2.50011817268 -0.425624109421 1774584240.76
 0.644649293033 0.0026765752126  -2.59688390284 2.67570287587 -0.462468686641  0.942048056782   7.25435462802 -1.21197427541  2.22993553953 0.424699480469 1774584240.78
 0.614498911871 0.0439090478808  -2.57911253767 2.6516708693 -0.448554926832  0.963571533322   7.44407925717 -1.75167269705  1.83671733512  1.32887257585 1774584240.8
 0.575904672717 0.0747587832894  -2.54473212767 2.61015644537 -0.423490036838  0.948110261056    7.7899326367 -2.25695474109  1.37153107763  2.23939406639 1774584240.82
 0.532337507855 0.0938377934321  -2.49759040641 2.55541515061 -0.335815308939  0.776270932357    8.4957097769  -2.3165609989 0.667615167309  2.67782054643 1774584240.83
0.488169489184 0.100043392355 -2.44331495056 2.49361305702 -0.241354939436  0.556549169378   9.22939333511   -1.97721634752 -0.0236451407423    2.56638222698 1774584240.86
 0.448295404461 0.0928327504758   -2.3885056516 2.4319839508 -0.209460959886  0.439473661571   9.78943667783  -1.66410038594 -0.646519368558   2.44364704418 1774584240.88
 0.417614604337 0.0726321255918  -2.33970867941 2.37779605684 -0.223313064745  0.378828042888   10.2900457304 -1.16704357669 -1.25708338599  2.09893655403 1774584240.9
  0.40035520436 0.0411938654571  -2.30228484511 2.33719847942 -0.31344390745 0.429365820756  10.8174131085 -0.514046792729  -1.98888253841   1.69410103919 1774584240.92
  0.399286990154 0.00172132071006   -2.27930789358 2.31401761817 -0.380605630356  0.487010405273   11.0731783542 0.390613459456 -2.20800819744 0.846268997413 1774584240.93
 0.414956979602 -0.041345122007  -2.27064991447 2.30862507743 -0.384951072047  0.542034839982   11.0222146791   1.0362913823 -1.91145091712 0.155502953088 1774584240.96
  0.445151543169 -0.0828763546367   -2.27242558851 2.31709871215 -0.422187917301  0.748843874058   11.1171012624   1.64198040682  -1.79800716682 -0.148353668091 1774584240.98
0.484799508527 -0.11782433396 -2.27696021836 2.33097854412 -0.397781275288   1.04670225437   11.1940268815    2.09739424487    -1.5259956168 -0.0251860517874 1774584241
 0.526459434069 -0.142033323065  -2.27340195466 2.33788140162 -0.257722551827   1.49594687833   11.2982163159  2.35103876925 -1.07684810751 0.858060961929 1774584241.02
 0.561391629534 -0.152905882438  -2.24900631565 2.32305191041 0.0918212152936   1.55511914172   10.9639716888   1.54569042702 -0.219484044331   2.33379621001 1774584241.03
 0.581044074255 -0.149784200845  -2.19098608137 2.27166624569 0.423572853202  1.32124551134  10.5189377948 0.393241595109 0.431402512841  3.65547306868 1774584241.05
 0.578640314708 -0.133983351811  -2.08866695963 2.1714754939 0.800919173444  1.27792521151  10.2611004625 -0.683670209885  0.924266503485   5.71695004955 1774584241.07
 0.550498749218 -0.108489406424  -1.93556161653 2.01524628659 1.24647725079 1.23805892955 10.0146268317 -1.94415524424  1.34365402818  8.49434157447 1774584241.1
  0.496760414865 -0.0773941171928   -1.73091989215 1.80245511239 1.89006373334 1.23806727149  9.7324382356  -3.678305705 1.80319151898 12.9638646432 1774584241.12
  0.421343800962 -0.0451746289125   -1.48036637137 1.53982334674  2.12232242386 0.898083226436  9.44565647375 -4.64975786163  1.72517205696  15.0342900052 1774584241.13
  0.331137268682 -0.0159439444563   -1.19540245546 1.24052131404  1.87926742501 0.449438092267  9.30788304549 -4.42084696328  1.24010676424  13.9353395536 1774584241.15
  0.234625566054 0.00720233596311  -0.891795442334 0.922171427044  1.69464589311 0.128523266672  9.23347388994 -4.14575745351 0.838001904518  13.2122367472 1774584241.17
 0.140275250335 0.0226359137887 -0.587138657898 0.604087190766   1.67057128377 -0.132693684039    9.1606583632 -4.11610689373 0.531057055332  13.6084259713 1774584241.2
0.0550432408554 0.0303719142253 -0.298071119494 0.304628632623   1.93592549436 -0.439361548628   9.03872268278 -4.60445548847 0.273261379256  16.1173169372 1774584241.22
-0.0166809510903  0.0319508193605 -0.0377332287511 0.0521814673909   1.80255081361 -0.633003209732   9.18498151944    -3.89428970201 -0.00949036399992     14.6642299812 1774584241.23
-0.0735137846796  0.0300586214144   0.186019673025 0.202264964864   1.29020640178 -0.543844666273   9.52735348455   -2.34065210674 -0.0932209974728    9.55627162916 1774584241.25
-0.116868556167  0.027960654204  0.371306613278 0.39026741943   1.14933811763 -0.473403821214   9.76935308154  -1.62736805933 -0.025674548147   7.12280932892 1774584241.28
-0.150215308829 0.0288485220989  0.521733728993 0.543693811077   1.33736113142 -0.440057768362   10.0081044743 -1.45060775093 0.171772092963  6.48993542519 1774584241.3
-0.178025190972 0.0352024486535  0.644917870665 0.669963611635   1.77320266224 -0.371418232778   10.3059432143 -1.58347031648 0.564633951411  6.65210933747 1774584241.32
 -0.20465042321 0.0482589988278   0.75041394415 0.779314964736  1.98564968583 -0.17329648035  10.4903505404 -1.65735687011 0.971900753849  6.06786865945 1774584241.33
-0.233367572879  0.067656112475  0.847535852806 0.881677262619   1.72962831861 0.0403633112242   10.4081674018 -1.49836757755  1.05582367513  4.73620685067 1774584241.35
-0.265747166544  0.091310776677  0.943535324153 0.984488761941 1.51141067005 0.18827271085  10.268867575 -1.43184335936  1.00795763328  4.10096625242 1774584241.37
-0.301429823439  0.115569080427   1.04247407058 1.0913149585  1.52046037814 0.346809000731  10.1527591709 -1.59961733404 0.977389666538  4.43992088755 1774584241.4
-0.338307857032  0.135646423441   1.14493582067 1.20155324134  1.76889692191 0.626974110748   10.009699622 -2.06455496099 0.887055060982  5.94027802659 1774584241.42
-0.373044113026  0.146338819774   1.24852757793 1.31125820237 1.37887381694 0.75013434879 9.74906529146 -1.77569506399 0.203739156425  5.70487585159 1774584241.43
-0.401812084502  0.142932752044   1.34895943999 1.41477004973  0.78342303727 0.710951163686  9.58575473145  -1.10993139923 -0.557818926183    4.4533478243 1774584241.45
-0.421114367002  0.122180121793   1.44139856177 1.50661710667 0.385133942637 0.760838842532  9.49467470859 -0.608466349237  -1.36133161271   3.93557095063 1774584241.48
  -0.4285305834 0.0831550219521   1.52177515649 1.58314650159 0.0062840174579   0.78221044678   9.50553333189 -0.0488102646394   -2.14566509417    3.32734158223 1774584241.5
 -0.42326154878 0.0277915126554    1.5877695611 1.64345212465 -0.383127115753  0.918486756886   9.58844472113 0.606729273099 -3.34680588748  3.21842769217 1774584241.52
 -0.406373261721 -0.0390679495358    1.63930984756 1.68937926731 -0.677842064874  0.856651535353   9.84600999016  1.18807049052 -3.85183986259  2.53349784527 1774584241.53
 -0.38069862343 -0.110201623138    1.6785327612 1.72468781814 -0.712690637168  0.624387071838   10.1237584821  1.34489696484 -3.31719436748  1.68172696283 1774584241.56
-0.350418187948 -0.177081388784   1.70927889257 1.75379162311 -0.711557711335  0.471298621622   10.4009591138  1.43137093538 -2.87520224964  1.37088358666 1774584241.58
-0.320401459357  -0.23132085052   1.73628186767 1.78068558568 -0.609794315289  0.307239400481   10.6163342696  1.29070737087 -2.09242208142  1.29053306889 1774584241.6
-0.295434161778 -0.266218394647   1.76425549349 1.80852177867 -0.529018545894  0.185515441508   10.8994465267  1.13433031591 -1.29545926097  1.68501662439 1774584241.62
-0.279474412732 -0.278061487555   1.79707787478 1.83981331288 -0.323903788727 0.0509362356259   10.9261982205    0.59123201609 -0.0193445525843    2.11829178468 1774584241.63
-0.275068019286 -0.266884755574    1.8372241947 1.87677452817  -0.102262626288 -0.0195187602583    10.5957918565 -0.0881811396777    1.03580065355    2.20324777021 1774584241.65
-0.283014374489 -0.236480093683   1.88552550514 1.92125646425   0.0103535793375 -0.00748281341402     10.2501856762 -0.614252341671    1.6513239453   2.34461981064 1774584241.67
-0.302321038325 -0.193619161181   1.94124979461 1.97416745867 0.0346431432633 0.0716002822541   9.90790577634 -1.06604767227  2.02006736123  2.62836476099 1774584241.7
-0.330431757632  -0.14662828824    2.0024341408 2.03480404206 -0.027621248853  0.242501009706   9.51253185681 -1.60402919032  2.35332904647  3.27098729916 1774584241.72
 -0.36367166403 -0.103609446667    2.0663579402 2.10067301922 -0.176004578976  0.445379494597   9.15574584314 -1.77023150286  1.99450737764  3.35166674629 1774584241.74
 -0.397829892982 -0.0706912834033    2.13004235964 2.16802821364 -0.353063851246   0.62641506948   8.95980667392 -1.63458035041  1.32810628053  3.12072563208 1774584241.76
 -0.428791758523 -0.0506989816277    2.19068462013 2.23283046016 -0.516630726172  0.772327886609   8.92240548103 -1.33550645619 0.679597019258  2.79953982138 1774584241.78
 -0.453134448011 -0.0425485435649    2.24597388763 2.29162385885 -0.626837123024  0.864315587286   9.03399961538 -0.929488661723  0.214326013819   2.41820349737 1774584241.8
 -0.468608175583 -0.0415179186364    2.29427297247 2.34200893082 -0.72558388548 0.993492215389  9.20048413806 -0.534910041327 0.0550050466628    2.2271196789 1774584241.82
-0.474438878332 -0.040357799153   2.33467574841 2.38273621105 -0.667705597478  0.996063351835   9.51101900914 -0.0703130306451   0.263349539023    1.82342386601 1774584241.84
 -0.471411105157 -0.0310198615273    2.36696118735 2.41364784596 -0.519514384701  0.992513128912   9.83751459247 0.331427075738 0.878758342528  1.48003879459 1774584241.86
  -0.461721819503 -0.00663930613724     2.39146573872 2.43563944345 -0.244221732598  0.900023722125   10.1052436582 0.574025469275  1.70563855615  1.05683730687 1774584241.88
-0.448634593321  0.036657443472   2.40889498422 2.45059009455 0.0594645559963  0.813603678193   10.2346099659  0.62102668329  2.53918978846 0.691394832288 1774584241.9
-0.436001421988 0.0985235998762   2.42010049856 2.46103444974 0.359456100309 0.826105828747  10.2413283081 0.523907283438  3.44525065174 0.425489103198 1774584241.92
-0.42774477368 0.174030347057  2.42586056364 2.46942333903 0.586426773846 0.843356771346  10.0696984824 0.214103807246  3.87448267139 0.164618631476 1774584241.94
-0.427394347905  0.254279631549   2.42671824522 2.47715270045 0.742674385947 0.963224215931  9.77382022235 -0.264072507428    4.0622471768 -0.077218225025 1774584241.96
-0.437746566237  0.327888671705   2.42293590982 2.48389844003 0.668606048044  1.00529479044  9.41539034106 -0.835863333441   3.23502866769 -0.304193998754 1774584241.98
-0.460666830369  0.383053595318   2.41460946011 2.48782692934 0.461019144136  1.07684140874  9.08291636538  -1.46880563982   2.02969535766 -0.520361574491 1774584242
-0.497003010196  0.409773249184   2.40194281472 2.48681631671 0.117726226796  1.14385571716  8.83180859613  -2.15697455404  0.470334487681 -0.728116860889 1774584242.02
-0.546545119521  0.401779602565   2.38562004519 2.48018576254 -0.332605539663   1.10750343562   8.78458150861 -2.71731573166 -1.27312591721 -0.85206077045 1774584242.04
-0.607965632185  0.357784667862    2.3671485889 2.47002520643 -0.933946953937   1.14807586243    8.8036075241 -3.62986108139 -3.29524163436 -1.00552534226 1774584242.06
-0.678708700188  0.281799547187   2.34900877366 2.46127989128 -1.31666954562 0.855507432484  9.24205870661  -3.57572830555  -4.26763005079 -0.795842976277 1774584242.07
-0.754852281283  0.182475521252   2.33445630973 2.46024095252 -1.71621576779 0.617996133319  9.72329886627  -3.65884783588  -5.04891036252 -0.531183991366 1774584242.1
-0.831024027172 0.0716168702143   2.32689594826 2.47187674933 -2.16349952109 0.373411204591  10.3114945824  -3.74377376911  -5.66310715538 -0.143685943773 1774584242.12
 -0.900487378773 -0.0378228230213    2.32886683833 2.49718418142  -2.05838545826 0.0629556128917   10.7639889498 -2.81469447092 -4.64586473301 0.314910848193 1774584242.14
-0.955511208629 -0.133858577305   2.34082369932 2.53187191221  -2.32186842925 -0.209629956784   11.3413846605 -2.21802668984 -4.29119890665 0.788783951531 1774584242.16
 -0.98808726596 -0.207301640314   2.36001947751 2.56690131276  -2.26174088024 -0.464008111288   11.6651677745 -0.926403505481  -3.11195633654   1.01957260911 1774584242.18
-0.990971072956 -0.252974652355   2.37984978912 2.59030980018  -2.01185468167 -0.663125205132   11.6893561835 0.765203265957  -1.6481199796 0.785739293246 1774584242.2
-0.958914227132 -0.270135491522   2.38997544337 2.58929957685  -1.61336091078 -0.789011191662   11.3829907142    2.56829737758  -0.231766535486 -0.0624555777267 1774584242.21
-0.889859500507 -0.262099093726   2.37739096884 2.55196663072  -1.07312450982 -0.792336448086   10.7637286572  3.82630785698 0.772226259958  -1.3615483862 1774584242.24
-0.785816906499 -0.235200953707   2.32838071907 2.46864020709 -0.841346381657  -1.03158700664   10.2708976437  6.00566420732   1.6426533811 -3.71283292725 1774584242.26
 -0.65315410979 -0.197356061655   2.23105452072 2.33305893209 -0.47937307067 -1.21284791419  9.57253694614  7.39666337903  2.05155269013 -6.52947188306 1774584242.28
-0.502127634621 -0.156516355117   2.07795143368 2.14348120859 -0.118180649706  -1.32219868597   8.96803748677  7.51750222878  1.90774121518 -8.87261279484 1774584242.3
-0.345639936426 -0.119317180531    1.8681076128 1.9035570935 0.187249422211  -1.6364042565  8.41584673619  7.86052351328  1.71218679224 -12.1212651524 1774584242.32
 -0.197396064304 -0.0901394313676    1.60804225296 1.62261831945 0.427566609786 -1.76533643866  8.25230239063  6.58483482175  1.16019425596 -13.2915009763 1774584242.34
-0.0698002552337 -0.0707164756767     1.3113247183 1.31508380432 0.681631701632 -2.11305629199  8.13366230243  5.64413585047 0.747198888012  -15.310138825 1774584242.36
  0.027976219688 -0.0603035230108   0.996703148689 0.998917589374 0.920375245962 -2.43383473128  8.25028335471  4.21286194091 0.376351358816 -16.3710352499 1774584242.38
 0.0913445987133 -0.0563207784999   0.685121410118 0.693474738117  1.01493852457 -2.39469798294  8.70474312506  2.25679915821 0.121733630471 -14.6012431428 1774584242.4
 0.120786142383 -0.055297278307  0.396233123516 0.417908805066  1.11735562638 -2.38347794549   9.1535544277  0.721775880079 0.0582935304015   -12.964896535 1774584242.42
  0.121405228465 -0.0538929608314   0.145157461103 0.196759673815  1.15380850648 -2.22229207304  9.60626063144 -0.447190682125  0.129453990673  -10.6828834569 1774584242.44
  0.101695128391 -0.0497707589808 -0.0598297724765 0.128057132807    1.274460664 -2.19585875797  9.99998134835 -1.27239682805 0.301910109188  -9.3260552747 1774584242.46
 0.0718305499373 -0.0421300451455  -0.218201030515 0.233551404033  1.27321842131 -1.93212298416  10.3102479425 -1.59650739431 0.479828144652  -7.3847413256 1774584242.48
 0.0418723104396 -0.0317910917096  -0.336543828119 0.340625471946  1.16390218279 -1.52116612202  10.4572100335 -1.37405197647  0.56746870876 -5.55037030171 1774584242.5
  0.020237229157 -0.0208225577831  -0.426608019719 0.427595050071 0.951931653067 -1.03949448531  10.4151024849 -0.727349500353  0.497782194877  -4.13513922189 1774584242.52
0.0126758707137 -0.011809682714 -0.502531902616 0.502830448015  0.760540242311 -0.669487311372   10.2845823209 0.0384723917158  0.329769163874  -3.59546534447 1774584242.54
  0.0218559702576 -0.00694738976169   -0.577888646396 0.578343528791   0.68004071193 -0.472385070228    10.158094513 0.915905425186 0.121443997299 -4.22347440173 1774584242.56
  0.0475137851372 -0.00719036780568   -0.663178445077 0.6649172213  0.514485612024 -0.300950839573   9.96450808567   1.63752034234 -0.119117410332  -4.68142593683 1774584242.58
0.0870385330371 -0.011688935791 -0.764235852067 0.769265087625  0.413888642529 -0.262112290669   9.82033280513    2.2602572183 -0.267082228855  -5.56450503293 1774584242.6
  0.136306786817 -0.0176825509976  -0.881777063293 0.89242534819  0.333861309968 -0.308322108392   9.73543310154   2.59303458278 -0.231206364876  -6.20601712722 1774584242.62
  0.190579294967 -0.0209210853895   -1.01204424852 1.03004452352  0.27787086604 -0.40664448576  9.71770580062   2.62133601858 0.0270574853676  -6.40941766258 1774584242.64
  0.245299963348 -0.0165575211433   -1.14827582034 1.174301317   0.27636410492 -0.592719230574   9.73685397733  2.76529051732 0.536573280197 -7.05093160093 1774584242.66
    0.296683199072 -0.000332825490213     -1.28258774684 1.3164544655 0.245926070793 -0.69595801228   9.7840967141  2.35938128759  1.14082037488 -6.33031993362 1774584242.68
 0.342032085048 0.0302149000511  -1.40781220026 1.44908042516   0.24367861462 -0.845003739101   9.81116912308  2.10880521013  1.90685599952 -5.99647130693 1774584242.7
 0.379788939523 0.0748143142329  -1.51890221802 1.56745040372  0.221599931108 -0.914443563844   9.79479409927  1.68704784264  2.50113607335 -5.15664566021 1774584242.72
0.409374362826 0.130053325468 -1.61365121423 1.66984175226  0.169169857218 -0.850249822315   9.72969222481  1.14245248944  2.56624475777 -3.88298906407 1774584242.74
0.430911208661 0.189648196948 -1.69265755037 1.75691220361 0.146953745787 -1.00296686257  9.58005343667  0.93403052845  3.02843701934 -3.80726514236 1774584242.76
0.444945341563 0.245386246117 -1.75864449154 1.83057947502 0.0737780781578 -0.993875136086   9.40536539284 0.567402309241  2.62954455838 -3.26204758934 1774584242.78
0.452258409961 0.288578737237 -1.81538455624 1.89299668357 -0.0269514364748  -0.939744205178    9.24738600187 0.231252682958  1.72858591066 -2.81138589521 1774584242.8
0.453820798169 0.311729213661 -1.86654522245 1.94605228268 -0.151344814662 -0.874445135171   9.14415639589 -0.0352470475626   0.544467598753   -2.51946702632 1774584242.81
0.450868176905 0.310053921852 -1.91475873323 1.99141069443 -0.266796244762 -0.718825863083    9.1987322521 -0.193457153509 -0.642677491809  -2.08013417219 1774584242.84
0.445024070913 0.282505902419 -1.96113140154 2.03073690632 -0.504935295989 -0.786674575589   9.15743824431 -0.323314442081  -2.01564630546  -2.33907430321 1774584242.86
0.438356876544 0.232054448066 -2.00527390164 2.06570313421 -0.740809418155 -0.723098590896   9.32401904266 -0.310259695422  -3.09782754448  -2.23448343853 1774584242.88
 0.43326915795 0.165137473015 -2.04579002373 2.0976771366 -0.977012191714 -0.605429017607   9.60530069103 -0.161621237665  -3.70160828383  -1.97994609871 1774584242.9
 0.432171824988 0.0903983241303  -2.08104407191 2.12736662862 -1.30877389486 -0.48788526736  9.95629400775 0.103462078509 -4.12978162598 -1.78898123135 1774584242.91
 0.436980572495 0.0169930338748  -2.10996475382 2.15480673061 -1.34788584478 -0.24955980865  10.2710580174 0.394597387793 -3.31210650517 -1.24274489141 1774584242.93
   0.44855753104 -0.0471373141778    -2.1326492095 2.17982073479   -1.51351684494 -0.0477109615488    10.5729510946  0.697891729705  -2.70680594814 -0.968089194764 1774584242.96
  0.466274259977 -0.0966239129161   -2.15059985683 2.202686453 -1.68430783977 0.173151931586  10.8453328942  0.964291820545  -2.01658443931 -0.831266478254 1774584242.98
 0.487868771737 -0.129347320103  -2.16653741213 2.22455187078  -1.7673949141 0.403055162003  11.0229966731   1.08800741501  -1.24455363587 -0.833062228647 1774584243
 0.509704502863 -0.146303047401  -2.18385339392 2.24731370931  -1.7524192885 0.618505154414  11.0842633796   1.00962477105 -0.545887288662  -1.00352527413 1774584243.02
 0.527430965994 -0.150737939248  -2.20586059731 2.27304340588 -1.60127208586 0.779236477007  10.9947105818   0.692318947983 -0.0133356798126   -1.30182188023 1774584243.04
 0.536928459145 -0.146827444379  -2.23504474446 2.30331836236 -1.35030317032 0.864992654397  10.7791692887 0.197749429465 0.312044651122 -1.66841403824 1774584243.06
0.535330044641 -0.13827335087 -2.27250520781 2.3387983444 -0.990046661303  0.822939889993   10.4370970295 -0.349603409259  0.455840101693  -1.92033712138 1774584243.08
 0.521879598326 -0.127205569808  -2.31770665593 2.3791392803 -0.763642802636  0.827623420858   10.1184487411 -0.92543956054 0.616614716698 -2.40814946011 1774584243.1
 0.498412448341 -0.113675382343   -2.3685710055 2.42311074227 -0.502146242958  0.720219026235    9.6947723533 -1.37870795786 0.822212657817 -2.73200986715 1774584243.12
   0.46932353645 -0.0958629935407   -2.42185030637 2.46876754715 -0.262817238684  0.494593895329   9.24300411363 -1.47325857458  1.09667790488 -2.69645219577 1774584243.14
  0.440994302348 -0.0709339293923   -2.47366137355 2.51366429502 -0.124132016129  0.234544700279   8.82015339937 -1.20928315579  1.48287325489 -2.44509074837 1774584243.15
  0.420758796601 -0.0363108915297   -2.52004500588 2.55518752294 -0.0917902467698 -0.0191620323252    8.50912416072 -0.588484670178   1.85068448962  -1.93997234337 1774584243.18
  0.415581716871 0.00898434234298   -2.55743537056 2.59099682678 -0.176788398607 -0.250998486092   8.04257973725 0.250496697764  2.51428984325 -1.58851353916 1774584243.2
 0.430682620264 0.0632966852014  -2.58297648717 2.61940098554 -0.331786565876 -0.412490464533   7.79800791965   1.33114144539   2.84849481842 -0.939417071894 1774584243.22
0.468363330646 0.121931132383  -2.5946845669 2.63943543438 -0.534136737839 -0.478149682915   7.66045743538   2.47420189354    2.9266413375 -0.218528459719 1774584243.24
0.527275091639 0.177552324709 -2.59150780551 2.65055778211 -0.720367552047 -0.406262784588   7.73863777198  3.42043481482  2.53948717587 0.544525921475 1774584243.26
0.602297817198 0.221370218177 -2.57336248253 2.65216174103  -0.77546309398 -0.180327484039   8.17234601507 3.66370042052 1.56294584954 1.16745090384 1774584243.28
0.685101526438 0.244881566433 -2.54121586217 2.64331404515 -0.882275982534  0.131964043985   8.49611872455  4.09693220354 0.512652595727   1.9128256759 1774584243.3
 0.76533393738 0.241771065947 -2.49724219025 2.6230531525 -0.822972476795   0.54733672105   9.12055640753   3.69333893544 -0.887918711215   2.41470430313 1774584243.32
0.832251131274 0.209505206514 -2.44500947814 2.59125562715 -0.706950257213   1.04763936915   9.85207792509  2.92359033017 -2.40797288806  2.83112720669 1774584243.34
0.876508053445 0.150204113294 -2.38958412974 2.54969409077 -0.469715685089    1.4242058692   10.6026155949  1.49113304756 -3.48091099463   2.6956799258 1774584243.35
 0.891778010191 0.0705452608278   -2.3373964031 2.50273182712 -0.23892152336   1.6174847468  11.1625593037 -0.0142055757701   -3.89753552026    2.15826433643 1774584243.38
  0.875890233586 -0.0193050208708    -2.2957182709 2.45720954835 -0.0945290292912    1.85992785593    11.6969116808 -1.43867252102 -4.23237390685   1.5622774508 1774584243.4
 0.831260387029 -0.107489146194  -2.27167935028 2.42137870192 -0.0311980870756    1.87914382668    11.9483448324 -2.63911351499 -3.86873363414 0.588654157243 1774584243.42
 0.764521926544 -0.182562233106  -2.27087757476 2.40306215164 -0.0984693174667    2.15188628522    12.4390823698  -4.27547154291  -3.75034043137 -0.707027320796 1774584243.44
 0.685416621054 -0.235419777168  -2.29579728116 2.40746829098 -0.283364375155   1.76895578995   12.0410849899 -4.57825270811 -2.24274122773  -2.1113507571 1774584243.45
0.605138456561 -0.26063915501 -2.34438037844 2.43520937078 -0.440279780914   1.04254029383   11.0825979958 -3.43596117364 -0.49107570404 -2.57954576032 1774584243.48
 0.534421414344 -0.257000369525  -2.40915684071 2.4810667305 -0.618436990985  0.604394947018   10.3939186693 -2.60441668453 0.706190508275 -2.80444952105 1774584243.5
 0.481704014267 -0.227169767389  -2.47729523213 2.53389749747 -0.857822127365  0.296130523458   9.74269104422 -1.93242093083  1.87498150054 -2.86408819497 1774584243.52
 0.451688555932 -0.176726669041  -2.53177722809 2.57781900059   -1.19129721176 0.00278417109882    8.84637070626 -1.14429213585  3.52081383503 -2.35161248615 1774584243.54
 0.444545315831 -0.112838072319  -2.55365934971 2.59451903881 -0.956486957333 -0.224222672275   8.25844281364 0.121959375836  3.87272897346 0.192852452567 1774584243.56
 0.455902391845 -0.042919453976   -2.5251139553 2.56629880522 -0.440991495062 -0.242821920159   8.25176973691 0.769036533751  3.23759233119  2.81171175258 1774584243.58
 0.477627074968 0.0264339193011  -2.43270752639 2.47929269829 0.0581350542655 -0.176729602712   8.35804612972 0.895326246022  2.74589121029  5.26221516758 1774584243.6
 0.499266640336 0.0900750933189  -2.27024372542 2.32623886852    0.68187897815 -0.0763466436674    8.35884172618 0.732627110227  2.67935511426  8.90305128132 1774584243.62
0.509899981931 0.144462009057 -2.04051982042 2.10821924884  1.82727982947 0.107785977524  8.27553872317 0.0250450147544    3.0037339187   15.8792157315 1774584243.64
0.500078454401 0.187438719064 -1.75553168386 1.83496681905  2.67575001588 0.320755754257  8.85917367395 -1.43755153035  2.27370945514  18.7679081241 1774584243.66
0.463518142191 0.217822041958   -1.434983192 1.5236378413  2.55699535185 0.376907542943  9.57051967541 -2.42408113803  1.13216655613  15.5257229896 1774584243.67
0.398248996195 0.234998144861 -1.10333570927 1.19631771634  2.40882250397 0.384396420212  9.99187956047 -3.15745152584 0.421091453121  13.0942901103 1774584243.7
 0.307021073118  0.238693170996 -0.785973062442 0.876920762728  2.74818691123 0.447426129588  10.3606453074  -4.58808217652 -0.136866608852     13.62802146 1774584243.72
 0.196898856064  0.228991689481 -0.505263590009 0.588640508935 3.39099661496 0.53887664861 10.8484779425  -6.98500190469 -0.980371565095   15.5218267308 1774584243.74
0.0781197996768  0.206566007287 -0.277316665024 0.354509169371  2.89934919311 0.422294046653  11.0083756618  -7.3297391448 -1.75077576932  12.3544959072 1774584243.76
-0.0375728847859   0.172985952529  -0.110054414694 0.208441444145  1.65584651344 0.186353456258  10.7196818621 -5.23062947473 -1.82354137864  6.61649410397 1774584243.77
  -0.138817117844    0.130935827867 -0.00290192342425 0.190847594654   0.86218446349 0.0183011391249   10.4829863861 -3.59302284224   -1.784178196  3.25553412349 1774584243.8
-0.216395481401 0.0841884714553  0.051971570359 0.237940638022  0.43840222919 -0.14298955674  10.4209642032 -2.82609697612 -2.10516002433  1.57677703413 1774584243.82
-0.264563927844  0.037267011887 0.0672565615102 0.275511065399 0.0533674483315 -0.399302995461   10.4091648912 -1.92938745342 -2.63883303492 0.164986155243 1774584243.84
  -0.281727699204 -0.00516673518161   0.0575582716769 0.287593717403 -0.259797914092 -0.636161751977   10.2549137889 -0.185095726016  -2.42893062526 -0.976793753328 1774584243.86
 -0.270380472632 -0.0390609729543  0.0365612843286 0.275623088838 -0.248559111421 -0.624035482514   10.0328434908  1.12405423118 -1.40018293664 -1.05802761039 1774584243.87
 -0.236367063657 -0.0616704038886  0.0148621067571 0.244731505359 -0.104129783031 -0.588641047558   9.92547150175   1.70793035465 -0.680427635652 -0.779265538978 1774584243.9
  -0.187654062007  -0.0720186025404 -0.00118372136663 0.201002804199 0.0962835747195 -0.663190470853   9.89253354256   2.32968076633 -0.210178917853 -0.548708881011 1774584243.92
  -0.132872637047  -0.0710074542276 -0.00951389867553 0.150955988618 0.425404128237 -0.79761405338  9.89190971567   3.10491968738  0.313216091872 -0.296430518175 1774584243.94
 -0.079920269496 -0.0611507022885 -0.0114691996251 0.101282774482  0.744521071763 -0.736512829272   9.89437936816    3.13044966708   0.798637118796 -0.0249654641013 1774584243.96
-0.0348721836856 -0.0460056787522 -0.0102954562984 0.0586394755506 0.675237953987 -0.38831023657  9.87405009127  1.92394988779 0.776533951155 0.049387235656 1774584243.97
-0.00136926352804  -0.0294463822236 -0.00945281808246 0.0309567452806  0.549059717943 -0.139104629851   9.86077704177    1.12924674912   0.645533987818 -0.0173481969564 1774584244
  0.019462348321 -0.0149453395041 -0.0111301774641 0.0269448886701  0.453030711728 0.0775918248566   9.85481217065  0.674540678201  0.549667710283 -0.130787972035 1774584244.02
  0.0286176378307 -0.00501074484689  -0.0152670352869 0.0328201024585 0.286766338007 0.372113530149  9.84672073637  0.251687075462  0.392286690998 -0.226148665124 1774584244.04
   0.0284912827543 -0.000872583461403   -0.0192429558649 0.0343919459366 -0.0229545658114   0.695726968383    9.82988736471  -0.211534988942  0.0822302491999 -0.0953533525693 1774584244.06
  0.0220209378732 -0.00244640178423  -0.0182406211698 0.0286988997553 -0.251420538949  0.676011584215   9.81428111452 -0.411222617791 -0.189986844162  0.324204784041 1774584244.07
  0.0118866032242 -0.00854402594964  -0.0061519528213 0.0158788613935 -0.322379665751  0.604407289499   9.81476734614 -0.456372263722 -0.305807141324  0.855590979146 1774584244.1
-8.4093135752e-05  -0.0172585998056   0.0232011285342 0.0289164089086 -0.345460596507  0.606379321067   9.83130266547 -0.558834470686 -0.398137221021    1.8019674337 1774584244.12
-0.0132207531631 -0.0264315644313  0.0748069731748 0.0804331968036 -0.262729596544  0.596387864995   9.87619487241 -0.778651460956 -0.469837722364   3.57518004511 1774584244.14
-0.0280123375202 -0.0341104820523   0.151433729415 0.157735190886 0.0625980446227    0.4059971244    9.9517083515  -1.06131661359 -0.406280538652   5.79669335645 1774584244.16
-0.0458529880039 -0.0389234464755   0.253037537443 0.260087536322  0.418746243532 0.0438832829092   9.97643720493 -1.01445028115 -0.15515742066  5.62875920602 1774584244.17
-0.0686147383111 -0.0403205091935   0.376719425014 0.385034090644  0.69968034563 -0.19845259155  10.0021634061   -1.11908108506 0.00568359895597    5.65397466158 1774584244.2
-0.0981420905509  -0.038657880117   0.517219699777 0.527866005223  1.05738695454 -0.42676670746  10.0563839078 -1.50424038633 0.116461210894  6.52191616988 1774584244.22
 -0.135755518456 -0.0351223396542   0.667820863099 0.682383942311    1.5916693669 -0.718595912901   10.1511680072 -2.29322201096 0.195843849633  8.33604668408 1774584244.24
 -0.181833159782 -0.0315105646369   0.821443476112 0.841917809603  2.14164036135 -1.00123707815  10.2506570917 -3.34326614247 0.175262217189  10.1828500526 1774584244.26
 -0.235521743537 -0.0298923492606   0.971686743655 1.00026954968   1.56356172681 -0.722760190686   10.1266941072   -2.75024750623 -0.0168035176189    7.12437970603 1774584244.27
 -0.294613986011 -0.0321996352011    1.11359661062 1.15235915775   1.25418718966 -0.546177198529    10.063326697  -2.54877377897 -0.210170407193   5.77984227904 1774584244.3
    -0.355618989 -0.0397954984494    1.24403070083 1.29447322555   1.12081167799 -0.424618341459   10.0353120022  -2.67840987121 -0.468473937596   5.56224143863 1774584244.32
 -0.414039163698 -0.0530879928197    1.36160632687 1.42415538247   1.00415266462 -0.271919561617   10.0045104505  -2.86057820682 -0.824040581359   5.82184090408 1774584244.34
 -0.464846417945 -0.0712604078282    1.46633006401 1.5398974299   0.82834424474 -0.045425017214   9.94556865194 -2.84615927234  -1.2492350604  6.30937181321 1774584244.36
 -0.503120070718 -0.0921873479903    1.55908106741 1.64084188374 0.354273892575  0.16495061385  9.82710559325  -1.4849346015 -1.02409972042  4.33150021249 1774584244.37
-0.524773029176 -0.112589383357   1.64113380891 1.72666826002  0.10465796948 0.287772891548   9.7419000413 -0.542299131715 -0.814508069968   3.47704058567 1774584244.4
-0.527259942169 -0.128444312007   1.71385784623 1.79772347846 -0.051293348054  0.371614923189   9.65705238538  0.331468783618 -0.521837300573   3.11537838164 1774584244.42
-0.510142437931 -0.135622587744   1.77864246712 1.85531879178 -0.157771405954  0.437611946891   9.54803019153    1.31272119209 -0.0560202461696    3.11649065683 1774584244.44
-0.475391808729 -0.130657779437    1.8369963727 1.90200538917 -0.23263046579 0.495084779756  9.37907842539  2.59081919937 0.754338550331  3.50636652575 1774584244.46
-0.427342917539 -0.111514818975   1.89070179829 1.94160006543 -0.15801850623 0.317191525509  9.38781491951 2.56356284721 1.30422664345 2.60743753045 1774584244.47
 -0.372271196476 -0.0781946029891    1.94188186628 1.97878887763 -0.0798798396449   0.199320147021    9.37560966163 2.39219229536 1.71151486352  2.2279098041 1774584244.5
 -0.317636283876 -0.0330242500915    1.99287438917 2.01829921988 -0.00154931434526     0.13924988517     9.29897880394 2.30613634945 2.22628941719 2.37072950024 1774584244.52
 -0.27110490765 0.0194689363953   2.04588174703 2.06385780355 0.0989101710843  0.123763034976    9.1771365802 2.04877028461 2.78371659419 2.87390714139 1774584244.54
-0.239514626999 0.0731216434963   2.10245933839 2.11732125595 0.227395127983 0.179258902998  9.04796230195 1.33992371411 3.15476712354 3.63632589222 1774584244.56
-0.227954760215  0.121063277231   2.16298393481 2.17832944984 0.256733736826 0.243221159878  9.23203093665 0.0100446553687    2.1042037814    3.1118987788 1774584244.57
-0.23911495341 0.156847231598  2.22628078462 2.24457192956 0.279439983855 0.373729293983  9.37909066643 -1.02828533943  1.24439107215  2.89024712505 1774584244.6
-0.272990834988  0.175564189793   2.28956882389 2.31246020075  0.32537790375 0.618210774016  9.52281272034 -2.14762907027 0.436608820935   2.9956401872 1774584244.62
-0.326957573491  0.174705465737   2.34880887222 2.37788275002 0.33735613857 0.89146443985 9.76947638268  -3.09886371204 -0.527833404122    2.7642705482 1774584244.64
-0.396150287747  0.154586283296   2.39943039885 2.43682133289 0.322123336434  1.17009362612  10.0926664521 -3.78484537136  -1.4532579701  2.27702710471 1774584244.66
-0.474046903502  0.118227929621    2.4373003054 2.4857858091 0.262078262182  1.33711921922  10.4271781906 -3.89163575317 -2.07901365991  1.49437181438 1774584244.68
-0.553144233817 0.0707160089161   2.45971541598 2.52213584585 0.184686859626  1.47648168751  10.7666503792  -3.7662792312 -2.48572819626 0.717315260179 1774584244.7
-0.625646165274 0.0181730647572   2.46617348692 2.54436142322 0.0736513244632   1.52719908656   11.0643940744  -3.28780649516  -2.61400654284 -0.025112134424 1774584244.72
-0.684125685402 -0.033422227911    2.4587149849 2.55233704195 -0.0781670554706     1.4781472474    11.2884241059  -2.47740528121  -2.50199188278 -0.627656993336 1774584244.74
 -0.722157556277 -0.0792961376848    2.44172207803 2.54750978799 -0.263647782218   1.25354310617   11.3268004815  -1.28064713277   -2.0961121474 -0.945950045299 1774584244.76
-0.734928334384 -0.116573977464   2.42118960661 2.5329564268 -0.462266091598  0.926370790703   11.2046140129 0.0571491673273  -1.58612800933  -0.92775335387 1774584244.78
-0.719810045727 -0.144449357051   2.40361284761 2.51323433844 -0.679977474968  0.582919272805   11.0111786331   1.41174473187  -1.14787103021 -0.642978028402 1774584244.8
-0.676842648746 -0.163802682702   2.39473452675 2.49393278651 -0.909045626961  0.234798094505    10.754152554   2.76306902939 -0.796529903934 -0.129215875322 1774584244.82
-0.609029153293 -0.176384966574     2.398432141 2.48082746296   -1.07756984247 -0.0890489928843    10.4173603645   3.85298054618 -0.498645098912  0.530157309674 1774584244.84
-0.522329484977 -0.183799469841   2.41599502423 2.47863718465  -1.18697710314 -0.327859799521   10.0814262363   4.63125044208 -0.256802416807   1.19744506326 1774584244.86
-0.425261116671 -0.186574887531   2.44594676605 2.48964109629   -1.2059830056 -0.444065084542   9.77325763054 4.96291649206 0.00478990009 1.74863772094 1774584244.88
-0.328077453015 -0.183611989792   2.48443793094 2.51272362401  -1.06927763531 -0.392965431698   9.52479434486  4.55082906731 0.356177733695  1.98593962594 1774584244.9
-0.241584349246 -0.172199138896   2.52610160496 2.54346316266 -0.910294504804 -0.218220526993   9.30660159687  3.92666035142 0.901298462401  2.08089322951 1774584244.92
-0.175746431606 -0.148646980577   2.56516418754 2.57547083891 -0.622426581542 0.0986585586165   9.14992431619  2.5934321822 1.57636321376  1.7692112251 1774584244.94
-0.138302864511 -0.109421660341   2.59655911042 2.60254106519 -0.333127060966  0.492706429153   8.98629580268 1.05243106241 2.40298502229 1.29077559547 1774584244.96
 -0.133638439734 -0.0525030359524    2.61680839515 2.62074454655 -0.076094255983   0.92171599183   8.79222794763 -0.597188425164   3.27851846769  0.700416413935 1774584244.98
-0.162131575459 0.0213961278385   2.62450677244 2.62959697304 0.0978042273918     1.281730051   8.60288934806  -2.09851935392     3.897071898 0.0858104094208 1774584245
-0.220126793844  0.108110843389   2.62034498444 2.6317962682 0.161673604234  1.69416356385  8.26389040174  -3.56947048345   4.60682925454 -0.458693842059 1774584245.02
-0.30056576028 0.200062026721  2.60671732485 2.63160403603 0.0720097955412   1.84530870243   8.06201407206  -4.35700905124   4.48133577836 -0.833515779543 1774584245.04
-0.394178455467  0.287129048158   2.58704810469 2.63261042334 -0.137556117197   1.74912688059   8.03139787447   -4.3926896919    3.6479807905 -0.961700959591 1774584245.06
-0.491013911488  0.358222799715   2.56502210333 2.63604943544 -0.475084645063   1.78855211636   7.83687082259 -4.67712563702  2.89126582267 -1.07430510586 1774584245.08
-0.582010428675  0.403241422869   2.54390433146 2.64060391423 -0.864224318819   1.55821238494   7.95897896049   -4.2382221202    1.4211210686 -0.974811969312 1774584245.1
-0.660293048309  0.414983899296   2.52608706782 2.64373115512 -1.3048236038   1.261261032  8.2449327372  -3.65803892979 -0.330582860398 -0.809861846884 1774584245.12
-0.721948621138  0.390594983389   2.51292308573 2.64358784371 -1.70235479911  0.85150112119  8.80312452309  -2.86289872018   -2.2383702685 -0.575211933217 1774584245.14
-0.766151874855  0.332217698617   2.50481797443 2.6403542148 -1.65816994564 0.317455938253  9.62754165348  -1.68039494021  -3.32493147582 -0.264267095815 1774584245.16
-0.794667509613  0.246708974574   2.50148695901 2.63624710053   -1.83247872709 -0.0796421249846    10.4104328985    -1.0888191399   -4.56860317737 -0.0624685092816 1774584245.18
-0.810893802292   0.14448393792   2.50225100861 2.63432808834 -2.01703616522 -0.49696370394  11.3462773546 -0.659799389548  -5.73539283987  0.130993349596 1774584245.2
-0.818706912411 0.0377433088499   2.50625962468 2.63686231573  -1.84840972159 -0.818736867784   12.0470814872 -0.288940542789  -5.67107010598  0.284229922969 1774584245.22
 -0.821390594448 -0.0615378395333    2.51257667076 2.64414654299  -1.46369253988 -0.953640867265   12.2547651118 -0.0553224988505   -4.58934171687    0.35139983095 1774584245.23
-0.820891109007 -0.143449239651   2.52013329869 2.65433828673 -1.16200683066 -1.02808965574  12.2508497924 0.0947798618821   -3.4425157706  0.369986017762 1774584245.26
-0.817538142362 -0.201463418633   2.52761523885 2.66416871067 -0.877374800814   -1.0031215727   11.9046449562 0.250832539781 -2.11106797007 0.312413519837 1774584245.28
 -0.81024860242 -0.233019176614   2.53338860817 2.66999224239 -0.744996393517  -1.04344846445   11.5311802453  0.523108454289 -0.969871461146  0.203613798293 1774584245.3
 -0.79711407115 -0.239330754989   2.53556506776 2.66866263615 -0.656150196895  -1.04388534178   10.8638438725  0.951930402771  0.236682885668 -0.031490603554 1774584245.31
  -0.7761915278 -0.224551407673   2.53226197346 2.65805329607 -0.499812169384 -0.823751658549   9.93254453229   1.24908394546   1.10058628708 -0.332429384703 1774584245.33
-0.746285340175 -0.194544810455   2.52203758322 2.63732119079  -0.46961726103 -0.748840391891   9.16501270532   1.69353277735   1.70127107133 -0.687239956717 1774584245.35
-0.707526860054 -0.155572989056   2.50439767469 2.60706826255 -0.430438375614 -0.665352740657   8.61612549324   1.95826217271   1.88163701534 -0.967492708563 1774584245.37
 -0.66161554871 -0.113188076958   2.48020589846 2.56942950357 -0.433449218726 -0.702526634028   8.16118097325  2.29992793312  2.01641179774 -1.26166796305 1774584245.4
  -0.61166618772 -0.0715292293153    2.45181153168 2.52796988564  -0.46517677667 -0.890476381344   7.67953493229  2.78277814526  2.23035279679 -1.60012175566 1774584245.42
 -0.561693586605 -0.0331022001801    2.42274989691 2.48722988561 -0.358735805201 -0.914096468418   7.90985870138  2.40587572131  1.82126802541 -1.37694820946 1774584245.43
 -0.515844246584 0.00100878084811    2.39697002465 2.45184860941 -0.261477657091 -0.982880865019   8.19906942906  1.98499849962   1.5037193997 -1.06311486007 1774584245.46
-0.477540766921 0.0306470810018   2.37767978067 2.42535473015 -0.183068764175  -1.10206665801   8.45821177619   1.58979975363    1.3027729031 -0.732764996684 1774584245.48
-0.448728781712 0.0560070338135   2.36603539702 2.40886234711 -0.124974306515  -1.24937776052   8.68399594072   1.21153783771   1.17068916582 -0.444939696565 1774584245.5
-0.429401082016 0.0771636699273     2.360000385 2.3999877788 -0.0932168988901    -1.3819223406    8.88167570488  0.864942347427   1.04837798856 -0.341186971107 1774584245.52
-0.417519081679   0.09383563897   2.35372435333 2.39230968777 -0.0782197312935   -1.18858238179    9.18115140692 0.512425984416 0.722615249805  -0.5697104413 1774584245.53
-0.40936684925 0.105415637149  2.33772651144 2.37563863331 -0.0872886767662  -0.946584905835    9.37191332293 0.414386415471 0.417534961924 -1.29074141524 1774584245.56
-0.400275770306  0.111209966624   2.30001444564 2.33723229464 -0.0994785287416  -0.700668743324      9.480443568 0.569308313152 0.127996763788 -2.62402820927 1774584245.58
-0.38557219237 0.110765355404  2.22805333534 2.26388085919 -0.0892528830202  -0.459352091975    9.54657064453   1.01634080677 -0.185394930321  -4.95320709105 1774584245.6
-0.361548092698  0.104145490767   2.11127243502 2.14453598744 -0.00396272708153   -0.165957590236     9.64780931128  1.67619042392 -0.52871954262  -8.0368880459 1774584245.61
-0.326248783459 0.0920530151008   1.94361334027 1.9729533301  0.161853156811 0.0901985820507    9.8124769431   2.03835450356 -0.708785729435  -9.63120601452 1774584245.63
 -0.27991193418 0.0757586012133   1.72554234756 1.74973896618 0.395090500929 0.217628819476  9.99676655792   2.40104859901 -0.834065633775  -11.3463222927 1774584245.65
 -0.22496725418 0.0568702857956   1.46500042341 1.48326354214 0.673155297214 0.217958260426  10.2009817257   2.58286189031 -0.875114028269  -12.3951535526 1774584245.67
-0.165598097094 0.0370272842836   1.17695027255 1.18911971374  1.11758663233 0.118262520627  10.5004986569   2.96674599119 -0.986791240219  -14.6697588891 1774584245.7
-0.106956049481 0.0176177096091  0.881466840051 0.88810684623   1.64292352896 -0.138717563693   10.8476908064  3.11971615516 -1.04808571549 -16.1381975944 1774584245.71
  -0.0541905011849 -0.000400707258642     0.600642138455 0.603081876259   1.76174718887 -0.444098178238   10.9304874654   2.3942198658 -0.85669100013 -13.2074595076 1774584245.73
-0.0114938800104 -0.0165402149016   0.354859924874 0.355431082304   1.85311011904 -0.750755088373   10.9897704428  1.74796375906   -0.727014823 -10.5956440778 1774584245.75
0.0186393772897 -0.030692182659  0.159168757471 0.163169022234   1.77965438576 -0.981952198992   10.9432128601   1.07547520294 -0.600697552865  -7.60538642854 1774584245.78
 0.0357882141037 -0.0429492275419  0.0204974068852 0.0595447403571  1.8876407671 -1.3234634864 11.0170332942  0.592805486632 -0.587669934385  -5.76775381739 1774584245.8
 0.0415449704921 -0.0533993416814 -0.0636932531074 0.092920959727  1.69142000713 -1.46508371179  10.9085920847 0.0890636426006 -0.518729311146  -3.42664290878 1774584245.81
 0.0390503742042 -0.0619488778186  -0.105011245684 0.128023267059 1.07559620221 -1.1525341985 10.5389921223 -0.213264794715 -0.339861678561  -1.33809778719 1774584245.83
 0.0322470146403 -0.0682166906357  -0.122031874666 0.143475312402 0.730454465046  -1.0090502077  10.3628222657 -0.340625243102 -0.232671652168 -0.774820135382 1774584245.86
0.0250369434125 -0.071521063559 -0.136887592382 0.156461893176  0.346369745957 -0.718833892413   10.1719201202  -0.289823907557 -0.0679339090844   -1.21798625173 1774584245.88
   0.02054433954 -0.0709597647768  -0.171212418468 0.18646997169 0.0269387673044 -0.372384081566   10.0248334166 -0.109261249161  0.148300594015   -2.6234435491 1774584245.9
 0.0206494349218 -0.0655658862165  -0.242234922152 0.251799607045  -0.181970186889 -0.0420250965778    9.95645306136 0.141421265621 0.435605774793 -4.99362163812 1774584245.92
 0.0258846115644 -0.0545106591734  -0.359778811345 0.364804356022 -0.215135308446  0.218839989594   9.94098717179 0.360341411811 0.676859271236 -6.76957125339 1774584245.94
 0.0356868853149 -0.0373197913168  -0.524736706761 0.527271212973 -0.134010716119  0.398534432391   10.0089168607 0.574355531591  1.00888772641 -9.21800738888 1774584245.96
 0.0489070127526 -0.0140705193753  -0.729272361228 0.731045861942 0.0701494776179  0.461044189333   10.1100414705 0.711868388574  1.28339262968 -10.7546943763 1774584245.98
0.0644080309896 0.0144601546205 -0.958647172272 0.96091721362 0.343579717593  0.43812078098   10.225820237 0.816115148823  1.51926906134 -11.6199935702 1774584246
 0.081563262194 0.0467219184412  -1.19423788611 1.19793139704 0.662780618335 0.367719640029  10.3468182713 0.953234790188  1.74226247233 -12.1102155304 1774584246.02
 0.100493329889 0.0804145896903  -1.41708695191 1.42291983079 0.842543201046 0.224722737966  10.3490168112 0.984392282405  1.60603112278 -10.1623915881 1774584246.04
 0.12195797209 0.112625687139 -1.61125340663 1.61978264985  1.00929773152 0.120387541213  10.3453426445  1.16144627112  1.49278788146 -8.73618020646 1774584246.06
0.146922891571  0.14008974535 -1.76632137441 1.77794900672   1.00907294121 0.0410766769534   10.2506183909   1.3176435873  1.14591696411 -6.52835795573 1774584246.08
 0.17592686533 0.159560890934 -1.87864608925 1.89360002866   0.935991413194 0.00603398815739    10.1213143098  1.53905463851 0.704859407605 -4.62495376277 1774584246.1
0.208449792236 0.168267961814  -1.9512134917 1.96951758384   0.774558685684 0.00738338229662    9.95154976723  1.74790133385 0.126965814658 -2.98343630332 1774584246.12
0.242504410733 0.164397017623 -1.99228515005 2.01371171913  0.471288465744 0.0263723668917   9.75913412067   1.61602740428 -0.506464646468  -1.51425013993 1774584246.14
0.274633146463 0.147526030698 -2.01322862407 2.03722281247  0.220329293896 0.0391898175962   9.59198928031    1.4143130474  -1.11085660321 -0.824920990145 1774584246.16
0.300394987642 0.118927501704 -2.02605076659 2.05164875358  0.02220258048 0.018502065488  9.46086419596  0.995929529565  -1.61306084516 -0.683692512957 1774584246.18
 0.315299458431 0.0816606922335  -2.04114551196 2.06696812219 -0.0817336821714 -0.0612266222666    9.36123841202  0.39942853448  -2.0077633864 -1.01257042033 1774584246.2
 0.316018139475 0.0403963264827  -2.06565620299 2.09008011249 -0.0588351764826   -0.21953441914    9.32235702731 -0.356495783662  -2.10180497936  -1.60230655554 1774584246.22
   0.301609873603 0.000950515910967    -2.10267474321 2.12419643515 0.0930926785379 -0.439305338945   9.35443232247 -1.04390023387 -1.77945966173 -2.15117530008 1774584246.24
  0.274455802635 -0.0304519207477   -2.15130411217 2.16895428493  0.333341672105 -0.717108932926   9.40477289901 -1.49491041687 -1.20272251962 -2.56810933747 1774584246.26
  0.240624515458 -0.0481149416446   -2.20744160144 2.22103886252 0.625344839665 -1.05862707396  9.44365442375  -1.60028438352 -0.429412641738  -2.80065986079 1774584246.28
  0.209474238404 -0.0478887622541   -2.26502843549 2.27519814602 0.921538440768 -1.45564119003  9.45214175365 -1.21711943284 0.505471100611 -2.77909090638 1774584246.3
  0.192437159753 -0.0281026773869   -2.31746945772 2.32561529674  1.14500068305 -1.86506936231  9.41584871907 -0.217120100237   1.49531509952  -2.43547965737 1774584246.32
  0.201101381374 0.00977544999352   -2.35894845002 2.36752510333  1.22995493893 -2.25631773039  9.32028239721  1.40012918468  2.37701428534 -1.81443887131 1774584246.34
 0.244881115993 0.0609319877885   -2.3854320099 2.39874245011 0.989566625169 -2.28524560809  9.24168824066   3.09967636035   2.61858281002 -0.881651577172 1774584246.35
 0.32871025669 0.117578448907 -2.39524468005 2.42055204485 0.655758581304 -2.34188938671  9.11436597655    4.86077951903    2.56709464873 -0.0884957662129 1774584246.38
0.451268484139 0.169930124046 -2.38918951591 2.43736456748 0.207433677835 -2.46794690809  8.93308630935  6.82385045253  2.23207536504 0.618662943399 1774584246.4
0.604216671933 0.207696350326 -2.37026675725 2.45486864437 -0.387407332114  -2.35980164605   8.82374719387 8.06138924154 1.30207058326 1.15569439147 1774584246.42
0.772760831814 0.221857368359 -2.34309982939 2.47719535071 -1.08801385764 -2.22214338083  8.74431106654    8.95545786468 -0.0347186956184    1.53277287405 1774584246.44
0.937594338425 0.206403905215 -2.31320744753 2.50451879826  -1.5819339836 -1.64872907101  8.93018010496  7.63429714597 -1.55544876792  1.42187990553 1774584246.45
 1.07793948965 0.159678786854 -2.28626062168 2.53267417734 -1.82647224265  -1.0167052137  9.23417526709  5.40295388837 -2.76158097923  1.04123631235 1774584246.48
 1.17510741351 0.085005202944 -2.26743484914 2.55526204389  -2.33106673426 -0.541180381958   9.53415755009  3.60798790493 -4.42939515555 0.663189678291 1774584246.5
    1.21581502499 -0.00958597910632    -2.26091751235 2.56710850251 -2.20952664688 0.102135916686   10.002912093   0.485708455854   -4.94511005588 -0.0535087098397 1774584246.51
  1.19450933038 -0.112530197256  -2.26957228679 2.56719184142 -1.97501589717 0.691081921936  10.4977779652  -2.57434735331   -5.0909552017 -0.855964763519 1774584246.54
  1.11416759087 -0.210601018052  -2.29471505789 2.55957797425 -1.56343856827  1.21960595976  10.9874839561 -5.46341740548 -4.66604952266  -1.7340480233 1774584246.55
 0.985413943971 -0.291108796608  -2.33593760626 2.55193837558 -0.870158685658   1.43707044232   11.2078406266 -6.90622888268 -3.17666237115 -2.29181815302 1774584246.58
 0.824212623055 -0.343971783954  -2.39093603031 2.55229663973 -0.286270493711   1.68288971815    11.462918652 -8.45763383975 -1.81185920298  -2.9999303864 1774584246.6
 0.648740226762 -0.363233623065  -2.45535607881 2.56545824766 0.291991398336  1.57982138961  11.3632027372   -8.30186246651 -0.0898309110981   -3.14416934303 1774584246.62
 0.476204929148 -0.347737426705   -2.5227371926 2.59073259821 0.820211722308  1.52234391922  11.2800939694 -8.53983316893  1.62156240144 -3.36314006855 1774584246.64
  0.32032864513 -0.300874105914  -2.58469047297 2.62178574822  1.1657304703 1.18606349364 10.8888662555 -7.49267653053  3.09395150282 -2.84579049243 1774584246.65
 0.189969345565 -0.229542144902  -2.63145221574 2.64826711497  1.14965341268 0.653242800103   10.297936304 -5.29605900025  3.62328331687 -1.56163804606 1774584246.68
0.0890210298175 -0.142625675602  -2.65289567469 2.65821787818   1.2076754141 0.262900975948  9.80021279932  -4.29931007694   4.48850348036 -0.212038893881 1774584246.7
 0.0173954107133 -0.0493740031911   -2.63996343861 2.64048240852   1.02776500243 -0.161710135542   9.26969958564 -2.99589443703  4.75218138288  1.71369045892 1774584246.72
-0.0273482476088  0.0419629089922   -2.58633093931 2.58681590764  0.671191924278 -0.523116426905   8.81569052393 -1.72077859673  4.57065967297  3.93138787178 1774584246.74
-0.0482540578787   0.125001351788   -2.48997695859 2.49357956488    0.1760381195 -0.743549978148   8.54344142007 -0.518172987842   3.93171561485   5.94219326736 1774584246.75
-0.0475843147216   0.195507117041    -2.3542721007 2.3628551424 -0.337997111798  -0.75228544438   8.55337186863 0.507472266522   2.8937391841  6.92098596997 1774584246.78
-0.0261294351521   0.251161719439   -2.18823790095 2.20275964822 -0.932473032493 -0.776746926924   8.46438586349 1.59746197147 2.37412593651 8.66478601366 1774584246.8
0.0166641177786  0.290992250774  -2.00578247824 2.02684916382  -1.48015934908 -0.621481209856   8.60347412624  2.6854075827 1.58033120028 9.06043365797 1774584246.82
0.0818412231338  0.314701198922  -1.82395018808 1.85270858988 -1.98030489942 -0.37990694716  8.81501209779 3.84940896642 0.78344795554 8.68950791978 1774584246.84
0.169636288538 0.322125792437 -1.66046897663 1.6999113856    -2.4381511882 -0.0743245483475    9.05039103641    5.14636069113 -0.0447398449818    7.67959435586 1774584246.86
0.278112678153 0.312994914618 -1.53106648858 1.58728607087 -2.37925416851 0.249124507631  9.37458794519   5.50011060483 -0.829651227394   5.04713631956 1774584246.88
0.402158445308 0.287051535459 -1.44709671799 1.5291235759 -2.41313977337 0.574301216399  9.59212681214  6.13553411024 -1.64779642735  2.81714801094 1774584246.9
0.533179678701 0.244492566707 -1.41395174676 1.53078957637  -2.2657045812 0.893241894527  9.77073169376  6.34282550044 -2.47488011862 0.407576857204 1774584246.92
0.659673013438 0.186573020817 -1.43054936408 1.58633207741 -1.91189004709  1.17214622584  9.90575558171  5.87855574601 -3.20402283471 -1.89713484711 1774584246.94
0.768646845495 0.116154551074 -1.48994200471 1.68054664625 -1.37377423715  1.34911258148  9.99293037171  4.58647205753 -3.62584378526 -3.66737607066 1774584246.96
 0.847645689403 0.0379708816572  -1.58085366881 1.79416925757 -0.854416584953   1.51283236684   10.0562056015  2.94881073209 -3.93056439236 -4.98039389503 1774584246.98
  0.886966858102 -0.0415579882205   -1.68977859036 1.90887112142 -0.3603714738  1.6045236733 10.1041398929 0.869491710186 -3.91924062379 -5.69620150935 1774584247
 0.881585954884 -0.115015128095  -1.80320264488 2.01046314416 0.0252487032954    1.4404640282   10.1103613823 -1.29749562519 -3.17206813046 -5.22050629873 1774584247.02
 0.832347921903 -0.175088293427  -1.90953925461 2.09040645294 0.213417296083  1.32686011476  10.1372267726 -3.29777184356 -2.45508432808 -4.80276317861 1774584247.04
 0.746125287843 -0.215861207357  -2.00048297071 2.14598022407 0.202916398361  1.10277723402  10.1498233774 -4.90538593446 -1.46311851891  -4.0263566754 1774584247.06
 0.634860217413 -0.233992510457   -2.0716378026 2.17933090093 0.00241632796142   0.809018681897    10.1489450612  -6.06772141623 -0.355426910982  -3.18283903513 1774584247.08
 0.513641637999 -0.229479325238  -2.12243287331 2.19572534592 -0.327806049048  0.389063596557   10.0843238415 -5.93218897593 0.707000066823 -2.10090367802 1774584247.1
 0.398171152211 -0.205783836459  -2.15546199122 2.20156845212   -0.639869732949 -0.00810875543328     9.97705368201 -4.85523026843  1.38246049462 -1.21699561016 1774584247.12
 0.302100210529 -0.169245793503  -2.17545713259 2.20284416416 -0.957389729048 -0.348222072784   9.85700496709  -3.86392712534    1.8421109068 -0.772295799994 1774584247.14
 0.234751962611 -0.127874429325  -2.18812512116 2.20439377142  -1.18630113566 -0.642571996627   9.69622495165  -2.55380408801   1.98158135754 -0.588252270131 1774584247.16
   0.19966927998 -0.0897662346114   -2.19905143558 2.20992149511  -1.32346034494 -0.902558878702    9.4818566261  -1.13909756092   1.86787586175 -0.694914015836 1774584247.18
 0.194269131675 -0.061491263112  -2.21282194045 2.22218419828 -0.954366598149 -0.817174979749     9.354517476  0.272964255988   1.06664771057 -0.829235224829 1774584247.2
  0.210663397397 -0.0468051145567   -2.23245034854 2.24285629153 -0.510226395915 -0.624667610732    9.2913147883 0.950556983542 0.341471623257 -1.01911430681 1774584247.22
  0.237471693476 -0.0459714687572   -2.25914041434 2.27205228655 -0.0940679734614   -0.43505181901    9.21778310128   1.15586887574 -0.202382534855  -1.34237748037 1774584247.24
  0.262253466424 -0.0558380846126   -2.29236488412 2.30799296669  0.373486004143 -0.189911397107   9.14342762735  0.927141644143 -0.624766285081  -1.80041760625 1774584247.27
  0.274069250347 -0.0706332017225   -2.33020925927 2.34733427426 0.952168716859 0.179184357631  9.07359297064  0.109225833674 -0.877327734671  -2.47854834768 1774584247.28
  0.265670497656 -0.0832844878072   -2.36990402325 2.38620246389 0.965291192091 0.464888694319   9.3787342046 -0.998371200003 -0.416056770252  -1.99488150042 1774584247.3
  0.234912561295 -0.0869511860357   -2.40844965182 2.42144051043 0.782660877222 0.612349046862  9.62774458001 -1.69005436053  0.14390627282  -1.5390687994 1774584247.32
 0.185158581536 -0.076428986566  -2.44322319036 2.45142094472 0.616382983182 0.830072646958  9.82319683992 -2.41820058179 0.829218418279 -1.40354432309 1774584247.35
   0.12464853149 -0.0491408550497   -2.47244783884 2.47607560382 0.313261092975  1.15737451245  10.0639592568 -3.13414646974  1.84885099948 -1.36136827399 1774584247.37
  0.0649996019007 -0.00554651449899    -2.49541622738 2.4962687876 -0.267093713976   1.63658865365    10.392119063 -3.49628658642  3.32011922601 -1.32365602619 1774584247.38
0.0191431849639 0.0510483945414  -2.51239101405 2.5129824925 -0.740327527599   1.39719306192   10.4112741333  -1.71174212459   3.13413017942 -0.746376292058 1774584247.4
-0.000930342253517     0.115168530561     -2.52416386789 2.52679003638 -0.994813327915   1.27203159842   10.3737072508  -0.11730340739   2.80513499275 -0.411543046476 1774584247.42
0.0137452700647  0.180131430649  -2.53132886413 2.53776714517 -1.25198480125  1.41083973824  10.3773064668   1.50681456825   2.72833597879 -0.203499704022 1774584247.44
0.0675033240453   0.23907895581   -2.5334060342 2.54555722387 -1.49636349309  1.76306288105  10.3839414033    3.6409252967   2.64894796951 0.0829019721206 1774584247.47
0.159120855708 0.285899149299 -2.52801873778 2.54910504077 -1.77804416498  2.54888548571  10.4084694991  7.10863053852  2.55055535384 0.764673161768 1774584247.48
0.281695887927 0.315930606434 -2.51036540716 2.54580030615 -1.07033372584  2.27224118574  10.1420133543 7.32225222413 1.12268501825 1.51876751904 1774584247.5
0.423350507488 0.326412185773 -2.47321272996 2.53032641666 -0.369707738436   1.92440479153   9.94030223681  6.55283792628 0.017301266983  2.34723082895 1774584247.52
0.568698447963 0.316688370928 -2.40756090253 2.49400460071 0.255251523072  1.80371417623  9.81196202933  6.11354145019 -0.84168627958  3.72702930027 1774584247.54
0.700922194945 0.288197301187 -2.30399529347 2.42543685139 1.04932552291 1.83337651114 9.70559901847  5.88698562278 -1.81046184589  6.32426595933 1774584247.57
0.804200105372 0.244263059792 -2.15456638025 2.31269508123 2.17051568068 1.74672480444 9.60930889145  4.98937467489 -2.97466468116  10.5441531039 1774584247.58
0.866123476814 0.189704313492 -1.95487186167 2.14655109401 3.17545664661 1.15127019088  9.5786206377   2.4431798567 -3.68955861746  14.5224655235 1774584247.6
0.879681551684 0.130275045388 -1.70589834678 1.923772437  2.85188200959 0.190705172628  9.67005302355 -0.525429587132  -2.84885973506   13.0604912977 1774584247.61
 0.844410426437 0.0719769596095   -1.4151551947 1.64950716157   2.40144227576 -0.424566000498   9.75644133418 -2.10873393921 -2.04727105507    11.34235795 1774584247.64
 0.766425508007 0.0203200549933  -1.09672211857 1.33814063884  3.05373675121 -1.24742416782  9.83484276708 -4.38261112398 -2.16250052932  15.1086216942 1774584247.67
  0.657276881986 -0.0203598636865  -0.770030667466 1.01260784733  3.88036553252 -2.53855198613  9.98106795143 -7.44608709087 -2.14975313004  20.2900542733 1774584247.68
  0.531832180357 -0.0474091743654  -0.457472094753 0.703117213098  3.27406497809 -3.08133494354  10.1008081485 -7.77690408855 -1.22800066229  18.1966637008 1774584247.7
  0.405624938395 -0.0600965956658  -0.181206922819 0.448306971099  1.96419479189 -2.57907647537  10.1015999523 -5.61378374036 -0.28432999729  11.6611568161 1774584247.72
  0.292233072547 -0.0595445213657  0.0402319313357 0.300939075253 1.13232401475 -2.1170424165 10.0782677403 -3.93394564658 0.225612449071  7.23820432623 1774584247.74
  0.201230287175 -0.0483745278027   0.194865952009 0.284264775639 0.78516927349 -2.3132167532 10.1238226775 -3.59385391727 0.681009722079  5.53405192982 1774584247.77
  0.137091628826 -0.0301463226898   0.279128899824 0.312435366408 0.370150307684  -2.6129169041  10.1700048074 -3.27306749594  1.27244552968  3.31702588184 1774584247.78
  0.0991872788377 -0.00870404439413    0.298279431913 0.314459053255 -0.20946797379 -1.86579937596   10.044323427  -1.75853294617   1.37819641477 -0.447470624939 1774584247.8
0.0827424764324 0.0124481633204  0.265299389698 0.27818166789 -0.462963930312 -0.765677849724   9.86213889277 -0.450095741225  0.944781354113  -2.39584687151 1774584247.81
0.0804458092585  0.030635565794  0.198519120614 0.216379082557  -0.52422075929 -0.146811829471   9.74715409672 0.0303218136475    0.6223382435   -2.8696555511 1774584247.84
0.0842941482035 0.0442953574127  0.118449218961 0.15197960252 -0.675849216206  0.286556150998   9.62614416373 0.155412150512  0.50942479819  -3.5064870353 1774584247.87
0.0872758523636 0.0530237337654 0.0444162559422 0.111361548751 -0.899548129923  0.827103720727   9.44601389143 0.00925473783608   0.408619133453   -3.95463456378 1774584247.88
  0.0845910307664   0.0574034429942 -0.00841142965237 0.102574606519 -0.836885248458   1.10655251471   9.36467435242 -0.429651245115  0.186104922881  -2.49211914974 1774584247.9
 0.0742496765588  0.0586660668696 -0.0311398667037 0.0996213489638 -0.502292263035   0.84215337873    9.4785413769 -0.681942007659 0.0214436079575 -0.339299628042 1774584247.91
 0.0570350264267  0.0582699391879 -0.0221218946447 0.0844852547793 -0.285629173389  0.575488642937   9.58309004475     -0.751970411 -0.0231634325255   0.872236494751 1774584247.94
0.0359388976583 0.0574859550871 0.0132981311358 0.0690874785245 -0.200846517452  0.481555526801   9.61806265634  -0.940828332015 -0.0268451429012    1.94286611396 1774584247.97
0.0152501575864 0.0570776698472  0.064166329236 0.0872223911 -0.12280899035 0.376877997864  9.65848075929   -1.10444169939 -0.0105031497195    3.11854741925 1774584247.98
-0.000496610579617    0.0571394564007     0.116178944353 0.129470889434 -0.0155445908344   0.149586282389    9.75284420513  -0.758155751655 0.00143849378337    3.00666762359 1774584248
-0.00751979945061   0.0571208726344    0.154466630281 0.164861400409  0.0368847786981 -0.0224363738863    9.82856212984 -0.0773034018876 -0.0279146786333     1.2591825923 1774584248.01
-0.00358526032902   0.0560241281866    0.166489459844 0.175699451536  0.0318248074684 -0.0566565786418    9.85058032038  0.369602971149 -0.085431432201 -0.191522864382 1774584248.04
0.0115027114074 0.0527239373457  0.144609442835 0.154350305786 0.00445241178191 -0.0347784260061    9.86349683178  0.878368642565 -0.216335533407  -1.75373728986 1774584248.06
0.0357606666552 0.0463335248465 0.0879319886271 0.105629803693 -0.0682782479482  0.0716267270809    9.87124297477   1.58768040191 -0.478429393159  -4.18179511961 1774584248.08
 0.0652354005618  0.0365322038998 0.00308278734507 0.0748315641027 -0.167705013265  0.256714342702   9.86837496906   1.96305760052 -0.753452011221  -6.15398359147 1774584248.1
 0.0945231623919  0.0237795658667 -0.0962823892196 0.137005089158 -0.175550691773  0.322913387638   9.86394969404   1.34561134649 -0.699106816051   -5.0010985548 1774584248.11
  0.117524043757 0.00936585534374  -0.191253161588 0.224671742604 -0.128256774568  0.299072378877   9.88118643391  0.659910410686 -0.556316253402  -3.20621513311 1774584248.14
  0.128327667528 -0.0047182352601  -0.260523647091 0.290452789091 -0.073137378341  0.320556112984   9.95518434158  0.100549936305 -0.558505868891  -2.03429873057 1774584248.16
  0.122103984346 -0.0160734814874  -0.283913263307 0.309474523801 0.0986036267486  0.279220272144    10.126147902 -0.949270991353  -0.51397816386   0.42599855267 1774584248.18
 0.0958628704877 -0.0222961418059  -0.245954618144 0.264915990578   0.446643838053 0.00201707952261    10.3329741908  -2.44016183815 -0.178474372063    4.8382214778 1774584248.2
  0.048955631667 -0.0214235800373  -0.138878649019 0.148804915265  0.652665061931 -0.332090891521   10.3235451591  -2.8392458424 0.250908553503  7.09752849639 1774584248.21
-0.0167740467936 -0.0123422429346  0.0356144232582 0.0412563540622  0.786077817678 -0.572157430711   10.2875268926 -2.91018572111 0.524412487685  8.06463736955 1774584248.24
-0.0972237673248 0.00491779801208    0.26621022047 0.283451101872    1.1671355046 -0.994539873338   10.3828256082 -3.78001476349  0.92152717352  11.0825814916 1774584248.26
 -0.18661274285 0.0290626148038  0.533562528553 0.566001698981  1.78076081659 -1.66191325951  10.5210270127 -5.11662408113  1.48927897548  15.4600427666 1774584248.28
-0.278303022752 0.0576239424789  0.813346963106 0.86157203623  2.31622784478 -2.29028359356  10.5473138476 -5.94233851095  1.93092657874  18.1373554084 1774584248.3
-0.365711535051 0.0872596726529   1.08021237716 1.14377356024  1.89135069215 -1.93594388936   10.264617041 -4.33310335766  1.48781374636  13.1033437316 1774584248.31
-0.443154601437  0.114227356853   1.31185962757 1.38939179941  1.40606155385 -1.45525260376  10.0351589026 -2.85588196416 0.967534071235  8.36260134633 1774584248.34
 -0.5064948132 0.134955137654   1.4924543557 1.58182486035  1.30980742685 -1.32672166482   9.9049630407 -2.31561969614 0.679412503429  6.35522342513 1774584248.36
-0.553512879693  0.146606937242   1.61473816859 1.71325697288  1.45417352663 -1.36041811164  9.76745462158  -2.1514576656 0.349119114046  5.22090955869 1774584248.38
  -0.583985276 0.147529589921  1.68049928189 1.7851839174  1.41071987334 -1.06792059639  9.58968041063  -1.59827643445 -0.317075727772   2.94351421095 1774584248.4
-0.59949448255 0.137484829279  1.69942158038 1.80729892955  0.724218217352 -0.269369027347   9.57093596665 -0.483214358282  -0.75941990386  0.156373162472 1774584248.41
-0.603023163929  0.117609636648   1.68666013927 1.79507420133 0.372539244068 0.190333022036  9.58445960649 0.0234948684445  -1.00724954018  -0.84416788392 1774584248.44
-0.598389396308 0.0901086282966   1.65971596053 1.76659177632 0.184172187727 0.559867728968  9.59212632967 0.291653903148 -1.29859391711 -1.11500601661 1774584248.46
-0.589578921309 0.0577489198956    1.6352621938 1.73925865951 0.0491004244441  0.999426423946   9.59853422059  0.478382331087  -1.74181453348 -0.865542436834 1774584248.48
-0.580036084009  0.023283279569   1.62650910982 1.72699619403 -0.0819831223296    1.58641108566    9.62298038208 0.610187110646 -2.38719347386 0.217153820718 1774584248.5
 -0.57199417857 -0.011046671449   1.64152026449 1.73835788835 -0.122391306059   1.23048444672   9.74470845911 0.361604531333  -1.7221622466  1.44171807867 1774584248.51
 -0.565952461785 -0.0437907761695    1.68266054326 1.77582834895 -0.134119379771  0.998310309372   9.80461444646 0.252788757657 -1.38147906681   2.3073252289 1774584248.54
 -0.560424416473 -0.0742748952539    1.74712307778 1.83630916122 -0.160882735617  0.881454689244   9.83011863632 0.303889642929 -1.28076567168  3.18803634552 1774584248.56
-0.552070623986 -0.102296821788   1.82829171061 1.91256299052 -0.227958774925  0.832487990873   9.82398129494 0.606827164748 -1.34094514588  4.28371255004 1774584248.58
-0.536277947043 -0.127632906979    1.9175777643 1.99524150858 -0.39207258614 0.873246649534  9.75977434412  1.49216152705 -1.60477690126   6.0498169941 1774584248.6
-0.508157152227 -0.149524500465   2.00633441102 2.07508048914 -0.379257197619  0.503709302641   9.67737811729  1.90726335903 -1.01878134472  4.47263494792 1774584248.61
-0.463821743671 -0.166336019455   2.08749145024 2.1448586984 -0.367059592726   0.31068446189   9.59765084929   2.33113337968 -0.569731541642   3.29181663124 1774584248.64
-0.401710888577 -0.175540083451   2.15664823865 2.20075386724 -0.374405289219  0.242388118715   9.48956429777    3.0353844304 -0.168050312326   2.70699249828 1774584248.66
-0.323660687258 -0.174095863338    2.2124887733 2.24280453497 -0.362653065506  0.252014030176   9.32543655432 4.12314056715  0.4059645409  2.4764541523 1774584248.68
-0.235434735401 -0.159168528543   2.25651756477 2.27434290626 -0.259048267538  0.363898554867   9.03961185989  5.9075543199 1.50296143917 2.65936693111 1774584248.7
-0.146504650213  -0.12902497986   2.29223800303 2.30053605068 0.0930574355305  0.348240016188   9.15735299371 4.39246322943 1.98743381766 1.78080219468 1774584248.71
 -0.069011821348 -0.0838680626894    2.32398911208 2.3265257094 0.405745909414 0.368526613325  9.28695915605 2.86346689658 2.25283352596 1.39277683594 1774584248.74
-0.0160140287229 -0.0263614403345    2.35570802782 2.35590994883 0.796156232876 0.485889646146  9.35722922545 1.57164125452 2.75470922037 1.48535685231 1774584248.76
0.000713556926725    0.038343760063     2.38988650953 2.39019419327  1.27512097616 0.677992464536  9.47677161708 -0.274107165681   3.21176503486    1.7664567809 1774584248.78
-0.0270675107027   0.103154279723    2.42694110977 2.42928314649 1.92700432901 1.02394371338 9.68423394367 -3.10491811398   3.6733794805  2.27032836181 1774584248.8
-0.102186216813  0.160082853826   2.46512722963 2.47243216313 1.90141911014 1.11273978975  10.002861042 -5.26646268326  2.67382026121  2.01186247325 1774584248.81
-0.220963256093  0.201596517667   2.50101199896 2.51883443986 1.60287251049 1.12704267362 10.2672318636 -6.3806143806 1.45743380883 1.53700507145 1774584248.83
-0.373149473707  0.221975171398   2.53039867141 2.56737822354 1.40003574896 1.30941822387 10.5771171979 -7.83021118359 0.407988503705   1.1787758096 1774584248.86
-0.542975553398  0.218374777189   2.54948838071 2.61579834816 0.939626525058  1.38120087647  10.8106778426  -8.04014987928 -0.728388739298  0.608885833422 1774584248.88
-0.71117742532 0.191351892328   2.5559977503 2.65998371734 0.420922655003  1.55800233042    11.10246332  -8.20990604246  -1.92119339164 0.0118845489481 1774584248.9
-0.857677552558  0.144731620009   2.54994393906 2.69421085262 -0.243486869379   1.51068924518   11.1772571808  -6.57057883149  -2.76241315989 -0.573909433101 1774584248.91
-0.964481981866 0.0848571894398   2.53387277802 2.71255184119 -0.767782193199   1.21916206947   10.9681131826  -3.66460211925  -2.85896691904 -0.855681208877 1774584248.94
 -1.01831947905 0.0194056122446   2.51243419766 2.71102872297 -1.32883191437  1.13035183912  10.8899978015 -1.19198234755  -3.1905186475 -1.05264992552 1774584248.96
  -1.01260371528 -0.0439478118341    2.49137605885 2.68965655074 -1.68064931123 0.889949641639  10.6087372103   1.74768362595  -2.95334201233 -0.906236911547 1774584248.98
 -0.948423867727 -0.0987082399024    2.47619080555 2.65344531788 -1.78636264398  0.59621581239  10.2331493004   4.33704032694  -2.34611118279 -0.501794588175 1774584249
-0.834431903062 -0.140329410708   2.47076162034 2.61163395768 -1.81825573138 0.345163963494    9.864298845     6.6022430486   -1.70175094851 0.00470235857422 1774584249.02
-0.685662935849 -0.166435777614   2.47637795348 2.57493345509 -1.57010816487 0.113708860113  9.54020029026   7.52443712298 -0.870006243182  0.496444119889 1774584249.04
-0.521472808886 -0.176515023179   2.49140990266 2.55151224706   -1.39820384857 -0.0347914901718    9.27789364192    8.3652921931 -0.124573494439  0.917075789333 1774584249.06
-0.362890569478 -0.171242409667   2.51176305609 2.54361301661   -1.07783234434 -0.0992119842258    9.15780521707  7.81452028364 0.664812188753  1.08795903755 1774584249.08
-0.229757452924 -0.151697642553     2.532023318 2.54694773107  -0.624476691297 -0.0508482682789    9.26988474613  5.40431022387  1.26152115419 0.847042914045 1774584249.1
-0.138054573607 -0.118759233597   2.54700265731 2.55350452461 -0.309714405621 0.0754072302988   9.41790481554  3.21666340555  1.92084645944 0.517863295793 1774584249.12
-0.0978025193862 -0.0729001014562    2.55326726185 2.5561794671 -0.0392965171404   0.272358552531    9.62414263322   0.64349998443   2.56006676225 0.0786735147594 1774584249.14
 -0.111841444244 -0.0144742874576    2.55020744219 2.55269974965 0.167965698478 0.542286400094  9.80953892965  -2.03891465541   3.36425218641 -0.339416518516 1774584249.16
-0.175671844525 0.0555859274499   2.54030441656 2.54697799776 0.284283708141 0.820007156463  9.90355417341  -4.46035741662    4.0009021499 -0.582953503887 1774584249.18
-0.278369590429  0.134900024029   2.52844278137 2.54729475012  0.24888553691 0.943868271201   9.8255238302  -5.46095984505   3.89959136211 -0.476076025818 1774584249.2
-0.404412710799  0.218926426482    2.5203632257 2.56197369431 0.131625143752   1.1129716308  9.58350822948  -6.17987184315   3.97620804872 -0.188339681286 1774584249.22
-0.53610637868   0.3007311477  2.52058791548 2.59445807677 -0.098753283731   1.18795974422     9.200043429 -5.92117655758  3.58693441314 0.234190486125 1774584249.24
-0.656196940691  0.371452450677   2.53032163018 2.64028386736 -0.464547577254   1.31782761098   8.62449437515 -5.49044805272  3.09618353663 0.648741268322 1774584249.26
-0.750244513434  0.421488317429   2.54589008459 2.68739196145 -1.01755941919  1.41834568553   7.8817564882 -4.41534556509  2.05315095393 0.808886624348 1774584249.28
-0.808380576311  0.442218367419   2.55820151081 2.71908646618 -1.18473861534 0.957234631519  7.97884116415 -1.69273186541 0.142672928034 0.169941832655 1774584249.3
-0.826201258325  0.427890377565   2.55351576276 2.71774565497 -1.57038633486  0.75544575222  7.80457462926 0.0823340802617  -1.46022439391 -0.958826971099 1774584249.32
-0.804714992667  0.377207928984   2.51551371431 2.66789454214  -2.1370665696 0.542695796737  7.61070449807  1.98619107157  -3.4597840787 -3.23897613013 1774584249.34
-0.749442005361  0.294181972014   2.42834080266 2.55832863525 -2.37438807775 0.135520309051  7.97597792291  3.63840427456 -5.07056521957 -6.30925363517 1774584249.36
-0.668916234644  0.187955606446   2.28002894048 2.38354949778  -2.28849282758 -0.369425987708   8.71807539601  4.69030507249 -5.91611302173 -9.64032830646 1774584249.38
-0.572935380437 0.0715454641542   2.06555378002 2.14473451079  -1.65432679925 -0.788656970775   9.66526719867  4.40589501081 -5.07913618283 -10.9309487632 1774584249.4
 -0.470921638399 -0.0402934814971    1.78880779662 1.85019568895  -1.2903287801 -1.40321790278  10.5306425343  4.83430363281 -4.90484689632 -14.4037823383 1774584249.42
-0.370691951218 -0.133649147407   1.46297054258 1.5151097075 -0.719602379109  -2.17732660756   11.4773888678   5.1048516095 -4.16696285309  -17.967966583 1774584249.44
-0.277809386563 -0.197926188857   1.10909470147 1.16036368796 0.0686267987578  -2.87302553907   12.1978694571  4.80898955232 -2.58135155892 -19.4885873609 1774584249.46
-0.195529692861 -0.227672094173  0.753119764747 0.810713157231 0.809254867271 -3.21921078448  12.3679007532    3.9798604074 -0.663384107746  -17.9230668328 1774584249.48
 -0.12521073597 -0.223362136178  0.421875670347 0.493505272019  1.22304692818 -3.08020449334  11.9507776202  2.90057659149 0.827499932964 -13.8575629661 1774584249.5
-0.0669564659587  -0.190991684852   0.138858588958 0.245443883084 1.62836982924 -3.3674306569 11.6713278781  2.48863947403  1.96230197592 -11.8849511078 1774584249.52
-0.0202462970181  -0.140597264807 -0.0794011268835 0.162733040175  1.80783340097 -3.45719041706  11.1143690125  2.05977531808  2.66649968369 -9.09110651658 1774584249.54
  0.015642689801 -0.0840622441633  -0.225704340115 0.241357833486  1.73082866786 -3.32819389361  10.3717631402  1.63030533042  2.84861963163 -5.90062835073 1774584249.56
 0.0415025808414 -0.0327039380669  -0.302891274725 0.307465666516  1.33176237208 -2.82360917477  9.56743085003  1.14551154646  2.38693761028 -2.60821414112 1774584249.58
 0.0583084000834 0.00484160744501  -0.322849854923 0.328108731226 0.637529675705 -1.78577197115  9.04094146781   0.593749714882    1.29830501027 -0.0279542748632 1774584249.6
0.0674434858169 0.0240189639512 -0.304112596049 0.312426000013 0.0987428154939  -1.08597554132   8.69658548787 0.286493426471 0.455288979488  1.23792402693 1774584249.62
0.0708691402412 0.0248028562546 -0.268575513522 0.278873489562 -0.403437157307 -0.415245742109   8.54872331185 0.0870932845836 -0.305112367486   1.57206886095 1774584249.64
0.0711067658684 0.0111854595701 -0.237988915844 0.248636302101 -0.896421056361  0.243426213626   8.53340583622 0.00317136527753  -0.953005276013    1.03002173521 1774584249.66
 0.0709853063264 -0.0101054190124  -0.230846150245 0.241725005513 -1.21052841715 0.836040521351  8.86951863605 0.0613552109299  -1.24236725364 -0.647775864992 1774584249.68
 0.0732058864991 -0.0313191409936  -0.260151005448 0.272063477972 -0.931316463559  0.871185130532   9.53125845342  0.194642477504 -0.775432744548  -2.22753239909 1774584249.7
  0.079852081098 -0.0454296071579  -0.332319519945 0.344784668161 -0.832912369228  0.935009719145   9.98658716849  0.422946644148 -0.365297906821  -4.20950146663 1774584249.72
 0.0920017493366 -0.0475530784096   -0.44722238496 0.459057162842 -0.710152280502  0.907459152717   10.4836450255 0.772134293161 0.250779072833 -6.93368120297 1774584249.74
 0.109566971768 -0.035778601112 -0.599155976649 0.610141716287 -0.424530477454   0.57824453891   10.8463914024  1.05155453042 0.967184975668 -8.83572212887 1774584249.76
  0.131414385712 -0.0113026428391  -0.778388380927 0.789484618007  -0.1436965271 0.126188401347  11.0820361605 1.30242503174 1.63266538354 -10.545148755 1774584249.78
 0.155726115446 0.0220845650447  -0.97288576887 0.985517666161 0.0787206016551 -0.309732721592   10.8147370809  1.11177689023  1.59252770214 -8.87015293613 1774584249.8
 0.180483823196 0.0589852352499  -1.16988187104 1.18519081189  0.202732830381 -0.668907257117     10.64792882  1.07904490223  1.60115969122 -8.60169987637 1774584249.82
 0.203921761957 0.0936005198712  -1.35708153845 1.37550552319 0.308432401579 -1.09159807686  10.4867295673  1.15751549142  1.61650779655 -9.23253232133 1774584249.84
0.224811190326 0.120889836179 -1.52344417995 1.54468009413 0.336059826811 -1.28206366425   10.127002644  1.03213505138  1.17327713219 -8.09398370599 1774584249.86
0.242501965304 0.137456476785 -1.65962676918 1.68287328673 0.360205407673 -1.38407146752  9.73342369361  0.92708755729 0.613440499476 -6.81858550759 1774584249.88
0.256735481695 0.142013680512 -1.75824240236 1.78255360044  0.287045429914 -0.964404975444   9.44642982727    0.57845558829 -0.0482814569872   -3.59943867209 1774584249.9
0.267325758515 0.135384530505 -1.81409276982 1.83867468841  0.282901491745 -0.666439164091   9.24820978484  0.376767286021 -0.482634061674  -1.45765223076 1774584249.92
0.273853346199 0.120085915605 -1.82446867599 1.84881103199  0.396991247204 -0.457690020278   8.91646152037 0.232620748837 -1.01612024566 0.698531618642 1774584249.94
 0.275512317265 0.0996244870411  -1.78950953654 1.81333296908   0.396605583897 -0.0253487111016    8.94131146389 -0.0698770261522   -1.11452608143     2.9424818205 1774584249.96
0.271194596445 0.077679332103 -1.71251023634 1.73558978372 0.397345987386 0.338211661865   9.0133731736 -0.407887912922  -1.09784426595   4.92205872698 1774584249.98
 0.259807923096 0.0573555730996  -1.60000171362 1.62197265768 0.323928008432 0.567762239002   9.2129910483 -0.721704365835  -0.87704591997   5.94904100442 1774584250
 0.240735855252 0.0406645709961  -1.46143748567 1.48169054929 0.210683527518 0.668224647022  9.41643686581 -0.999089432345 -0.637227914206   6.40091249115 1774584250.02
 0.214292621954 0.0283255188598  -1.30839672793 1.3261318413 0.0844328646511  0.886356276733   9.52039216282  -1.64172579785 -0.580539552449   8.61468582551 1774584250.04
 0.182021599781 0.0199023050694  -1.15334409697 1.16778875254 -0.14629930829 0.736776868109  9.70674112689  -1.79658444481 -0.375455486268   7.98490752975 1774584250.06
  0.1467324074 0.014206587083 -1.00812580693 1.01884732374 -0.389285143022  0.500703482967   9.82124714374  -1.82388944732 -0.263202873044   7.08031906936 1774584250.08
  0.112247882551 0.00983335990134  -0.882483282814 0.889647697996 -0.559884249856  0.172276220735   9.85815960747  -1.49943137534 -0.200640790911     5.291520747 1774584250.1
 0.0829096649361 0.00566638595294  -0.782894181506 0.787292461482 -0.678180906886 -0.132682470462   9.83302698469  -1.07575755669 -0.188228267343   3.71997824964 1774584250.12
 0.0629451320573 0.00120672163791  -0.711993976609 0.71477196962 -0.976935463027 -0.526144070889   9.75781762752 -0.739476976202  -0.24650689327   3.11678734046 1774584250.14
  0.0558175731314 -0.00336484503587   -0.668704975512 0.671038946654 -0.949316092961 -0.770230012567   9.66347284659 0.0182382297468 -0.216762633504   1.58614875724 1774584250.16
  0.0636690164155 -0.00739669448308   -0.649038948024 0.652196297746 -0.995035973505  -1.03777867424   9.55560514889  0.835886135726 -0.182682558204  0.572654240766 1774584250.18
 0.0869342383931 -0.0101653789481  -0.647387370686 0.653277356456 -0.95544375752 -1.17684115168  9.48430292488   1.67017999161 -0.108305653795 -0.247579556603 1774584250.2
  0.124170624641 -0.0113200238652  -0.658007419335 0.669716545162 -0.685615781728 -0.926862844207   9.54597037735    1.86627227141 -0.0228146958896  -0.635073258736 1774584250.22
  0.172122458286 -0.0112067829062  -0.676376045727 0.698023128458 -0.706353913154 -0.961110184822   9.55825675698    2.57811108934 0.00966290959752   -1.06608718831 1774584250.24
  0.226021989161 -0.0109382790553   -0.70012446979 0.735785198772 -0.654662773347 -0.798451175101   9.66070659566    2.83508853529 -0.0246999508363    -1.3911870269 1774584250.26
   0.28011703743 -0.0121476568021   -0.72936933169 0.781404339785 -0.584969496842 -0.541222997644   9.81220624751   2.66198893424 -0.143736516599  -1.72331170002 1774584250.28
  0.328395780155 -0.0164660451249  -0.766398957082 0.833955802475 -0.549060909315 -0.285003763525   9.98352194453   2.30191093284 -0.342871291859  -2.30518391873 1774584250.3
  0.365446763155 -0.0248575809247  -0.814820383998 0.893365263601  -0.414037987569 -0.0256186003454    10.0907128221   1.34725186883 -0.469466758545  -2.55937446445 1774584250.32
  0.387348392374 -0.0370088199443   -0.87839123842 0.960718271691 -0.380708223946  0.152230053474   10.2186607873 0.664768037571 -0.64327133082 -3.57095487984 1774584250.34
  0.392440507128 -0.0509784240273  -0.959823507367 1.03820494925 -0.308692758034  0.258424653865   10.2739017619 -0.138952619817 -0.658786287227  -4.55322041935 1774584250.36
  0.381811031565 -0.0632619224292   -1.05984031322 1.12829217146 -0.220453442578   0.26271432796   10.2387631371 -0.817737305208 -0.453406554752  -5.35950468586 1774584250.38
 0.359350866769 -0.069325464987  -1.17669521106 1.23229488568  -0.1597987326 0.192725973176  10.1584252084    -1.3639979975 -0.0344235201429   -6.65348104556 1774584250.4
  0.331296682356 -0.0645367642697   -1.30624556133 1.34914786149 -0.0977075936827 0.00919417717862    9.93558278861 -1.29646240446  0.57601483238 -6.37465780349 1774584250.42
  0.305284513573 -0.0453039266327   -1.44253747469 1.47518319062 -0.100828702177 -0.207647203719   9.68358915548 -1.03215217318   1.3286895171 -6.65795632487 1774584250.44
  0.289052628799 -0.0101559931209   -1.57874323257 1.60501861697 -0.167749056411 -0.460917212923   9.36129617613 -0.417628695761   2.17895178847  -6.82533168855 1774584250.46
 0.289027846937 0.0395142221233  -1.70822118625 1.7329506892  -0.28011584586 -0.649697481804   9.05483191685 0.497182505327  2.71697651694 -6.12597409666 1774584250.48
