  0.243476  -0.151127 0.00538933 -0.000677262   0.00188714   0.00674833  0 -0  0 0 0 0 -3.81645e-13  1.06343e-12  3.80277e-12   2.39487e-12 -1.48651e-12  5.61111e-14 0 0 0 0 0 0 0.00703988
 0.190407 -0.102123 0.0281571 -0.00011563  0.00314379  0.00436941  0 -0  0 0 0 0 0.00564045  0.0126205 -0.0238914  -0.0092924 0.00860301 0.00395786 0 0 0 0 0 0 0.00978831
 0.0727844 -0.0195069  0.0314812 -0.000418163   0.00163661   0.00148511  0 -0  0 0 0 0 0.000669356  -0.0139955  -0.0279736   -0.0127889 -0.00206285 -0.00196478 0 0 0 0 0 0 0.0130567
-0.0456467  0.0557878   0.101869 -0.00123319 -0.00107445 -0.00601048  0 -0  0 0 0 0 -0.00813752  -0.0270674   -0.074837  -0.0206424  0.0131098  0.0122723 0 0 0 0 0 0 0.021069
 -0.103631 -0.0971196 -0.0647262 -0.00138254  0.00171902  0.00712065  0 -0  0 0 0 0 0.0287871 0.0740227  0.189697   -0.118614 -0.0821506  -0.145627 0 0 0 0 0 0 0.0344948
 0.0606258 0.00610991  -0.098607 -0.00449076  0.00149053   0.0115503  0 -0  0 0 0 0 -0.0681363  0.0169691   0.168698   0.0119463 0.00495332 -0.0744388 0 0 0 0 0 0 0.0399111
 0.180672 0.0166365 -0.137691 -0.00285923  0.00552793  0.00395241  0 -0  0 0 0 0 -0.00960093    0.094823  -0.0122453   0.0546436 0.00766455  -0.053939 0 0 0 0 0 0 0.0486684
  0.105333 -0.0187758 -0.0475941 -0.00137849  0.00508934 0.000156727  0 -0  0 0 0 0 0.0298227 0.0555254 -0.100014  -0.00169917  -0.0179994  0.00412237 0 0 0 0 0 0 0.0527662
 0.0896474 -0.0406378  0.0755031 -0.000883025   0.00308276  -0.00203761  0 -0  0 0 0 0  0.0262893 0.00654791  -0.098631  -0.0022069 -0.0181212  0.0472557 0 0 0 0 0 0 0.0557807
   0.05843 -0.0611059  0.0194292 0.000167492  0.00527675 9.14106e-05  0 -0  0 0 0 0   0.033641  0.0418132 -0.0246386  -0.0263566 -0.0107662 0.00046448 0 0 0 0 0 0 0.0590133
    0.2098  0.0290799 0.00456862 -0.00194728  0.00419233 -0.00032951  0 -0  0 0 0 0 -0.0235228 0.00307391 -0.0276727   0.0388531  0.0168666 -0.0110273 0 0 0 0 0 0 0.0614269
  0.218486  0.0345816 -0.0185321 -0.00263592  0.00641804  0.00265818  0 -0  0 0 0 0 -0.0215847  0.0423489   0.021525  0.0207094 0.0147244 -0.016694 0 0 0 0 0 0 0.0652156
  0.146858 -0.0582253 -0.0318971 0.000266098  0.00678505  0.00169832  0 -0  0 0 0 0   0.0387206   0.0390487 -0.00421743  -0.0198001  -0.027794 -0.0128888 0 0 0 0 0 0 0.0682942
 0.0690569 -0.0304482  0.0970792 -0.000764541   0.00262106 -0.000662407  0 -0  0 0 0 0 0.00968823 -0.0357017 -0.0393457  -0.0317407 -0.0113682  0.0417531 0 0 0 0 0 0 0.0731905
-0.0300254 0.00722168  0.0278213 -0.000834601   0.00236257   0.00224558  0 -0  0 0 0 0 0.00296781 -0.0280058  0.0315029    -0.067674   0.0136048 -0.00792356 0 0 0 0 0 0 0.0761108
  0.137636  0.0703527 0.00120971 -0.00331966  0.00228232  0.00111985  0 -0  0 0 0 0  -0.0485854  -0.0245375 -0.00305125   0.0221012   0.020672 -0.0213995 0 0 0 0 0 0 0.0788402
   0.16439  0.0258834 -0.0621754 -0.00289409  0.00253203  0.00172163  0 -0  0 0 0 0 -0.0251692 -0.0110398 0.00752614    0.0241165 0.000815859  -0.0404775 0 0 0 0 0 0 0.0796184
 0.0988842 -0.0689638  -0.085485 -0.00125804  0.00237386 0.000209363  0 -0  0 0 0 0  0.0142859 -0.0062451  -0.023687  -0.0167197 -0.0381746 -0.0289461 0 0 0 0 0 0 0.0818519
  0.02367 -0.030737 0.0148277  -0.00188364 -0.000491975  -0.00138361  0 -0  0 0 0 0 0.000587135   -0.048992  -0.0370719   -0.0358895 -0.00717358   0.0204496 0 0 0 0 0 0 0.0851899
-0.0444505    0.20968 -0.0425641 -0.00242331  0.00233664  0.00173435  0 -0  0 0 0 0 2.14111e-05   0.0139807   0.0419203  -0.0590772  0.0981807 -0.0117878 0 0 0 0 0 0 0.0894341
 0.0751162   0.145278 -0.0137486 -0.00353905 0.000935935  0.00108363  0 -0  0 0 0 0 -0.0327011 -0.0201937 0.00973055     0.013005   0.0310619 0.000245268 0 0 0 0 0 0 0.0913395
  0.133546  0.0498035 -0.0243895 -0.00288197  0.00125228  0.00125327  0 -0  0 0 0 0    -0.01299 -0.00839351  0.00809581    0.0323673  -0.0120838 -0.00502575 0 0 0 0 0 0 0.0920882
 0.0976593 0.00145122 -0.0517727 -0.00278882  0.00185483 0.000405809  0 -0  0 0 0 0 -0.00635047  0.00611113 -0.00879289  -0.00360053  -0.0290654  -0.0148202 0 0 0 0 0 0 0.0931322
 0.0750942 -0.0159024  0.0112301  -0.00316939  0.000656551 -0.000915056  0 -0  0 0 0 0 -0.00901401  -0.0137371   -0.030531  -0.00540145  -0.0258605   0.0155586 0 0 0 0 0 0 0.0949558
  0.042664 -0.0448336  -0.040972 -0.00117878 0.000948437 0.000713402  0 -0  0 0 0 0   0.0311365 -0.00282161  0.00990863  -0.0231003  -0.015996 -0.0120836 0 0 0 0 0 0 0.0975441
 0.0170744 -0.0525215 -0.0304625 -0.00167615 0.000268832  0.00103613  0 -0  0 0 0 0 0.00776247 -0.0141808   0.011078   -0.0218425  -0.0134648 -0.00289665 0 0 0 0 0 0 0.098446
  0.163819 -0.0183049  0.0161343 -0.00228444  0.00344181  0.00225143  0 -0  0 0 0 0 -0.000594137    0.0416078     0.022982    0.0272045 0.000200783   0.0152074 0 0 0 0 0 0 0.101898
  0.149655 -0.0369431 -0.0261287 -0.0015291 0.00449629 0.00162424  0 -0  0 0 0 0  0.0127209  0.0463058 0.00470134   0.00612481 -0.00912354  -0.0092276 0 0 0 0 0 0 0.103339
  0.123615 -0.0267734  0.0784108 -0.00132774  0.00370469 -0.00128414  0 -0  0 0 0 0  0.0166898  0.0215348 -0.0536834   0.00566144 -0.00827344   0.0352665 0 0 0 0 0 0 0.106359
0.0821263 0.0833588 0.0150391  -0.00110271   0.00184429 -0.000113541  0 -0  0 0 0 0   0.0161561  -0.0136221 -0.00522507   -0.0193304   0.0435944 -0.00767212 0 0 0 0 0 0 0.108569
 0.0953931   0.132594 -0.0114751  -0.00298386 -0.000110045  -0.00159763  0 -0  0 0 0 0 -0.0327559 -0.0431916 -0.0284963  -0.00226321   0.0362678  -0.0182737 0 0 0 0 0 0 0.111661
  0.141976   0.102143 -0.0236158     -0.00345   0.00100704 -0.000538593  0 -0  0 0 0 0  -0.0298433  -0.0112601 -0.00740822  0.0103288 0.0148042 -0.017919 0 0 0 0 0 0 0.113269
 0.0753066 0.00775869 -0.0507522  -0.00362423   0.00152951 -0.000666939  0 -0  0 0 0 0  -0.0243722  0.00272427 -0.00905653   -0.028588 -0.0303773 -0.0219091 0 0 0 0 0 0 0.113835
 0.0440403 -0.0490949   0.067813  -0.0018391  0.00298896 -0.00261396  0 -0  0 0 0 0  0.0187993  0.0266763 -0.0524836  -0.0201013 -0.0382422  0.0332824 0 0 0 0 0 0 0.116853
-0.0409137  0.0606684 -0.0212453    -0.001061   0.00242163 -3.73909e-05  0 -0  0 0 0 0 0.0280023 0.0105885 0.0235861  -0.0578502   0.032555 -0.0181402 0 0 0 0 0 0 0.119603
-0.0402902   0.109606 -0.0420307  -0.00280064 -7.54714e-05  0.000368632  0 -0  0 0 0 0 -0.0218602 -0.0382737  0.0193035  -0.0275189  0.0306027 -0.0206938 0 0 0 0 0 0 0.122674
0.0648168 0.0841799 -0.038663  -0.00315758   0.00135553 -0.000430407  0 -0  0 0 0 0   -0.0240485  -0.00565975 -0.000496958   0.0158415  0.0100501 -0.0153923 0 0 0 0 0 0 0.124351
  0.053092  0.0458477 -0.0566193  -0.00324803   0.00126136 -0.000850297  0 -0  0 0 0 0  -0.0174456  -0.0043761 -0.00859117  0.00280149 -0.0105878 -0.0155095 0 0 0 0 0 0 0.124791
0.0291848  0.071441  0.107427  -0.0039643  0.00246172 -0.00289837  0 -0  0 0 0 0  -0.018388  0.0169133 -0.0449299  -0.00110448  0.00362048    0.052347 0 0 0 0 0 0 0.12727
0.0107407   0.11429 0.0487696 -0.00271676  0.00208626 -0.00124436  0 -0  0 0 0 0 0.00924626 0.00646054 0.00474632  -0.0171002  0.0297466 0.00639802 0 0 0 0 0 0 0.129376
-0.0505163  0.0985204 -0.0624447  -0.00261506   0.00077207 -0.000741104  0 -0  0 0 0 0 0.000749292  -0.0165623   0.0100225   -0.030026  0.0120303 -0.0432793 0 0 0 0 0 0 0.130787
  0.129542  0.0328184 -0.0284887 -0.00230368  0.00400293 9.44717e-05  0 -0  0 0 0 0 0.0100169 0.0406779 0.0161472   0.0353015 -0.0142877 -0.0121341 0 0 0 0 0 0 0.134138
  0.116293 -0.0360469 -0.0620585 -0.00244008  0.00548949 0.000333909  0 -0  0 0 0 0 0.00163661   0.052343  0.0142862    0.008358 -0.0358152 -0.0223213 0 0 0 0 0 0 0.13565
 0.0619515 -0.0546317   0.100005  -0.00153134   0.00508225 -0.000906195  0 -0  0 0 0 0  0.0194667  0.0306895 -0.0135494  -0.0114249 -0.0255898  0.0473891 0 0 0 0 0 0 0.137241
  0.014181 -0.0241108  0.0150192 -0.00183799   0.0034018 -0.00137362  0 -0  0 0 0 0  0.00566577 -0.00370775  -0.0102265   -0.0275962 -0.00556553 -0.00994479 0 0 0 0 0 0 0.139012
-0.0607961  0.0677241 -0.0432598  -0.00255185  0.000676354 -0.000348765  0 -0  0 0 0 0  -0.011149 -0.0469459  0.0130357  -0.0428478  0.0293534 -0.0283126 0 0 0 0 0 0 0.14201
   0.147931   0.0864517 -0.00164899  -0.00450696   0.00264784 -0.000182368  0 -0  0 0 0 0  -0.0471922 -0.00625633  0.00440223    0.0367261   0.0210745 -0.00724711 0 0 0 0 0 0 0.144791
  0.119885  0.0710616 -0.0268525  -0.00476236    0.0020475 -1.83456e-05  0 -0  0 0 0 0 -0.0348053 -0.0121444 0.00798286   0.0029927 0.00689137 -0.0146814 0 0 0 0 0 0 0.145464
 0.0796258 0.00939506  0.0753795 -0.00349844  0.00229435  -0.0024637  0 -0  0 0 0 0 0.00150433 -0.0020021 -0.0474884  -0.00839632  -0.0235312   0.0305025 0 0 0 0 0 0 0.148228
-0.0209381 -0.0378727 0.00466132 -0.000433376 -0.000738866  -0.00242832  0 -0  0 0 0 0  0.0511116 -0.0458341 -0.0257503  -0.0518433 -0.0229377 -0.0101278 0 0 0 0 0 0 0.15254
 -0.134047 -0.0415162 -0.0292015 -0.00106382 -0.00226937 -0.00086642  0 -0  0 0 0 0  0.0167674 -0.0566728  0.0101079  -0.0750871 -0.0137257 -0.0214833 0 0 0 0 0 0 0.154816
 0.0392187   0.026142 -0.0230335 -0.00173237 0.000403821 -0.00174108  0 -0  0 0 0 0 0.00029277 0.00370213 -0.0108495  0.00624826 0.00747787 -0.0163013 0 0 0 0 0 0 0.157707
  0.067728  0.0312154 -0.0529799   -0.0020928   0.00126009 -0.000748524  0 -0  0 0 0 0 -0.00661912   0.0159913  0.00846587   0.0115744 0.00755302 -0.0217906 0 0 0 0 0 0 0.159066
0.0425714 0.0537755 0.0762589 -0.00218767  0.00115633 -0.00301279  0 -0  0 0 0 0 -0.00215889   0.0105878  -0.0378011   0.0043274 0.00885769  0.0366343 0 0 0 0 0 0 0.161335
-0.00303975   0.0721853   0.0223022 -0.000936308 -2.71069e-05  -0.00176723  0 -0  0 0 0 0  0.0173618 -0.0100688 0.00356848  -0.0265963  0.0190832 -0.0011612 0 0 0 0 0 0 0.163461
 -0.118856   0.029536 -0.0677941 -0.00185921 -0.00217156 0.000541029  0 -0  0 0 0 0 -0.0147662 -0.0415639  0.0399207   -0.0572611 -0.00348389  -0.0389475 0 0 0 0 0 0 0.166744
 0.0788862  0.0701399 -0.0728883  -0.0024624  -7.823e-05 -0.00092128  0 -0  0 0 0 0 -0.0211222 0.00403431 0.00261948     0.02864 0.00505751 -0.0304572 0 0 0 0 0 0 0.169367
 0.0926633  0.0541464 -0.0947911  -0.00332441  0.000586761 -7.67101e-05  0 -0  0 0 0 0 -0.0293601  0.0134955  0.0155523     0.016149 -0.00242289  -0.0254154 0 0 0 0 0 0 0.170745
0.0484629  0.010291 0.0510413   -0.0035416   0.00172764 -0.000812041  0 -0  0 0 0 0  -0.0215895   0.0289387 -0.00554612  -0.00736488  -0.0200953   0.0379735 0 0 0 0 0 0 0.17212
0.0180894 0.0330116 0.0439001 -0.00340885  0.00182881 0.000871415  0 -0  0 0 0 0 -0.0111802  0.0212573    0.03106  -0.0226857 0.00414903  0.0175777 0 0 0 0 0 0 0.173812
-0.0346755   0.117196 -0.0290369 -0.00433175  0.00130748  0.00335973  0 -0  0 0 0 0 -0.0259445 0.00527103  0.0631181  -0.0344508  0.0328353 -0.0225554 0 0 0 0 0 0 0.176516
   0.12945  0.0849723 0.00125804 -0.00453496  0.00291082  0.00139716  0 -0  0 0 0 0 -0.0242333  0.0280247  0.0127246    0.0363167  0.00565987 -0.00420644 0 0 0 0 0 0 0.179059
  0.119412  0.0143947 -0.0341222 -0.00466554  0.00413815 0.000853812  0 -0  0 0 0 0 -0.0190505  0.0400243 -0.0021629   0.0130555 -0.0253075 -0.0174919 0 0 0 0 0 0 0.180407
  0.119737  -0.130322 -0.0708495 -0.00033341  0.00622653 0.000976737  0 -0  0 0 0 0  0.00290999  0.00235147 0.000187959   0.000203938  -0.00208062 -0.000640883 0 0 0 0 0 0 0.185218
 -0.077962 -0.0385407   0.121023 -0.000927734 -0.000321733  -0.00834518  0 -0  0 0 0 0 -0.0289723  -0.344687  -0.494591  -0.182559 0.0838826  0.178783 0 0 0 0 0 0 0.196626
-0.148577    0.3063 0.0849173 -0.00381191 -0.00264194 -0.00446636  0 -0  0 0 0 0 -0.059187 -0.214296  -0.12593  -0.128055  0.212386 0.0230222 0 0 0 0 0 0 0.201987
 -0.143476   0.246833 -0.0312908 -0.00490002 -0.00499468  0.00240206  0 -0  0 0 0 0 -0.0512958  -0.157116  0.0599466  -0.0643174  0.0939749 -0.0458839 0 0 0 0 0 0 0.209328
0.0741367  0.196143 0.0104393  -0.00582545 -0.000210243  -0.00153661  0 -0  0 0 0 0  -0.0622855 -0.00390139 -0.00733999   0.0280077  0.0397876 -0.0167406 0 0 0 0 0 0 0.215594
 0.0582716   0.125232 -0.0319198  -0.00639484    0.0022079 -0.000463437  0 -0  0 0 0 0 -0.0500492  0.0401179  0.0121264  -0.00122137 -0.00409549  -0.0284092 0 0 0 0 0 0 0.2183
0.0468134 0.0256441 0.0918392 -0.00406876  0.00264058  -0.0017268  0 -0  0 0 0 0 0.00765579  0.0369965 -0.0313056  0.00185042 -0.0418304  0.0317606 0 0 0 0 0 0 0.220983
-0.0332861 -0.0320446  0.0419486  -0.00205659  0.000551165 -5.89522e-05  0 -0  0 0 0 0   0.0352709 -0.00516748   0.0158591   -0.0403837  -0.0377565 -0.00203662 0 0 0 0 0 0 0.224329
 -0.045703  -0.114183 -0.0205824 -0.00252676 -0.00236896  0.00247233  0 -0  0 0 0 0 0.00474346 -0.0520167  0.0478233  -0.0258972 -0.0480681  -0.027695 0 0 0 0 0 0 0.228222
 0.0789433  0.0444754 -0.0661458  -0.00321822 -0.000652343 -0.000111844  0 -0  0 0 0 0  -0.0058927 -0.00782783 -0.00341232   0.0251954  0.0130829 -0.0405477 0 0 0 0 0 0 0.2314
0.0939513 0.0591568 -0.103314 -0.00405454  0.00139896 0.000110986  0 -0  0 0 0 0 -0.0180937  0.0294649 0.00192352   0.0142273  0.0121863 -0.0374388 0 0 0 0 0 0 0.233627
 0.06819 0.081724 0.037196  -0.0039946  0.00087938 -0.00252164  0 -0  0 0 0 0 -0.00670007   0.0138368  -0.0516424  0.00870573  0.0113259  0.0304944 0 0 0 0 0 0 0.236311
0.0292791  0.214031 0.0283317 -0.00430173  0.00215381 -0.00162044  0 -0  0 0 0 0 -0.00644143   0.0300147 -0.00859497  -0.0210149  0.0630996  0.0123023 0 0 0 0 0 0 0.237902
 0.00530196    0.221324 -0.00461714 -0.00540867 4.69085e-05 0.000545671  0 -0  0 0 0 0 -0.0319041 -0.0172772  0.0275572   -0.0201487    0.039098 -0.00967063 0 0 0 0 0 0 0.24112
 0.0844554   0.151777 -0.0125327 -0.00520431 9.44449e-05 5.99031e-05  0 -0  0 0 0 0 -0.0215403 -0.0130503  0.0102869   0.0168495 0.00175814 -0.0121508 0 0 0 0 0 0 0.241649
 0.0606238   0.071611 -0.0771635  -0.00520831   0.00143174 -0.000178797  0 -0  0 0 0 0  -0.0145298   0.0156538 0.000216399  -0.00520493  -0.0317673  -0.0339869 0 0 0 0 0 0 0.243007
0.0429487 0.0826124 0.0281192 -0.00497123 0.000807546 -0.00264173  0 -0  0 0 0 0 -0.000503629   0.00260189   -0.0493758  0.00315572 -0.0159473  0.0210163 0 0 0 0 0 0 0.245559
-0.0161905 -0.0419346 -0.0116151 -0.00210412 0.000957261 -0.00094288  0 -0  0 0 0 0   0.0447851  0.00567669 -0.00142898    -0.033006  -0.0461449 -0.00504064 0 0 0 0 0 0 0.248895
-0.0383918  -0.103375 -0.0723852  -0.00229718  0.000140653 -0.000414067  0 -0  0 0 0 0  0.0187017 -0.0112688 0.00653896   -0.025648 -0.0495545 -0.0306473 0 0 0 0 0 0 0.249887
  0.129297  0.0887963 -0.0579475 -0.00430826  0.00284014 0.000639662  0 -0  0 0 0 0 -0.0204965  0.0350744  0.0169609   0.0332546  0.0249893 -0.0156442 0 0 0 0 0 0 0.253414
  0.123027  0.0876772 -0.0925096 -0.00482074  0.00424715  0.00127362  0 -0  0 0 0 0 -0.0231122   0.046948  0.0224566  0.00968606  0.0135465 -0.0235738 0 0 0 0 0 0 0.25504
  0.0852117 -0.00350796     0.10638  -0.00353794   0.00383859 -0.000480265  0 -0  0 0 0 0 0.00903277   0.026571  -0.029091  -0.00221069  -0.0308875   0.0603054 0 0 0 0 0 0 0.257251
 0.0161937 -0.0211328  0.0228728  -0.0031565  0.00296252 0.000226082  0 -0  0 0 0 0  0.00809029  0.00643341 0.000883421   -0.0386601   -0.022202 -0.00314969 0 0 0 0 0 0 0.25844
-0.0548713 -0.0587599 -0.0234675 -0.00365393  0.00142434 0.000846506  0 -0  0 0 0 0 -0.00834535  -0.0213068   0.0110352  -0.0463381 -0.0257401 -0.0212803 0 0 0 0 0 0 0.260171
  0.123445  0.0595862 -0.0231208  -0.00569433   0.00315916 -0.000134094  0 -0  0 0 0 0 -0.0447228 0.00971498   -0.01175   0.0268419  0.0149749 -0.0191232 0 0 0 0 0 0 0.263023
  0.119211  0.0822323 -0.0544385 -0.00638922  0.00389118 0.000566011  0 -0  0 0 0 0 -0.0411683  0.0194439 0.00669153   0.0060275  0.0207121 -0.0245727 0 0 0 0 0 0 0.264252
0.0682921 0.0978743  0.070465  -0.0054298  0.00230452 -0.00285006  0 -0  0 0 0 0 -0.00642673 -0.00854794  -0.0612687  -0.00459773   0.0132378    0.034601 0 0 0 0 0 0 0.268138
0.0272594  0.124778 0.0514062  -0.0042402  0.00219911 -0.00234834  0 -0  0 0 0 0    0.015141 -0.00667603  -0.0277472  -0.0281778  0.0254682  0.0114797 0 0 0 0 0 0 0.269434
-0.0201131   0.103531 0.00147626  -0.00459586 -0.000771391  9.16546e-05  0 -0  0 0 0 0 -0.00412207  -0.0551345   0.0214384  -0.0354763   0.010249 -0.0157799 0 0 0 0 0 0 0.273294
 0.0293807  0.0939073 -0.0153865  -0.00403473 -0.000529185  -0.00352722  0 -0  0 0 0 0  0.0056681    -0.0322 -0.0389072  -0.000882098  -0.00103371   -0.0180429 0 0 0 0 0 0 0.276965
  0.050865  0.0567842 -0.0423696 -0.00518219 0.000848351 -0.00146902  0 -0  0 0 0 0   -0.0197161 -0.000190854   0.00562083  -0.00142356  -0.0123712  -0.0250034 0 0 0 0 0 0 0.279694
0.00158692  0.0689968   0.108793  -0.00554635 -0.000259273  -0.00380681  0 -0  0 0 0 0 -0.0146484 -0.0164679 -0.0392974   -0.0117248 -0.00576399   0.0420577 0 0 0 0 0 0 0.282306
-0.0542318 0.00355959  0.0427799  -0.00341873 -0.000733674   -0.0023141  0 -0  0 0 0 0  0.0224489 -0.0173066 0.00272639   -0.0412577  -0.0212763 -0.00250905 0 0 0 0 0 0 0.284948
 -0.149759 -0.0269915 -0.0688625   -0.0035037  6.86503e-05 -0.000556276  0 -0  0 0 0 0  0.0093819 0.00238802  0.0324859  -0.0645793 -0.0223694 -0.0509675 0 0 0 0 0 0 0.286883
 0.0763168  0.0503889 -0.0515186 -0.00431176  0.00170769  -0.0016213  0 -0  0 0 0 0 -0.00880197   0.0240643  0.00131012   0.0335586 0.00521003 -0.0244596 0 0 0 0 0 0 0.288998
  0.126567  0.0572937 -0.0795911 -0.00517061  0.00274184  0.00129003  0 -0  0 0 0 0 -0.0218634  0.0322671  0.0487093    0.030388  0.0104498 -0.0265604 0 0 0 0 0 0 0.292204
 0.112761 0.0128892 0.0623035 -0.00382746  0.00457978 0.000354136  0 -0  0 0 0 0  0.0131576  0.0529242 0.00724558   0.0151774 -0.0114322  0.0382112 0 0 0 0 0 0 0.294666
0.0812987 0.0552597 0.0632791 -0.00345028  0.00146096 0.000441423  0 -0  0 0 0 0  0.0140774 -0.0110372  0.0140452  -0.00498763   0.0107018   0.0221985 0 0 0 0 0 0 0.297808
   0.01765   0.142228 -0.0150793 -0.0050007 0.00145615 0.00283747  0 -0  0 0 0 0  -0.0232858 -0.00836141   0.0548501  -0.0328614  0.0391452 -0.0246951 0 0 0 0 0 0 0.300662
 0.168015  0.179734 -0.027673 -0.00617253  0.00189202 0.000317009  0 -0  0 0 0 0   -0.0414388 -0.000619348  -0.00450505   0.0342249  0.0295137 -0.0230077 0 0 0 0 0 0 0.303476
   0.15943   0.136993 -0.0618605 -0.00705795  0.00314349  0.00148368  0 -0  0 0 0 0 -0.0446149  0.0218093  0.0147212  0.00848252 0.00242099  -0.028916 0 0 0 0 0 0 0.305402
  0.103826  0.0494253 0.00977162 -0.00424078   0.0057945 -0.00091086  0 -0  0 0 0 0   0.025065  0.0625281 -0.0433049  -0.0142079 -0.0342587  0.0130734 0 0 0 0 0 0 0.309952
0.0299597 0.0624102 0.0536835 -0.00388266 0.000934439 -0.00148699  0 -0  0 0 0 0  0.0202192 -0.0316669 -0.0271535  -0.0354468 -0.0122376   0.025736 0 0 0 0 0 0 0.314859
-0.0927384   0.064872 0.00166168 -0.00369175 0.000107107 0.000750105  0 -0  0 0 0 0   0.014891 -0.0348617  0.0234887   -0.0737759 -0.00261432 -0.00847055 0 0 0 0 0 0 0.317252
  0.0183522    0.109591 0.000396127 -0.00423911 0.000241349 -0.00411838  0 -0  0 0 0 0 -0.00706675  -0.0223976  -0.0599032  -0.00117589  0.00426219  -0.0113929 0 0 0 0 0 0 0.322153
 0.0729272   0.115981 -0.0437565 -0.00533984  0.00119238 -0.00120504  0 -0  0 0 0 0   -0.0239661 -0.000676934   0.00128021  0.00993933 0.00845385   -0.02709 0 0 0 0 0 0 0.325409
0.0186783 0.0867029 0.0288619 -0.00506754  0.00157443 -0.00375311  0 -0  0 0 0 0 -0.00816136  0.00803874  -0.0475484  -0.0110353 -0.0124564  0.0122695 0 0 0 0 0 0 0.328
-0.00285416    0.123644   0.0441683 -0.00381492 -6.8049e-05 -0.00430159  0 -0  0 0 0 0  0.0161683 -0.0188189 -0.0363374  -0.0141231  0.0134516  0.0138769 0 0 0 0 0 0 0.330137
-0.0976493   0.120698 -0.0483344  -0.00343758 -0.000141279   -0.0016863  0 -0  0 0 0 0  0.0152046 -0.0140407  0.0231994  -0.0535955  0.0117634 -0.0337715 0 0 0 0 0 0 0.332781
 0.0501895  0.0866721 -0.0483284 -0.00328379 -0.00138201 -0.00243536  0 -0  0 0 0 0  0.00698149  -0.0333538 -0.00168523    0.0204468 -0.00668678  -0.0200879 0 0 0 0 0 0 0.334238
 0.0801975   0.126786 -0.0877485  -0.00443108 -0.000169084   0.00074199  0 -0  0 0 0 0  -0.0142261 -0.00208604   0.0489075   0.0125906     0.0132 -0.0299081 0 0 0 0 0 0 0.337827
 0.0534821  0.0950982 -0.0235534 -0.00468546  0.00121523 -0.00169059  0 -0  0 0 0 0  -0.010176  0.0230608 -0.0177339  0.00535016 -0.0143381 0.00677463 0 0 0 0 0 0 0.340638
 0.023446 0.0533851 0.0125852  -0.0027742 -0.00268523 -0.00159645  0 -0  0 0 0 0   0.0231831  -0.0427394 -0.00763701  -0.00849164   -0.019056    0.017921 0 0 0 0 0 0 0.344982
-0.0688537  0.0314865 -0.0696393  -0.00286011 -0.000489853 -0.000101759  0 -0  0 0 0 0  0.0128468 0.00879407  0.0230116  -0.0487909 -0.0191391 -0.0287582 0 0 0 0 0 0 0.34764
0.120981 0.146531 0.003793 -0.00560902  0.00212289 -0.00196199  0 -0  0 0 0 0 -0.0452902  0.0438684 -0.0192929   0.0339414  0.0188598 0.00899742 0 0 0 0 0 0 0.351864
  0.132659   0.145622 -0.0429329 -0.00699415  0.00344964 0.000804161  0 -0  0 0 0 0 -0.0546467  0.0518828  0.0284622  0.0159071 0.0137105 -0.017227 0 0 0 0 0 0 0.35523
 0.117075 0.0258164 0.0456869  -0.00484127   0.00534168 -0.000214702  0 -0  0 0 0 0 0.00483355   0.070363  -0.011778  0.00830117 -0.0407246  0.0257582 0 0 0 0 0 0 0.358272
 0.104858  0.040779 0.0668996 -0.00417084  0.00250914 -0.00144588  0 -0  0 0 0 0    0.01522 0.00557226 -0.0239945  0.00481789  -0.014899  0.0240265 0 0 0 0 0 0 0.361432
  0.0278825     0.15504 -0.00352592  -0.00474698   0.00211504 -0.000715517  0 -0  0 0 0 0  5.64132e-05 -0.000730207   0.00370328  -0.0304408  0.0332592 -0.0176038 0 0 0 0 0 0 0.362442
  0.104969   0.186697 -0.0265917 -0.00598419  0.00140322 -0.00319391  0 -0  0 0 0 0 -0.0297378 -0.0154012 -0.0389322   0.0118605  0.0257645 -0.0226062 0 0 0 0 0 0 0.365303
 0.0994362   0.118115 -0.0645452  -0.00655667   0.00194632 -0.000147377  0 -0  0 0 0 0   -0.0306582 -0.000351828     0.015364  -0.000288165  -0.00370736   -0.0288542 0 0 0 0 0 0 0.36845
  0.0700532   0.0410355 -0.00200581 -0.00405594  0.00388194  -0.0015195  0 -0  0 0 0 0  0.0290404  0.0337614 -0.0226153  -0.0082835 -0.0299635  0.0108226 0 0 0 0 0 0 0.371897
0.00358966   0.104047  0.0512718  -0.00431444 -0.000692186  -0.00300078  0 -0  0 0 0 0   0.015339 -0.0467973 -0.0286918  -0.0259355 0.00740649  0.0278519 0 0 0 0 0 0 0.376712
0.00503641   0.223162 -0.0290622  -0.00513085   0.00026743 -0.000813262  0 -0  0 0 0 0 -0.00495037  -0.0182529   0.0219841  -0.0213343  0.0527068 -0.0209272 0 0 0 0 0 0 0.379236
 0.0633736   0.194445 -0.0273407  -0.0049584 -0.00150642 -0.00532704  0 -0  0 0 0 0 -0.00646817   -0.041287  -0.0553481   0.0131857  0.0159295 -0.0106325 0 0 0 0 0 0 0.384089
 0.0734414   0.180383 -0.0636973  -0.00640883  0.000292575 -0.000973359  0 -0  0 0 0 0 -0.0321857 0.00229327  0.0270636  -0.00625112   0.0125269  -0.0268757 0 0 0 0 0 0 0.389018
  0.044217   0.125275 -0.0217187 -0.00548083  0.00238859 -0.00265459  0 -0  0 0 0 0 0.000102227    0.037581  -0.0209914  -0.0110156 -0.0186088 0.00267422 0 0 0 0 0 0 0.391861
-0.0128962   0.164578  0.0653052 -0.00540766 -0.00187797 -0.00326163  0 -0  0 0 0 0 0.000803886  -0.0393851  -0.0161053  -0.0257565 0.00809545  0.0358742 0 0 0 0 0 0 0.396171
-0.0917607   0.145326 -0.0404712    -0.004442  2.80806e-05 -0.000989638  0 -0  0 0 0 0  0.0178642 0.00528975   0.029763    -0.05447 0.00295496 -0.0261275 0 0 0 0 0 0 0.39929
 0.0484371   0.104818 -0.0155783 -0.00391128 0.000971627 -0.00567531  0 -0  0 0 0 0  0.0154554  0.0165243 -0.0551205    0.0201192  -0.0170433 -0.00671213 0 0 0 0 0 0 0.404099
  0.135673   0.087264 -0.0378818 -0.00465967  0.00277261   9.675e-05  0 -0  0 0 0 0 -7.78599e-05    0.0397012    0.0432711   0.0315715 -0.0132269 -0.0164472 0 0 0 0 0 0 0.410191
   0.08641  0.0469613 -0.0162511  -0.00393531   0.00425646 -0.000181599  0 -0  0 0 0 0 0.0142852 0.0527851 0.0237951  -0.00558016   -0.024729 -0.00105873 0 0 0 0 0 0 0.411866
0.0358565  0.072066 0.0423441   -0.0046182   0.00105824 -7.94504e-05  0 -0  0 0 0 0 -0.00262675   -0.013091   0.0246514    -0.019932 -0.00447586   0.0214962 0 0 0 0 0 0 0.415138
0.00110932    0.18086 -0.0290523 -0.00571848 0.000910319  0.00161687  0 -0  0 0 0 0 -0.022016 -0.011431 0.0516574  -0.0290899  0.0378984 -0.0198962 0 0 0 0 0 0 0.417165
  0.160695    0.25274 -0.0243399 -0.00797998  0.00227589 -0.00169843  0 -0  0 0 0 0 -0.0609883  0.0109232 -0.0209572   0.0399537  0.0387319 -0.0147445 0 0 0 0 0 0 0.421404
   0.17509   0.188213 -0.0660637 -0.00839661  0.00423051  0.00089237  0 -0  0 0 0 0 -0.0479364   0.043158  0.0217366    0.023162 0.00684082 -0.0281735 0 0 0 0 0 0 0.424676
  0.121628  0.0773769 -0.0672667  -0.00635058    0.0063448 -0.000622238  0 -0  0 0 0 0 0.00784252  0.0674053 -0.0190504  -0.00904739  -0.0421224  -0.0145625 0 0 0 0 0 0 0.427986
0.0588026 0.0982087 0.0562736  -0.0046882  0.00163156 -0.00216595  0 -0  0 0 0 0  0.0324955  -0.024238 -0.0335395  -0.0201324 -0.0117098  0.0397259 0 0 0 0 0 0 0.433216
-0.0155731   0.114198  0.0160948   -0.003056  0.00154784 -0.00128379  0 -0  0 0 0 0   0.0540554  -0.0163756 -0.00445001  -0.0472494 0.00352713  0.0064952 0 0 0 0 0 0 0.435074
 0.0302774   0.163069 0.00528795 -0.00466723 0.000304986 -0.00779332  0 -0  0 0 0 0 -0.00824326  -0.0334638   -0.105206  -0.00126737  0.00690974 -0.00812501 0 0 0 0 0 0 0.441894
 0.0739692   0.166689 -0.0238757    -0.00512  0.00115119 -0.00247523  0 -0  0 0 0 0 -0.00565525   -0.009213 -0.00240697  -0.00199275  0.00965453  -0.0186216 0 0 0 0 0 0 0.447298
 0.0412733  0.0728206 -0.0482219 -0.00524751  0.00361317  -0.0019781  0 -0  0 0 0 0 -0.00720382   0.0345828  0.00327341  -0.0218991 -0.0331228 -0.0217638 0 0 0 0 0 0 0.449813
0.00285985   0.144059  0.0713464 -0.00624778 0.000322634 -0.00440364  0 -0  0 0 0 0 -0.0179317 -0.0249135 -0.0379487  -0.0117507 0.00717413  0.0338441 0 0 0 0 0 0 0.454021
-0.0272732   0.251813   0.018615  -0.0062153  0.00200497 -0.00243095  0 -0  0 0 0 0 -0.00595067   0.0109695   0.0137945  -0.0298989  0.0549666 -0.0023365 0 0 0 0 0 0 0.456614
  0.0601898    0.226206 0.000778948 -0.00685448 0.000844063 -0.00331508  0 -0  0 0 0 0  -0.0225871  -0.0156707 -0.00947748  0.0172381 0.0199299 -0.011612 0 0 0 0 0 0 0.458207
  0.126038   0.210336 -0.0443272   -0.0067802   0.00328139 -0.000690994  0 -0  0 0 0 0 -0.00875775   0.0323436    0.028964    0.026274 0.00966305 -0.0277546 0 0 0 0 0 0 0.461789
0.0652755 0.0901584 -0.064242  -0.00572265   0.00493904 -0.000684571  0 -0  0 0 0 0 0.0126369 0.0508223 0.0155398  -0.0171514 -0.0448394  -0.024744 0 0 0 0 0 0 0.463755
 0.0515287   0.108686 0.00968301 -0.00574005  0.00333956 -0.00222334  0 -0  0 0 0 0 0.0103514 0.0114182 -0.017234  -0.00213367  -0.0173429   0.0158356 0 0 0 0 0 0 0.465975
 -0.0090251    0.135176 -0.00417732   -0.0049225   0.00330273 -0.000463242  0 -0  0 0 0 0   0.024215 0.00938174  0.0247042  -0.0339098 0.00642435 0.00454086 0 0 0 0 0 0 0.467916
-0.0369606   0.100925 -0.0492004 -0.00506437 0.000615184 -0.00051054  0 -0  0 0 0 0 0.00487218 -0.0399681  0.0143576   -0.0245178 -0.00929855  -0.0171906 0 0 0 0 0 0 0.470608
   0.11187    0.11263 -0.0342326 -0.00464869   0.0032223 0.000672527  0 -0  0 0 0 0 0.0175579 0.0140656 0.0242102    0.0258898 -0.00265446 -0.00454234 0 0 0 0 0 0 0.473501
   0.12633  0.0732989 -0.0627259 -0.00343278  0.00428241 0.000519585  0 -0  0 0 0 0 0.0336931 0.0282235 0.0113573   0.0200832 -0.0177934  -0.013457 0 0 0 0 0 0 0.475121
  0.10966 0.0856694 0.0656116 -0.00392319  0.00247904 -0.00204068  0 -0  0 0 0 0   0.0167973 -0.00701615  -0.0384137   0.0152776 -0.0130593  0.0409767 0 0 0 0 0 0 0.478291
 0.00461257    0.113513 -0.00541899 -0.00384427  0.00117846 -0.00145739  0 -0  0 0 0 0  0.00969555  -0.0229653 -0.00673781   -0.0409977  0.00454894 -0.00942561 0 0 0 0 0 0 0.479719
-0.0587708    0.23303 -0.0330503 -0.00581149 -0.00106411 -0.00411962  0 -0  0 0 0 0 -0.0340444 -0.0522349 -0.0438819  -0.0394854  0.0362481 -0.0174522 0 0 0 0 0 0 0.483717
 0.0787604   0.196219 -0.0373048 -0.00640203 0.000691272 -0.00137585  0 -0  0 0 0 0  -0.030363 -0.0103733 0.00315924   0.0112445   0.011081 -0.0168445 0 0 0 0 0 0 0.487027
 0.0613027  0.0844778 -0.0596312 -0.00568229   0.0020469 -0.00148247  0 -0  0 0 0 0 -0.00733471   0.0172132  -0.0050752  -0.00396751  -0.0396896  -0.0191073 0 0 0 0 0 0 0.488566
0.0283104 0.0877977 0.0866325 -0.00608648  0.00107552 -0.00382297  0 -0  0 0 0 0 -0.00768429 -0.00189666  -0.0460037  -0.00547008  -0.0230049   0.0444136 0 0 0 0 0 0 0.491132
-0.026716 0.0650878 0.0272621 -0.00448187  0.00191468 -0.00227758  0 -0  0 0 0 0    0.0221815    0.0140744 -0.000638755   -0.0365023  -0.0124824 0.000407033 0 0 0 0 0 0 0.493512
-0.0700902   0.145541 -0.0251573  -0.00499518 -0.000341999  -0.00562388  0 -0  0 0 0 0 -0.000576017   -0.0281055   -0.0499652  -0.0276958   0.013638  -0.021239 0 0 0 0 0 0 0.497581
 0.0495209   0.147582 -0.0670458 -0.00452416  0.00145124  -0.0028338  0 -0  0 0 0 0   0.0156237  0.00984786 0.000358257   0.0135842  0.0114373 -0.0331999 0 0 0 0 0 0 0.500931
 0.0665334  0.0848417 -0.0858803 -0.00417271  0.00263795 -0.00120514  0 -0  0 0 0 0  0.014361 0.0248671 0.0249296  0.00758948 -0.0157015 -0.0257338 0 0 0 0 0 0 0.502977
0.0341909 0.0951658 0.0563633 -0.00507668 0.000131208 -0.00288121  0 -0  0 0 0 0 -0.00311805  -0.0209889  -0.0134669  0.00236994 -0.0113616  0.0390933 0 0 0 0 0 0 0.506125
 -0.0231724    0.106045 0.000413275  -0.00466155   0.00120206 -0.000327142  0 -0  0 0 0 0 0.00498246 0.00462503  0.0407843   -0.0336367  0.00397842 -0.00366758 0 0 0 0 0 0 0.508925
-0.0295106   0.116947 -0.0345227  -0.00476746 -0.000606682  0.000104431  0 -0  0 0 0 0 -0.00235564  -0.0279538   0.0329247  -0.0187755 0.00491301 -0.0167424 0 0 0 0 0 0 0.510788
  0.110024   0.120363 -0.0340225 -0.00468559  0.00251423 0.000843937  0 -0  0 0 0 0 0.00394825  0.0332677   0.032208   0.0289953 0.00335772 -0.0131286 0 0 0 0 0 0 0.513996
  0.119393   0.080389 -0.0763159 -0.00415725  0.00402764  0.00119057  0 -0  0 0 0 0 0.0112068 0.0474158 0.0252504   0.0165868 -0.0145064 -0.0241643 0 0 0 0 0 0 0.515636
0.0790778 0.0557175 0.0744057 -0.00363568  0.00409321 -0.00129019  0 -0  0 0 0 0  0.0219088  0.0367529 -0.0337152  0.00487045  -0.026247  0.0432452 0 0 0 0 0 0 0.518172
  -0.017871   0.0873165 -0.00607925  -0.00371402   0.00244055 -0.000286451  0 -0  0 0 0 0 0.00932258 0.00086922 0.00566982    -0.0432129 -0.000775178   -0.0113467 0 0 0 0 0 0 0.520107
-0.0528426  0.0965433 -0.0509954 -0.00557391 0.000514161  0.00104374  0 -0  0 0 0 0  -0.034746 -0.0335266  0.0232165   -0.0362118 0.000958888  -0.0267541 0 0 0 0 0 0 0.523097
 0.0977509   0.177485 -0.0478763  -0.0074596  0.00219238 -0.00131253  0 -0  0 0 0 0  -0.0613859 0.000601458  -0.0201631   0.0261408  0.0203222 -0.0199019 0 0 0 0 0 0 0.52655
  0.132863   0.135721 -0.0681836  -0.00767883   0.00254871 -0.000912101  0 -0  0 0 0 0   -0.041376   0.0068764 -0.00939083    0.0255481 -0.00251042  -0.0176653 0 0 0 0 0 0 0.527129
0.0876266  0.123196 0.0866358 -0.00622841  0.00292817  -0.0035502  0 -0  0 0 0 0 0.00181512   0.014184 -0.0605751   0.00297213 -0.00822182   0.0496868 0 0 0 0 0 0 0.530164
0.0160843  0.131881 0.0697145   -0.004765  0.00282649 -0.00228004  0 -0  0 0 0 0  0.0264986 0.00986017 -0.0116703  -0.0372619 0.00722923  0.0194519 0 0 0 0 0 0 0.532104
-0.0107701   0.108325 0.00265418  -0.00494872  1.58982e-05 -5.54242e-05  0 -0  0 0 0 0 0.00474029 -0.0407744  0.0259143   -0.0299546 -0.00299018  -0.0194173 0 0 0 0 0 0 0.535693
 0.0537064   0.172307 -0.0289617 -0.00539068   0.0013001  -0.0031073  0 -0  0 0 0 0 -0.00696458 -0.00791726  -0.0259099  0.00441847  0.0131652 -0.0290618 0 0 0 0 0 0 0.539034
 0.0611433   0.145412 -0.0934722 -0.00510213  0.00153734 -0.00158587  0 -0  0 0 0 0 -7.09678e-06  -0.00110506   0.00820294  -0.000785225   0.00164091   -0.0418184 0 0 0 0 0 0 0.5406
 0.0192606   0.198509 0.00177869     -0.00703 -0.000674234  -0.00485299  0 -0  0 0 0 0 -0.0292699 -0.0344416 -0.0538716  -0.00318242   0.0119878   0.0094661 0 0 0 0 0 0 0.544991
 -0.0144374    0.186268 -0.00784946 -0.00516133 0.000584795 -0.00222605  0 -0  0 0 0 0   0.0139464 -0.00289177   0.0128979  -0.0280397  0.0161403 0.00101622 0 0 0 0 0 0 0.548452
0.00539432    0.20831 -0.0207979 -0.00616479 -0.00072722  0.00158453  0 -0  0 0 0 0 -0.0134337 -0.0264713  0.0673663  -0.0116483  0.0186579 -0.0068457 0 0 0 0 0 0 0.552605
 0.0876369   0.221893 -0.0312349 -0.00679327  0.00114104 -0.00211696  0 -0  0 0 0 0  -0.0265143   0.0131502 -0.00641081   0.0252179 0.00995421 -0.0143623 0 0 0 0 0 0 0.556799
 0.0876207   0.165258 -0.0725375 -0.00733072  0.00176627 -0.00136919  0 -0  0 0 0 0 -0.0288367  0.0194115 0.00702161  0.00913035 -0.0151069 -0.0258897 0 0 0 0 0 0 0.557912
 0.042851  0.124387 0.0749546 -0.00599288  0.00203875 -0.00195009  0 -0  0 0 0 0  0.00682349   0.0192448 -0.00891711  -0.0104663 -0.0200507  0.0402174 0 0 0 0 0 0 0.559396
0.0495221  0.140859 0.0224991  -0.00520047   0.00255765 -0.000333314  0 -0  0 0 0 0 0.0176208 0.0217544 0.0257283  -0.00872178  0.00158078 0.000994517 0 0 0 0 0 0 0.56127
0.00994302   0.167683 -0.0227018 -0.00555499  0.00189464 0.000692895  0 -0  0 0 0 0 0.00127729 0.00283023  0.0342323  -0.0191543 0.00990702 -0.0187344 0 0 0 0 0 0 0.562542
  0.163163   0.189444 -0.0164039 -0.00734937  0.00338322 0.000106177  0 -0  0 0 0 0 -0.0402153  0.0236494  0.0111424   0.0385716 0.00890025 -0.0154041 0 0 0 0 0 0 0.564946
  0.177586   0.125392 -0.0564611 -0.00785787  0.00384648 0.000958692  0 -0  0 0 0 0 -0.0367881  0.0242525  0.0197631   0.0239214 -0.0188345 -0.0253754 0 0 0 0 0 0 0.566041
 0.112402   0.12582 0.0218591 -0.00595897  0.00408178 -0.00270781  0 -0  0 0 0 0 0.0142541 0.0251355 -0.053133  -0.00123414    -0.01302    0.017755 0 0 0 0 0 0 0.570177
 0.0505684    0.15283 0.00929235 -0.00530543  0.00266147 -0.00211739  0 -0  0 0 0 0   0.0195508 -0.00383028  -0.0165088  -0.0331177 0.00912612 0.00458439 0 0 0 0 0 0 0.571848
-0.00283117    0.154844  -0.0698773  -0.00461299   0.00105847 -0.000924902  0 -0  0 0 0 0  0.0216546 -0.0283993 0.00911295  -0.0393999 0.00833076 -0.0303062 0 0 0 0 0 0 0.573963
  0.108994   0.203162 -0.0529661 -0.00666182   0.0025147 -0.00183765  0 -0  0 0 0 0 -0.0290998 0.00212393 -0.0123884   0.0122046  0.0152504 -0.0170218 0 0 0 0 0 0 0.576637
  0.104665   0.192218 -0.0916804  -0.00784304   0.00216564 -0.000593192  0 -0  0 0 0 0  -0.0427961 -0.00494593   0.0124745  -0.000353035    0.0065977   -0.0264192 0 0 0 0 0 0 0.578388
 0.011522  0.156817 0.0160344 -0.00814055  0.00110518 -0.00424746  0 -0  0 0 0 0 -0.0302774 -0.0169514 -0.0608557  -0.0278564 -0.0183743  0.0257828 0 0 0 0 0 0 0.582205
-0.0336475   0.123431 -0.0167232 -0.00548395  0.00101112 -0.00344214  0 -0  0 0 0 0  0.0244816 -0.0115808 -0.0252442  -0.0412234 -0.0108818 0.00245258 0 0 0 0 0 0 0.584982
-0.0552924   0.141808 -0.0735297  -0.0048303 0.000783006  -0.0011152  0 -0  0 0 0 0   0.027402 -0.0121036  0.0222864  -0.0358943 0.00468593 -0.0223617 0 0 0 0 0 0 0.58741
 0.0350638    0.21647 -0.0521967 -0.00575037  0.00148547 -0.00412537  0 -0  0 0 0 0  -0.0040059 0.000448607   -0.031484    0.0108423   0.0199279 -0.00820251 0 0 0 0 0 0 0.590635
 0.0610504   0.197001 -0.0916227 -0.00688968  0.00127331 -0.00262666  0 -0  0 0 0 0  -0.0274685 -0.00468104  0.00140436   0.0110464 0.00515291 -0.0230256 0 0 0 0 0 0 0.592529
0.00557708    0.19462 0.00251158 -0.00787553 0.000923973  -0.0055719  0 -0  0 0 0 0   -0.031894 -0.00745548  -0.0521468  -0.00890447 -0.00488445   0.0220409 0 0 0 0 0 0 0.595655
-0.0190429   0.174951  0.0183976 -0.00617677 0.000792992 -0.00391999  0 -0  0 0 0 0  0.00635314 -0.00701855 -0.00205575  -0.0242233 0.00183642  0.0191041 0 0 0 0 0 0 0.598028
-0.0327886   0.213281 -0.0355863 -0.00579165  0.00168612 -0.00262259  0 -0  0 0 0 0 0.0123574 0.0104131 0.0211794  -0.0222736  0.0174974  -0.012861 0 0 0 0 0 0 0.59965
 0.0797772   0.236868 -0.0339693 -0.00669556  0.00269248  -0.0034042  0 -0  0 0 0 0  -0.0130819   0.0209468 -0.00107814   0.0250152  0.0147821 -0.0110251 0 0 0 0 0 0 0.601212
  0.095142   0.153751 -0.0701036  -0.00750934   0.00354202 -0.000505207  0 -0  0 0 0 0 -0.0285272  0.0277794  0.0429708   0.0116172 -0.0196901 -0.0246377 0 0 0 0 0 0 0.60434
0.0721896  0.102692 0.0145511 -0.00503956  0.00516302 -0.00265387  0 -0  0 0 0 0  0.0294846  0.0474861 -0.0170414  0.00546161 -0.0278715  0.0217117 0 0 0 0 0 0 0.607993
0.0670204  0.118934 0.0384262 -0.00499495  0.00250533 -0.00243642  0 -0  0 0 0 0   0.0185852 -0.00833937 0.000556894   0.00239871 -0.00775612   0.0225376 0 0 0 0 0 0 0.61066
 -0.051015   0.166038 -0.0344275 -0.00523848  0.00384075  -0.0010242  0 -0  0 0 0 0 0.00762462  0.0184815   0.029995  -0.0499939   0.014401 -0.0210061 0 0 0 0 0 0 0.612619
 0.0867241   0.250008 -0.0310943 -0.00769599  0.00359363 -0.00167412  0 -0  0 0 0 0   -0.04839 0.00206767 0.00487706   0.0158108  0.0301564 -0.0156042 0 0 0 0 0 0 0.615173
 0.0847647   0.169833 -0.0537214  -0.00864595   0.00356805 -0.000447249  0 -0  0 0 0 0 -0.0547133 0.00111021  0.0201352  0.00625032 -0.0124132 -0.0202241 0 0 0 0 0 0 0.616725
0.0828989 0.0796572 0.0553042 -0.00579898  0.00532512 -0.00255587  0 -0  0 0 0 0   0.019838   0.031726 -0.0351081  0.00935266  -0.039316  0.0340853 0 0 0 0 0 0 0.62068
0.0147512  0.127725  0.087803 -0.00542844   0.0014819 -0.00412475  0 -0  0 0 0 0  0.0200151 -0.0345211 -0.0390565   -0.0213217 -0.00301544   0.0332143 0 0 0 0 0 0 0.624847
 -0.0860267    0.246552 -0.00788694  -0.0053037  0.00139663 -0.00335213  0 -0  0 0 0 0   0.0163932  -0.0234399 -0.00675275  -0.0554614  0.0439401 -0.0231099 0 0 0 0 0 0 0.625634
 0.0187988   0.282606 -0.0647854 -0.00638256 0.000848877 -0.00721454  0 -0  0 0 0 0 -0.0191384 -0.0272657 -0.0666376   0.0069336  0.0307672 -0.0409784 0 0 0 0 0 0 0.629682
0.0554334  0.255035 -0.116103 -0.00806902  0.00166175 -0.00359245  0 -0  0 0 0 0  -0.0468892 -0.00696039  0.00501788  0.00536718  0.0111074  -0.048643 0 0 0 0 0 0 0.633759
 0.0232805   0.232125 -0.0722484 -0.00978467  0.00176507 -0.00480282  0 -0  0 0 0 0  -0.058678 -0.0025336 -0.0195918  -0.00754367 -0.00761347   -0.010753 0 0 0 0 0 0 0.635861
0.0170676  0.229128 0.0147615 -0.00725745 0.000268428 -0.00338846  0 -0  0 0 0 0 0.00412472 -0.0236627    0.01158  -0.00659757  0.00940906    0.028842 0 0 0 0 0 0 0.639121
-0.0102364   0.325771 -0.0400955 -0.00725798  0.00164972 0.000105935  0 -0  0 0 0 0 0.00601393 0.00698484  0.0730586   -0.0234154   0.0485691 -0.00808166 0 0 0 0 0 0 0.642879
  0.0762638    0.255018 -0.00100413 -0.00703015  0.00218383 -0.00386968  0 -0  0 0 0 0  0.0002577  0.0118449 -0.0146579    0.0214595 0.000161933  0.00782622 0 0 0 0 0 0 0.646897
  0.131614   0.187052 -0.0353737  -0.00763249   0.00282018 -0.000440826  0 -0  0 0 0 0 -0.0141001  0.0171062  0.0382831   0.0275771 -0.0225928 -0.0129036 0 0 0 0 0 0 0.650436
  0.076039  0.0971516 -0.0352145 -0.00646814  0.00523467 -0.00122441  0 -0  0 0 0 0  0.0130198  0.0547191 0.00959794  -0.00951682  -0.0530308  -0.0083204 0 0 0 0 0 0 0.653228
  0.0520071   0.0653641 -0.00855187 -0.00448851  0.00315296 -0.00229589  0 -0  0 0 0 0  0.0432265 0.00723159 -0.0137285  -0.00708728  -0.0371189   0.0076064 0 0 0 0 0 0 0.656294
0.00710701   0.171076 -0.0400907  -0.00563723   0.00366408 -0.000357981  0 -0  0 0 0 0 0.00985287  0.0131943  0.0305414  -0.0276887  0.0168099 -0.0111926 0 0 0 0 0 0 0.658604
  0.183018   0.240111 -0.0218589  -0.0078771  0.00317381 -0.00196629  0 -0  0 0 0 0   -0.042561 -0.00561035 -0.00934953    0.0453107   0.0266072 -0.00490956 0 0 0 0 0 0 0.661405
  0.163111   0.172918 -0.0624828 -0.00791002  0.00339598  5.4842e-05  0 -0  0 0 0 0 -0.0290345 0.00288449  0.0238485    0.0138988 -0.00237117  -0.0199948 0 0 0 0 0 0 0.663439
   0.11541 0.00826078 -0.0384117 -0.00380052  0.00527717 -0.00110655  0 -0  0 0 0 0 0.0569872 0.0380905 -0.016841  -0.0109376 -0.0680858 0.00028568 0 0 0 0 0 0 0.668105
0.0224272 0.0767029 0.0242407 -0.00393957  0.00114928 -0.00372582  0 -0  0 0 0 0  0.0368105 -0.0343786 -0.0423623  -0.0340673  -0.012912  0.0235408 0 0 0 0 0 0 0.672996
 -0.113011   0.229611 -0.0509189 -0.00501321 0.000377855  -0.0030271  0 -0  0 0 0 0  0.00616095    -0.03533 -0.00616017  -0.0777346   0.047719 -0.0205901 0 0 0 0 0 0 0.674491
 0.0569884   0.244554 -0.0318888  -0.00706335 -0.000106798  -0.00460829  0 -0  0 0 0 0 -0.0423321 -0.0371009 -0.0372161   0.0121909  0.0288814 -0.0102559 0 0 0 0 0 0 0.677125
 0.0716905   0.224958 -0.0796468 -0.00702503 7.54551e-05 -0.00304635  0 -0  0 0 0 0  -0.0245814   -0.020284 -0.00362904  0.00880876  0.0148608 -0.0261563 0 0 0 0 0 0 0.678698
 0.0525886    0.10101 -0.0621503 -0.00650729  0.00172614 -0.00258409  0 -0  0 0 0 0 -0.00721726   0.0136051 -0.00129474  -0.00812449  -0.0406551  -0.0095058 0 0 0 0 0 0 0.680489
7.03185e-05    0.140439 -0.00865221  -0.00588769 -0.000503551  -0.00458648  0 -0  0 0 0 0 0.00884177 -0.0218874 -0.0327115   -0.0171954 -0.00710398   0.0154752 0 0 0 0 0 0 0.683549
-0.0564853   0.255364 -0.0424947 -0.00596796  0.00158735 -0.00236672  0 -0  0 0 0 0 0.0101647 0.0197001 0.0225666    -0.044529   0.0460695 -0.00450861 0 0 0 0 0 0 0.6866
 0.0622174   0.244409 -0.0211856 -0.00670536  0.00164369 -0.00585331  0 -0  0 0 0 0 -0.0143963 0.00901354 -0.0434439   0.0207524  0.0175542 0.00141084 0 0 0 0 0 0 0.690164
  0.105794   0.203108 -0.0692931 -0.00686053  0.00236148 -0.00201944  0 -0  0 0 0 0 -0.0107234  0.0189944   0.023901      0.024163 -3.30233e-05   -0.0209112 0 0 0 0 0 0 0.694067
 0.0615095   0.146376 -0.0503738 -0.00555462  0.00459097 -0.00220244  0 -0  0 0 0 0 0.0186304 0.0502556 0.0120104  -0.00974154  -0.0217257 -0.00445422 0 0 0 0 0 0 0.696658
0.0424257  0.169468 0.0202086 -0.00646931  0.00248893 -0.00359379  0 -0  0 0 0 0 -0.00158293  0.00282997  -0.0148525  -0.00360264 -0.00743718   0.0252929 0 0 0 0 0 0 0.699339
-0.0507328   0.194202 -0.0409915 -0.00606618  0.00297066 -0.00198795  0 -0  0 0 0 0 0.00613904  0.0128744  0.0230245  -0.0459204 0.00904033 -0.0113561 0 0 0 0 0 0 0.701064
 0.0100155   0.201596 -0.0158478 -0.00720445  0.00134142 -0.00366848  0 -0  0 0 0 0 -0.0224338 -0.0229289 -0.0136522  -0.00269287  0.00381349 0.000688048 0 0 0 0 0 0 0.703666
  0.140205   0.181381 -0.0280672 -0.00778595  0.00303861 -0.00052517  0 -0  0 0 0 0 -0.0221872  0.0104993  0.0319571    0.0349243  -0.0050759 -0.00814993 0 0 0 0 0 0 0.707286
   0.12657  0.0621528 -0.0326486  -0.00407344   0.00402064 -0.000810428  0 -0  0 0 0 0 0.0535282 0.0275682 0.0105151   0.0127099 -0.0453097 -0.0036625 0 0 0 0 0 0 0.711136
0.0940968 0.0977624 0.0102231 -0.00489838  0.00292566 -0.00291328  0 -0  0 0 0 0  0.0256598 0.00401474 -0.0241796  7.02849e-05  -0.0180381   0.0143617 0 0 0 0 0 0 0.713647
 0.0109335   0.151827 -0.0401638 -0.00531289  0.00360336 -0.00183119  0 -0  0 0 0 0 0.00951461  0.0152055 0.00984746  -0.0398718  0.0113487 -0.0148097 0 0 0 0 0 0 0.714989
0.00418069   0.220777  -0.028963 -0.00666988  0.00109652 -0.00393581  0 -0  0 0 0 0  -0.022917 -0.0336799 -0.0260978   -0.0202226   0.0242323 -0.00458168 0 0 0 0 0 0 0.718532
  0.114212   0.186565 -0.0248436  -0.00734952   0.00198663 -0.000462923  0 -0  0 0 0 0  -0.026388 -0.0117324  0.0272919    0.0167755  0.00414138 -0.00444818 0 0 0 0 0 0 0.722181
   0.10922  0.0684563 -0.0469246  -0.00473191   0.00331045 -0.000572769  0 -0  0 0 0 0  0.0313257  0.0167364 0.00938705   0.00692187  -0.0424114 -0.00938761 0 0 0 0 0 0 0.725117
0.0756011   0.11783 0.0616275 -0.00529424  0.00144627 -0.00272222  0 -0  0 0 0 0  0.0149996 -0.0152605 -0.0273265  0.000227342 -0.00826163   0.0357942 0 0 0 0 0 0 0.728017
-0.0162453   0.106227  0.0378131 -0.00449981 0.000825978 -0.00180375  0 -0  0 0 0 0  0.0219952 -0.0183188 0.00271289    -0.044411 -0.00520658   0.0092635 0 0 0 0 0 0 0.729381
-0.0580057   0.222098 0.00816553  -0.00611562 -0.000465072  -0.00591504  0 -0  0 0 0 0  -0.019196 -0.0331277 -0.0594726   -0.0312964   0.0261218 -0.00923408 0 0 0 0 0 0 0.733983
0.0517445  0.217022 -0.064853 -0.00570323  0.00112772 -0.00278765  0 -0  0 0 0 0 -0.000280453   0.00271543  -0.00229027  0.00833097  0.0180797 -0.0415795 0 0 0 0 0 0 0.737517
0.0567828  0.147552 -0.115786 -0.00558247  0.00174441 -0.00146374  0 -0  0 0 0 0 -0.000719333    0.0113624    0.0183983  0.000825843  -0.0162154  -0.0431387 0 0 0 0 0 0 0.738982
-0.0121224   0.175944  0.0739733  -0.00677839 -0.000248944  -0.00423614  0 -0  0 0 0 0 -0.0155384 -0.0214624 -0.0378435   -0.0151351 -0.00530071   0.0461183 0 0 0 0 0 0 0.7426
-0.0272069   0.219403 0.00950372  -0.0065407  0.00129416 -0.00309642  0 -0  0 0 0 0 -0.00520237   0.0103704 -0.00258593    -0.0232208    0.0189817 -0.000898916 0 0 0 0 0 0 0.744533
0.00731047   0.169616 -0.0295842 -0.00609166 0.000616232 -0.00368287  0 -0  0 0 0 0  0.00138189 -0.00508364  -0.0128752   0.00190978 -0.00561362  -0.0162085 0 0 0 0 0 0 0.745536
  0.133482   0.148329 -0.0164656 -0.00616216  0.00336152 -0.00189077  0 -0  0 0 0 0 0.00419395  0.0425083  0.0136188    0.0362134  -0.0100676 -0.00627626 0 0 0 0 0 0 0.748815
  0.144242   0.107619 -0.0666703    -0.006034   0.00390325 -0.000478022  0 -0  0 0 0 0 0.00247737  0.0364317  0.0341705   0.0163346 -0.0191572 -0.0245813 0 0 0 0 0 0 0.750333
0.0747941  0.107217 0.0486487 -0.00538671  0.00305656 -0.00218448  0 -0  0 0 0 0   0.0167508   0.0147289 -0.00805665  -0.0128703  -0.015711  0.0286353 0 0 0 0 0 0 0.752345
-0.0148954   0.167368  0.0275023  -0.0058896  0.00214495 -0.00147399  0 -0  0 0 0 0  0.00199726 -0.00337536   0.0153226  -0.0474408  0.0145189 0.00548183 0 0 0 0 0 0 0.753606
-0.0433475    0.14351 -0.0178463 -0.00669819 0.000997565 0.000713313  0 -0  0 0 0 0 -0.0186888 -0.0227238  0.0422691   -0.037551 0.00112898 -0.0178591 0 0 0 0 0 0 0.756205
  0.112957   0.186631 -0.0233407  -0.00709044   0.00294616 -0.000281625  0 -0  0 0 0 0 -0.0197423  0.0153141  0.0141712   0.0251401  0.0117983 -0.0183732 0 0 0 0 0 0 0.758428
  0.114069   0.111439 -0.0698946 -0.00713713  0.00326267 -0.00011845  0 -0  0 0 0 0 -0.0157018   0.016098  0.0094326  0.0117743 -0.024193 -0.028965 0 0 0 0 0 0 0.758787
 0.101679  0.101215 0.0108771 -0.00484445  0.00402033 -0.00284721  0 -0  0 0 0 0  0.0347225  0.0263535 -0.0521085   0.0129509 -0.0203124  0.0164842 0 0 0 0 0 0 0.76243
 0.0259243   0.135244 -0.0181106 -0.00417814  0.00270696 -0.00315216  0 -0  0 0 0 0   0.0332188 -0.00106196   -0.030143   -0.0281802  0.00372835 -0.00347061 0 0 0 0 0 0 0.763934
0.00229037   0.140731 -0.0327053 -0.00509002 0.000221013 -0.00245832  0 -0  0 0 0 0 -0.00270759  -0.0439252  -0.0095128   -0.0237244  0.00288475 -0.00978398 0 0 0 0 0 0 0.766672
 0.0672245   0.249403 -0.0492875 -0.00697895 0.000618125 -0.00326559  0 -0  0 0 0 0 -0.0393531 -0.0276917 -0.0214901  0.00521098  0.0321935 -0.0179112 0 0 0 0 0 0 0.768764
0.0390017  0.174788 -0.109261 -0.00701425 0.000622638 -0.00292024  0 -0  0 0 0 0  -0.027283 -0.0165906 -0.0108083  -0.0135415 -0.0104651 -0.0340425 0 0 0 0 0 0 0.769111
0.0316923  0.154911 0.0426347 -0.00675691  0.00151129 -0.00541407  0 -0  0 0 0 0 -0.00854756  0.00403645  -0.0633208  0.00142351 -0.0171085  0.0369526 0 0 0 0 0 0 0.771771
-0.0213818   0.131609  0.0429662 -0.00481748  0.00286713 -0.00489599  0 -0  0 0 0 0  0.0291588  0.0255902 -0.0289091   -0.029806 -0.0086615  0.0190628 0 0 0 0 0 0 0.774193
-0.0270041   0.175653 -0.0096774 -0.00545054 0.000788419 -0.00734915  0 -0  0 0 0 0 -0.000557249    -0.018983   -0.0573932  -0.0117789 0.00434476 -0.0148249 0 0 0 0 0 0 0.777471
 0.0624986   0.209917 -0.0515639 -0.00605418  0.00144673 -0.00442966  0 -0  0 0 0 0 -0.00875654 -0.00406666 -0.00354753   0.0151102  0.0147846 -0.0294144 0 0 0 0 0 0 0.780524
0.0562462  0.187628 -0.107229 -0.00639461  0.00135779 -0.00224244  0 -0  0 0 0 0  -0.0139223 -0.00481187   0.0356891  -0.00354856  0.00464245  -0.0399133 0 0 0 0 0 0 0.782739
-0.00188558    0.144025    0.059751 -0.00652618  0.00107096 -0.00271144  0 -0  0 0 0 0 -0.00930167 -0.00705237   0.0102975  -0.0216346 -0.0159508  0.0374552 0 0 0 0 0 0 0.783304
-0.0488552   0.117664  -0.035725 -0.00464247  0.00117545 -0.00129117  0 -0  0 0 0 0  0.0244842 -0.0013344  0.0323807  -0.0381213 -0.0128717 -0.0175793 0 0 0 0 0 0 0.785666
 -0.099956   0.151401 -0.0743872  -0.00525868   0.00029042 -0.000823356  0 -0  0 0 0 0  0.0018211 -0.0162468  0.0295844  -0.0385104 0.00223527 -0.0256972 0 0 0 0 0 0 0.786841
  0.110876   0.128203 -0.0526967 -0.00578742  0.00225484 0.000151766  0 -0  0 0 0 0 -0.00950981   0.0183108   0.0300799    0.0408117 -0.00830951  -0.0116203 0 0 0 0 0 0 0.789097
   0.1596  0.132289 -0.089868 -0.00631219   0.0026329 0.000446924  0 -0  0 0 0 0 -0.0159261  0.0181874  0.0251441   0.0406817 -0.0045639  -0.021287 0 0 0 0 0 0 0.789808
 0.103453 0.0775357 0.0317853 -0.00539279  0.00287556 -0.00311566  0 -0  0 0 0 0 0.00999812  0.0197073 -0.0534608  0.00876911 -0.0326156  0.0341008 0 0 0 0 0 0 0.793495
0.0194231  0.106319 0.0217887 -0.0049095 0.00237877 -0.0036513  0 -0  0 0 0 0  0.0160255 0.00844037   -0.03546   -0.0373688 -0.00291605   0.0135494 0 0 0 0 0 0 0.794371
-0.0258485   0.158395  -0.051449  -0.0055635 0.000752006 -0.00338757  0 -0  0 0 0 0 -0.00720417   -0.022326   -0.017818  -0.0368018  0.0163542  -0.024945 0 0 0 0 0 0 0.796144
 0.0674983   0.228335 -0.0680984 -0.00694123  0.00230413 -0.00347984  0 -0  0 0 0 0   -0.03158 0.00873272  -0.017732  0.00463561  0.0302122 -0.0256149 0 0 0 0 0 0 0.798222
0.0639003  0.199101 -0.107309 -0.00789826  0.00217004 -0.00193223  0 -0  0 0 0 0 -0.0398327 0.00260438  0.0124455  -0.00480343  0.00706877  -0.0305399 0 0 0 0 0 0 0.800046
0.0353379  0.152349 0.0547424 -0.00652266  0.00161534 -0.00400461  0 -0  0 0 0 0 0.000987598 -0.00516257  -0.0403483  -0.00491956  -0.0161934   0.0453018 0 0 0 0 0 0 0.802595
0.0125826  0.227237  0.017304 -0.00617697  0.00192593 -0.00352216  0 -0  0 0 0 0 0.00788708 0.00193061 -0.0112012  -0.0193686  0.0265171  0.0103742 0 0 0 0 0 0 0.803265
-0.0385418   0.248248 -0.0490422 -0.00644571  0.00145385 -0.00263279  0 -0  0 0 0 0 -0.00419043 -0.00654308  0.00716747  -0.0302022   0.023489 -0.0232898 0 0 0 0 0 0 0.804307
 0.0525331    0.23774 -0.0642563 -0.00622386  0.00272836 -0.00522963  0 -0  0 0 0 0 -0.00106996   0.0158094   -0.035154   0.0137834  0.0072397 -0.0222179 0 0 0 0 0 0 0.807208
0.0603156  0.189638 -0.126893 -0.00644449  0.00282337 -0.00302517  0 -0  0 0 0 0 -0.00776322   0.0111407   0.0136216  0.000430377 -0.00991204  -0.0386969 0 0 0 0 0 0 0.809426
 0.00253457    0.174756 -0.00866112 -0.00720036  0.00187239 -0.00525723  0 -0  0 0 0 0  -0.0148424 -0.00602254   -0.033834  -0.0148474 -0.0188121  0.0204024 0 0 0 0 0 0 0.811967
-0.0444341   0.119118 -0.0117724 -0.00539311  0.00153388 -0.00443933  0 -0  0 0 0 0   0.0203815 -0.00859249 -0.00623305  -0.0326791 -0.0246861 0.00985976 0 0 0 0 0 0 0.813979
-0.0663818   0.182741 -0.0324802 -0.00532903  0.00108339 -0.00286859  0 -0  0 0 0 0   0.015939 -0.0138144  0.0233539     -0.03012  0.00912686 -0.00358233 0 0 0 0 0 0 0.815615
 0.0325193   0.150687 -0.0218435 -0.00515765   0.0014662  -0.0034372  0 -0  0 0 0 0   0.0100408 -0.00506732  0.00472968    0.0152888 -0.00717644 -0.00096859 0 0 0 0 0 0 0.816321
 0.0584298   0.117632 -0.0457775 -0.00537674  0.00108608 -0.00182703  0 -0  0 0 0 0 0.000140047  -0.0105069   0.0279609   0.0142598 -0.0146848 -0.0113584 0 0 0 0 0 0 0.81799
0.0793797  0.115592 0.0410564 -0.00509723  0.00289954 -0.00209201  0 -0  0 0 0 0 0.00865469  0.0219692  0.0103449    0.0193045 -0.00903385   0.0262464 0 0 0 0 0 0 0.819844
0.0940704  0.149201 0.0193683 -0.00463975  0.00168202 -0.00062727  0 -0  0 0 0 0   0.0125827 -0.00406435   0.0369645   0.0122635  0.0118123 0.00583982 0 0 0 0 0 0 0.821803
 0.0586046   0.232061 -0.0497841 -0.00609435 0.000815202   0.0018661  0 -0  0 0 0 0 -0.0231989 -0.0184439  0.0686856  -0.00944228   0.0357289  -0.0296031 0 0 0 0 0 0 0.824817
   0.14854   0.228476 -0.0470972 -0.00747803  0.00140548 0.000306897  0 -0  0 0 0 0  -0.0479009 -0.00447927   0.0231784   0.0280352   0.017324 -0.0197433 0 0 0 0 0 0 0.826983
0.135071 0.182789 -0.09721  -0.00868689   0.00155015 -4.45976e-05  0 -0  0 0 0 0   -0.054105 0.000902739  0.00862713  0.00900622 -0.0105612 -0.0316778 0 0 0 0 0 0 0.828251
0.0602097 0.0965495 0.0154655 -0.00694973  0.00339021 -0.00362631  0 -0  0 0 0 0 -0.000480193    0.0342785   -0.0690196  -0.0166599 -0.0464385  0.0247777 0 0 0 0 0 0 0.832636
-0.00645257    0.121014   0.0207552 -0.00570236 0.000119351 -0.00488412  0 -0  0 0 0 0  0.0220799 -0.0252367 -0.0572696   -0.0344365 -0.00987445   0.0172012 0 0 0 0 0 0 0.836356
 -0.023835   0.235439 -0.0729269 -0.00517731 0.000755337 -0.00342173  0 -0  0 0 0 0   0.0256026 -0.00613109  -0.0124005  -0.0315849  0.0376664 -0.0315216 0 0 0 0 0 0 0.838035
0.0791185  0.262796  -0.05345  -0.0064288  0.00161439 -0.00492749  0 -0  0 0 0 0 -0.0126074 0.00685506 -0.0362112  0.0153526 0.0286219 -0.014181 0 0 0 0 0 0 0.840173
 0.0877197   0.232416 -0.0827734 -0.00709883  0.00142544 -0.00237537  0 -0  0 0 0 0 -0.0232498 0.00059799  0.0151853  0.00441213  0.0109549 -0.0212982 0 0 0 0 0 0 0.842818
 0.0120789   0.218994 0.00597153 -0.00722809  0.00220157 -0.00523574  0 -0  0 0 0 0 -0.0144908   0.015644 -0.0434929  -0.0218154 -0.0056415   0.021301 0 0 0 0 0 0 0.845785
-0.0307367   0.175901  0.0019965  -0.0060135  0.00144422 -0.00548357  0 -0  0 0 0 0    0.0092175 -0.000479166   -0.0318841   -0.030198 -0.0159827  0.0100116 0 0 0 0 0 0 0.847237
 -0.140256   0.268516 -0.0912433 -0.00579637  0.00163625 -0.00440822  0 -0  0 0 0 0  0.0117398 0.00402422 0.00178445  -0.0622638  0.0260608 -0.0330284 0 0 0 0 0 0 0.848351
 0.0115422   0.265813 -0.0676379 -0.00696106  0.00213694  -0.0063835  0 -0  0 0 0 0 -0.0210172 0.00703442 -0.0353301   0.0137775  0.0107055 -0.0142721 0 0 0 0 0 0 0.850698
0.0619608  0.255634 -0.102511 -0.00836768  0.00116809 -0.00316984  0 -0  0 0 0 0 -0.0422248 -0.0141426  0.0253179   0.0179631 0.00787997 -0.0237891 0 0 0 0 0 0 0.854338
 0.0549966   0.189735 0.00100872 -0.00771698  0.00274444 -0.00353514  0 -0  0 0 0 0 -0.0136849  0.0164642 0.00278531  0.00775923 -0.0191351  0.0253527 0 0 0 0 0 0 0.856082
  0.0293867    0.207143 -0.00611718 -0.00657935  0.00144828 -0.00252429  0 -0  0 0 0 0   0.0105161 -0.00758601   0.0249902  -0.0116267 0.00339562  0.0127347 0 0 0 0 0 0 0.858081
-0.0393387   0.286299 -0.0685121  -0.00584773   0.00193949 -0.000601871  0 -0  0 0 0 0  0.0233249 0.00435187  0.0532031  -0.0373149  0.0343381  -0.018154 0 0 0 0 0 0 0.860195
 0.0830035   0.200215 -0.0402363  -0.0055704  0.00165357 -0.00154521  0 -0  0 0 0 0   0.0135832 -0.00447902   0.0170343     0.020865 -0.00939301 -0.00206789 0 0 0 0 0 0 0.861219
  0.112793   0.155995 -0.0644655  -0.00612049   0.00164335 -2.46195e-05  0 -0  0 0 0 0 -0.00504861 -0.00405966   0.0338461   0.0195378 -0.0224398 -0.0134503 0 0 0 0 0 0 0.862836
  0.100728  0.0684743 0.00649168 -0.00544683  0.00426621 -0.00247552  0 -0  0 0 0 0  0.0129324  0.0412996 -0.0316331   0.0113464 -0.0556702  0.0194019 0 0 0 0 0 0 0.866489
0.0515906  0.092385 0.0227879 -0.00459369  0.00163387 -0.00272506  0 -0  0 0 0 0  0.0229219 -0.0112441 -0.0136406  -0.0158658 -0.0146625  0.0174962 0 0 0 0 0 0 0.869267
 0.0969481   0.181318 -0.0638931  -0.00508187   0.00184978 -0.000395124  0 -0  0 0 0 0  0.00423462 -0.00576108   0.0313938  0.00377759  0.0257492 -0.0311792 0 0 0 0 0 0 0.871658
  0.115188   0.225045 -0.0750437 -0.00610929  0.00205936 -0.00368463  0 -0  0 0 0 0  -0.0215014 -0.00144688  -0.0276694   0.0132664  0.0234579 -0.0224152 0 0 0 0 0 0 0.87511
 0.0911487   0.209923 -0.0982219 -0.00739786   0.0017459 -0.00164361  0 -0  0 0 0 0  -0.0403184 -0.00679644   0.0143109  -0.0104948  0.0110992 -0.0232864 0 0 0 0 0 0 0.877544
 0.0245785   0.196591 0.00290566 -0.00758261  0.00362766 -0.00436114  0 -0  0 0 0 0 -0.0253895  0.0280214 -0.0451112   -0.0273816 -0.00540579   0.0252288 0 0 0 0 0 0 0.880855
-0.0161488   0.243145 -0.0047905 -0.00590966  0.00146444  -0.0044074  0 -0  0 0 0 0  0.0123791  -0.012998 -0.0254797  -0.0308924  0.0233366  0.0127735 0 0 0 0 0 0 0.88359
-0.0565075   0.370765 -0.0738579  -0.0062295  0.00249058 -0.00290783  0 -0  0 0 0 0 0.00415134 0.00837546   0.011058  -0.0393209  0.0638294 -0.0231234 0 0 0 0 0 0 0.885435
 0.0545118   0.267516 -0.0559374 -0.00701875  0.00308514 -0.00523394  0 -0  0 0 0 0 -0.0216198  0.0104238 -0.0345284   0.0180516 0.00152056 -0.0105239 0 0 0 0 0 0 0.887962
 0.0957651   0.219744 -0.0629721 -0.00794461  0.00200113 -0.00268711  0 -0  0 0 0 0  -0.033688 -0.0133688  0.0147525    0.0219015  -0.0130109 -0.00923132 0 0 0 0 0 0 0.890881
0.0449469  0.169322 -0.015334 -0.00877296  0.00257616 -0.00448231  0 -0  0 0 0 0 -0.0362551  0.0015994 -0.0230103  -0.0066349 -0.0343599  0.0115112 0 0 0 0 0 0 0.89294
 0.0552048   0.203625 -0.0102014 -0.00620672  0.00196294 -0.00470074  0 -0  0 0 0 0   0.0230944 -0.00616156  -0.0190823  0.00231669 0.00654508  0.0106825 0 0 0 0 0 0 0.895587
-0.00404065    0.304297  -0.0418474 -0.00629218  0.00193249 -0.00349558  0 -0  0 0 0 0   0.0162367 -0.00323828    0.012922   -0.0267048   0.0436718 -0.00699277 0 0 0 0 0 0 0.896796
 0.0943993   0.256464 -0.0272784 -0.00731747   0.0025366 -0.00457895  0 -0  0 0 0 0 -0.0163567 0.00370208 -0.0135057    0.0197844  0.00791944 -0.00340302 0 0 0 0 0 0 0.898405
  0.111496   0.213688 -0.0701847 -0.00825016  0.00235523 -0.00146915  0 -0  0 0 0 0  -0.0297701 -0.00146789   0.0351178    0.0118289 -0.00880149  -0.0216794 0 0 0 0 0 0 0.901657
0.0710245  0.095407 0.0147092  -0.0051678  0.00422906 -0.00206842  0 -0  0 0 0 0  0.0386201  0.0330261 0.00377015  -0.00783313  -0.0494827   0.0219774 0 0 0 0 0 0 0.905314
0.0589609 0.0919213 0.0245676 -0.00476646 0.000915222 -0.00206079  0 -0  0 0 0 0  0.0301799 -0.0272903 0.00931136  -0.00458627  -0.0266016   0.0163736 0 0 0 0 0 0 0.908652
 0.0629063   0.241851 -0.0372722  -0.00541383   0.00176078 -0.000279963  0 -0  0 0 0 0  0.0113467 -0.0051871  0.0425431  -0.00538487   0.0405615  -0.0192739 0 0 0 0 0 0 0.910727
  0.123818   0.269593 -0.0373466 -0.00752887  0.00280657 -0.00204953  0 -0  0 0 0 0  -0.0399903   0.0117561 -0.00208988   0.0208705  0.0287402 -0.0154936 0 0 0 0 0 0 0.913676
  0.148679   0.180751 -0.0539469 -0.00828099  0.00329911 0.000388434  0 -0  0 0 0 0 -0.0418289  0.0156312  0.0311445   0.0197835 -0.0128993 -0.0161639 0 0 0 0 0 0 0.916274
  0.083258  0.0891316 0.00790429 -0.00567876  0.00519152 -0.00211231  0 -0  0 0 0 0 0.0232736 0.0462481 -0.030798  -0.0117682 -0.0449531   0.017639 0 0 0 0 0 0 0.920349
0.0468983   0.14811 0.0730728 -0.00626779  0.00346967 -0.00359913  0 -0  0 0 0 0 0.00833315 0.00549276 -0.0370929    -0.015874 -0.00134053   0.0366711 0 0 0 0 0 0 0.922699
-0.00323501     0.30636  0.00599434 -0.00644761   0.0035206 -0.00216226  0 -0  0 0 0 0 0.00541276  0.0058316 0.00679735    -0.034265   0.0624055 -0.00779093 0 0 0 0 0 0 0.924148
 0.0524409   0.337164 -0.0212923 -0.00707865  0.00225816 -0.00767855  0 -0  0 0 0 0 -0.0177911 -0.0187272 -0.0801558  0.00675619  0.0386788 -0.0178888 0 0 0 0 0 0 0.929842
 0.0717628   0.273792 -0.0759619 -0.00775905  0.00172968   -0.003437  0 -0  0 0 0 0 -0.0293119 -0.0232186 0.00293571  0.00351633 0.00824418 -0.0368717 0 0 0 0 0 0 0.934171
 0.0348033   0.199498 -0.0189888 -0.00646638  0.00243993 -0.00417601  0 -0  0 0 0 0  0.00628163 -0.00184477  -0.0158363  -0.0140921  -0.022545 0.00319498 0 0 0 0 0 0 0.93582
-0.0228089   0.213223  0.0141804 -0.00573776  -0.0012743 -0.00553549  0 -0  0 0 0 0  0.0170931 -0.0571286  -0.030809   -0.0270494 -0.00724765   0.0161712 0 0 0 0 0 0 0.939842
-0.0647673   0.309353 -0.0397118 -0.00557278 0.000203031  -0.0034808  0 -0  0 0 0 0  0.0188641 -0.0155224  0.0194294  -0.0414637  0.0380861 -0.0139836 0 0 0 0 0 0 0.942378
0.0160764   0.18146 -0.028272 -0.00513362 -0.00103324 -0.00706009  0 -0  0 0 0 0   0.010268 -0.0323994 -0.0468084    0.0077458  -0.0224459 -0.00521737 0 0 0 0 0 0 0.94619
 0.0974385   0.200423 -0.0305335 -0.00722131  0.00097955 -0.00275036  0 -0  0 0 0 0 -0.0301762 0.00900247  0.0260504    0.0201475 -0.00599219 -0.00902485 0 0 0 0 0 0 0.951385
 0.0817009   0.133973 -0.0182085 -0.00650616  0.00240008 -0.00211289  0 -0  0 0 0 0 -0.00552829   0.0302113   0.0256609   0.000116035   -0.0269917 -0.000333509 0 0 0 0 0 0 0.953098
0.0654319  0.154134 0.0711713 -0.00652873  0.00134581 -0.00211856  0 -0  0 0 0 0 -0.00244243  0.00552719   0.0197674   -0.0022556 -0.00482274   0.0348893 0 0 0 0 0 0 0.954153
0.0158552  0.254245  0.024851 -0.00704562  0.00214782 0.000197717  0 -0  0 0 0 0 -0.00888849   0.0174223   0.0587524    -0.0263414      0.03767 -0.000684736 0 0 0 0 0 0 0.956658
  0.0522164    0.243744 -0.00503173 -0.00639751  0.00113967 -0.00486447  0 -0  0 0 0 0 -0.000432253  -0.00532443   -0.0393789  0.00593864  0.0140224 -0.0140889 0 0 0 0 0 0 0.96186
   0.14073   0.185936 -0.0222237  -0.00723907   0.00279144 -0.000361509  0 -0  0 0 0 0 -0.0155703   0.021865  0.0317445   0.0255476 -0.0102648 -0.0183741 0 0 0 0 0 0 0.96673
  0.113877   0.100912 -0.0295334 -0.00476965  0.00411197  -0.0011986  0 -0  0 0 0 0  0.0358782  0.0399213 0.00265762  0.00345131  -0.038462 -0.0111725 0 0 0 0 0 0 0.969652
0.0679193  0.156009 0.0732867 -0.00637633  0.00226546 -0.00246032  0 -0  0 0 0 0  -0.00107631 -0.000298919   -0.0103935   -0.0123193 -0.00220187   0.0314142 0 0 0 0 0 0 0.972406
0.0136448  0.335146 0.0147344 -0.00720073  0.00301839 -0.00181916  0 -0  0 0 0 0 -0.0103537  0.0135204  0.0120023   -0.0315405    0.067373 -0.00782885 0 0 0 0 0 0 0.973694
 0.0624974   0.357166 -0.0239684 -0.00841757  0.00123637 -0.00554806  0 -0  0 0 0 0  -0.038825  -0.023435 -0.0522797  0.00533107  0.0406214 -0.0230667 0 0 0 0 0 0 0.978002
 0.0930208   0.249829 -0.0536909 -0.00868288  0.00276244 -0.00227133  0 -0  0 0 0 0 -0.0318683  0.0111024 0.00709456   0.00864767 -0.00835229  -0.0275593 0 0 0 0 0 0 0.981626
 0.0929335   0.102965 -0.0930722 -0.00557158  0.00406986 -0.00224819  0 -0  0 0 0 0   0.0364405   0.0319563 -0.00389071  0.00388717 -0.0577953 -0.0275745 0 0 0 0 0 0 0.985001
0.0153205  0.127004 0.0107352 -0.00536703  0.00287047  -0.0046469  0 -0  0 0 0 0  0.0322421 0.00588715 -0.0407478  -0.0244153 -0.0267024  0.0216095 0 0 0 0 0 0 0.987691
-0.0528696   0.184239 0.00562608 -0.00558473  0.00388151 -0.00273803  0 -0  0 0 0 0  0.018572 0.0199987 0.0130116  -0.0472568   0.010447 0.00899309 0 0 0 0 0 0 0.989862
0.0372951  0.219795 0.0191373 -0.00685198  0.00285577  -0.0056933  0 -0  0 0 0 0  -0.0199566 -0.00853907  -0.0408726  0.00913104  0.0111759  0.0053112 0 0 0 0 0 0 0.993237
  0.102671   0.219319 -0.0331228 -0.00625317  0.00318296 -0.00237775  0 -0  0 0 0 0  0.00318452 0.000286483   0.0164549   0.0222029   0.011416 -0.0201386 0 0 0 0 0 0 0.996622
 0.0730921   0.111249 -0.0394114 -0.00570034  0.00340231 -0.00166443  0 -0  0 0 0 0 0.00971083 0.00460277  0.0191086  -0.00645614  -0.0369086   -0.014193 0 0 0 0 0 0 0.997551
0.0790715  0.156059 0.0261365 -0.00703498   0.0017172 -0.00356274  0 -0  0 0 0 0 -0.0124294 -0.0217663 -0.0210238    0.0125745 -0.00658812   0.0184499 0 0 0 0 0 0 1.00042
0.00443858   0.257847 -0.0379164  -0.0069905 0.000518038 -0.00127581  0 -0  0 0 0 0 -0.00403289  -0.0323005   0.0355235  -0.0333043  0.0440477   -0.01601 0 0 0 0 0 0 1.003
 0.0816559   0.292019 -0.0355014  -0.00749823 -5.26294e-05  -0.00327725  0 -0  0 0 0 0 -0.0150243 -0.0323135 -0.0105136    0.0115396   0.0327706 -0.00916317 0 0 0 0 0 0 1.00514
 0.0906267    0.22641 -0.0382186 -0.00718285  0.00151876 -0.00286967  0 -0  0 0 0 0 -0.00412968  0.00662558 -0.00225361   0.00936729  0.00138662 -0.00740886 0 0 0 0 0 0 1.0068
 0.0827693   0.134674 -0.0505147 -0.00658305  0.00264112 -0.00221503  0 -0  0 0 0 0 0.00722903  0.0232705 0.00585507  -0.00216333  -0.0330469 -0.00932637 0 0 0 0 0 0 1.00823
0.0324922  0.139682 0.0297574 -0.00458228  0.00193922  -0.0047559  0 -0  0 0 0 0  0.0431764 0.00806889 -0.0462312   -0.012973 -0.0176894  0.0267826 0 0 0 0 0 0 1.01154
 0.0244208   0.233021 -0.0337847 -0.00473365  0.00226407 -0.00434018  0 -0  0 0 0 0  0.0267732   0.010687 -0.0179099   -0.014705  0.0269812 -0.0136991 0 0 0 0 0 0 1.01209
-0.0426477   0.211511 -0.0704429 -0.00569529  0.00057584 -0.00566659  0 -0  0 0 0 0 -0.00935651  -0.0220046  -0.0330448  -0.0278313 0.00621959 -0.0229471 0 0 0 0 0 0 1.01444
  0.117451   0.244184 -0.0500379 -0.00784635  0.00322069 -0.00200545  0 -0  0 0 0 0 -0.0434676  0.0239965    0.02068   0.0240277   0.012702 -0.0097999 0 0 0 0 0 0 1.01944
 0.100682   0.15311 -0.061399 -0.00740966  0.00334915 -0.00114332  0 -0  0 0 0 0 -0.0215471  0.0194415  0.0253771   0.00273018  -0.0264163 -0.00978618 0 0 0 0 0 0 1.02042
0.0347249  0.106156 0.0521231 -0.00583532  0.00267718 -0.00421824  0 -0  0 0 0 0  0.0169978 0.00678959 -0.0463807  -0.0160884  -0.038347  0.0386539 0 0 0 0 0 0 1.02394
0.0424887  0.228093 0.0168432 -0.00603208  0.00348887 -0.00264507  0 -0  0 0 0 0  0.0129259  0.0168498 0.00414009  -0.0133773  0.0315403 0.00604925 0 0 0 0 0 0 1.02572
  0.0685434    0.312585 -4.9166e-05   -0.006763  0.00319193 -0.00574671  0 -0  0 0 0 0 -0.00899925  0.00470386  -0.0454265   0.00750707   0.0402859 -0.00637781 0 0 0 0 0 0 1.02892
  0.112811   0.238769 -0.0139002 -0.00662452  0.00337331  -0.0031266  0 -0  0 0 0 0 -0.0039332 0.00564869 0.00120937   0.0161692 0.00569024 -0.0111051 0 0 0 0 0 0 1.03155
  0.101437    0.18451 -0.0541271 -0.00587987  0.00127013  -0.0016518  0 -0  0 0 0 0 0.00758906 -0.0308218  0.0264451  -0.000876958   -0.0140244   -0.0220633 0 0 0 0 0 0 1.03422
 0.034659  0.193486 0.0802022  -0.0069134  0.00102555 -0.00418125  0 -0  0 0 0 0 -0.00754358  -0.0239668   -0.031177  -0.0206843 -0.0128482  0.0360871 0 0 0 0 0 0 1.03697
0.0420779  0.177169 0.0201768 -0.00553714   0.0038466  -0.0017528  0 -0  0 0 0 0 0.0184673 0.0290574 0.0218278   -0.0205285 -0.00368774 -0.00490375 0 0 0 0 0 0 1.04093
 0.0431178   0.234557 -0.0447594 -0.00634162  0.00247714 -0.00130714  0 -0  0 0 0 0 -0.00745084 -0.00564773   0.0212271  -0.00911735   0.0149977  -0.0303186 0 0 0 0 0 0 1.04258
  0.105058   0.170822 -0.0634163 -0.00656005  0.00344084 -0.00220391  0 -0  0 0 0 0  -0.0134733   0.0114593 0.000150965   0.0162037 -0.0122081 -0.0290113 0 0 0 0 0 0 1.04392
0.0832694  0.124027  -0.13204 -0.00674103  0.00262673 -0.00209408  0 -0  0 0 0 0 -0.0135032 -0.0055651 0.00382762  -0.00269106  -0.0241041  -0.0415477 0 0 0 0 0 0 1.04476
0.0225233  0.118885 0.0102234 -0.00624452  0.00129074 -0.00426737  0 -0  0 0 0 0 0.00340169 -0.0230586 -0.0391764  -0.0177822 -0.0175777  0.0310084 0 0 0 0 0 0 1.04736
 -0.019628   0.124688 -0.0216098  -0.0053383  0.00315719 -0.00312198  0 -0  0 0 0 0   0.0195014   0.0148407 -0.00357963   -0.038628 0.00020235 0.00309036 0 0 0 0 0 0 1.04973
-0.00203428    0.179535  -0.0324888 -0.00601834    0.001433 -0.00193022  0 -0  0 0 0 0 -0.00292049  -0.0213253   0.0159457   -0.0153224   0.0178677 -0.00433071 0 0 0 0 0 0 1.05193
  0.124548   0.200634 -0.0361635 -0.00690081  0.00277312  -0.0013808  0 -0  0 0 0 0 -0.0202565  0.0056256  0.0154056    0.0306494   0.0160002 -0.00919053 0 0 0 0 0 0 1.05363
   0.12337   0.143466 -0.0521371  -0.00729229   0.00181432 -0.000771088  0 -0  0 0 0 0 -0.0223767 -0.0117073  0.0193262   0.0129957 -0.0137495 -0.0113769 0 0 0 0 0 0 1.05483
0.0703997 0.0745868 0.0631832 -0.00471115  0.00163991 -0.00317891  0 -0  0 0 0 0   0.0341298 -0.00750357  -0.0417429  -0.00840331  -0.0385125   0.0389202 0 0 0 0 0 0 1.05836
0.0317847    0.1544 0.0228042 -0.00468007  0.00251467   -0.002275  0 -0  0 0 0 0   0.0245691  0.00926671 -0.00166165   -0.030033  0.0150068 0.00336665 0 0 0 0 0 0 1.05962
-0.0349702   0.180905 -0.0187523 -0.00627515  0.00119863 -0.00105187  0 -0  0 0 0 0 -0.0207078 -0.0171648   0.018528  -0.0393883  0.0155206 -0.0174559 0 0 0 0 0 0 1.06202
 0.0571758   0.276836 -0.0689844 -0.00676213  0.00177106 -0.00367073  0 -0  0 0 0 0  -0.0252746 -0.00415814  -0.0261453  0.00726732  0.0371724 -0.0374755 0 0 0 0 0 0 1.06475
 0.106249  0.257846 -0.104542 -0.00766893  0.00125023 -0.00147209  0 -0  0 0 0 0 -0.0352081 -0.0133568   0.015743   0.0196066  0.0157834 -0.0349046 0 0 0 0 0 0 1.06718
0.0435785  0.218786 0.0351401 -0.00819244  0.00114578 -0.00398616  0 -0  0 0 0 0  -0.0287875 -0.00930755  -0.0407703  -0.00848564  -0.0141355   0.0306613 0 0 0 0 0 0 1.06975
-0.00593536    0.279375   0.0194853 -0.00716054  0.00338183 -0.00265506  0 -0  0 0 0 0 0.00182863  0.0304505 0.00243552  -0.0377636  0.0273761  0.0110993 0 0 0 0 0 0 1.07255
-0.0485563   0.286174 -0.0319862 -0.00760152  0.00461989 -0.00317925  0 -0  0 0 0 0  -0.0104871   0.0394939 -0.00823639  -0.0338382  0.0156688 -0.0174969 0 0 0 0 0 0 1.07397
 0.0859489   0.282108 -0.0478672 -0.00768601  0.00521218 -0.00450706  0 -0  0 0 0 0 -0.0124672  0.0346829 -0.0296892   0.0242896 0.00549724 -0.0221352 0 0 0 0 0 0 1.07542
  0.108296   0.212103 -0.0896022 -0.00798895  0.00451514 -0.00241842  0 -0  0 0 0 0 -0.0170886  0.0095451  0.0127695   0.0161967 -0.0196722  -0.029572 0 0 0 0 0 0 1.07765
0.0481056  0.130454  0.016672 -0.00764022  0.00452202 -0.00345883  0 -0  0 0 0 0 -0.00400122  0.00838089  -0.0128526  -0.0142724 -0.0459942   0.021011 0 0 0 0 0 0 1.07874
0.0665731  0.164485 0.0285907 -0.00690095  0.00415628  -0.0026944  0 -0  0 0 0 0    0.0120914 -9.28198e-05   0.00826959  -0.000286595  -0.00495036    0.0185172 0 0 0 0 0 0 1.07987
 0.0359847   0.255231 -0.0395641  -0.00740703   0.00401314 -0.000359746  0 -0  0 0 0 0 -0.00133117 -0.00278659   0.0493354  -0.0166971  0.0320795 -0.0189991 0 0 0 0 0 0 1.08226
   0.11199   0.209473 -0.0195824 -0.00778345  0.00346785 -0.00146583  0 -0  0 0 0 0 -0.0129336 -0.0129586  0.0142876    0.0174595  0.00282014 -0.00422359 0 0 0 0 0 0 1.08355
0.144796 0.164103 -0.05453 -0.00811273  0.00322015 0.000568086  0 -0  0 0 0 0 -0.0162637 -0.0132268  0.0393247   0.0182599 -0.0138622 -0.0182876 0 0 0 0 0 0 1.08563
 0.073859 0.0731293 0.0613638 -0.00586612  0.00444904  -0.0023802  0 -0  0 0 0 0  0.0338659  0.0147682 -0.0356272  -0.0131166 -0.0480703  0.0351145 0 0 0 0 0 0 1.08953
0.0141198  0.144219 0.0722673 -0.00576821  0.00232728 -0.00244399  0 -0  0 0 0 0  0.0239945 -0.0211911 -0.0107605  -0.0336317 0.00563856   0.023373 0 0 0 0 0 0 1.09166
-0.0787774   0.200838 -0.0131317 -0.00609467  0.00458966  -0.0014519  0 -0  0 0 0 0 0.0102583 0.0228095 0.0124412   -0.062122  0.0253563 -0.0270501 0 0 0 0 0 0 1.09415
 0.0843687    0.21889 -0.0615382 -0.00667736  0.00381489 -0.00323843  0 -0  0 0 0 0  -0.0129384 -0.00230517  -0.0246929    0.020172  0.0158184 -0.0391936 0 0 0 0 0 0 1.09618
  0.111847   0.192605 -0.0978639 -0.00720708  0.00329597 -0.00210005  0 -0  0 0 0 0  -0.0197392  -0.0110396 0.000231738    0.0190461 0.000837037  -0.0348748 0 0 0 0 0 0 1.09754
0.0820067  0.140977 0.0257683  -0.0066671  0.00395863 -0.00422665  0 -0  0 0 0 0 -0.000315102   0.00480095   -0.0449587  0.00386876 -0.0239679  0.0274067 0 0 0 0 0 0 1.09983
0.0590058  0.207698 0.0311279 -0.00569625  0.00313395 -0.00485125  0 -0  0 0 0 0   0.0189465 -0.00809881  -0.0330231  -0.00956282   0.0192233   0.0173082 0 0 0 0 0 0 1.10125
 0.0169564   0.303235 -0.0259552  -0.0059145  0.00237044 -0.00349062  0 -0  0 0 0 0 0.00725611 -0.0184489 0.00371101  -0.0256361  0.0484358 -0.0159793 0 0 0 0 0 0 1.10283
0.0743327  0.326684 -0.042421 -0.00762174  0.00262216 -0.00562834  0 -0  0 0 0 0    -0.0352 -0.0104588 -0.0332715  0.00704741  0.0319916 -0.0208517 0 0 0 0 0 0 1.10557
 0.105049  0.282393 -0.121904 -0.00859461  0.00265524 -0.00161695  0 -0  0 0 0 0  -0.0438003 -0.00723744   0.0385016  0.00659225 0.00810743 -0.0460769 0 0 0 0 0 0 1.1097
0.0639257  0.215405 -0.056262 -0.00817886  0.00290385 -0.00440333  0 -0  0 0 0 0 -0.0182089 0.00169078 -0.0349938   -0.0028438   -0.031245 -0.00149515 0 0 0 0 0 0 1.11253
 0.0207333    0.23715 0.00424174   -0.006496  0.00247708 -0.00434393  0 -0  0 0 0 0   0.0194148 -0.00405097  -0.0177829  -0.0219504 0.00242204  0.0219729 0 0 0 0 0 0 1.11427
-0.0181572   0.342774 -0.0137184 -0.00696096  0.00246334 -0.00268139  0 -0  0 0 0 0  0.00546835 -0.00323305   0.0202835  -0.0327869  0.0423961 0.00419965 0 0 0 0 0 0 1.11599
  0.0476187    0.227824 -0.00136097 -0.00685041  0.00238558 -0.00417983  0 -0  0 0 0 0 -0.00203368 -0.00589126  -0.0138773  0.00673829 -0.0133393 0.00313146 0 0 0 0 0 0 1.1175
  0.101776    0.19427 -0.0454154 -0.00784415  0.00204246 -0.00102684  0 -0  0 0 0 0 -0.0231587 -0.0118694   0.038082   0.0183382 -0.0158802 -0.0188347 0 0 0 0 0 0 1.12082
0.0461182  0.143144 0.0332799 -0.00652132  0.00283588 -0.00263959  0 -0  0 0 0 0    0.012242  0.00752708 -0.00685995  -0.00904026  -0.0313655   0.0199432 0 0 0 0 0 0 1.12305
0.0576537   0.14641 0.0388003  -0.0059981  0.00336494 -0.00305211  0 -0  0 0 0 0  0.0184888  0.0134494 -0.0114728  0.00190212 -0.0134368  0.0136833 0 0 0 0 0 0 1.1239
 0.0572673   0.241178 -0.0384892 -0.00661178  0.00336093 -0.00105238  0 -0  0 0 0 0 -0.000346387   0.00856489    0.0306076  -0.00213935   0.0286143  -0.0269601 0 0 0 0 0 0 1.126
  0.139078   0.300139 -0.0424506 -0.00775638  0.00328134  -0.0035832  0 -0  0 0 0 0 -0.0266018  0.0019574 -0.0194444   0.0292407  0.0318963 -0.0190519 0 0 0 0 0 0 1.12877
 0.0991267    0.20318 -0.0973887  -0.0077725  0.00313133 -0.00161724  0 -0  0 0 0 0  -0.0212968 0.000920898   0.0147837  -0.00332477  -0.0113165  -0.0339183 0 0 0 0 0 0 1.13075
 0.0958656  0.0729016 -0.0322622 -0.00428824  0.00439306 -0.00259001  0 -0  0 0 0 0  0.0496388  0.0232015 -0.0194685  0.000728761  -0.0505405  0.00816805 0 0 0 0 0 0 1.13458
0.0772772  0.130516 0.0390332 -0.0052969 0.00262864 -0.0030689  0 -0  0 0 0 0     0.01837  -0.0121225 -0.00970354  -0.00413221 -0.00558405   0.0324663 0 0 0 0 0 0 1.13666
 0.0324193   0.219505 -0.0464775 -0.00508529  0.00237305 -0.00156739  0 -0  0 0 0 0   0.016125 -0.0116966   0.024369  -0.0233732  0.0322618 -0.0198137 0 0 0 0 0 0 1.1382
  0.112864    0.30558 -0.0743348 -0.00673919  0.00153895 -0.00458008  0 -0  0 0 0 0  -0.028706 -0.0249104 -0.0328687   0.0174884  0.0399472 -0.0253923 0 0 0 0 0 0 1.14174
 0.149689  0.246089 -0.107352  -0.00815753   0.00319368 -6.01245e-05  0 -0  0 0 0 0 -0.0485487  0.0114837  0.0446674   0.0138173 0.00801179 -0.0317002 0 0 0 0 0 0 1.14676
  0.109735   0.154477 -0.0597499  -0.0063149  0.00467217 -0.00182918  0 -0  0 0 0 0  0.0049999  0.0347431 -0.0126823  -0.00647331  -0.0332041  0.00277112 0 0 0 0 0 0 1.14971
 0.032324  0.214223 0.0295856 -0.00650303  0.00224573 -0.00359926  0 -0  0 0 0 0 0.00384286 -0.0132361 -0.0333975  -0.0319252 0.00530069  0.0373285 0 0 0 0 0 0 1.15272
-0.0306579   0.349409 -0.0156695 -0.00674159  0.00238744 -0.00217983  0 -0  0 0 0 0 0.000435164  -0.0058683   0.0088805  -0.0491235   0.058378 0.00318298 0 0 0 0 0 0 1.15416
 0.0499512   0.259879 -0.0179798 -0.00655339  0.00160868 -0.00602257  0 -0  0 0 0 0 -0.00498835  -0.0186439  -0.0575555   0.00430838 0.000896392 -0.00302751 0 0 0 0 0 0 1.15809
  0.123918   0.228741 -0.0574764 -0.00775846   0.0021632 -0.00165598  0 -0  0 0 0 0  -0.0267572 -0.00486518   0.0258593    0.0235202 -0.00851735  -0.0209217 0 0 0 0 0 0 1.16265
 0.0808495   0.175422 -0.0499225 -0.00798147  0.00419059 -0.00244929  0 -0  0 0 0 0   -0.0198291    0.0322181 -0.000559719  -0.0100608 -0.0310594 -0.0109094 0 0 0 0 0 0 1.16484
0.0804359  0.189921 0.0354095 -0.00785477  0.00328429 -0.00232127  0 -0  0 0 0 0 -0.0100619 0.00796586 0.00387508  -3.49338e-05  -0.00588597    0.0273778 0 0 0 0 0 0 1.16577
  0.0468224    0.252052 -0.00193287  -0.00721368   0.00426048 -0.000378189  0 -0  0 0 0 0 0.00826071  0.0232284  0.0410243  -0.0183048  0.0253267 0.00107261 0 0 0 0 0 0 1.16803
  0.0941574     0.21744 -0.00424767 -0.00701009  0.00417032 -0.00496159  0 -0  0 0 0 0 0.00194355  0.0115617 -0.0466929    0.0115783 -0.00100499  -0.0028537 0 0 0 0 0 0 1.17262
  0.186572   0.200825 -0.0953417 -0.00668909  0.00651255 0.000147379  0 -0  0 0 0 0   0.01135 0.0483992 0.0408798    0.0299084 -0.00245118  -0.0435903 0 0 0 0 0 0 1.17825
0.118588 0.126351 -0.11637  -0.0041255  0.00759067 -0.00146326  0 -0  0 0 0 0  0.0548793  0.0534472 -0.0067465  -0.0140432 -0.0342482 -0.0312048 0 0 0 0 0 0 1.18146
 0.055447  0.163988 0.0177364 -0.00530981  0.00518739 -0.00280924  0 -0  0 0 0 0   0.0177772 -0.00142625  -0.0210101   -0.0265275 -0.00734544   0.0324759 0 0 0 0 0 0 1.18446
-0.0628014   0.255066 -0.0112259 -0.00565541  0.00479838 -0.00139451  0 -0  0 0 0 0  0.00760739 -0.00549781   0.0186669  -0.0675445  0.0325872 0.00485758 0 0 0 0 0 0 1.18597
   0.112089    0.265706 -0.00511463 -0.00775567   0.0040142 -0.00195214  0 -0  0 0 0 0  -0.0439411  -0.0228168 -0.00376896    0.0232888   0.0165979 -0.00241193 0 0 0 0 0 0 1.18828
  0.140931   0.232414 -0.0701873 -0.00700181  0.00321659 -0.00144255  0 -0  0 0 0 0 -0.0136129 -0.0270883 0.00571461   0.0250759 0.00211462 -0.0282583 0 0 0 0 0 0 1.18949
  0.104876   0.148365 -0.0826035 -0.00531397  0.00435639 -0.00202019  0 -0  0 0 0 0  0.0230217 0.00294746 -0.0112267  -0.00707923  -0.0339857  -0.0220687 0 0 0 0 0 0 1.19161
  0.0462946    0.161745 -0.00125214 -0.00572305  0.00115733 -0.00397166  0 -0  0 0 0 0  0.0101694 -0.0467394 -0.0398936  -0.0226823 -0.0167994  0.0177608 0 0 0 0 0 0 1.19538
 -0.0700418    0.329977 -0.00746838 -0.00709764  0.00209038 -0.00195995  0 -0  0 0 0 0 -0.0109591 -0.0155262  0.0208074  -0.0690272  0.0590721 0.00755141 0 0 0 0 0 0 1.19799
 0.0730004   0.346827 -0.0013645  -0.0083412  0.00215469 -0.00542285  0 -0  0 0 0 0 -0.0369273  -0.013121 -0.0459805    0.0157168   0.0325906 -0.00117047 0 0 0 0 0 0 1.20167
  0.106192   0.278903 -0.0115329 -0.00895946  0.00212913 -0.00159567  0 -0  0 0 0 0  -0.0357467 -0.00782409   0.0241651    0.0222094 0.000230555 -0.00465835 0 0 0 0 0 0 1.20554
 0.0780785   0.134758 -0.0554488 -0.00788599  0.00413293 -0.00215227  0 -0  0 0 0 0 -0.00427633   0.0311179 -0.00320126  -0.00600266  -0.0639904  -0.0218973 0 0 0 0 0 0 1.20788
0.0618183  0.113761 0.0173916 -0.00555987  0.00180621 -0.00356721  0 -0  0 0 0 0  0.0387358 -0.0134869 -0.0323688  -0.00187781  -0.0387152   0.0170214 0 0 0 0 0 0 1.21146
 0.00597921    0.221448 -0.00326189  -0.0063749  0.00414017 -0.00216891  0 -0  0 0 0 0 0.0172684 0.0307632 0.0124085    -0.0328728    0.0221132 -0.000294222 0 0 0 0 0 0 1.21431
 0.0940782   0.186677 -0.0178489 -0.00574523  0.00212324 -0.00504361  0 -0  0 0 0 0  0.0145499 -0.0173607 -0.0407313    0.0178887 -0.00293232 -0.00791156 0 0 0 0 0 0 1.21787
  0.154503   0.159708 -0.0203151   -0.0063557   0.00483879 -0.000544333  0 -0  0 0 0 0 0.00138017  0.0378842  0.0387163    0.0305815 -0.00768657 -0.00590955 0 0 0 0 0 0 1.22316
  0.110686   0.146307 -0.0801429  -0.00604403   0.00630169 -0.000620388  0 -0  0 0 0 0 0.00688147    0.05218  0.0272959  -0.0108439 -0.0130966 -0.0296204 0 0 0 0 0 0 1.22466
0.0504493  0.181441  0.044972  -0.0068732  0.00457436 -0.00123146  0 -0  0 0 0 0 -0.00831337  0.00744293  0.00821875  -0.025237 0.0042819 0.0298505 0 0 0 0 0 0 1.22667
0.00531442   0.268746 0.00349175 -0.00730587  0.00441999 -0.00154306  0 -0  0 0 0 0 -0.0118406 0.00348624  0.0030083   -0.0333846   0.0351332 -0.00130234 0 0 0 0 0 0 1.22723
0.0861084  0.212933  0.022331 -0.00790246  0.00365689 -0.00269568  0 -0  0 0 0 0 -0.0222001 -0.0130913 -0.0203315     0.013483 -0.00131108  0.00441905 0 0 0 0 0 0 1.22873
  0.189348   0.200129 -0.0279424 -0.00883881    0.005367 0.000211186  0 -0  0 0 0 0 -0.0323422  0.0199299  0.0271312    0.0449374 -0.00646423  -0.0233634 0 0 0 0 0 0 1.23223
  0.146948  0.0962629 -0.0647774 -0.00570417   0.0062341 -0.00037621  0 -0  0 0 0 0  0.0391044  0.0319984 0.00110243  -0.0028222 -0.0432652 -0.0267837 0 0 0 0 0 0 1.23554
0.0611501  0.148224 0.0262609  -0.0068934  0.00402265 -0.00342239  0 -0  0 0 0 0  0.0113797 -0.0123292 -0.0524079  -0.0318434 -0.0125034  0.0182364 0 0 0 0 0 0 1.23949
-0.00235125    0.316089   0.0136571   -0.007022  0.00485316 -0.00288127  0 -0  0 0 0 0  0.0114059 0.00639878 -0.0151956  -0.0497838   0.062114 0.00682264 0 0 0 0 0 0 1.24049
  0.0988575     0.33268 -0.00334397 -0.00803782  0.00391069 -0.00557813  0 -0  0 0 0 0 -0.0201957 -0.0151182 -0.0557272     0.014476    0.033987 -0.00820577 0 0 0 0 0 0 1.24352
  0.132046   0.232762 -0.0331307 -0.0071955 0.00395056 -0.0014561  0 -0  0 0 0 0  0.00327968 -0.00785862   0.0211464     0.016506 -0.00713862  -0.0174173 0 0 0 0 0 0 1.24772
  0.124291   0.110284 -0.0984976 -0.00475028  0.00562066 -0.00121873  0 -0  0 0 0 0  0.0472775  0.0256722 0.00958177  -0.000971775   -0.0524375   -0.0346206 0 0 0 0 0 0 1.2507
   0.0508079     0.166231 -2.60651e-05 -0.00532387  0.00137632 -0.00380749  0 -0  0 0 0 0  0.0263126 -0.0498104 -0.0375509  -0.0235828 -0.0138521  0.0174083 0 0 0 0 0 0 1.2557
-0.0131777   0.327922 -0.0502808 -0.00568292  0.00282627 -0.00323645  0 -0  0 0 0 0   0.0169698 -0.00790784 -0.00579922  -0.0442088   0.056958 -0.0111399 0 0 0 0 0 0 1.2573
 0.0965547   0.277801 -0.0332694 -0.00710504   0.0015465 -0.00534116  0 -0  0 0 0 0 -0.0265261 -0.0309616 -0.0414683    0.0192066   0.0104953 -0.00437753 0 0 0 0 0 0 1.26014
  0.128772   0.200192 -0.0589834 -0.00669043  0.00279948 -0.00246282  0 -0  0 0 0 0 -0.00657214  0.00457415   0.0139669   0.0211861 -0.0147069  -0.012968 0 0 0 0 0 0 1.26331
 0.0902953   0.102936 -0.0776555 -0.00674555  0.00416864 -0.00163876  0 -0  0 0 0 0 -0.0071113  0.0271359  0.0231945  -0.0146923 -0.0482978 -0.0173433 0 0 0 0 0 0 1.26491
0.0140457 0.0853756 0.0178832 -0.00668275  0.00374554 -0.00253877  0 -0  0 0 0 0 -0.000803159    0.0132189  -0.00110895  -0.0387382 -0.0372119  0.0250049 0 0 0 0 0 0 1.26591
 -0.047727   0.179013 -0.0241111 -0.00698601  0.00415433   -0.001244  0 -0  0 0 0 0 -0.00158803   0.0166388   0.0292497   -0.0491887   0.0183518 -0.00208665 0 0 0 0 0 0 1.2673
-0.0273599   0.196176 -0.0230048 -0.00760107  0.00188288 -0.00146476  0 -0  0 0 0 0 -0.0163733 -0.0294448  0.0141595   -0.0167686   0.0137867 -0.00195249 0 0 0 0 0 0 1.26966
  0.135106    0.21133 -0.0237227   -0.0077735   0.00363015 -0.000282607  0 -0  0 0 0 0 -0.0115956 0.00813247  0.0260178    0.0415863   0.0122514 -0.00431495 0 0 0 0 0 0 1.27178
  0.151372   0.150468 -0.0453216  -0.0072237  0.00407326 -0.00033835  0 -0  0 0 0 0 0.00193921  0.0140944  0.0108268   0.0255428 -0.0202475 -0.0117185 0 0 0 0 0 0 1.27249
0.0866553  0.102284 0.0806154 -0.00532088  0.00427788 -0.00341793  0 -0  0 0 0 0   0.040818  0.0162442 -0.0619316  -0.0105176  -0.038266  0.0406869 0 0 0 0 0 0 1.27611
0.00376735   0.144902  0.0131768 -0.00449908  0.00364866 -0.00245634  0 -0  0 0 0 0  0.0401249 0.00252772 -0.0147111   -0.0468305 0.000285579 -0.00683761 0 0 0 0 0 0 1.27752
-0.0717502   0.226755 -0.0229839 -0.00581735 0.000975376 -0.00628984  0 -0  0 0 0 0 -0.00603229  -0.0443489  -0.0696117  -0.0467231  0.0195727 -0.0205407 0 0 0 0 0 0 1.28238
  0.115291   0.225053 -0.0553236 -0.00624432  0.00360591 -0.00249407  0 -0  0 0 0 0 -0.00757954   0.0122768  0.00417652   0.0264982  0.0111987 -0.0299342 0 0 0 0 0 0 1.28702
  0.143246   0.152219 -0.0929767  -0.00619934   0.00433463 -0.000427836  0 -0  0 0 0 0 -0.00744034   0.0208583   0.0377088    0.021801 -0.0187023 -0.0329618 0 0 0 0 0 0 1.28921
0.0664558  0.145626 0.0632133 -0.00632635  0.00290008 -0.00363819  0 -0  0 0 0 0 -0.00062553 -0.00664314  -0.0407237  -0.0122469 -0.0225985  0.0386757 0 0 0 0 0 0 1.29273
0.0050169  0.169082 0.0708321 -0.00634136  0.00493961 -0.00247772  0 -0  0 0 0 0  0.000757406    0.0294188 -1.82266e-05   -0.041158 0.00296792  0.0230239 0 0 0 0 0 0 1.29507
-0.0416289   0.279988 0.00968377 -0.00730201   0.0026459 -0.00586711  0 -0  0 0 0 0 -0.0205716 -0.0204632 -0.0532937  -0.0333038  0.0318104 -0.0151119 0 0 0 0 0 0 1.29928
 0.0885607   0.245509 -0.0250837 -0.00722988  0.00420275 -0.00257544  0 -0  0 0 0 0 -0.00849511   0.0119064  0.00954016   0.0191623  0.0114885 -0.0264391 0 0 0 0 0 0 1.30292
 0.101387  0.154038 -0.062432  -0.00824802   0.00559189 -0.000785984  0 -0  0 0 0 0 -0.0284306  0.0308972   0.034928  0.00978249 -0.0296355 -0.0321265 0 0 0 0 0 0 1.3054
0.0649171   0.15312 0.0193281 -0.00724734  0.00338316 -0.00386447  0 -0  0 0 0 0 0.00430396 -0.0122177 -0.0427377  0.00232674 -0.0222094  0.0142117 0 0 0 0 0 0 1.30932
0.0559625  0.138414  0.025413 -0.00524129  0.00416084 -0.00324585  0 -0  0 0 0 0  0.0398505 0.00535814 -0.0161859  -0.00731864 -0.00929951   0.0110729 0 0 0 0 0 0 1.31156
 0.0550531   0.200077 0.00569772 -0.00678283   0.0023779 -0.00236176  0 -0  0 0 0 0 -0.00929149   -0.027846  0.00563952  -0.00300716   0.0135935  -0.0058535 0 0 0 0 0 0 1.31408
  0.139152   0.211531 -0.0143362 -0.00697583  0.00307926 -0.00209869  0 -0  0 0 0 0   -0.010338 -0.00795189  0.00698007   0.0259979  0.0118219 -0.0145238 0 0 0 0 0 0 1.31485
  0.149044   0.147587 -0.0270256  -0.00738096   0.00454124 -0.000130688  0 -0  0 0 0 0 -0.016237 0.0202188 0.0373411   0.0114049 -0.0148462 -0.0150947 0 0 0 0 0 0 1.31734
0.0618557  0.147925 0.0982612 -0.00673389  0.00420012 -0.00265715  0 -0  0 0 0 0 0.00570707  0.0108689 -0.0264728  -0.0253062 -0.0126786  0.0379625 0 0 0 0 0 0 1.31997
0.0121768  0.246959 0.0727483  -0.0072888   0.0034967 -0.00285345  0 -0  0 0 0 0  -0.0029131 -0.00327181  -0.0130372  -0.0364975  0.0334961  0.0104624 0 0 0 0 0 0 1.32088
  0.002433   0.297491 0.00947486 -0.00774576   0.0023054 -0.00119107  0 -0  0 0 0 0 -0.0146256 -0.0226612  0.0189124  -0.0224156  0.0383163 -0.0216831 0 0 0 0 0 0 1.32298
   0.145979    0.292803 -0.00538989 -0.00887162  0.00324587 -0.00210405  0 -0  0 0 0 0  -0.0369586 -0.00247745 -0.00430134   0.0356053   0.017508 -0.0238721 0 0 0 0 0 0 1.32471
  0.152995   0.227407 -0.0645744 -0.00977085  0.00419509 -0.00106177  0 -0  0 0 0 0 -0.0424277  0.0150714  0.0136219   0.0142043 -0.0161174 -0.0398224 0 0 0 0 0 0 1.32638
0.0789451  0.166469 0.0380478 -0.00810693  0.00288246 -0.00382597  0 -0  0 0 0 0  0.00369528 -0.00835823  -0.0519523  -0.0196569 -0.0366974  0.0158717 0 0 0 0 0 0 1.32986
0.0340082  0.238831 0.0186525 -0.00663552  0.00396452 -0.00328075  0 -0  0 0 0 0  0.0309504  0.0131892 -0.0165825  -0.0366645  0.0194357 0.00269341 0 0 0 0 0 0 1.33177
-0.0301788   0.278745 -0.0280509 -0.00705661  0.00389794 -0.00251768  0 -0  0 0 0 0 0.00761563 0.00665251 0.00299131   -0.044233  0.0253649 -0.0196364 0 0 0 0 0 0 1.33264
 0.0852653   0.240474 -0.0315318 -0.00744254  0.00492593 -0.00267061  0 -0  0 0 0 0 -0.00771748   0.0181431 -0.00481303     0.0120977 -0.000615623   -0.0170408 0 0 0 0 0 0 1.33375
  0.123579   0.188229 -0.0736997 -0.00838911  0.00536404 -0.00011607  0 -0  0 0 0 0 -0.0262009  0.0181925   0.040014   0.0192369 -0.0174188  -0.027428 0 0 0 0 0 0 1.33651
 0.072745  0.149585 0.0165871  -0.0080105  0.00483474 -0.00283435  0 -0  0 0 0 0 -0.00704318  0.00537698  -0.0310508  -0.00519999  -0.0333666   0.0178213 0 0 0 0 0 0 1.33931
 0.0198583   0.121558 0.00667323 -0.00636003  0.00363266 -0.00255186  0 -0  0 0 0 0  0.0231917 -0.0142101 -0.0126727  -0.0301346 -0.0228866 0.00703938 0 0 0 0 0 0 1.34137
-0.0359249   0.183468 -0.0371755  -0.00672068   0.00292216 -0.000931598  0 -0  0 0 0 0 0.00783337 -0.0213304  0.0227618  -0.0406606   0.010387 -0.0152117 0 0 0 0 0 0 1.34317
  0.101484   0.165156 -0.0398416 -0.00657652  0.00238819  -0.0012997  0 -0  0 0 0 0 0.00417526 -0.0257516 0.00644814    0.0215106 -0.00200807  -0.0128813 0 0 0 0 0 0 1.34384
  0.146683   0.117381 -0.0643562 -0.00671612  0.00307204 0.000211102  0 -0  0 0 0 0 -0.00141246 -0.00481283   0.0277768   0.0275808 -0.0170217 -0.0174723 0 0 0 0 0 0 1.3455
  0.0840195    0.145351 -0.00192192 -0.00720764  0.00491143 -0.00280953  0 -0  0 0 0 0 -0.00321069   0.0294865  -0.0375358  -0.00868251 -0.00905874    0.012105 0 0 0 0 0 0 1.34907
 0.0204476   0.184867 0.00487033  -0.0065484  0.00364097 -0.00288948  0 -0  0 0 0 0  0.00988081 0.000446979  -0.0198371  -0.0349036  0.0146563 0.00944129 0 0 0 0 0 0 1.35051
-0.0177965   0.343937 -0.0245225 -0.00720519  0.00182987 -0.00154252  0 -0  0 0 0 0 -0.00505099  -0.0307494   0.0142271   -0.035652  0.0667806 -0.0068329 0 0 0 0 0 0 1.35286
  0.140617    0.31723 -0.0425922 -0.00844133  0.00279605 -0.00237347  0 -0  0 0 0 0  -0.0347513 -0.00670414 -0.00911619    0.033626  0.0279807 -0.0195543 0 0 0 0 0 0 1.35463
 0.187083  0.244627 -0.097018 -0.00934175  0.00422789 7.95977e-05  0 -0  0 0 0 0 -0.0416337  0.0199613  0.0319423    0.0325433 -0.00876365  -0.0343293 0 0 0 0 0 0 1.35761
  0.112085   0.179437 -0.0288975 -0.00816753   0.0048045 -0.00330912  0 -0  0 0 0 0 -0.00218665   0.0271144   -0.051724  -0.0101072 -0.0415987 0.00536223 0 0 0 0 0 0 1.36124
0.0380829  0.165942 0.0322465 -0.00589438  0.00276388  -0.0031235  0 -0  0 0 0 0  0.0382141 -0.0120956 -0.0257065  -0.0389072 -0.0172342  0.0272965 0 0 0 0 0 0 1.3643
 -0.0486335    0.203102 -0.00944324 -0.00518777  0.00106031  -0.0022083  0 -0  0 0 0 0  0.0351112 -0.0355187 0.00159605   -0.054633 0.00421323 -0.0037932 0 0 0 0 0 0 1.36636
  0.089635   0.294513 -0.0307869 -0.00603439  0.00184547 -0.00301894  0 -0  0 0 0 0 0.00171081 -0.0135647 -0.0150632    0.013607   0.027367 -0.0182365 0 0 0 0 0 0 1.36777
 0.157372  0.235008 -0.118053 -0.00661303   0.0041044 0.000844237  0 -0  0 0 0 0 -0.0137787  0.0302097  0.0529386     0.0301151 -0.000876394    -0.048251 0 0 0 0 0 0 1.37229
  0.101691   0.198681 -0.0306576 -0.00841189  0.00377921 -0.00296298  0 -0  0 0 0 0 -0.0374049  0.0169073 -0.0406608  0.00294299 -0.0313103 0.00329585 0 0 0 0 0 0 1.37651
0.0867133  0.201388 0.0450227 -0.00678799  0.00283313 -0.00253629  0 -0  0 0 0 0  0.00381966 -0.00281229  -0.0158416  -0.00493278 -0.00416638   0.0304539 0 0 0 0 0 0 1.37844
  0.0966755    0.249583 -0.00116342 -0.00652636  0.00311076 -0.00188249  0 -0  0 0 0 0 0.00698231 0.00335256 0.00229575  0.000155057    0.016126 -0.00365599 0 0 0 0 0 0 1.37919
   0.135183    0.278323 -0.00271254 -0.00732554  0.00300399 -0.00346311  0 -0  0 0 0 0  -0.0149213 -0.00170393  -0.0236995    0.0150537   0.0159805 -0.00547749 0 0 0 0 0 0 1.38097
  0.162396   0.223214 -0.0566487  -0.00829557   0.00402801 -0.000105514  0 -0  0 0 0 0 -0.0325277  0.0162676  0.0386724    0.0133407 -0.00441084  -0.0283021 0 0 0 0 0 0 1.38461
0.0635649  0.114765  0.014331 -0.00723398  0.00558527 -0.00158741  0 -0  0 0 0 0 -0.000818455    0.0400322  -0.00857511  -0.0385958 -0.0506728 0.00841281 0 0 0 0 0 0 1.38701
0.0280579  0.120422 0.0106397 -0.00649751  0.00420732 -0.00212393  0 -0  0 0 0 0  0.0140846 0.00597665 -0.0134889  -0.0308284 -0.0222583 0.00570429 0 0 0 0 0 0 1.38866
-0.0467444    0.27304 -0.0448996 -0.00661235  0.00307311 -0.00149735  0 -0  0 0 0 0  0.0111432 -0.0135291 0.00858027    -0.04832  0.0433316 -0.0189256 0 0 0 0 0 0 1.38996
  0.140794   0.252642 -0.0161474  -0.0078225  0.00326717 -0.00347742  0 -0  0 0 0 0 -0.0229056 -0.0108427  -0.031053    0.0358448    0.015847 -0.00468573 0 0 0 0 0 0 1.39229
  0.186805   0.155789 -0.0290487  -0.00808378    0.0042116 -4.67818e-05  0 -0  0 0 0 0 -0.0219523 0.00942439  0.0302177    0.0341914  -0.0189941 -0.00902846 0 0 0 0 0 0 1.39586
 0.120324 0.0973781  0.010995 -0.00468216  0.00672719 -0.00130631  0 -0  0 0 0 0   0.0509712   0.0519414 -0.00743331  -0.0155396 -0.0309678  0.0113436 0 0 0 0 0 0 1.40027
0.0628636  0.169007 0.0819768 -0.00567793  0.00395166 -0.00290077  0 -0  0 0 0 0   0.0203093 -0.00706742  -0.0263287  -0.0280552 0.00561161  0.0346701 0 0 0 0 0 0 1.40362
-0.00242419    0.293593  -0.0201972 -0.00549681  0.00393469 -0.00247782  0 -0  0 0 0 0   0.0175153 -0.00324182 -0.00582827  -0.0450613  0.0508918 -0.0253508 0 0 0 0 0 0 1.40408
 0.0980851   0.285237 -0.0543838  -0.0061589  0.00351512 -0.00403027  0 -0  0 0 0 0 -0.00896126  -0.0123755  -0.0321428   0.0100306   0.024307 -0.0293756 0 0 0 0 0 0 1.40582
 0.156941  0.199713 -0.119774 -0.00658496  0.00495963 0.000356232  0 -0  0 0 0 0 -0.0173993  0.0165527  0.0448987    0.027507 -0.0105583 -0.0463548 0 0 0 0 0 0 1.41046
  0.108305   0.086413 -0.0290863  -0.00539256   0.00625801 -0.000553906  0 -0  0 0 0 0  0.0126857  0.0351512 0.00506578  -0.00763903  -0.0530316  0.00988899 0 0 0 0 0 0 1.41244
0.0697115  0.142494  0.053269 -0.00659056  0.00376904   -0.002308  0 -0  0 0 0 0 -0.00735713    -0.01436  -0.0235019  -0.0143883 -0.0111569  0.0383371 0 0 0 0 0 0 1.41572
 0.0171343   0.174147 -0.0180219 -0.00607951  0.00421075  -0.0013688  0 -0  0 0 0 0   0.00394308 -0.000336739   0.00391416   -0.0333474  0.00838194 -0.00832662 0 0 0 0 0 0 1.41687
 0.0901843    0.22831 -0.0234641 -0.00674624  0.00302746 -0.00464495  0 -0  0 0 0 0 -0.0135914 -0.0227205 -0.0493055   0.00947613   0.0167557 -0.00853086 0 0 0 0 0 0 1.42042
  0.133304   0.188331 -0.0574086 -0.00754141  0.00363544 -0.00118004  0 -0  0 0 0 0   -0.026081 -0.00500649   0.0188638     0.0182891 -3.75214e-05   -0.0216091 0 0 0 0 0 0 1.42403
 0.0793835   0.132397 -0.0420591 -0.00630986  0.00459537 -0.00249036  0 -0  0 0 0 0 0.00751708  0.0152888 -0.0151165   -0.0162732  -0.0238212 -0.00563999 0 0 0 0 0 0 1.42607
0.0541791  0.138586 0.0172757  -0.0054133    0.001952 -0.00437447  0 -0  0 0 0 0  0.0230543 -0.0295352 -0.0487627  -0.0126817 -0.0126721  0.0213983 0 0 0 0 0 0 1.42943
-0.0158241   0.224323  -0.019987 -0.00570952  0.00278592 -0.00263655  0 -0  0 0 0 0   0.0113308 -0.00461153  0.00624096    -0.041916   0.0295916 -0.00410672 0 0 0 0 0 0 1.43138
  0.100474   0.217692 0.00805709 -0.00656916  0.00190073 -0.00404486  0 -0  0 0 0 0 -0.0141815 -0.0217877 -0.0215336   0.0173441  0.0117894 0.00512982 0 0 0 0 0 0 1.43326
   0.177117    0.223446 -0.00231334  -0.00809573   0.00428527 -0.000367469  0 -0  0 0 0 0 -0.0371287  0.0270933  0.0408582    0.0357327  0.00988608 -0.00429906 0 0 0 0 0 0 1.4379
  0.109899   0.152138 -0.0146739  -0.00542692   0.00505892 -0.000887166  0 -0  0 0 0 0 0.0261363 0.0354001 0.0121306   -0.017925 -0.0226005 -0.0069722 0 0 0 0 0 0 1.44072
0.0534529  0.191347 0.0480586 -0.00713427  0.00493632 -0.00248282  0 -0  0 0 0 0 -0.00777093   0.0225946  -0.0185913   -0.0307409 -0.00419081   0.0189751 0 0 0 0 0 0 1.44306
 0.0121109   0.269016 -0.0101175 -0.00665689  0.00435263  -0.0019017  0 -0  0 0 0 0 0.00448566 0.00691808 0.00206156  -0.0351732  0.0303133 -0.0120374 0 0 0 0 0 0 1.44402
 0.0782904   0.251977 -0.0151646 -0.00776323  0.00330637 -0.00484262  0 -0  0 0 0 0 -0.0243583 -0.0163874 -0.0476579  0.00788575 0.00650437 -0.0112195 0 0 0 0 0 0 1.44733
  0.167935    0.17288 -0.0399584  -0.0079793  0.00420587 -0.00107056  0 -0  0 0 0 0 -0.0180236 0.00376277  0.0207233   0.0347464 -0.0213801  -0.017428 0 0 0 0 0 0 1.45121
 0.127674  0.105974 -0.071652 -0.0054756 0.00504082 -0.0013653  0 -0  0 0 0 0  0.0365975  0.0203371 0.00525796  -0.00626507  -0.0389823  -0.0227329 0 0 0 0 0 0 1.45387
0.0524546  0.125753  0.078741 -0.00603642  0.00282471 -0.00365428  0 -0  0 0 0 0   0.020032 -0.0208647 -0.0383769  -0.0291186 -0.0201776   0.042709 0 0 0 0 0 0 1.4571
-0.029939   0.18616 0.0173761 -0.00516604   0.0027955 -0.00176656  0 -0  0 0 0 0  0.0294476 -0.0125662  0.0149229   -0.0544554    0.017389 -0.00214153 0 0 0 0 0 0 1.45918
0.0609201  0.226734 0.0185076 -0.00761868  0.00290113 -0.00365993  0 -0  0 0 0 0 -0.0343635 -0.0105463  -0.023188   0.00547127    0.015374 -0.00758612 0 0 0 0 0 0 1.46228
  0.113319   0.229622 -0.0468948 -0.00672964   0.0037958 -0.00126594  0 -0  0 0 0 0 0.000112428   0.0108155   0.0214047  0.0217025 0.0161109 -0.030377 0 0 0 0 0 0 1.46499
 0.102168  0.166758 -0.104719 -0.00601418  0.00451957 -0.00141662  0 -0  0 0 0 0 0.0122207 0.0209798 0.0069336  0.00307908 -0.0198686 -0.0419433 0 0 0 0 0 0 1.46602
 0.0328388   0.250775 -0.0155738 -0.00741916 0.000998376 -0.00443968  0 -0  0 0 0 0 -0.0106334  -0.040396  -0.047279  -0.0180018  0.0142598 0.00937696 0 0 0 0 0 0 1.47086
-0.0115403   0.357827  -0.030808 -0.00719849  0.00252622 -0.00273617  0 -0  0 0 0 0  0.00198297 -0.00122144  0.00559271    -0.0358648    0.0592666 -0.000202916 0 0 0 0 0 0 1.47316
 0.0833963   0.329816 -0.0373264 -0.00791229  0.00109353 -0.00377199  0 -0  0 0 0 0 -0.0199482 -0.0273474 -0.0166888    0.0182626   0.0208201 -0.00620594 0 0 0 0 0 0 1.47507
  0.148094   0.256359 -0.0326513 -0.00835524  0.00437843 -0.00153389  0 -0  0 0 0 0 -0.0204565  0.0403113   0.022154   0.0326726 -0.0101087 -0.0023651 0 0 0 0 0 0 1.47907
  0.106449   0.170875 -0.0449209 -0.00781765  0.00517326 -0.00190745  0 -0  0 0 0 0 -0.00434761   0.0430328  0.00539239  -0.00683115  -0.0436959 -0.00823491 0 0 0 0 0 0 1.4801
0.0983812  0.119817 0.0734853 -0.00624738   0.0037666 -0.00283356  0 -0  0 0 0 0  0.0250747 0.00771846 -0.0202884  0.000364132  -0.0420783   0.0410521 0 0 0 0 0 0 1.4824
 0.0664626   0.188847 0.00810249 -0.00634819  0.00469529 -0.00113207  0 -0  0 0 0 0 0.0157739 0.0219203 0.0244059   -0.0193528  0.00651878 -0.00557307 0 0 0 0 0 0 1.48434
  0.118723   0.255403 -0.0208338 -0.00757495  0.00332173 -0.00257103  0 -0  0 0 0 0  -0.0182351  -0.0125601 -0.00870394   0.0108581  0.0212073 -0.0176552 0 0 0 0 0 0 1.48668
 0.176727  0.208619 -0.070341 -0.00777792  0.00395272  0.00086283  0 -0  0 0 0 0 -0.0153731 0.00318519  0.0439889     0.0280625 -0.000990971   -0.0306047 0 0 0 0 0 0 1.49018
   0.16624   0.113348 -0.0742035 -0.00734131  0.00487914 0.000357652  0 -0  0 0 0 0 -0.00172433   0.0188778   0.0135259  0.00873303 -0.0440002  -0.020322 0 0 0 0 0 0 1.49132
 0.133495 0.0825684 0.0526687 -0.00508095  0.00447828 -0.00208179  0 -0  0 0 0 0  0.0423927 0.00794601 -0.0474842  -0.003324 -0.038839 0.0363073 0 0 0 0 0 0 1.49467
 0.105335  0.181224 0.0326858 -0.00552733  0.00388012 -0.00255999  0 -0  0 0 0 0   0.0229083 -0.00377642  -0.0318071  -0.0153656   0.015553  0.0111581 0 0 0 0 0 0 1.49556
  0.0729811     0.22778 -0.00645918 -0.00693675  0.00265456 -0.00547999  0 -0  0 0 0 0 -0.0182923 -0.0237399 -0.0667254  -0.0160673  0.0192085 -0.0135908 0 0 0 0 0 0 1.49902
  0.157578   0.228507 -0.0149827  -0.0080161  0.00383377 -0.00116961  0 -0  0 0 0 0 -0.0294093 0.00336396  0.0146133   0.0170102  0.0152812 -0.0113288 0 0 0 0 0 0 1.50362
  0.110521   0.160703 -0.0759669  -0.00748748   0.00361157 -0.000931814  0 -0  0 0 0 0   -0.0113238 -2.15954e-05     0.011677  -0.0199948 -0.0207134 -0.0330186 0 0 0 0 0 0 1.50424
0.0334562  0.141854 0.0447072 -0.00641722 0.000851516 -0.00370461  0 -0  0 0 0 0  0.0151272 -0.0422842  -0.053325  -0.0356975 -0.0242271   0.026344 0 0 0 0 0 0 1.5083
  -0.0200164     0.247996 -0.000176784 -0.00604908  0.00357939 -0.00324908  0 -0  0 0 0 0  0.0221413  0.0172835 -0.0192518   -0.0506887   0.0349183 -0.00359676 0 0 0 0 0 0 1.51109
   -0.01146    0.320007 -0.00580987 -0.00719027  0.00364851 -0.00539398  0 -0  0 0 0 0 -0.0112129 0.00926133 -0.0476342   -0.0206772   0.0386412 -0.00741694 0 0 0 0 0 0 1.51352
 0.0895628   0.230053 -0.0309085 -0.00641291   0.0047847  -0.0030697  0 -0  0 0 0 0  0.00749407   0.0249913 -0.00136231   0.0190675 -0.0022882 -0.0165893 0 0 0 0 0 0 1.51622
  0.109388   0.166788 -0.0904698 -0.00630811  0.00534851 -0.00137236  0 -0  0 0 0 0 0.00326711  0.0258539  0.0291596   0.0123542 -0.0242285 -0.0348382 0 0 0 0 0 0 1.51801
0.0487409  0.137142  0.037744 -0.00645756  0.00338782 -0.00323964  0 -0  0 0 0 0  0.0029568 -0.0126169 -0.0202133  -0.0135778 -0.0326223  0.0271513 0 0 0 0 0 0 1.52072
0.00332279   0.116782 -0.0121252 -0.00628238   0.0045967 -0.00160133  0 -0  0 0 0 0 0.00296162  0.0123044  0.0210602   -0.0348679  -0.0206803 -0.00669271 0 0 0 0 0 0 1.52276
 0.0303321   0.180593 -0.0260141  -0.0071021  0.00311581 -0.00122798  0 -0  0 0 0 0 -0.0141734 -0.0190944  0.0206462  -0.00712939  0.00833135  -0.0100628 0 0 0 0 0 0 1.5245
   0.13649   0.198781 -0.0450024  -0.00750708    0.0038607 -7.90884e-05  0 -0  0 0 0 0   -0.015989 -0.00154227   0.0302962    0.029202  0.0105076 -0.0154935 0 0 0 0 0 0 1.52593
  0.149732   0.137654 -0.0815176 -0.00730046  0.00464503 0.000123291  0 -0  0 0 0 0 -0.00697571   0.0128994   0.0190942   0.0171791 -0.0201425 -0.0241113 0 0 0 0 0 0 1.52676
 0.112901  0.119234 0.0393953 -0.00525716  0.00544067 -0.00265643  0 -0  0 0 0 0 0.0377317 0.0240314 -0.050755  -0.00213965  -0.0214749     0.03266 0 0 0 0 0 0 1.5303
0.0659381  0.175394   0.03502 -0.00466935  0.00612656 -0.00220964  0 -0  0 0 0 0   0.035945  0.0285525 -0.0167564  -0.027769 0.0155052 0.0154435 0 0 0 0 0 0 1.53131
-0.0641734   0.213897 -0.0500268 -0.00539738  0.00442141 -0.00190673  0 -0  0 0 0 0  0.00153232  -0.0103014 -0.00428662  -0.0624346  0.0209743 -0.0288742 0 0 0 0 0 0 1.53319
  0.139438   0.261886 -0.0520255 -0.00621809  0.00542546 -0.00156234  0 -0  0 0 0 0  -0.0168303  0.00590579 -0.00274046   0.0254578  0.0255912 -0.0226643 0 0 0 0 0 0 1.53453
  0.171738   0.191882 -0.0865644  -0.00708295   0.00557496 -0.000418886  0 -0  0 0 0 0 -0.0306134 0.00573936  0.0144748   0.0246758 -0.0144933 -0.0275466 0 0 0 0 0 0 1.53597
 0.101403  0.169244 0.0302341 -0.00687883  0.00505197 -0.00427102  0 -0  0 0 0 0  -0.0110592 -0.00238993  -0.0717121  -0.0117112 -0.0278625  0.0276381 0 0 0 0 0 0 1.53986
 0.032258  0.194229 0.0474904 -0.00488748   0.0036321 -0.00402394  0 -0  0 0 0 0  0.0285066 -0.0230419 -0.0376695  -0.0424475 0.00551516  0.0245804 0 0 0 0 0 0 1.54232
-0.0722035   0.245101 -0.0250752 -0.00563772  0.00223209 -0.00426847  0 -0  0 0 0 0 -0.00163454  -0.0365374  -0.0253773  -0.0583174  0.0184042 -0.0187751 0 0 0 0 0 0 1.54393
 0.0686441   0.238313 -0.0321625 -0.00616534  0.00294992 -0.00422458  0 -0  0 0 0 0 -0.0145844 -0.0168959 -0.0227112   0.0112856 0.00584775 -0.0201924 0 0 0 0 0 0 1.54482
  0.113472   0.179974 -0.0714829 -0.00665708  0.00270809 -0.00268403  0 -0  0 0 0 0 -0.0207364 -0.0153629  0.0100111   0.0231202 -0.0167106 -0.0264452 0 0 0 0 0 0 1.54646
 0.0716768   0.191793 0.00590469  -0.0075826  0.00249198 -0.00525895  0 -0  0 0 0 0 -0.0259999 -0.0136177 -0.0429827  -0.000581473   -0.0131181    0.0120597 0 0 0 0 0 0 1.5492
 0.0600574   0.278141 0.00213713 -0.00600731  0.00436022 -0.00417349  0 -0  0 0 0 0    0.013807   0.0223464 -0.00200353  -0.0127622  0.0414528 0.00761224 0 0 0 0 0 0 1.55188
0.00267051   0.372205 -0.0187008 -0.00630587  0.00343196 -0.00418348  0 -0  0 0 0 0 0.000746693 -0.00166248 -0.00016468   -0.0267564   0.0532124 -0.00539768 0 0 0 0 0 0 1.55285
 0.115319  0.295313 -0.029681 -0.00692489  0.00468045 -0.00398107  0 -0  0 0 0 0  -0.0200181   0.0172739 -0.00263928   0.0232861 0.00528356 -0.0150246 0 0 0 0 0 0 1.55426
  0.141447   0.164122 -0.0757627  -0.006954 0.00449194 -0.0021852  0 -0  0 0 0 0 -0.0182083 0.00790862  0.0239502   0.0211371  -0.045507 -0.0279182 0 0 0 0 0 0 1.55606
 0.0987673   0.156238 -0.0354058 -0.00650852  0.00452287 -0.00429818  0 -0  0 0 0 0 0.000387518  0.00774113   -0.025695  -0.00285032  -0.0344851 -0.00119415 0 0 0 0 0 0 1.55822
 0.0586118   0.187552 -0.0295628  -0.0052506  0.00447241 -0.00305768  0 -0  0 0 0 0  0.0240505 0.00527975  0.0122928  -0.0237425 0.00357928 0.00204991 0 0 0 0 0 0 1.55999
-0.0671095   0.326094 -0.0816128 -0.00581323  0.00365822 -0.00261806  0 -0  0 0 0 0  0.00469615 -0.00906183   0.0197341  -0.0611165  0.0495152 -0.0206029 0 0 0 0 0 0 1.56107
  0.130616   0.319849 -0.0599915  -0.0073131  0.00408892 -0.00275238  0 -0  0 0 0 0  -0.0338713 -0.00523702  0.00436713   0.0302928  0.0252618 -0.0110574 0 0 0 0 0 0 1.56264
 0.174063  0.242125 -0.109731  -0.00797959   0.00446619 -0.000908241  0 -0  0 0 0 0 -0.0368212  0.0030228  0.0296767   0.0313879 -0.0139922  -0.027054 0 0 0 0 0 0 1.56464
0.0980277  0.123578 0.0250723 -0.00604406  0.00602427 -0.00362611  0 -0  0 0 0 0  0.0132053  0.0311541 -0.0416092  -0.0123833 -0.0608067  0.0334901 0 0 0 0 0 0 1.56832
0.0271117  0.144669 0.0432697 -0.00481833  0.00358712  -0.0032144  0 -0  0 0 0 0  0.0297324 -0.0157559 -0.0102134  -0.0377428 -0.0165217  0.0256085 0 0 0 0 0 0 1.57108
 -0.120807   0.203077 -0.0190003 -0.00515003  0.00293034 -0.00207778  0 -0  0 0 0 0  0.0106531 -0.0195572  0.0163322  -0.0788482  0.0105945 -0.0148677 0 0 0 0 0 0 1.57243
 0.0674264   0.260782 -0.0423579 -0.00607627  0.00460888 -0.00366756  0 -0  0 0 0 0 -0.0158992  0.0105183 -0.0174737   0.0152167  0.0198323 -0.0264653 0 0 0 0 0 0 1.57492
  0.159533   0.201815 -0.0892184  -0.00682015   0.00527587 -0.000636342  0 -0  0 0 0 0 -0.0279488   0.016908  0.0359887    0.0448804 -0.00717105   -0.033948 0 0 0 0 0 0 1.57812
 0.0669129   0.204811 0.00556091 -0.00767773  0.00439424 -0.00464989  0 -0  0 0 0 0    -0.02741 0.000183882  -0.0511722  -0.00788928  -0.0146795   0.0154911 0 0 0 0 0 0 1.58231
 0.0260512   0.190884 0.00654819 -0.00525606  0.00362207 -0.00435214  0 -0  0 0 0 0  0.0230243 -0.0104131 -0.0288359   -0.0273942 -0.00239073   0.0104929 0 0 0 0 0 0 1.58487
-0.0026242    0.30384  -0.040786 -0.00569215  0.00438384 -0.00329797  0 -0  0 0 0 0  0.0075064 0.00585772 0.00339296  -0.0274879  0.0395997 -0.0143506 0 0 0 0 0 0 1.58624
  0.127048    0.29034 -0.0485006 -0.00650586  0.00505939 -0.00427228  0 -0  0 0 0 0 -0.0173442  0.0119747 -0.0170826   0.0285318  0.0165342 -0.0150913 0 0 0 0 0 0 1.58768
 0.157097  0.221808 -0.055753 -0.00679848  0.00424842 -0.00175394  0 -0  0 0 0 0  -0.0209592 -0.00715157   0.0299808   0.0243539 -0.0126612 -0.0125657 0 0 0 0 0 0 1.59034
0.0678588   0.18983 0.0536359 -0.00735198  0.00421316 -0.00478168  0 -0  0 0 0 0  -0.0189547 -0.00324925  -0.0396033  -0.0217435 -0.0288862  0.0329997 0 0 0 0 0 0 1.59342
0.0469487  0.199856 0.0525972 -0.00643124  0.00419372 -0.00455444  0 -0  0 0 0 0  0.00359934 -0.00177861  -0.0189888   -0.0234667 -0.00452421   0.0197099 0 0 0 0 0 0 1.59437
-0.0658844   0.327314 -0.0226243 -0.00610967  0.00455502 -0.00310042  0 -0  0 0 0 0  0.0114804 0.00675567  0.0188436  -0.0623951  0.0481733 -0.0193589 0 0 0 0 0 0 1.5959
  0.134254   0.289114 -0.0300811  -0.0075351  0.00434007 -0.00164773  0 -0  0 0 0 0  -0.0283656 -0.00423862   0.0274353   0.0299059  0.0162072 -0.0213964 0 0 0 0 0 0 1.59795
  0.200895     0.2246 -0.0797035 -0.00792747   0.0046099 0.000829845  0 -0  0 0 0 0 -0.0274108  0.0017439  0.0550852   0.0414935 -0.0133032 -0.0318474 0 0 0 0 0 0 1.60047
   0.12325   0.161426 -0.0167043 -0.00610998   0.0061752 -0.00234729  0 -0  0 0 0 0  0.0197728  0.0310095 -0.0297934  -0.00908312   -0.039508   0.0058001 0 0 0 0 0 0 1.60445
0.0474889  0.208735 0.0357364 -0.00612572  0.00318502  -0.0029607  0 -0  0 0 0 0  0.0145807 -0.0253747 -0.0212047    -0.0374285 -0.000956027     0.024504 0 0 0 0 0 0 1.60751
-0.0527235   0.265902 -0.0212433 -0.00556485  0.00391302  -0.0021538  0 -0  0 0 0 0   0.0221122 -0.00347901  0.00336631  -0.0658595  0.0235699  -0.010532 0 0 0 0 0 0 1.60873
  0.122868   0.279359 -0.0437511  -0.0065862  0.00388127 -0.00363346  0 -0  0 0 0 0  -0.0131773 -0.00691262   -0.026068   0.0213157   0.014079 -0.0201798 0 0 0 0 0 0 1.61053
  0.180957   0.179444 -0.0572618  -0.00762208   0.00483325 -0.000318845  0 -0  0 0 0 0 -0.0329668  0.0100024  0.0320834    0.030358 -0.0268564  -0.019377 0 0 0 0 0 0 1.61413
  0.104812   0.152653 -0.0123763  -0.0065319  0.00593233 -0.00327959  0 -0  0 0 0 0 0.00364882  0.0290393 -0.0364307  -0.0144306 -0.0323671 0.00715461 0 0 0 0 0 0 1.61747
0.0408313  0.201955 0.0660157 -0.00632652  0.00295458 -0.00427293  0 -0  0 0 0 0  0.0075224 -0.0267913 -0.0349202  -0.0333218 0.00532751  0.0355686 0 0 0 0 0 0 1.62061
0.00819457   0.258123  0.0097698 -0.00551876  0.00432838 -0.00270305  0 -0  0 0 0 0   0.021146 0.00525127 0.00697048   -0.0372973   0.0295241 -0.00217728 0 0 0 0 0 0 1.62285
 0.0577221   0.228376 -0.0350813 -0.00553127   0.0044572 -0.00568951  0 -0  0 0 0 0 0.00417627  0.0033382 -0.0443989  -6.23302e-05    0.0031459   -0.0226094 0 0 0 0 0 0 1.62584
  0.144368   0.202099 -0.0595879 -0.00645267  0.00304394 -0.00238417  0 -0  0 0 0 0 -0.0179449 -0.0256542  0.0198652    0.0353924 -0.00546693  -0.0225043 0 0 0 0 0 0 1.62955
  0.106411   0.176674 -0.0342986 -0.00678521  0.00472259 -0.00392167  0 -0  0 0 0 0 -0.0150277  0.0120815 -0.0169539  2.81624e-05  -0.0193754  -0.0049783 0 0 0 0 0 0 1.63185
 0.0772902   0.200784 0.00296405 -0.00644805  0.00240916 -0.00475564  0 -0  0 0 0 0 -0.0031978 -0.0277609 -0.0241355   -0.0105462 0.000909776   0.0123998 0 0 0 0 0 0 1.63433
-0.0124409   0.329578 -0.0599998 -0.00650764  0.00399057 -0.00307033  0 -0  0 0 0 0 0.00141478 0.00962329   0.020996  -0.0490653  0.0538349 -0.0184181 0 0 0 0 0 0 1.63665
  0.115557   0.329789 -0.0384281 -0.00773669   0.0048719 -0.00349551  0 -0  0 0 0 0 -0.0270411   0.016587 0.00239087    0.0153142   0.0288603 -0.00519603 0 0 0 0 0 0 1.63822
  0.165662   0.261702 -0.0623159 -0.00843193  0.00439454 -0.00112694  0 -0  0 0 0 0 -0.0350541  0.0014276  0.0357561    0.0311752 -0.00626149  -0.0134153 0 0 0 0 0 0 1.64073
  0.111507   0.151762 -0.0669694  -0.0058764  0.00569637 -0.00206191  0 -0  0 0 0 0   0.0250451   0.0268423 -0.00194278   -0.0116774  -0.0515192 -0.00944716 0 0 0 0 0 0 1.64375
 0.0467196   0.168811 0.00226754 -0.00549751  0.00366247 -0.00301193  0 -0  0 0 0 0  0.0248162 -0.0127357  -0.014138  -0.0306298 -0.0202252  0.0204686 0 0 0 0 0 0 1.64603
-0.0484669   0.320907 -0.0399483 -0.00654885  0.00438484 -0.00145942  0 -0  0 0 0 0 0.00173142 0.00453385  0.0269863   -0.0609344   0.0465286 -0.00732432 0 0 0 0 0 0 1.64803
   0.160001    0.326332 -0.00141294 -0.00794225   0.0043863 -0.00182724  0 -0  0 0 0 0   -0.032099 -0.00328945  0.00544153   0.0371671  0.0257846 0.00573584 0 0 0 0 0 0 1.64948
  0.219843   0.232771 -0.0481099 -0.00841716  0.00454668 0.000837511  0 -0  0 0 0 0  -0.0339418 0.000973095   0.0418927   0.0437186 -0.0167417 -0.0184495 0 0 0 0 0 0 1.65219
  0.137492  0.0710334 -0.0277654 -0.00614765  0.00570896 -0.00152322  0 -0  0 0 0 0  0.0215915  0.0243515 -0.0264717   -0.0144123  -0.0853636 -0.00347855 0 0 0 0 0 0 1.65566
 0.055918  0.111283 0.0496958 -0.00500109  0.00281446 -0.00310215  0 -0  0 0 0 0  0.0354832 -0.0272724 -0.0373711  -0.0381721 -0.0252286  0.0272754 0 0 0 0 0 0 1.65915
 -0.034363   0.182861 -0.0077915 -0.00501393  0.00376855 -0.00172121  0 -0  0 0 0 0   0.0260453 -0.00148589  0.00560929  -0.0653994  0.0145822 -0.0108789 0 0 0 0 0 0 1.66083
  0.107496   0.308125 -0.0238155 -0.00634158  0.00434922 -0.00556898  0 -0  0 0 0 0 -0.0141059 0.00359354  -0.060093   0.0141556   0.041606 -0.0175151 0 0 0 0 0 0 1.66494
  0.182687   0.252733 -0.0359191 -0.00720644   0.0042762 -0.00118312  0 -0  0 0 0 0    -0.028546 -0.000266298    0.0224754   0.0373822 0.00850039 -0.0146925 0 0 0 0 0 0 1.66941
  0.119114   0.170376 -0.0553098 -0.00608565  0.00480084 -0.00253404  0 -0  0 0 0 0 0.00212084  0.0115436  -0.013723  -0.0122751 -0.0344057 -0.0178564 0 0 0 0 0 0 1.67125
0.0486424  0.236343 0.0369369 -0.00620271  0.00452343 -0.00443025  0 -0  0 0 0 0 0.00391161 0.00419261 -0.0399909   -0.033067 0.00765412  0.0241174 0 0 0 0 0 0 1.67317
-0.0113778    0.38355 -0.0303846 -0.00662723  0.00586035 -0.00272982  0 -0  0 0 0 0 -0.0018268  0.0272575  0.0111848  -0.0507264  0.0653133 -0.0147097 0 0 0 0 0 0 1.67537
   0.119318    0.305038 -0.00692085 -0.00654062  0.00446405 -0.00548277  0 -0  0 0 0 0 -0.00753301  -0.0111806  -0.0412222    0.0214618  0.00885803 -0.00101189 0 0 0 0 0 0 1.67846
  0.168155   0.187839 -0.0180855 -0.00750781  0.00499465 -0.00248365  0 -0  0 0 0 0 -0.0292843 0.00123298  0.0124406    0.0322243  -0.0348258 -0.00759282 0 0 0 0 0 0 1.68165
  0.09336  0.126959 0.0141525 -0.00678795  0.00552854 -0.00305159  0 -0  0 0 0 0 -0.00387643   0.0116239 0.000662637  -0.0224398 -0.0432669   0.007525 0 0 0 0 0 0 1.68271
0.0589993  0.133404 0.0553334 -0.00645829  0.00544345 -0.00342944  0 -0  0 0 0 0   0.0052704  0.00734365 -0.00508182  -0.0252025 -0.0188718  0.0207694 0 0 0 0 0 0 1.68322
 -0.0363052    0.232196 0.000971637 -0.00585163  0.00450618 -0.00163844  0 -0  0 0 0 0    0.017219 -0.00806503   0.0361812   -0.0577131   0.0319792 -0.00964135 0 0 0 0 0 0 1.68533
  0.11278  0.247116 0.0093519 -0.00614761  0.00341682 -0.00349734  0 -0  0 0 0 0 -0.000246013   -0.0284977   -0.0105513    0.0223717   0.0191745 -0.00535958 0 0 0 0 0 0 1.68751
  0.200447   0.187549 -0.0194972 -0.00733909  0.00493808 0.000161348  0 -0  0 0 0 0 -0.0263021 0.00585403  0.0448414   0.0447703 -0.0111629 -0.0189271 0 0 0 0 0 0 1.69165
  0.145617   0.103019 -0.0487552  -0.00384137   0.00456302 -0.000843638  0 -0  0 0 0 0  0.0486301 0.00261267 0.00589223  -0.00549462  -0.0388674  -0.0204996 0 0 0 0 0 0 1.6953
0.0853795  0.143116 0.0619711 -0.00532677  0.00436186 -0.00253681  0 -0  0 0 0 0    0.012158 -0.00218856  -0.0225258  -0.0252701 -0.0119559  0.0285808 0 0 0 0 0 0 1.69757
  -0.0118933     0.262143 -0.000218207  -0.00537184   0.00393185 -0.000755161  0 -0  0 0 0 0  0.00831721 -0.00640461   0.0255037  -0.0568495  0.0412194 -0.0103602 0 0 0 0 0 0 1.6994
 0.0769543   0.264926 -0.0109356 -0.00680925  0.00347974 -0.00554715  0 -0  0 0 0 0 -0.0311239 -0.0164995 -0.0633577  0.00617861  0.0170513 -0.0159823 0 0 0 0 0 0 1.70442
  0.147735   0.216394 -0.0722684 -0.00712309  0.00423284  -0.0026508  0 -0  0 0 0 0  -0.0265447  0.00161485 -0.00575558    0.0243851 -0.00501933  -0.0378009 0 0 0 0 0 0 1.70743
 0.119336  0.131676 -0.112409 -0.00521079  0.00485527 -0.00299451  0 -0  0 0 0 0  0.0187117   0.013939 -0.0137279  -0.00476813  -0.0344146  -0.0360194 0 0 0 0 0 0 1.70947
 0.0709724   0.199669 -0.0243474    -0.00559   0.0024065 -0.00505941  0 -0  0 0 0 0 0.00990794 -0.0287965 -0.0429662  -0.0157663 0.00554962  0.0120305 0 0 0 0 0 0 1.7127
-0.0261838   0.396003 -0.0351353 -0.00581548  0.00434021 -0.00303733  0 -0  0 0 0 0 0.0103253 0.0152136 0.0188715  -0.0565093   0.083834 0.00362905 0 0 0 0 0 0 1.7155
  0.066096   0.350908 -0.0147021 -0.00692979  0.00329252 -0.00549532  0 -0  0 0 0 0  -0.025782 -0.0134612 -0.0321753  0.00701029  0.0280202 0.00303552 0 0 0 0 0 0 1.7184
  0.109795   0.236334 -0.0284154 -0.00619643  0.00386209 -0.00192992  0 -0  0 0 0 0 -0.00343804  0.00200771   0.0270004    0.0169531  -0.0162327 -0.00419647 0 0 0 0 0 0 1.72208
  0.126954   0.108643 -0.0536952 -0.00471082  0.00375634 -0.00175503  0 -0  0 0 0 0   0.0240504 0.000779813   0.0120275   0.0156994 -0.0613336 -0.0115074 0 0 0 0 0 0 1.72358
0.0854908  0.191536 0.0684011 -0.00605357  0.00135097 -0.00441382  0 -0  0 0 0 0 -0.000952478   -0.0373418   -0.0348221  0.000312669 -0.00743017   0.0393425 0 0 0 0 0 0 1.72741
  0.0390438     0.36706 -0.00316225 -0.00641339  0.00358335 -0.00185017  0 -0  0 0 0 0 -0.00123765   0.0124937   0.0340299   -0.0299179   0.0704028 -0.00686648 0 0 0 0 0 0 1.73083
 0.0622178   0.305148 -0.0536626  -0.0068328  0.00300045 -0.00297362  0 -0  0 0 0 0   -0.0183586  -0.00349736 -0.000365304  -0.00399179   0.0172726  -0.0268463 0 0 0 0 0 0 1.73216
  0.151828     0.2112 -0.0561185 -0.00672632  0.00472097 -0.00189181  0 -0  0 0 0 0 -0.0112581  0.0259747  0.0132313   0.0267693 -0.0201053  -0.017287 0 0 0 0 0 0 1.7342
  0.177875   0.107316 -0.0843218  -0.00699746    0.0046445 -0.000798995  0 -0  0 0 0 0 -0.0151647  0.0155179  0.0245681   0.0229698 -0.0519283 -0.0211006 0 0 0 0 0 0 1.73533
0.0972747  0.108771  0.062202 -0.00526146   0.0055262 -0.00303121  0 -0  0 0 0 0  0.0260321  0.0272768 -0.0307349  -0.0199615 -0.0318574  0.0407537 0 0 0 0 0 0 1.73829
0.0245141  0.193162 0.0208433 -0.00521579  0.00616906 -0.00187432  0 -0  0 0 0 0  0.0198112   0.030133 0.00936146  -0.0458423  0.0184611 0.00398784 0 0 0 0 0 0 1.73961
 0.0232824   0.303913 -0.0240479 -0.00641979  0.00341352 -0.00416235  0 -0  0 0 0 0 -0.0163164 -0.0290839 -0.0311256  -0.0193026  0.0410101 -0.0189212 0 0 0 0 0 0 1.74339
   0.16926   0.240099 -0.0331408 -0.00719899   0.0045545 -0.00143135  0 -0  0 0 0 0  -0.0277304 -0.00448421    0.014795   0.0333037 0.00332019 -0.0199823 0 0 0 0 0 0 1.74645
  0.151843   0.129439 -0.0823966 -0.00667691  0.00423973 -0.00110039  0 -0  0 0 0 0  -0.0098713 -0.00687956   0.0104027  0.00385976 -0.0436991 -0.0319152 0 0 0 0 0 0 1.74715
0.0852584  0.131802 0.0190703 -0.00547667  0.00451113 -0.00450375  0 -0  0 0 0 0  0.0214198 0.00240332 -0.0633633  -0.0197847 -0.0282341  0.0201638 0 0 0 0 0 0 1.75077
 0.00282927    0.153916 0.000518494 -0.00470917  0.00488058 -0.00325309  0 -0  0 0 0 0    0.02875 0.00939157 -0.0133442    -0.0546006 -0.000321529   0.00318648 0 0 0 0 0 0 1.75228
-0.0150069   0.275619 -0.0195825 -0.00617981  0.00239965 -0.00573625  0 -0  0 0 0 0 -0.0133967 -0.0378459 -0.0471646    -0.030481   0.0335238 -0.00881357 0 0 0 0 0 0 1.75608
  0.115802    0.28094 -0.0638587 -0.00627085  0.00326471 -0.00224709  0 -0  0 0 0 0 -0.00773753  -0.0128101   0.0162068   0.0214546  0.0242162 -0.0276317 0 0 0 0 0 0 1.75968
 0.115686  0.196577 -0.124609 -0.00605592  0.00274743 -0.00208532  0 -0  0 0 0 0 -0.00438212  -0.0166343  0.00845734  0.00882392  -0.023984 -0.0406059 0 0 0 0 0 0 1.76026
  0.086673   0.185138 -0.0194086 -0.00521804  0.00243228 -0.00542803  0 -0  0 0 0 0  0.0182616 -0.0145362 -0.0663385  3.39308e-05   -0.023175   0.0168676 0 0 0 0 0 0 1.76372
 0.041165  0.164389 -0.034096 -0.00365817   0.0037537 -0.00429715  0 -0  0 0 0 0  0.0406202  0.0131759 -0.0200904  -0.0294443 -0.0122972 0.00289427 0 0 0 0 0 0 1.76606
0.00743369   0.213309 -0.0393378 -0.00484634  0.00201285 -0.00519765  0 -0  0 0 0 0 -0.00192535  -0.0228612  -0.0268315   -0.0255151  0.00605016 -0.00330484 0 0 0 0 0 0 1.76835
  0.118327   0.193099 -0.0722029 -0.0053229 0.00396833  -0.002769  0 -0  0 0 0 0 -0.00930879   0.0178952   0.0143013    0.0177576 -0.00285931   -0.019504 0 0 0 0 0 0 1.77151
 0.109204  0.150798 -0.106284 -0.00565152  0.00406514 -0.00168511  0 -0  0 0 0 0 -0.0139553  0.0132327  0.0283718  0.000410553  -0.0173996   -0.025448 0 0 0 0 0 0 1.77264
0.0421735  0.104634 0.0603983 -0.00555969   0.0039313 -0.00212069  0 -0  0 0 0 0 -0.00601717  0.00710893  0.00690992  -0.0265422 -0.0288004  0.0470749 0 0 0 0 0 0 1.77311
0.00996428   0.172808   0.006633 -0.00544594  0.00527899 -0.00130494  0 -0  0 0 0 0 0.000660134   0.0281573   0.0242509  -0.0334719   0.015257 0.00442002 0 0 0 0 0 0 1.77469
-0.0168421   0.300654 -0.0270523  -0.00727852    0.0040611 -0.000841361  0 -0  0 0 0 0   -0.035597 -0.00390067   0.0245335   -0.026785  0.0496367 -0.0137609 0 0 0 0 0 0 1.77694
  0.148727   0.278247 -0.0411914 -0.00873261  0.00547228 -0.00168621  0 -0  0 0 0 0   -0.0575695    0.0177849 -0.000584244    0.038966  0.0198569 -0.0194197 0 0 0 0 0 0 1.77913
   0.18733   0.227874 -0.0986855 -0.00902032  0.00581751 -0.00090628  0 -0  0 0 0 0 -0.0429673  0.0182731  0.0104564   0.0332536 -0.0075302 -0.0342417 0 0 0 0 0 0 1.78003
 0.127793  0.140997 0.0506037 -0.00610918  0.00571519 -0.00367359  0 -0  0 0 0 0  0.0265854  0.0139472 -0.0601775  -0.00468766   -0.041613   0.0371451 0 0 0 0 0 0 1.78405
0.0293899   0.18997 0.0465104 -0.00557619  0.00436674 -0.00320957  0 -0  0 0 0 0  0.0267383  -0.010184 -0.0197557  -0.0521077  0.0021193  0.0182663 0 0 0 0 0 0 1.78557
 -0.0264215    0.194324 -0.00672074 -0.00588568  0.00271824 -0.00288389  0 -0  0 0 0 0  0.00506496  -0.0339683 -0.00749889  -0.0459331 0.00208553 -0.0144364 0 0 0 0 0 0 1.78728
   0.10134   0.252832 -0.0437878 -0.00590621  0.00419771 -0.00263614  0 -0  0 0 0 0   0.00530336 -0.000179903  -0.00394324   0.0109503  0.0185873 -0.0287794 0 0 0 0 0 0 1.78878
 0.102083  0.155771 -0.115704 -0.00602788  0.00415153 -0.00171475  0 -0  0 0 0 0  -0.00371736 -0.000884768   0.00991777  0.00255655 -0.0289415 -0.0454198 0 0 0 0 0 0 1.78971
 0.0963329   0.159187 -0.0373121  -0.0050538  0.00309457 -0.00489281  0 -0  0 0 0 0  0.0205036 -0.0166435 -0.0619343   0.0111447 -0.0213197 0.00373511 0 0 0 0 0 0 1.7932
 0.0638988   0.296165 -0.0126362 -0.00535053   0.0040836 -0.00519081  0 -0  0 0 0 0  0.0137031 0.00496255 -0.0348641  -0.0141819  0.0481529  0.0124703 0 0 0 0 0 0 1.79427
 0.0417887   0.348178 -0.0206333 -0.00619733  0.00390338 -0.00500466  0 -0  0 0 0 0   -0.0105593 -0.000787252   -0.0186678   -0.0154571   0.0432789 0.000831642 0 0 0 0 0 0 1.79516
 0.105397  0.339471 -0.030672 -0.00738341  0.00434603 -0.00478915  0 -0  0 0 0 0 -0.0365434 0.00421835 -0.0144806   0.0130518  0.0222257 -0.0100495 0 0 0 0 0 0 1.79644
  0.108727   0.211677 -0.0739283 -0.00769946  0.00331875 -0.00294527  0 -0  0 0 0 0 -0.0349254 -0.0148277  0.0180887  0.00376286 -0.0353216 -0.0237862 0 0 0 0 0 0 1.79858
0.0557018  0.168127 0.0270493 -0.00706944  0.00297658 -0.00522334  0 -0  0 0 0 0 -0.00847251  -0.0143205  -0.0359161  -0.0146186 -0.0422536  0.0237259 0 0 0 0 0 0 1.80097
0.0389341  0.145478 -0.016335 -0.00454834  0.00357265 -0.00361539  0 -0  0 0 0 0    0.037887 0.000951424  0.00876519   -0.0222067  -0.0208142 -0.00137819 0 0 0 0 0 0 1.80402
 0.0419876   0.209148 -0.0587082 -0.00489637   0.0034207 -0.00248654  0 -0  0 0 0 0   0.0150261 -0.00278635   0.0250835  -0.0102942 0.00914347 -0.0188108 0 0 0 0 0 0 1.80521
  0.156091   0.162481 -0.0307194 -0.00582417  0.00510155 -0.00215447  0 -0  0 0 0 0 -0.0123858  0.0246455  0.0190972    0.0320576  -0.0127642 -0.00287804 0 0 0 0 0 0 1.80715
  0.191017   0.126331 -0.0508131  -0.00677201   0.00499358 -0.000107956  0 -0  0 0 0 0 -0.0285933  0.0134554  0.0481998   0.0287474 -0.0186067 -0.0107174 0 0 0 0 0 0 1.80941
  0.089569    0.15862 0.00230079 -0.00731378  0.00606165 -0.00260204  0 -0  0 0 0 0 -0.0233681  0.0296728 -0.0127031    -0.027342 -0.00705644   0.0116825 0 0 0 0 0 0 1.81218
 0.0105879    0.23334 0.00137757 -0.00575837  0.00520776 -0.00197793  0 -0  0 0 0 0  0.0145856 0.00846263  0.0075232  -0.0498226  0.0341457 0.00710581 0 0 0 0 0 0 1.81406
-0.0931689   0.358349 -0.0572772  -0.00623964    0.0036276 -0.000347881  0 -0  0 0 0 0 -0.00145601  -0.0207626   0.0351932  -0.0672325  0.0635868 -0.0214501 0 0 0 0 0 0 1.81638
  0.123156   0.284882 -0.0445822 -0.00720905  0.00423333 -0.00272959  0 -0  0 0 0 0 -0.0318042 -0.0102877 -0.0200209   0.0355878  0.0111241 -0.0169519 0 0 0 0 0 0 1.81902
  0.178865   0.184892 -0.0710367 -0.00768976  0.00464337 -0.00131883  0 -0  0 0 0 0  -0.0318305 0.000171236   0.0057216   0.0404146   -0.02944 -0.0201393 0 0 0 0 0 0 1.82057
 0.123373  0.143788 0.0385756  -0.0067384  0.00474191 -0.00419399  0 -0  0 0 0 0 -7.7719e-05  0.00456337  -0.0534263  0.00364654 -0.0384789  0.0296716 0 0 0 0 0 0 1.8236
 0.057881  0.153022 0.0396371 -0.00508673  0.00306677 -0.00382965  0 -0  0 0 0 0   0.028536 -0.0208404  -0.021312   -0.0326447 -0.00766533   0.0164227 0 0 0 0 0 0 1.82598
 0.0195246   0.238507 -0.0318943 -0.00522302  0.00345659   -0.001429  0 -0  0 0 0 0    0.014764 -0.00692524   0.0298439  -0.0355254  0.0283952 -0.0222591 0 0 0 0 0 0 1.82842
  0.106051   0.250318 -0.0430246 -0.00615417  0.00374077 -0.00420324  0 -0  0 0 0 0  -0.015893 -0.0037263   -0.02488   0.0118324  0.0153753 -0.0227802 0 0 0 0 0 0 1.83136
  0.134585   0.185859 -0.0993104 -0.00751436   0.0034156 -0.00115796  0 -0  0 0 0 0   -0.040974 -0.00854598   0.0314452    0.014435 -0.0103086 -0.0367844 0 0 0 0 0 0 1.83471
  0.105831   0.181559 -0.0149781 -0.00666767  0.00369024 -0.00414564  0 -0  0 0 0 0 -0.00651963  0.00057621   -0.041857  0.00620806 -0.0125011  0.0118529 0 0 0 0 0 0 1.83782
 0.0865952   0.248239 0.00293545  -0.0052299  0.00373057 -0.00459353  0 -0  0 0 0 0  0.0237128 0.00235588 -0.0312453  -0.00775167   0.0272486   0.0138264 0 0 0 0 0 0 1.83933
0.0387035  0.331743 -0.048011 -0.00491002  0.00476462 -0.00361093  0 -0  0 0 0 0    0.0209806    0.0200563 -0.000876447  -0.025158 0.0469776 -0.014446 0 0 0 0 0 0 1.84079
  0.112502   0.235705 -0.0302154 -0.00550484  0.00510025   -0.003512  0 -0  0 0 0 0 -0.00587643   0.0158012 -0.00419076    0.0105573 -0.00173197 -0.00519676 0 0 0 0 0 0 1.84148
   0.15984   0.152455 -0.0625666  -0.00589903    0.0050011 -0.000916549  0 -0  0 0 0 0 -0.0156773 0.00787513  0.0372168   0.0250221 -0.0284143 -0.0167187 0 0 0 0 0 0 1.84411
 0.0579422   0.128938 -0.0185342 -0.00550689  0.00559263 -0.00379054  0 -0  0 0 0 0 0.00118592  0.0186669 -0.0270687  -0.0268179 -0.0325146  0.0070746 0 0 0 0 0 0 1.84707
0.00236438   0.175185  0.0197799 -0.00563853  0.00509306 -0.00503146  0 -0  0 0 0 0 0.00260637  0.0056596 -0.0364544  -0.0371204 0.00207614  0.0201557 0 0 0 0 0 0 1.84841
-0.0845824   0.314909 -0.0823175 -0.00589787  0.00477591 -0.00439632  0 -0  0 0 0 0 -0.00254517    0.000236 -0.00776707  -0.0586694  0.0553651 -0.0317092 0 0 0 0 0 0 1.84917
  0.144833   0.350264 -0.0637762 -0.00837894  0.00456004 -0.00358308  0 -0  0 0 0 0   -0.0533493  -0.00911305 -7.62785e-05   0.0406309   0.041803 -0.0159851 0 0 0 0 0 0 1.85179
0.213064 0.255704 -0.10686  -0.00904079   0.00433517 -0.000485383  0 -0  0 0 0 0  -0.0523581 -0.00991264   0.0458287   0.0492515 -0.0077617 -0.0278658 0 0 0 0 0 0 1.85497
  0.137184   0.164892 -0.0578111 -0.00631175  0.00583239 -0.00247145  0 -0  0 0 0 0  0.0194375  0.0222456 -0.0140444  -0.00903015  -0.0416106  0.00437282 0 0 0 0 0 0 1.85866
0.0554732  0.212223 0.0573382 -0.00583867  0.00351975  -0.0033207  0 -0  0 0 0 0  0.0246447  -0.020421 -0.0183463    -0.0389555 -0.000730078    0.0487028 0 0 0 0 0 0 1.86117
 -0.107538   0.247771 -0.0174248 -0.00440703   0.0027334 -0.00175819  0 -0  0 0 0 0  0.0426517 -0.0237975  0.0198173   -0.0934094     0.01758 -0.00368808 0 0 0 0 0 0 1.86343
 0.0363489     0.2837 -0.0525936  -0.0050044  0.00322587 -0.00675779  0 -0  0 0 0 0 0.00475576 -0.0122059 -0.0688755  -1.90417e-05    0.0140545   -0.0230006 0 0 0 0 0 0 1.86849
 0.133972  0.215388 -0.100473 -0.00545673  0.00356716 -0.00224172  0 -0  0 0 0 0 -0.00903339 -0.00424559   0.0191588   0.0380167 -0.0109768 -0.0343412 0 0 0 0 0 0 1.87304
   0.10596   0.140558 -0.0309567 -0.00449074  0.00591527 -0.00312311  0 -0  0 0 0 0   0.0147909   0.0378706 -0.00719005  0.00482133 -0.0364275 0.00772947 0 0 0 0 0 0 1.87572
 0.060414  0.220016 0.0709415 -0.00614633  0.00369214 -0.00490252  0 -0  0 0 0 0  -0.0145432 -0.00834808  -0.0295257  -0.0133374 0.00783085  0.0444284 0 0 0 0 0 0 1.87902
0.00571569   0.400643 -0.0141273 -0.00635342  0.00466497  -0.0032792  0 -0  0 0 0 0 -0.00977928   0.0130979   0.0173933  -0.0349337  0.0772265 -0.0104403 0 0 0 0 0 0 1.88092
 0.0891263   0.362343 -0.0446981 -0.00692881  0.00390549 -0.00665555  0 -0  0 0 0 0  -0.0253481 -0.00806538  -0.0455257   0.0130015  0.0280107 -0.0203773 0 0 0 0 0 0 1.88443
  0.132287   0.263978 -0.0754085 -0.00770675  0.00369413 -0.00253679  0 -0  0 0 0 0 -0.0362955 -0.0100481  0.0297463   0.0219887 -0.0126612  -0.026233 0 0 0 0 0 0 1.88863
 0.0999172   0.164252 -0.0741936 -0.00667573  0.00445299  -0.0032551  0 -0  0 0 0 0 -0.00342757  0.00801595 0.000423416  -0.00465556  -0.0483106  -0.0139907 0 0 0 0 0 0 1.8901
0.0753435  0.196774 0.0274703 -0.00615469  0.00322806 -0.00318759  0 -0  0 0 0 0 0.00904338 -0.0139598  0.0063596  -0.00985027 -0.00643439   0.0321201 0 0 0 0 0 0 1.89143
-0.0173605   0.345936 -0.0576797 -0.00606357  0.00422581 -0.00204625  0 -0  0 0 0 0 0.0117567 0.0100301 0.0307736  -0.0466604  0.0542381  -0.017609 0 0 0 0 0 0 1.89295
  0.105518   0.240063 -0.0316611 -0.00599647   0.0047337  -0.0057331  0 -0  0 0 0 0 -0.000231229    0.0104883   -0.0422849    0.0180792 -0.00671078 -0.00258171 0 0 0 0 0 0 1.89667
   0.16183   0.171661 -0.0516966 -0.00687943   0.0047855 -0.00215922  0 -0  0 0 0 0  -0.020357 0.00659614  0.0230237   0.0312097 -0.0263512 -0.0121066 0 0 0 0 0 0 1.90035
  0.108783   0.087169 -0.0454122 -0.00472713  0.00532628 -0.00256917  0 -0  0 0 0 0 0.0277477 0.0166807 0.0044436   -0.0120324  -0.0468729 -0.00362712 0 0 0 0 0 0 1.90261
0.0452923   0.12127 0.0626765 -0.00516475  0.00501192 -0.00326031  0 -0  0 0 0 0   0.0147526  0.00666381 -0.00370844  -0.0329802 -0.0123941  0.0385077 0 0 0 0 0 0 1.90348
-0.0538134   0.254404   -0.02153  -0.0053887  0.00563469 -0.00200345  0 -0  0 0 0 0 0.00856901  0.0170346  0.0267897  -0.0597707  0.0437973 -0.0151754 0 0 0 0 0 0 1.9049
  0.120632    0.25776 0.00635833 -0.00707508  0.00589345 -0.00376939  0 -0  0 0 0 0 -0.0344647 0.00833486 -0.0165754    0.0270042     0.02104 -0.00324484 0 0 0 0 0 0 1.90736
  0.173408   0.187337 -0.0476176 -0.00682461   0.0059151 -0.00191211  0 -0  0 0 0 0 -0.0194876 0.00689738  0.0157047    0.0367293 -0.00892923  -0.0244766 0 0 0 0 0 0 1.90923
  0.135907  0.0969064 -0.0879726 -0.00548455  0.00700342 -0.00249569  0 -0  0 0 0 0   0.0119306   0.0255113 -0.00400694  -0.0015414 -0.0448641 -0.0313732 0 0 0 0 0 0 1.91106
0.0785212  0.152168  0.019752 -0.00510765  0.00435678  -0.0051601  0 -0  0 0 0 0  0.0182085 -0.0216163 -0.0500141   -0.0162527 -0.00514416    0.022497 0 0 0 0 0 0 1.91483
-0.0267968   0.342604 0.00680049 -0.00575972  0.00488864 -0.00361327  0 -0  0 0 0 0    0.007816 -0.00469664  0.00554892  -0.0602109  0.0763067 0.00790356 0 0 0 0 0 0 1.91659
 0.0980186   0.377402 0.00363356  -0.0074179  0.00386912 -0.00586128  0 -0  0 0 0 0 -0.0355401 -0.0243502 -0.0364023    0.0151374   0.0486189 -0.00435433 0 0 0 0 0 0 1.91957
  0.120323   0.305896 -0.0504582 -0.00645539  0.00427443 -0.00351314  0 -0  0 0 0 0 -0.00497866 -0.00660936  0.00942342   0.0163836  0.0119314 -0.0243781 0 0 0 0 0 0 1.92214
 0.0834233   0.179376 -0.0678564 -0.00584092  0.00469376 -0.00341204  0 -0  0 0 0 0 0.00535184 0.00376125 0.00233295  -0.0124179 -0.0474096 -0.0219079 0 0 0 0 0 0 1.92289
0.0577455  0.177585 0.0851664 -0.00615021  0.00261925 -0.00513939  0 -0  0 0 0 0 0.00117719 -0.0292729 -0.0316217  -0.00664787  -0.0282985   0.0452614 0 0 0 0 0 0 1.9256
 0.00177969    0.162366 -0.00681646 -0.00530271  0.00487266 -0.00258466  0 -0  0 0 0 0 0.0163539 0.0191896 0.0289919  -0.0385356  -0.014719 -0.0139842 0 0 0 0 0 0 1.92911
  0.131118   0.194636 -0.0404521  -0.0057921  0.00432682 -0.00285141  0 -0  0 0 0 0  -0.00219864 -0.000960069    0.0108985    0.0248762 -0.00163526  -0.0228958 0 0 0 0 0 0 1.92989
  0.184774   0.157358 -0.0475061  -0.0053906  0.00495095 -0.00119625  0 -0  0 0 0 0 0.00798058  0.0105192  0.0331237   0.0350299 -0.0115384 -0.0141327 0 0 0 0 0 0 1.93171
  0.128156   0.081399 -0.0697021  -0.0050647  0.00458512 -0.00160051  0 -0  0 0 0 0  0.0100001 0.00227139  0.0135555  -0.0121976 -0.0422369 -0.0193337 0 0 0 0 0 0 1.93234
0.0472827 0.0853627 0.0619956 -0.00499126  0.00407904 -0.00249226  0 -0  0 0 0 0   0.0109051 -0.00622761 -0.00636315  -0.0389306 -0.0220971  0.0369911 0 0 0 0 0 0 1.93337
-0.00111188    0.201774  -0.0171886  -0.0057129  0.00513937 -0.00089287  0 -0  0 0 0 0 -0.00274293   0.0141264   0.0316488  -0.0473368  0.0348773 -0.0141131 0 0 0 0 0 0 1.93542
0.0653141  0.294894 -0.031258 -0.00795607  0.00433287 -0.00140858  0 -0  0 0 0 0  -0.0471503 -0.00849227  0.00926994  -0.00104035   0.0452242  -0.0167651 0 0 0 0 0 0 1.93786
0.176473  0.23219 -0.03454 -0.00776656  0.00515406 -0.00131081  0 -0  0 0 0 0 -0.0297016 0.00617637 0.00858024   0.0398306 0.00932413 -0.0113945 0 0 0 0 0 0 1.93871
  0.154607   0.175342 -0.0668334 -0.00729671  0.00435869 -0.00165135  0 -0  0 0 0 0  -0.0123422 -0.00751004 -0.00254901  0.00767992 -0.0190145 -0.0204626 0 0 0 0 0 0 1.93969
0.0929387  0.149658 0.0561168 -0.00588661  0.00444053 -0.00488528  0 -0  0 0 0 0   0.0221857 -0.00186646    -0.07177  -0.0179211  -0.025875  0.0340333 0 0 0 0 0 0 1.94322
 0.0230268    0.27032 0.00852632  -0.0057678  0.00456976 -0.00481025  0 -0  0 0 0 0  0.0208163 0.00268284 -0.0365119   -0.0454122   0.0366669 -0.00133084 0 0 0 0 0 0 1.94341
 -0.066398   0.327989 -0.0252235  -0.0068264  0.00338235 -0.00805284  0 -0  0 0 0 0 -0.0118797 -0.0186673 -0.0745354  -0.0521152  0.0348947  -0.016401 0 0 0 0 0 0 1.94702
 0.0920637   0.279278 -0.0656274 -0.00682295   0.0041051 -0.00395004  0 -0  0 0 0 0 -0.00765224 -0.00401979  0.00339136   0.0164581 0.00665562 -0.0296623 0 0 0 0 0 0 1.95119
0.0894898  0.129151  -0.11228 -0.00526132  0.00413236 -0.00314169  0 -0  0 0 0 0    0.0208502 -0.000975157   0.00948396  0.00308012 -0.0551309 -0.0348629 0 0 0 0 0 0 1.95295
 0.061229  0.157931 0.0288463 -0.00523652  0.00211189 -0.00550513  0 -0  0 0 0 0  0.0202094  -0.032243 -0.0390351  0.000566112  -0.0228126    0.034215 0 0 0 0 0 0 1.95606
 0.0228242   0.287073 -0.0362482 -0.00521321  0.00391187 -0.00503603  0 -0  0 0 0 0   0.0193186  0.00919805 -0.00837218   -0.0257669   0.0424775 -0.00808856 0 0 0 0 0 0 1.95792
-0.0364742   0.295423 -0.0565512 -0.00615005  0.00297251  -0.0053132  0 -0  0 0 0 0 -0.0107755 -0.0108955  -0.011079   -0.033141  0.0250316 -0.0139742 0 0 0 0 0 0 1.95927
  0.117439   0.214392 -0.0454689  -0.0059403  0.00385074 -0.00254992  0 -0  0 0 0 0 -0.00364163  0.00439296   0.0303089     0.028372  -0.0111063 -0.00563404 0 0 0 0 0 0 1.96218
  0.127545   0.169786 -0.0812028 -0.00532143  0.00364781 -0.00122564  0 -0  0 0 0 0  0.00782292 0.000166383   0.0430487   0.0139949 -0.0213427 -0.0177483 0 0 0 0 0 0 1.96366
0.0706837  0.207851 0.0202412 -0.00716695  0.00393839 -0.00345148  0 -0  0 0 0 0 -0.0202919 0.00501219 -0.0136212   -0.0126802 -0.00668818   0.0257807 0 0 0 0 0 0 1.96656
 0.0412326   0.286328 -0.0212132 -0.00699015  0.00392069 -0.00222688  0 -0  0 0 0 0 -0.00869638   0.0042213   0.0189288    -0.0250049    0.0327358 -0.000898474 0 0 0 0 0 0 1.9678
 0.0573764   0.350791 -0.0214332 -0.00749412  0.00314819 -0.00269303  0 -0  0 0 0 0  -0.015114 -0.0110676  0.0036293  -0.00535121   0.0380165 -0.00107293 0 0 0 0 0 0 1.96883
  0.172558   0.277534 -0.0431614  -0.0076526  0.00473806 -0.00156568  0 -0  0 0 0 0 -0.0173253  0.0184421  0.0157771    0.0345864 0.000102317  -0.0140546 0 0 0 0 0 0 1.97079
  0.174667    0.21066 -0.0761398 -0.00755238  0.00374847 -0.00146034  0 -0  0 0 0 0 -0.0114996 -0.0040628 0.00931197   0.0158159 -0.0278297 -0.0215385 0 0 0 0 0 0 1.97179
 0.0929693   0.171702 0.00173949 -0.00618616  0.00479591 -0.00425717  0 -0  0 0 0 0  0.0219736  0.0164031 -0.0548641  -0.0277133 -0.0387851  0.0156152 0 0 0 0 0 0 1.97507
0.00746272   0.226494 0.00645899 -0.00584872   0.0048293 -0.00501757  0 -0  0 0 0 0  0.0239081  0.0129937 -0.0426015  -0.0550535 0.00317728   0.010659 0 0 0 0 0 0 1.97591
-0.0525831   0.252209 -0.0334465  -0.0055405  0.00260749 -0.00591876  0 -0  0 0 0 0  0.0155975 -0.0288566 -0.0409531  -0.0479564 0.00991664 -0.0113475 0 0 0 0 0 0 1.97832
  0.114635   0.268861 -0.0421422 -0.00639923  0.00381972 -0.00296371  0 -0  0 0 0 0 -0.00625401 -0.00296303  0.00868967   0.0213496  0.0103019 -0.0163378 0 0 0 0 0 0 1.98163
  0.142513   0.178053 -0.0989921 -0.00639691  0.00409328 -0.00103879  0 -0  0 0 0 0 -0.00752162  0.00294241   0.0355737   0.0186973 -0.0279473  -0.032728 0 0 0 0 0 0 1.98358
0.0709007  0.185304 0.0453756 -0.00618153   0.0035312 -0.00391322  0 -0  0 0 0 0  0.00511916 -0.00502359  -0.0342189  -0.0139179 -0.0212153  0.0346728 0 0 0 0 0 0 1.98651
  0.042075   0.249111 0.00850123 -0.00518518  0.00564361 -0.00369213  0 -0  0 0 0 0 0.0240332 0.0312817  -0.01417  -0.0261065  0.0192423 0.00564791 0 0 0 0 0 0 1.98886
 0.0132562   0.354985 -0.0362633 -0.00604566  0.00573445 -0.00504883  0 -0  0 0 0 0 -0.0038988  0.0197881  -0.029782  -0.0217978  0.0422049 -0.0171696 0 0 0 0 0 0 1.99047
  0.118348   0.260621 -0.0480374  -0.0071852   0.0060506 -0.00321778  0 -0  0 0 0 0   -0.0330194    0.0142542 -0.000308298    0.0236101 -0.00533756  -0.0211616 0 0 0 0 0 0 1.99265
0.142397 0.195101  -0.1027 -0.00816085  0.00569979 -0.00165728  0 -0  0 0 0 0 -0.0422153 0.00293247  0.0258902   0.0189891 -0.0269542 -0.0342958 0 0 0 0 0 0 1.99452
0.0990487  0.171388 0.0278313 -0.00770871  0.00398507 -0.00393693  0 -0  0 0 0 0 -0.0161166 -0.0239979 -0.0312912  0.000670779  -0.0298329   0.0289397 0 0 0 0 0 0 1.99741
0.0722424  0.220519 0.0268613 -0.00603484  0.00410408 -0.00259521  0 -0  0 0 0 0  0.0222119  -0.012687 0.00944796  -0.0176884  0.0148377  0.0162912 0 0 0 0 0 0 1.99956
 0.0127536   0.308407 -0.0358025 -0.00677937  0.00275382  -0.0032159  0 -0  0 0 0 0 -0.00511003  -0.0308125 -0.00351472  -0.0296804  0.0356198  -0.020805 0 0 0 0 0 0 2.00122
 0.121476  0.255672 -0.044799 -0.00697589  0.00300497 -0.00380788  0 -0  0 0 0 0 -0.0119871 -0.0198705 -0.0149498   0.0188277  0.0040395 -0.0197827 0 0 0 0 0 0 2.00189
  0.125556   0.159041 -0.0699693 -0.00720212  0.00264355 -0.00249985  0 -0  0 0 0 0 -0.0150512 -0.0190862 0.00926299  0.00819105 -0.0321982 -0.0220596 0 0 0 0 0 0 2.00327
0.0438086  0.150411 0.0487061 -0.00693415  0.00409851 -0.00455056  0 -0  0 0 0 0 -0.00034624   0.0117969  -0.0329126  -0.0287609 -0.0253996  0.0304265 0 0 0 0 0 0 2.0058
0.0101876  0.207171 0.0150343 -0.00534905    0.004835 -0.00397604  0 -0  0 0 0 0   0.0301276   0.0211394 -0.00635401  -0.0321399  0.0175942 0.00430695 0 0 0 0 0 0 2.00764
 -0.026859   0.296933 -0.0654331  -0.0064442  0.00367321 -0.00301004  0 -0  0 0 0 0 -0.00696334 -0.00760725   0.0127047  -0.0301051  0.0392247  -0.033943 0 0 0 0 0 0 2.0095
  0.140699     0.2824 -0.0690017 -0.00765905  0.00487334 -0.00343148  0 -0  0 0 0 0  -0.0336835   0.0111642 -0.00226745   0.0374045   0.017529 -0.0273264 0 0 0 0 0 0 2.01126
  0.187307   0.235326 -0.0991953 -0.00836332   0.0051827 -0.00126436  0 -0  0 0 0 0 -0.0366674  0.0126266  0.0347015    0.0358055 -0.00451752  -0.0272941 0 0 0 0 0 0 2.01356
0.0977833  0.150722 0.0757903 -0.00611457  0.00434544 -0.00429195  0 -0  0 0 0 0   0.0198259 -0.00139174  -0.0451142  -0.0135142 -0.0409961  0.0503251 0 0 0 0 0 0 2.01742
0.0180217  0.178137 0.0604383 -0.00452617  0.00368512 -0.00384321  0 -0  0 0 0 0   0.0418116 -0.00900735  -0.0147111   -0.0500013 -0.00375899   0.0212665 0 0 0 0 0 0 2.0192
0.00416526   0.248004 -0.0303428 -0.00501522  0.00345661 -0.00445318  0 -0  0 0 0 0  0.0118128 -0.0108728 -0.0191245  -0.0295908  0.0189376 -0.0300701 0 0 0 0 0 0 2.02002
0.0938233  0.317748 -0.077493 -0.00636004  0.00380353 -0.00438283  0 -0  0 0 0 0  -0.0219439 -0.00420958  -0.0149506    0.011976   0.030926 -0.0401679 0 0 0 0 0 0 2.02141
 0.120974  0.228824 -0.117869  -0.0069442  0.00432478 -0.00204165  0 -0  0 0 0 0 -0.0284289 0.00578648  0.0267792   0.0131633 -0.0148951  -0.039055 0 0 0 0 0 0 2.02388
 0.0864556   0.249811 0.00903102  -0.0082506  0.00464451 -0.00521572  0 -0  0 0 0 0 -0.0357036 0.00947492 -0.0453094   0.00148577 -0.00881019    0.025355 0 0 0 0 0 0 2.02732
 0.0374436   0.327315 -0.0132447  -0.0068149   0.0045817 -0.00463218  0 -0  0 0 0 0 0.00259958 0.00783575   -0.01279  -0.0285779  0.0377295 0.00701996 0 0 0 0 0 0 2.02887
 0.0713936   0.401354 -0.0337241 -0.00689282  0.00504252  -0.0047859  0 -0  0 0 0 0 -0.000408003    0.0118259   -0.0109978  -0.00141553   0.0465541 -0.00544983 0 0 0 0 0 0 2.02937
 0.148438  0.280283 -0.041206 -0.00695909   0.0048788 -0.00423274  0 -0  0 0 0 0 -0.00984508  0.00235155 -0.00462211    0.0278686  -0.0115972 -0.00998525 0 0 0 0 0 0 2.02995
  0.154026   0.183928 -0.0946266 -0.00690604  0.00441211 -0.00234313  0 -0  0 0 0 0 -0.00890237 -0.00609288   0.0279254   0.0100341 -0.0401077 -0.0282104 0 0 0 0 0 0 2.03189
 0.0657589   0.143272 -0.0195681 -0.00707414  0.00546354 -0.00387735  0 -0  0 0 0 0 -0.00528019   0.0146151  -0.0100056  -0.0322878 -0.0452957 0.00955323 0 0 0 0 0 0 2.03376
-0.0290509   0.183008    -0.0277 -0.00612277  0.00459931 -0.00310638  0 -0  0 0 0 0   0.0154746 -0.00224103   0.0140497  -0.0607659 -0.0014362 0.00300778 0 0 0 0 0 0 2.03526
-0.0790079   0.282767 -0.0490173 -0.0061206 0.00386752 -0.0017519  0 -0  0 0 0 0  0.0113823 -0.0140846  0.0346701   -0.0542442   0.0357591 -0.00696374 0 0 0 0 0 0 2.0368
  0.138407    0.28025 -0.0500383   -0.006522  0.00384855 -0.00206513  0 -0  0 0 0 0 -0.00742831  -0.0152593   0.0135574   0.0410017  0.0169506 -0.0110142 0 0 0 0 0 0 2.03731
  0.175358   0.195166 -0.0575082  -0.00670765   0.00330811 -0.000745602  0 -0  0 0 0 0 -0.0117832 -0.0192492  0.0272246   0.0350787 -0.0226142 -0.0098172 0 0 0 0 0 0 2.03875
 0.102669 0.0969988 0.0430768 -0.00528893  0.00478055 -0.00353003  0 -0  0 0 0 0  0.0219529  0.0130228 -0.0420795  -0.0104863   -0.06034  0.0312512 0 0 0 0 0 0 2.0422
0.0405639  0.152241 0.0359307 -0.00497917  0.00480215 -0.00492472  0 -0  0 0 0 0  0.0238709  0.0106842 -0.0440554   -0.0339548 -0.00882145   0.0137846 0 0 0 0 0 0 2.04363
-0.0163094   0.303108 -0.0526921 -0.00500762  0.00398454  -0.0050032  0 -0  0 0 0 0   0.0146542 -0.00562664  -0.0258613  -0.0416215  0.0484313 -0.0302841 0 0 0 0 0 0 2.04445
 0.120294   0.33805 -0.048644 -0.00739626  0.00459751 -0.00532509  0 -0  0 0 0 0  -0.0441915 0.000908034  -0.0296481   0.0208886  0.0373101 -0.0222019 0 0 0 0 0 0 2.04694
  0.139862   0.262142 -0.0735043 -0.0087644 0.00479722 -0.0023429  0 -0  0 0 0 0 -0.0580613 0.00400884   0.026748     0.014896 -0.00248559  -0.0233745 0 0 0 0 0 0 2.05023
 0.120177  0.147294 0.0213786  -0.0068862  0.00530493 -0.00404681  0 -0  0 0 0 0 -0.00345237   0.0133263  -0.0272402  0.00610119 -0.0499138  0.0232608 0 0 0 0 0 0 2.05281
0.0519942  0.148002 0.0569947 -0.00529406  0.00381987 -0.00328647  0 -0  0 0 0 0  0.0247599 -0.0129762 0.00263345  -0.0315346 -0.0172171  0.0250602 0 0 0 0 0 0 2.05512
-0.0399436   0.266906 -0.0554167 -0.00559272  0.00303024 -0.00227074  0 -0  0 0 0 0 0.00847523 -0.0207872  0.0237553  -0.0547233  0.0315474 -0.0347644 0 0 0 0 0 0 2.05644
 0.0970959   0.337717 -0.0497189 -0.00736984  0.00392523  -0.0037419  0 -0  0 0 0 0  -0.0337002 -0.00267418  -0.0107249   0.0150748  0.0365113 -0.0227475 0 0 0 0 0 0 2.05891
 0.134162   0.27768 -0.092536 -0.00839534  0.00341007 -0.00196476  0 -0  0 0 0 0 -0.0451116 -0.0113443  0.0189961    0.0226549 -0.00146676  -0.0306112 0 0 0 0 0 0 2.06103
 0.0659517   0.253486 0.00638871 -0.00860141  0.00415644 -0.00509386  0 -0  0 0 0 0 -0.0283219 0.00642109 -0.0482115  -0.0116361 -0.0159469  0.0195056 0 0 0 0 0 0 2.06425
 0.0132188   0.225948 0.00239359 -0.00624086  0.00358547  -0.0039728  0 -0  0 0 0 0   0.0192344 -0.00299025 -0.00907259   -0.0364994 -0.00662355  0.00973436 0 0 0 0 0 0 2.06693
-0.0677605   0.361072 -0.0945284  -0.0057461  0.00349401 -0.00328583  0 -0  0 0 0 0   0.0236959 -0.00199003   0.0109018  -0.0541971  0.0471693 -0.0340615 0 0 0 0 0 0 2.06778
 0.133958  0.275439 -0.020516 -0.00723643  0.00436794 -0.00278429  0 -0  0 0 0 0 -0.0199162 0.00836701 0.00780636     0.0342107 -9.49198e-05   0.00524098 0 0 0 0 0 0 2.06958
  0.192126   0.187717 -0.0338447  -0.00745457   0.00423986 -0.000780444  0 -0  0 0 0 0 -0.0203622 0.00305839  0.0347725    0.0419277  -0.0297807 -0.00336898 0 0 0 0 0 0 2.0716
 0.116066   0.16326 0.0550772 -0.00629602  0.00566549 -0.00263293  0 -0  0 0 0 0  0.0124768   0.028677 -0.0117998  -0.0115151  -0.028847  0.0323311 0 0 0 0 0 0 2.07421
0.0746311  0.216571 0.0759164 -0.00659469  0.00450291 -0.00249019  0 -0  0 0 0 0 0.00447417 0.00191345 0.00353006  -0.0251941 0.00806817  0.0266177 0 0 0 0 0 0 2.07542
-0.00040457    0.293664  -0.0327286 -0.00661731  0.00408222 -0.00140713  0 -0  0 0 0 0 0.000452023 -0.00450826   0.0244622  -0.0447584  0.0338407 -0.0325706 0 0 0 0 0 0 2.07658
  0.121242    0.33494 -0.0298381  -0.0086182  0.00498967 -0.00309371  0 -0  0 0 0 0 -0.0432517 0.00821308 -0.0136976   0.0156041   0.027392 -0.0211114 0 0 0 0 0 0 2.07935
  0.180951   0.275702 -0.0649365  -0.00942833   0.00552219 -0.000990576  0 -0  0 0 0 0 -0.0456205  0.0141089  0.0218822    0.0338766 -0.00406483  -0.0264657 0 0 0 0 0 0 2.08166
  0.130629   0.184876 -0.0524616 -0.00748856  0.00675406 -0.00345076  0 -0  0 0 0 0 0.00722298  0.0336307 -0.0406692   -0.0033696  -0.0445125 -0.00991226 0 0 0 0 0 0 2.08503
0.0564695  0.230574  0.062497 -0.00661148  0.00332163 -0.00491312  0 -0  0 0 0 0  0.0229584  -0.030494 -0.0475654   -0.0313485 -0.00165841    0.040408 0 0 0 0 0 0 2.08886
0.00828366   0.320605 -0.0499056  -0.0058248  0.00415985 -0.00481653  0 -0  0 0 0 0   0.0306059 -0.00492429  -0.0267511  -0.0394267  0.0336568 -0.0252592 0 0 0 0 0 0 2.09002
  0.104105   0.324447 -0.0532954 -0.00727867  0.00508105 -0.00546597  0 -0  0 0 0 0 -0.0150145  0.0085372  -0.032255  0.00963411  0.0177463 -0.0198424 0 0 0 0 0 0 2.09186
 0.125648  0.235782 -0.127678 -0.00690485  0.00538738 -0.00305892  0 -0  0 0 0 0 -0.00565625   0.0117204   0.0156647   0.0105382 -0.0180454  -0.042287 0 0 0 0 0 0 2.09431
 0.0808346   0.177439 -0.0545603 -0.00731107  0.00542944 -0.00532326  0 -0  0 0 0 0 -0.00819284   0.0102606  -0.0370002  -0.00808699  -0.0427632  0.00261146 0 0 0 0 0 0 2.09661
0.0705258   0.20274 0.0140958 -0.00567552  0.00439447 -0.00552835  0 -0  0 0 0 0   0.0238603 -0.00840023  -0.0241946   -0.0060981 -0.00396482   0.0288138 0 0 0 0 0 0 2.09856
-0.00643834    0.271781  -0.0545735 -0.00562684  0.00435189 -0.00396536  0 -0  0 0 0 0   0.0165655 -0.00469549   0.0159483  -0.0383146  0.0255539 -0.0140456 0 0 0 0 0 0 2.10012
   0.13797   0.280031 -0.0177474 -0.00698633  0.00540478 -0.00507465  0 -0  0 0 0 0 -0.0203422  0.0103366 -0.0106343   0.0270731  0.0133666 0.00182493 0 0 0 0 0 0 2.10217
  0.158995   0.235482 -0.0568944 -0.00762667  0.00448323 -0.00237944  0 -0  0 0 0 0  -0.0290497 -0.00925937   0.0348743    0.0219268 -0.00458026  -0.0165117 0 0 0 0 0 0 2.10509
  0.100755   0.148983 -0.0221915 -0.00746074  0.00598178 -0.00286569  0 -0  0 0 0 0 -0.0157568  0.0201324  0.0102616  -0.0165542 -0.0416596  0.0016761 0 0 0 0 0 0 2.10667
0.0890427  0.162095 0.0661668 -0.00593032  0.00467129 -0.00241666  0 -0  0 0 0 0 0.0168838 -0.006191 0.0143132  -0.00852177 -0.00847936   0.0347103 0 0 0 0 0 0 2.10874
 0.0412254   0.327227 -0.0180602 -0.00660685  0.00375663 -0.00160436  0 -0  0 0 0 0 0.000560072  -0.0180272   0.0310573  -0.0252078  0.0557397 -0.0172168 0 0 0 0 0 0 2.11013
  0.161371   0.332113 -0.0101009  -0.0080056  0.00515175 -0.00317309  0 -0  0 0 0 0  -0.0306869  0.00835216 -0.00821706   0.0277851  0.0305104 -0.0108711 0 0 0 0 0 0 2.11266
  0.188785   0.238381 -0.0642864  -0.00846529   0.00484709 -0.000938269  0 -0  0 0 0 0  -0.0336479 0.000764744   0.0257458   0.0258869 -0.0142767 -0.0298707 0 0 0 0 0 0 2.11496
 0.115959   0.10913 -0.072771 -0.00603414  0.00554114 -0.00281234  0 -0  0 0 0 0   0.023029  0.0161377 -0.0248792  -0.0203415 -0.0644945 -0.0208922 0 0 0 0 0 0 2.11811
0.0457702  0.173129 0.0500001 -0.00534738  0.00366064 -0.00447559  0 -0  0 0 0 0  0.0298075 -0.0172327  -0.039928   -0.0340253 -0.00569841   0.0343797 0 0 0 0 0 0 2.12071
-0.0038349   0.321986 -0.0233743 -0.00541919  0.00448998 -0.00354339  0 -0  0 0 0 0   0.0222234  0.00357277 -0.00381531  -0.0434711  0.0544904  -0.013283 0 0 0 0 0 0 2.12196
  0.128842   0.374033 -0.0515869 -0.00721425  0.00506577 -0.00481473  0 -0  0 0 0 0 -0.0287263 0.00657558 -0.0279203   0.0220195  0.0443116 -0.0252575 0 0 0 0 0 0 2.12423
   0.16541   0.268569 -0.0882889 -0.00786901  0.00516123 -0.00103377  0 -0  0 0 0 0 -0.0355979 0.00643012  0.0357317    0.0270633 -0.00734874  -0.0296096 0 0 0 0 0 0 2.12807
  0.125018   0.149679 0.00363347 -0.00513417  0.00696659 -0.00285622  0 -0  0 0 0 0  0.0298259  0.0373402 -0.0208282  -0.00205237  -0.0514586   0.0209172 0 0 0 0 0 0 2.13182
0.0995286  0.231437 0.0346331 -0.00562085  0.00420371 -0.00488025  0 -0  0 0 0 0  0.0157141 -0.0169055 -0.0430565   -0.007496 0.00265266  0.0256569 0 0 0 0 0 0 2.13528
  0.052457   0.363591 -0.0148172 -0.00649592  0.00538679 -0.00417498  0 -0  0 0 0 0  -0.0040532  0.00926943 -0.00966657   -0.0273545   0.0529061 -0.00787624 0 0 0 0 0 0 2.13691
  0.103946   0.339874 -0.0465343 -0.00745633  0.00517955 -0.00617357  0 -0  0 0 0 0   -0.0268418 -0.000516157   -0.0405928  0.00461365  0.0200726 -0.0190174 0 0 0 0 0 0 2.13914
  0.133966   0.269768 -0.0817324 -0.00784549  0.00493732 -0.00265553  0 -0  0 0 0 0  -0.0277294 -0.00510408   0.0265966   0.00980761 -0.00787324  -0.0269215 0 0 0 0 0 0 2.14269
 0.0789349   0.205378 -0.0276996 -0.00731024  0.00466281 -0.00343382  0 -0  0 0 0 0  -0.00677383  -0.00646253 -0.000596986  -0.0184235 -0.0316215 0.00675003 0 0 0 0 0 0 2.14367
0.0274061  0.200857 0.0678982 -0.00675298  0.00304082 -0.00375291  0 -0  0 0 0 0  0.00630741  -0.0299255 -0.00546329  -0.0304139 -0.0162634  0.0412194 0 0 0 0 0 0 2.14541
-0.0772323   0.253388  -0.024251 -0.00621088  0.00467684 -0.00155722  0 -0  0 0 0 0   0.015605 0.00851015  0.0410268  -0.0679624  0.0156092 -0.0151679 0 0 0 0 0 0 2.14821
 0.100964  0.267577 -0.028025 -0.00707174  0.00401981 -0.00323509  0 -0  0 0 0 0  -0.0129902  -0.0109045 -0.00484647   0.0233992 0.00917199 -0.0135456 0 0 0 0 0 0 2.1502
  0.171182   0.202592 -0.0404993 -0.00737429  0.00516462 -0.00177442  0 -0  0 0 0 0 -0.016284  0.012258 0.0177286   0.0427149 -0.0177999 -0.0138204 0 0 0 0 0 0 2.15208
   0.14141  0.0958512 -0.0253985 -0.00370495  0.00525602 -0.00223671  0 -0  0 0 0 0  0.0575229  0.0135146 -0.0012965   0.00402251  -0.0468377 0.000260866 0 0 0 0 0 0 2.15578
0.0842023  0.116689 0.0437378 -0.00560873   0.0057494  -0.0036483  0 -0  0 0 0 0 0.00939225  0.0160453 -0.0195408  -0.023067 -0.024865 0.0236872 0 0 0 0 0 0 2.1582
 0.0169601   0.247148 -0.0227795 -0.00619948  0.00585724  -0.0027082  0 -0  0 0 0 0 -0.00237131   0.0140578   0.0122852  -0.0433305  0.0361529  -0.014174 0 0 0 0 0 0 2.15932
  0.12253  0.299897 0.0258241 -0.00825998  0.00582725 -0.00417583  0 -0  0 0 0 0 -0.0434196 0.00312335 -0.0182948   0.0142795  0.0326415 0.00840292 0 0 0 0 0 0 2.16185
  0.179264   0.249103 -0.0128341   -0.0086104   0.00546743 -0.000998054  0 -0  0 0 0 0  -0.0362319 -0.00417525   0.0341039   0.0316712  0.0044374 -0.0130015 0 0 0 0 0 0 2.16507
  0.137191   0.164564 -0.0633765 -0.00624033  0.00627817 -0.00199731  0 -0  0 0 0 0   0.0212056   0.0144605 -0.00317013  -0.00698622  -0.0354501  -0.0277933 0 0 0 0 0 0 2.16776
0.0883863  0.239601 0.0448487 -0.00710862  0.00341554 -0.00470105  0 -0  0 0 0 0 0.00435096 -0.0349582 -0.0503811  -0.0149048 0.00532757  0.0249698 0 0 0 0 0 0 2.1718
 0.0406001   0.390662 0.00949863  -0.0062842  0.00401895 -0.00367791  0 -0  0 0 0 0  0.0225704 -0.0115735  -0.007387  -0.0325914  0.0666769  0.0015791 0 0 0 0 0 0 2.17324
 0.0983657   0.398603 -0.0304692 -0.00749083  0.00409494 -0.00734438  0 -0  0 0 0 0  -0.0187501 -0.00945902  -0.0659324  0.00737338  0.0338433 -0.0215921 0 0 0 0 0 0 2.1771
  0.155115   0.295584 -0.0659181 -0.00717317  0.00455198 -0.00234887  0 -0  0 0 0 0 -0.0054179 0.00248951  0.0237043    0.0191215 -0.00858285  -0.0275287 0 0 0 0 0 0 2.18213
0.137498 0.173616 -0.12959  -0.0059594  0.00381843 -0.00211494  0 -0  0 0 0 0   0.0162947 -0.00930458   0.0135914  -0.00159073  -0.0559824  -0.0411528 0 0 0 0 0 0 2.18357
0.0667977  0.201241 0.0149146 -0.00709814  0.00112025 -0.00463735  0 -0  0 0 0 0 -0.00347969  -0.0497266  -0.0360442  -0.0226201 -0.0282346  0.0289349 0 0 0 0 0 0 2.18743
-0.00231299    0.214878   -0.037056 -0.00600806  0.00404053 -0.00241503  0 -0  0 0 0 0 0.0196209 0.0164263 0.0210693   -0.0519722 -0.00159817  -0.0046894 0 0 0 0 0 0 2.19126
 0.0493936    0.18777 -0.0257877 -0.00655599  0.00425804 -0.00362992  0 -0  0 0 0 0  -0.0023399   0.0109337 -0.00814666   -0.00691488   -0.0132774 -0.000289855 0 0 0 0 0 0 2.19261
  0.150341   0.216976 -0.0213287 -0.00629617  0.00605225 -0.00206956  0 -0  0 0 0 0 0.00967053  0.0385042  0.0162353   0.0266104 0.00190076 0.00213763 0 0 0 0 0 0 2.195
  0.164653   0.175974 -0.0693043 -0.00607514   0.0059913 -0.00134718  0 -0  0 0 0 0 0.00718641  0.0243243  0.0219661   0.0166331  -0.015472 -0.0186493 0 0 0 0 0 0 2.19576
0.0762479  0.198683 0.0145285 -0.00691204  0.00545931 -0.00317756  0 -0  0 0 0 0 -0.00586508  0.00950292  -0.0174345   -0.0289008 -0.00810866   0.0177771 0 0 0 0 0 0 2.19784
 0.0118837   0.266132 -0.0082381 -0.00598722  0.00608052  -0.0010264  0 -0  0 0 0 0 0.0147042 0.0176202 0.0328708  -0.0477219  0.0297618 0.00127508 0 0 0 0 0 0 2.20026
0.00978785   0.272055 -0.0270523  -0.0072059  0.00413106 0.000444827  0 -0  0 0 0 0 -0.0202045 -0.0234916    0.04301   -0.0251585   0.0174739 -0.00979249 0 0 0 0 0 0 2.20299
  0.170667   0.273674 -0.0224124  -0.00815729   0.00547302 -0.000454662  0 -0  0 0 0 0 -0.0356319  0.0018356  0.0138574    0.0404408   0.0068492 -0.00917327 0 0 0 0 0 0 2.20487
  0.182732   0.151994 -0.0660585 -0.00813041  0.00609145 -0.00046194  0 -0  0 0 0 0 -0.0234426  0.0127014 0.00140888   0.0208831 -0.0466246 -0.0229043 0 0 0 0 0 0 2.20549
0.0953177  0.124068 0.0495418 -0.00568901  0.00444935 -0.00369045  0 -0  0 0 0 0  0.0318555 -0.0136244 -0.0671241  -0.0212907  -0.043647   0.030428 0 0 0 0 0 0 2.20986
-0.0263408   0.157919  0.0152902 -0.00500023   0.0044592 -0.00227174  0 -0  0 0 0 0   0.0327249    -0.00667 -0.00713286   -0.0705938 -0.00318257  0.00107822 0 0 0 0 0 0 2.21143
 -0.104097   0.279689 -0.0184551 -0.00709991  0.00237031 -0.00591434  0 -0  0 0 0 0 -0.0244587 -0.0417344 -0.0625029  -0.0591926  0.0302662 -0.0174144 0 0 0 0 0 0 2.21613
  0.116713    0.28308 -0.0190838 -0.00795277  0.00466141 -0.00233076  0 -0  0 0 0 0 -0.0279369 0.00694447 0.00520464   0.0304075   0.019569 -0.0144044 0 0 0 0 0 0 2.22047
  0.121958   0.205442 -0.0969403 -0.00820997  0.00518721 -0.00259784  0 -0  0 0 0 0  -0.0252878   0.0143299 -0.00692975   0.0142841 -0.0257483 -0.0412519 0 0 0 0 0 0 2.22111
   0.052146    0.220953 0.000953041 -0.00788692  0.00394027 -0.00592777  0 -0  0 0 0 0 -0.00500517 -0.00814164  -0.0719868  -0.0177768 -0.0131982  0.0126768 0 0 0 0 0 0 2.22468
-0.00972154    0.287024  -0.0492253 -0.00644595  0.00557227 -0.00477943  0 -0  0 0 0 0  0.0251551  0.0236683 -0.0198706  -0.0458852  0.0303219 -0.0126197 0 0 0 0 0 0 2.22714
-0.0124728   0.312916 -0.0365642 -0.00665735  0.00464235 -0.00411986  0 -0  0 0 0 0  0.00801614  -0.0027995 -0.00290088   -0.0237743   0.0253182 -0.00174399 0 0 0 0 0 0 2.2283
  0.140413   0.226528 -0.0495133    -0.00599  0.00612256 -0.00304297  0 -0  0 0 0 0  0.014779 0.0214592 0.0105633   0.0361321 -0.0127468 -0.0105191 0 0 0 0 0 0 2.23025
0.175053 0.196732 -0.10967 -0.00574566  0.00680514 -0.00118113  0 -0  0 0 0 0 0.0115337 0.0255663 0.0416326   0.0270785 -0.0154627 -0.0312205 0 0 0 0 0 0 2.23225
0.0828054  0.166153 0.0422966 -0.00658984  0.00605572 -0.00381621  0 -0  0 0 0 0 -0.00186134  0.00700067  -0.0271928  -0.0229003 -0.0333882  0.0372752 0 0 0 0 0 0 2.23511
0.0256407  0.181866 0.0252899 -0.00541388  0.00630951  -0.0031105  0 -0  0 0 0 0    0.0203395    0.0108508 -0.000811798    -0.042295 -0.00488133   0.0147429 0 0 0 0 0 0 2.23651
-0.00245341    0.302311 -0.00367293 -0.00700087  0.00445039 -0.00344128  0 -0  0 0 0 0  -0.0207205  -0.0266423 -0.00454105   -0.0305031   0.0356066 -0.00787743 0 0 0 0 0 0 2.23897
 0.140764  0.262667 0.0022435 -0.00770521  0.00546351 -0.00192358  0 -0  0 0 0 0 -0.0285481 -0.0027117  0.0158399    0.0269139  0.00938804 -0.00554135 0 0 0 0 0 0 2.24093
  0.176804   0.211653 -0.0765042  -0.00824288   0.00662601 -0.000673634  0 -0  0 0 0 0 -0.0308447  0.0186515  0.0304183   0.0252886 -0.0154464 -0.0376658 0 0 0 0 0 0 2.24272
 0.115998  0.158549 0.0513949 -0.00694516  0.00637712 -0.00283591  0 -0  0 0 0 0 0.00670104  0.0101614 -0.0304983  -0.0108444 -0.0326015  0.0257089 0 0 0 0 0 0 2.24525
0.0730168  0.217808 0.0170524 -0.0065412 0.00689569 -0.0020835  0 -0  0 0 0 0  0.0133807  0.0169112 0.00152492  -0.0301076  0.0118856 4.2367e-05 0 0 0 0 0 0 2.24625
0.0252268  0.270252 -0.028469  -0.00760186   0.00573568 -3.13953e-05  0 -0  0 0 0 0  -0.0152323 -0.00925184   0.0358623  -0.0342183  0.0255569  -0.019716 0 0 0 0 0 0 2.24884
  0.159311   0.282263 -0.0354322 -0.00817657  0.00677934 -0.00116245  0 -0  0 0 0 0 -0.0243932 0.00822499 0.00588932   0.0235123  0.0158473 -0.0183447 0 0 0 0 0 0 2.25048
  0.190234   0.196512 -0.0785905 -0.00849854  0.00663013 0.000134973  0 -0  0 0 0 0  -0.024774 0.00289377  0.0227335   0.0230905 -0.0249052 -0.0278389 0 0 0 0 0 0 2.25183
  0.108379   0.177293 0.00320091 -0.00729035  0.00454466 -0.00407576  0 -0  0 0 0 0  0.0107439 -0.0285906 -0.0750506   -0.016107 -0.0329473  0.0152302 0 0 0 0 0 0 2.25668
0.00580345   0.181562  0.0183399 -0.00523948  0.00398393 -0.00321125  0 -0  0 0 0 0  0.0428462  -0.026265 -0.0258476   -0.0628777 -0.00507224   0.0145926 0 0 0 0 0 0 2.25897
-0.000536043     0.288386   -0.0228191 -0.00601156  0.00316276  -0.0047719  0 -0  0 0 0 0 0.00865263 -0.0310227 -0.0399755  -0.0308919  0.0286004 -0.0113496 0 0 0 0 0 0 2.2609
  0.111018   0.285521 -0.0589446 -0.00612128  0.00442627 -0.00291649  0 -0  0 0 0 0   0.00301948 -0.000692454  -0.00420483   0.0161565  0.0175556 -0.0269702 0 0 0 0 0 0 2.26315
 0.150485  0.172011 -0.121923 -0.00567583  0.00484956 -0.00139858  0 -0  0 0 0 0 0.00646544 0.00711495  0.0181594   0.0235558 -0.0334868 -0.0402716 0 0 0 0 0 0 2.26478
0.0966178  0.195103 0.0163193 -0.00571243  0.00388244 -0.00454931  0 -0  0 0 0 0  0.00991675 -0.00993097  -0.0499808  -0.00234455  -0.0195596   0.0258194 0 0 0 0 0 0 2.26808
0.0418891  0.282227 0.0460543 -0.00569736  0.00478945 -0.00424088  0 -0  0 0 0 0  0.0101299 0.00810258 -0.0178593  -0.0313704  0.0297208  0.0255975 0 0 0 0 0 0 2.26904
-0.00265607    0.394879  -0.0202797 -0.00660815   0.0040947 -0.00456952  0 -0  0 0 0 0  -0.0141491 -0.00691185  -0.0153077  -0.0304196  0.0518298 -0.0163996 0 0 0 0 0 0 2.27023
  0.132462   0.286281 -0.0201207 -0.00774104  0.00530268 -0.00314498  0 -0  0 0 0 0  -0.039393  0.0121622 0.00373913    0.0268814 -0.00335509  -0.0161636 0 0 0 0 0 0 2.27241
 0.160772  0.166546 -0.070593  -0.00900535   0.00705628 -0.000607485  0 -0  0 0 0 0 -0.0525361  0.0380171  0.0430603   0.0210468 -0.0448489  -0.032087 0 0 0 0 0 0 2.27575
 0.112966 0.0978954 0.0298786 -0.00727204  0.00820257  -0.0020846  0 -0  0 0 0 0 -0.00036575   0.0480285 -0.00765095  -0.00640035  -0.0552352   0.0187531 0 0 0 0 0 0 2.2783
0.0553091  0.153726 0.0484562 -0.00658942  0.00667706 -0.00156243  0 -0  0 0 0 0  0.0142906 0.00961367  0.0123287   -0.0303366 -0.00156643   0.0191286 0 0 0 0 0 0 2.28005
 0.0541417   0.287982 -0.0204164  -0.00712137   0.00538842 -1.50109e-05  0 -0  0 0 0 0 -0.00236276  -0.0160602   0.0382121  -0.0171015  0.0476838 -0.0196281 0 0 0 0 0 0 2.28213
  0.179268   0.327904 -0.0170377 -0.00827423  0.00520358 -0.00140105  0 -0  0 0 0 0 -0.0292321 -0.0177038 0.00178506   0.0343326  0.0373288 -0.0136134 0 0 0 0 0 0 2.28394
  0.219118   0.256939 -0.0697919 -0.00862554  0.00545259 0.000166669  0 -0  0 0 0 0  -0.0286112 -0.00686878   0.0235381    0.0313083 -0.00559229  -0.0302698 0 0 0 0 0 0 2.28557
  0.122288   0.195137 -0.0308727 -0.00775191  0.00554948 -0.00320554  0 -0  0 0 0 0 0.000659907 0.000343969  -0.0554556    -0.025633  -0.0404278 -0.00511487 0 0 0 0 0 0 2.28905
0.0557613  0.237034 0.0222761 -0.00676586  0.00449218  -0.0041404  0 -0  0 0 0 0  0.0200257 -0.0155032 -0.0470699  -0.0411568 0.00151045  0.0187278 0 0 0 0 0 0 2.29077
-0.000402131      0.34866   -0.0258585 -0.00629462  0.00369376 -0.00270477  0 -0  0 0 0 0   0.0239045  -0.0230253 -0.00193806  -0.0487925  0.0459477 -0.0086835 0 0 0 0 0 0 2.29248
  0.134142   0.315129 -0.0182241 -0.00680469  0.00457806 -0.00423937  0 -0  0 0 0 0 -0.00237718 -0.00366286  -0.0297229    0.0179761    0.012653 -0.00749322 0 0 0 0 0 0 2.29433
 0.199835  0.229068 -0.070304  -0.00751261   0.00674164 -0.000545991  0 -0  0 0 0 0 -0.0195117  0.0351015  0.0408701   0.0352941 -0.0180976 -0.0278933 0 0 0 0 0 0 2.29867
  0.107638      0.226 -0.0183013 -0.00964557  0.00662174 -0.00391794  0 -0  0 0 0 0 -0.0474926   0.024623 -0.0347483   -0.0178563  -0.0282425 0.000289174 0 0 0 0 0 0 2.30266
0.0629505  0.242003 0.0317051 -0.00754997  0.00526613 -0.00338896  0 -0  0 0 0 0  0.00426772 -0.00379714  -0.0104662  -0.0279721 0.00303364  0.0200851 0 0 0 0 0 0 2.30521
 -0.010218   0.358177 -0.0363603 -0.00747357  0.00485482 -0.00136359  0 -0  0 0 0 0  0.00670301 -0.00755271   0.0344617  -0.0489651  0.0489325 -0.0164812 0 0 0 0 0 0 2.30728
   0.140351    0.336832 -0.00120474 -0.00825774  0.00543709 -0.00298109  0 -0  0 0 0 0  -0.0167218 0.000486429 -0.00747458    0.0244075   0.0174129 0.000971872 0 0 0 0 0 0 2.30917
  0.162802   0.242031 -0.0515497  -0.00875396   0.00680776 -0.000647394  0 -0  0 0 0 0 -0.024492   0.02397 0.0293491   0.0174515 -0.0224944 -0.0229286 0 0 0 0 0 0 2.31192
  0.108818   0.194413 -0.0233149 -0.00895491  0.00806914 -0.00313906  0 -0  0 0 0 0 -0.0165775   0.040171 -0.0313416   -0.0124161   -0.041487 -0.00392262 0 0 0 0 0 0 2.31472
0.0946902  0.200358 -0.010332 -0.00649931  0.00633368 -0.00313201  0 -0  0 0 0 0   0.0318555 0.000948999  -0.0186248   -0.0100782 -0.00855937   0.0044826 0 0 0 0 0 0 2.31772
 0.0074784   0.316796 -0.0578277 -0.00676991  0.00661485 -0.00212656  0 -0  0 0 0 0  0.0188338 0.00737733  0.0114217  -0.0444762  0.0395394 -0.0177885 0 0 0 0 0 0 2.3188
  0.155252   0.315054 -0.0067739 -0.00718079  0.00602564 -0.00450681  0 -0  0 0 0 0 -0.00179443   -0.010619  -0.0334903   0.0257825  0.0193632 0.00716367 0 0 0 0 0 0 2.32129
  0.183557   0.223731 -0.0482198 -0.00770345  0.00547736 -0.00128399  0 -0  0 0 0 0 -0.0172075 -0.0159895  0.0267045   0.0236415  -0.017263 -0.0156268 0 0 0 0 0 0 2.3246
 0.105514 0.0924651 0.0164608 -0.00529457  0.00685561 -0.00289926  0 -0  0 0 0 0   0.034628  0.0157726 -0.0211252  -0.0259311 -0.0669556  0.0149779 0 0 0 0 0 0 2.32781
0.0385306  0.137229 0.0382886 -0.00520208  0.00529351 -0.00492566  0 -0  0 0 0 0  0.0290636  -0.013078 -0.0445735  -0.0383264 -0.0190563   0.017128 0 0 0 0 0 0 2.33037
-0.0452228   0.298829 -0.0335158 -0.00542768  0.00498415 -0.00440745  0 -0  0 0 0 0  0.0180905 -0.0127489 -0.0133754   -0.057759  0.0493493 -0.0214838 0 0 0 0 0 0 2.33102
  0.106361   0.315893 -0.0421957 -0.00708047  0.00475907 -0.00505028  0 -0  0 0 0 0 -0.0277585 -0.0170641 -0.0245784    0.018281  0.0308788 -0.0188085 0 0 0 0 0 0 2.3328
 0.179148  0.255227 -0.074154 -0.00861906  0.00643167 -0.00116542  0 -0  0 0 0 0 -0.0499046  0.0167842  0.0452126     0.0361981 -0.000913532   -0.0257824 0 0 0 0 0 0 2.3373
   0.120877     0.21572 -0.00304957 -0.00777876  0.00733121 -0.00272948  0 -0  0 0 0 0  -0.0145685   0.0301985 -0.00498782  -0.00710162  -0.0208048   0.0128424 0 0 0 0 0 0 2.33929
0.0912169  0.311544 0.0364538 -0.00790612  0.00442846 -0.00411652  0 -0  0 0 0 0 -0.00766095  -0.0248287  -0.0246895  -0.011703 0.0280731 0.0247499 0 0 0 0 0 0 2.34251
 0.0905852   0.423263 -0.0406393 -0.00698244  0.00692208 -0.00254506  0 -0  0 0 0 0 0.0154594 0.0261056 0.0150722  -0.0109562  0.0627168 -0.0159279 0 0 0 0 0 0 2.3456
  0.129584   0.334747 -0.0303126 -0.00729814  0.00514138 -0.00416018  0 -0  0 0 0 0 -0.00676101   -0.017098  -0.0204392    0.0112791  0.00569766 -0.00630647 0 0 0 0 0 0 2.34803
  0.203451   0.228598 -0.0403299 -0.00839613  0.00563257 -0.00034324  0 -0  0 0 0 0   -0.029898 -0.00406944   0.0458871    0.0378861  -0.0331192 -0.00862249 0 0 0 0 0 0 2.35203
    0.11959    0.141461 -0.00871326 -0.00715365  0.00657709 -0.00231455  0 -0  0 0 0 0 0.00589089  0.0169781 -0.0115388  -0.0199825 -0.0625698 0.00595683 0 0 0 0 0 0 2.35454
0.0751138  0.199593 0.0486434 -0.00739696  0.00352283 -0.00409918  0 -0  0 0 0 0 0.00444064 -0.0359875 -0.0357658  -0.0232751 -0.0111936  0.0270073 0 0 0 0 0 0 2.35809
0.0129921  0.336634  -0.03334 -0.00648384  0.00362091 -0.00175584  0 -0  0 0 0 0 0.0236533  -0.02069 0.0259628  -0.0441942  0.0521719 -0.0157054 0 0 0 0 0 0 2.36061
  0.119997   0.283363 -0.0248553 -0.00701603   0.0045829  -0.0046867  0 -0  0 0 0 0 -0.00356591 -0.00026395  -0.0337517    0.0135535  0.00831091 -0.00971704 0 0 0 0 0 0 2.36374
   0.15444   0.195589 -0.0485017 -0.00751557  0.00561082 -0.00136121  0 -0  0 0 0 0 -0.0147965  0.0175773  0.0280421    0.019923 -0.0219172 -0.0167274 0 0 0 0 0 0 2.36725
   0.12996   0.108021 -0.0431273 -0.00551451  0.00605347 -0.00192026  0 -0  0 0 0 0  0.0281021  0.0221646 0.00137022  -0.00195472  -0.0494265 -0.00688857 0 0 0 0 0 0 2.36938
 0.105747  0.163748 0.0357606 -0.00560263  0.00480348 -0.00245114  0 -0  0 0 0 0   0.0199684 -0.00453193 -0.00197781  -0.00706303 -0.00208145   0.0258621 0 0 0 0 0 0 2.37074
 0.0467036   0.265334 -0.0339297  -0.00578556    0.0047055 -0.000897917  0 -0  0 0 0 0   0.0102878 -0.00362448   0.0323892  -0.0310331  0.0387188 -0.0148007 0 0 0 0 0 0 2.37231
  0.181346   0.343877 -0.0223378 -0.00859131  0.00392561 -0.00174941  0 -0  0 0 0 0 -0.0530174 -0.0203142 0.00354717    0.0307874   0.0414394 -0.00976096 0 0 0 0 0 0 2.37534
  0.216882   0.279761 -0.0906233 -0.00923934  0.00489797 0.000441328  0 -0  0 0 0 0 -0.0488293 0.00500336   0.034138   0.0290424 0.00370482 -0.0356413 0 0 0 0 0 0 2.37782
  0.141287   0.154538 -0.0735831 -0.00658186  0.00590284 -0.00158065  0 -0  0 0 0 0  0.0198736  0.0249161 -0.0278514  -0.0224691 -0.0559726 -0.0143078 0 0 0 0 0 0 2.38131
0.0433395  0.182028 0.0601908 -0.00645373  0.00441001 -0.00402375  0 -0  0 0 0 0   0.0199989 -0.00487384  -0.0601653  -0.0493737 -0.0216691  0.0405945 0 0 0 0 0 0 2.38418
-0.047472  0.225412    0.0214 -0.00558157  0.00582056 -0.00243816  0 -0  0 0 0 0   0.0315272   0.0216457 -0.00636359  -0.0711777 0.00999079 0.00697963 0 0 0 0 0 0 2.38647
  0.108444   0.321224 -0.0048158 -0.00716565  0.00539796 -0.00563912  0 -0  0 0 0 0 -0.0173582 0.00135863 -0.0564288   0.0208888  0.0288279 -0.0138243 0 0 0 0 0 0 2.39007
  0.174157   0.249065 -0.0372493 -0.00713755  0.00640045 -0.00192279  0 -0  0 0 0 0 -0.0111515   0.020081  0.0168403    0.0386116 -0.00247327   -0.020482 0 0 0 0 0 0 2.39392
  0.155197   0.158594 -0.0788302 -0.00541345  0.00740161 -0.00202091  0 -0  0 0 0 0  0.0239166  0.0335251 0.00536445  0.00658182 -0.0390477 -0.0291202 0 0 0 0 0 0 2.39591
0.0886666  0.241474 0.0465121 -0.00695252  0.00466789 -0.00496264  0 -0  0 0 0 0 -0.00466433  -0.0193495  -0.0457388  -0.0152336  0.0048779  0.0294703 0 0 0 0 0 0 2.40021
0.00256932   0.333087 -0.0156564 -0.00620843  0.00657865 -0.00282044  0 -0  0 0 0 0 0.0145882 0.0207561 0.0147744   -0.0558779   0.0477418 -0.00858228 0 0 0 0 0 0 2.40318
  0.139117   0.297845 -0.0162653 -0.00653187  0.00430635 -0.00458271  0 -0  0 0 0 0 -0.00660101  -0.0291488  -0.0226527    0.0240969   0.0112693 -0.00730307 0 0 0 0 0 0 2.40607
   0.181901     0.25139 -0.00102116 -0.00747117  0.00561145 -0.00180771  0 -0  0 0 0 0 -0.0222858  0.0045348  0.0259522      0.03083 -0.00729123  0.00182425 0 0 0 0 0 0 2.40928
 0.121336  0.201101 -0.044866 -0.00766311  0.00556924 -0.00204046  0 -0  0 0 0 0 -0.0193383 0.00385243  0.0139686   -0.019064 -0.0290564   -0.01935 0 0 0 0 0 0 2.40958
0.0802606  0.192351 0.0461932 -0.00748943  0.00541518 -0.00204724  0 -0  0 0 0 0 -0.00887719 0.000464181  0.00809804  -0.0247657 -0.0168396  0.0224584 0 0 0 0 0 0 2.40982
  0.0149833    0.220972 -0.00993173 -0.00662582  0.00697042   7.832e-05  0 -0  0 0 0 0 0.0116775 0.0283698 0.0474598  -0.0482316 0.00870962 -0.0101397 0 0 0 0 0 0 2.41259
   0.14816   0.293408 -0.0467514 -0.00722876  0.00588728 -0.00225751  0 -0  0 0 0 0 -0.00872906 -0.00433227 -0.00962235   0.0256945  0.0228713 -0.0230266 0 0 0 0 0 0 2.41523
  0.218941   0.249713 -0.0670727 -0.00790345  0.00659958 0.000326453  0 -0  0 0 0 0  -0.020154 0.00884441  0.0315893     0.0428397 -0.000569461   -0.0210922 0 0 0 0 0 0 2.418
  0.148281   0.133649 -0.0688071 -0.00693281  0.00666403 -0.00119451  0 -0  0 0 0 0 0.00542563 0.00989089 -0.0148115  -0.0171507   -0.05657 -0.0159643 0 0 0 0 0 0 2.4198
0.0860335  0.144302 0.0617424 -0.00634215  0.00557204 -0.00355806  0 -0  0 0 0 0   0.0180698 -0.00966762  -0.0555903  -0.0291296 -0.0286306  0.0395015 0 0 0 0 0 0 2.42247
-0.0123899   0.196529  0.0207002  -0.0051456  0.00582827 -0.00158246  0 -0  0 0 0 0  0.0345738 0.00062847 0.00667274  -0.0666881  0.0133592 0.00521186 0 0 0 0 0 0 2.42479
  0.0890931    0.263214 -0.00306759 -0.00733143  0.00575497 -0.00445963  0 -0  0 0 0 0  -0.0265488 -0.00640988  -0.0441354  0.00440781  0.0204157 -0.0122361 0 0 0 0 0 0 2.42841
  0.169817   0.228127 -0.0440643 -0.00757405  0.00655639  -0.0015383  0 -0  0 0 0 0 -0.0218084 0.00941003  0.0101927   0.0324016 0.00199292 -0.0269621 0 0 0 0 0 0 2.43145
 0.161798  0.165657 -0.105281 -0.00625173  0.00638698 -0.00194669  0 -0  0 0 0 0   0.0108077   0.0052566 -0.00483556  0.00858849 -0.0242945 -0.0383796 0 0 0 0 0 0 2.43284
0.0855127   0.23844 0.0447904 -0.00727122  0.00501365 -0.00494499  0 -0  0 0 0 0 -0.00379039  -0.0177735  -0.0589872  -0.0218541 0.00843973  0.0324949 0 0 0 0 0 0 2.43629
0.0257776  0.380147 0.0185511 -0.00682046  0.00701048 -0.00384763  0 -0  0 0 0 0  0.00993899   0.0226133 -0.00974495  -0.0461574  0.0693201 0.00872302 0 0 0 0 0 0 2.43862
  0.13069  0.380206 0.0283135 -0.00805675  0.00571656 -0.00519273  0 -0  0 0 0 0 -0.0247472 -0.0110163 -0.0324112   0.0181381  0.0338371 0.00457149 0 0 0 0 0 0 2.44086
  0.125023   0.267541 -0.0139116 -0.00740829  0.00576448 -0.00150347  0 -0  0 0 0 0 -0.00633687  -0.0043265   0.0321073  0.00604527 -0.0113405 -0.0163432 0 0 0 0 0 0 2.4446
   0.12008   0.156597 -0.0919623  -0.0063045  0.00623587 -0.00185393  0 -0  0 0 0 0  0.0152128 0.00674383 0.00678049  -0.00152937  -0.0533146  -0.0394346 0 0 0 0 0 0 2.44585
0.0512813  0.177778 0.0645725 -0.00618891  0.00318351 -0.00399477  0 -0  0 0 0 0  0.0171053 -0.0441316 -0.0354366  -0.0218561 -0.0251657  0.0355236 0 0 0 0 0 0 2.44958
-0.00210313    0.299666 -0.00237251 -0.00546543  0.00420698 -0.00269249  0 -0  0 0 0 0   0.028645 -0.0116206 0.00984861   -0.0426257    0.040764 -0.00588733 0 0 0 0 0 0 2.45139
  0.116156   0.230702 -0.0316178 -0.00728239  0.00308044 -0.00121132  0 -0  0 0 0 0 -0.0280705 -0.0296671   0.023754    0.0230231 -0.00228608  -0.0197367 0 0 0 0 0 0 2.45399
  0.270447  0.0997299 -0.0457481 -0.00725807  0.00504497 -0.00139776  0 -0  0 0 0 0 -0.0214563  0.0132439  0.0139275   0.0729492 -0.0468241 -0.0189678 0 0 0 0 0 0 2.45596
 0.349518 0.0874085 -0.105239 -0.00777643  0.00649307 -0.00125919  0 -0  0 0 0 0 -0.0223455  0.0340521  0.0143318   0.0706853 -0.0307783 -0.0352798 0 0 0 0 0 0 2.45751
  0.25832  0.225504 0.0509611 -0.00358864  0.00616175 -0.00307593  0 -0  0 0 0 0  0.0639033  0.0228115 -0.0211473  -0.00174601   0.0467116   0.0359812 0 0 0 0 0 0 2.46208
0.218623 0.340812 0.071861 -0.00112351  0.00667281 -0.00197287  0 -0  0 0 0 0  0.0863892  0.0250648 0.00978541  -0.0215288  0.0759508  0.0285455 0 0 0 0 0 0 2.46483
 0.259303  0.514361 0.0978057 -0.00162576  0.00547097  -0.0026833  0 -0  0 0 0 0   0.0358307 -0.00778904 -0.00537325  0.00559205  0.0950458  0.0196125 0 0 0 0 0 0 2.46632
0.268674 0.514124 0.116235  -0.00110398   0.00628462 -0.000178983  0 -0  0 0 0 0 0.0316787 0.0100653 0.0329991  0.0077242 0.0625243 0.0171107 0 0 0 0 0 0 2.469
0.239744 0.345126 0.125533   0.00133364   0.00773481 -0.000695668  0 -0  0 0 0 0   0.0637937   0.0332728 -0.00467244  -0.0126008 -0.0414442  0.0124462 0 0 0 0 0 0 2.47188
0.187104 0.334325 0.274674    0.002242  0.00611178 -0.00353585  0 -0  0 0 0 0   0.0648483 -0.00172329  -0.0614118  -0.0201135 -0.0349337  0.0653193 0 0 0 0 0 0 2.47528
0.116364  0.34289 0.254557  0.00365637  0.00633056 -0.00246696  0 -0  0 0 0 0  0.0650626 0.00383258 -0.0137935  -0.0462121 -0.0103395  0.0257924 0 0 0 0 0 0 2.47707
0.116632 0.440163 0.259007  0.00263315  0.00392858 -0.00650986  0 -0  0 0 0 0  0.0139239 -0.0409029 -0.0720487  -0.0189096  0.0166496 0.00951285 0 0 0 0 0 0 2.48188
0.216436 0.418506  0.23727  0.00219447  0.00551157 -0.00145767  0 -0  0 0 0 0  0.00390239 0.000551393   0.0225354      0.01664  0.00597845 -0.00808495 0 0 0 0 0 0 2.48719
0.229882  0.27817 0.190179   0.00227167   0.00601278 -0.000451978  0 -0  0 0 0 0 1.19011e-05  0.00938087   0.0238552   0.0114965 -0.0565749 -0.0247515 0 0 0 0 0 0 2.48832
0.177823  0.30676 0.314107  0.00270866  0.00517973 -0.00340572  0 -0  0 0 0 0   0.0152382 -0.00521958  -0.0427194  -0.00671401  -0.0259631    0.032516 0 0 0 0 0 0 2.49142
0.111546 0.305024 0.269873  0.00349188  0.00612473 -0.00178459  0 -0  0 0 0 0  0.0223879  0.0128788 0.00733615    -0.0409597  -0.00842538 -0.000860106 0 0 0 0 0 0 2.49345
0.126109 0.350099 0.234696  0.00191999  0.00508546 -0.00307764  0 -0  0 0 0 0  -0.020198 -0.0120817 -0.0166992  -0.0123006 0.00506858 -0.0181011 0 0 0 0 0 0 2.49574
0.247312 0.360658 0.226845 0.000677133   0.0069201 -0.00176144  0 -0  0 0 0 0 -0.0368885  0.0217616 0.00595429     0.03127 0.00540776 -0.0172026 0 0 0 0 0 0 2.49831
0.259242 0.281787 0.184189 -0.000277268   0.00749542 -0.000392879  0 -0  0 0 0 0 -0.0448271  0.0240256  0.0254253   0.0163409 -0.0273333 -0.0284546 0 0 0 0 0 0 2.50008
0.157579 0.307106 0.283261 -0.000743361   0.00703905  -0.00324935  0 -0  0 0 0 0 -0.0312602  0.0119811 -0.0366845  -0.0304515 -0.0117821  0.0196632 0 0 0 0 0 0 2.50301
0.118842 0.355519 0.211132 0.000137907  0.00597183 -0.00286187  0 -0  0 0 0 0 -0.00456269 -0.00701349  -0.0127406  -0.0350618  0.0198267 -0.0156054 0 0 0 0 0 0 2.50445
0.0838634  0.442092  0.185972 -0.00104815  0.00589284 -0.00122501  0 -0  0 0 0 0  -0.0247589 -0.00667429   0.0211479  -0.0326163    0.04282 -0.0187908 0 0 0 0 0 0 2.50647
0.222433 0.407865 0.211221 -0.00255084    0.006488 -0.00264672  0 -0  0 0 0 0 -0.0522758 0.00181755 -0.0108538    0.0280261   0.0128304 -0.00616892 0 0 0 0 0 0 2.50862
0.264555 0.337091 0.181532 -0.00327579  0.00768169 -0.00111008  0 -0  0 0 0 0 -0.0481912  0.0220182  0.0166123   0.0294665 -0.0170711 -0.0162775 0 0 0 0 0 0 2.5107
0.177502 0.284104 0.293755 -0.00118828  0.00717396 -0.00440105  0 -0  0 0 0 0 0.00942732  0.0109979 -0.0582611  -0.0183483 -0.0344639  0.0332874 0 0 0 0 0 0 2.51463
0.118563 0.310413 0.288276  0.00144675  0.00591524 -0.00403623  0 -0  0 0 0 0  0.0532381 -0.0100395 -0.0267355  -0.0399874 0.00362872  0.0184698 0 0 0 0 0 0 2.51757
-0.00376181    0.335635    0.211794  0.00114258  0.00496323 -0.00259887  0 -0  0 0 0 0  0.0217515 -0.0226253 0.00873617  -0.0701153  0.0118112 -0.0245248 0 0 0 0 0 0 2.51932
  0.1821 0.410453  0.18756 -0.000210885   0.00619706  -0.00246903  0 -0  0 0 0 0 -0.0162538 0.00174203  0.0043663    0.020259   0.026627 -0.0299917 0 0 0 0 0 0 2.52116
0.215246 0.356305 0.148738 -0.00140498  0.00742964 -0.00106832  0 -0  0 0 0 0 -0.0371836   0.021603  0.0250859    0.0239399 -0.00681479  -0.0359512 0 0 0 0 0 0 2.52337
0.193614 0.338961 0.237114  -0.0005233  0.00591526 -0.00464547  0 -0  0 0 0 0 -0.00402152 -0.00863994  -0.0599203   0.0114755 -0.0157876  0.0144126 0 0 0 0 0 0 2.52736
0.160561 0.404857 0.231684 0.000747668  0.00613797 -0.00440718  0 -0  0 0 0 0   0.0213797 -0.00067871   -0.028532  -0.0154797   0.027551 0.00654296 0 0 0 0 0 0 2.52867
0.128873  0.45197 0.167917  0.00041667  0.00517761 -0.00358009  0 -0  0 0 0 0  0.00264621   -0.016638 -0.00330067  -0.0203512  0.0329642 -0.0238826 0 0 0 0 0 0 2.52998
0.134484 0.422727 0.111525 -0.000532084   0.00540659  -0.00252659  0 -0  0 0 0 0 -0.0217021 -0.0079583  0.0103447  -0.00932328  0.00993665   -0.039258 0 0 0 0 0 0 2.53141
    0.10278    0.359872 0.000395889  -0.00127299   0.00549936 -0.000373129  0 -0  0 0 0 0  -0.0315765 -0.00342725    0.043869  -0.0257058 -0.0171735 -0.0679018 0 0 0 0 0 0 2.53369
-0.039437  0.334959 -0.051756 -0.00152567  0.00577705 -0.00410181  0 -0  0 0 0 0  -0.019981 0.00530045 -0.0487614  -0.0749754 -0.0352779 -0.0638588 0 0 0 0 0 0 2.53744
-0.112337  0.384186 -0.186165 9.27438e-05  0.00570847 -0.00386138  0 -0  0 0 0 0   0.015725 0.00372966 -0.0229306  -0.0741218  0.0103416  -0.085583 0 0 0 0 0 0 2.53908
-0.264374  0.520965   -0.4413 -9.64722e-05   0.00507036  -0.00321567  0 -0  0 0 0 0  0.00425995 -0.00704744 0.000747359  -0.100962 0.0563552 -0.148973 0 0 0 0 0 0 2.54001
-0.292542  0.530075 -0.681248 -0.00173932   0.0055107 -0.00307162  0 -0  0 0 0 0  -0.0374262 9.66164e-05 -0.00193305  -0.0666333  0.0349516  -0.178413 0 0 0 0 0 0 2.54171
-0.323623  0.476745  -0.93353  -0.00282365   0.00524365 -0.000723717  0 -0  0 0 0 0  -0.0477519 -0.00543365   0.0354595  -0.0417419 0.00256181  -0.192326 0 0 0 0 0 0 2.54431
-0.391211  0.474201  -1.14909 -0.00213099  0.00334481  -0.0034391  0 -0  0 0 0 0 -0.0163186 -0.0332204 -0.0367123   -0.0453036 -0.00846845   -0.197827 0 0 0 0 0 0 2.5477
-0.442203  0.510552   -1.4638 -0.000905907 -0.000241422  -0.00384519  0 -0  0 0 0 0  0.0103741 -0.0765251 -0.0278488  -0.0406289  0.0150703  -0.219828 0 0 0 0 0 0 2.55151
-0.474648  0.594786  -1.85366 -0.00115336 -0.00505201 -0.00145456  0 -0  0 0 0 0 -0.00613802   -0.135192   0.0254459  -0.0347078  0.0442575  -0.290017 0 0 0 0 0 0 2.55689
-0.264592  0.685252  -2.24973 -0.00301934 -0.00646955 -0.00254147  0 -0  0 0 0 0 -0.0461726  -0.114426 -0.0041064  0.0529538 0.0502485 -0.314329 0 0 0 0 0 0 2.55947
-0.238125  0.598756  -2.63996 -0.00478544 -0.00724082 -0.00178856  0 -0  0 0 0 0 -0.0671579 -0.0877072 0.00329818    0.0333288 -0.00985066   -0.328329 0 0 0 0 0 0 2.56154
-0.287039  0.517808  -2.97452 -0.00430688 -0.00922567 -0.00561344  0 -0  0 0 0 0 -0.0334069 -0.0911776 -0.0805769  0.00145499 -0.0494232  -0.327858 0 0 0 0 0 0 2.56587
-0.313649  0.580934  -3.47407 -0.00425957  -0.0144639 -0.00669012  0 -0  0 0 0 0 -0.0187346  -0.141499 -0.0615066  -0.0101881 0.00495165   -0.36341 0 0 0 0 0 0 2.57122
-0.285826  0.639851  -4.08206 -0.00524275  -0.0167662 -0.00709925  0 -0  0 0 0 0 -0.0349695  -0.130344 -0.0460176  0.00849182  0.0239091  -0.435593 0 0 0 0 0 0 2.57376
-0.0507846   0.418755   -4.55977 -0.00736703  -0.0195596 -0.00595361  0 -0  0 0 0 0 -0.0751616  -0.139255 -0.0242389   0.0874798 -0.0556185   -0.43634 0 0 0 0 0 0 2.57745
0.0861297  0.173841  -5.13888 -0.00910507  -0.0228117 -0.00210503  0 -0  0 0 0 0 -0.0881819  -0.147264  0.0421924   0.101786 -0.119116 -0.472419 0 0 0 0 0 0 2.58278
  0.180657 -0.0347508   -5.63598 -0.00949768  -0.0277991 -0.00320445  0 -0  0 0 0 0  -0.0681239    -0.18612 -0.00201614   0.103425 -0.160875 -0.479196 0 0 0 0 0 0 2.5879
 0.327713 -0.174682  -6.27373 -0.00889549  -0.0339545 -0.00279086  0 -0  0 0 0 0 -0.0330187  -0.220825 0.00637782   0.114092 -0.133981 -0.499351 0 0 0 0 0 0 2.5941
  0.443685 -0.0892442   -6.98248  -0.0112105  -0.0369062 -0.00099216  0 -0  0 0 0 0 -0.0634192  -0.199554  0.0428475    0.109735 -0.0528283  -0.571816 0 0 0 0 0 0 2.59826
 0.943064 -0.102197  -7.61783   -0.0132711   -0.0413476 -0.000835792  0 -0  0 0 0 0 -0.0778541  -0.205907  0.0253175    0.230241 -0.0414099  -0.539742 0 0 0 0 0 0 2.60316
  1.09364 -0.203709  -8.15663  -0.0163311  -0.0473169 -0.00273303  0 -0  0 0 0 0 -0.110972 -0.238865  -0.01707    0.178606 -0.0762234  -0.507957 0 0 0 0 0 0 2.61013
  1.26334 -0.328997  -8.67244  -0.0160209  -0.0501715 -0.00288435  0 -0  0 0 0 0 -0.0695923  -0.213241 -0.0181971    0.166644 -0.0962436   -0.50625 0 0 0 0 0 0 2.61301
  1.68083 -0.305756  -9.34711  -0.0166717   -0.054698 -0.00117351  0 -0  0 0 0 0 -0.0568017  -0.216455   0.025479    0.274717 -0.0318261  -0.524349 0 0 0 0 0 0 2.61789
  1.82967 -0.293874  -10.1629 -0.0177906 -0.0597555 0.00276838  0 -0  0 0 0 0 -0.0617387  -0.228832  0.0904525    0.204216 -0.0215209  -0.629898 0 0 0 0 0 0 2.6244
   2.3338 -0.282095  -11.0241  -0.0184729  -0.0653858 0.000695583  0 -0  0 0 0 0 -0.0546738  -0.242596  0.0230791    0.294262 -0.0211323  -0.662271 0 0 0 0 0 0 2.63044
  2.71265 -0.302537   -11.802   -0.0197941   -0.0697171 -1.81087e-05  0 -0  0 0 0 0 -0.0617093  -0.235342 0.00100992   0.315922 -0.037251 -0.674035 0 0 0 0 0 0 2.63502
   3.3875 -0.429126  -12.4578 -0.0213273 -0.0718089 0.00123456  0 -0  0 0 0 0  -0.0744532   -0.207029 -0.00368141    0.481991 -0.0782647  -0.651019 0 0 0 0 0 0 2.6379
   3.9792 -0.386413   -13.314  -0.0243539  -0.0792583 0.000458118  0 -0  0 0 0 0 -0.0996546   -0.26267 -0.0103952    0.502553 -0.0493973  -0.688918 0 0 0 0 0 0 2.64598
  3.91105 -0.355699  -14.6255 -0.0283802 -0.0874359 0.00893239  0 -0  0 0 0 0 -0.150806 -0.308299  0.165682     0.23215 -0.0543724  -0.942432 0 0 0 0 0 0 2.65843
  5.69118 -0.577428  -16.1018 -0.0300118 -0.0953492 0.00560774  0 -0  0 0 0 0  -0.14026 -0.333698 0.0155149   0.733313 -0.134664  -1.02803 0 0 0 0 0 0 2.66716
  6.53106 -0.689785   -17.434 -0.0319869 -0.0988806 0.00196077  0 -0  0 0 0 0  -0.122031    -0.2678 -0.0529875   0.700995 -0.179863  -1.06208 0 0 0 0 0 0 2.67261
  6.73198 -0.770654  -18.8955 -0.0298633  -0.102198 -0.0041164  0 -0  0 0 0 0 -0.0431975  -0.232664  -0.122989   0.455111 -0.246709  -1.25814 0 0 0 0 0 0 2.67985
  6.90821 -0.710402  -20.5778  -0.0288325   -0.106892 -0.00880814  0 -0  0 0 0 0 0.0022959 -0.224193 -0.143883   0.276359 -0.196164  -1.36254 0 0 0 0 0 0 2.68657
  6.03562 -0.255011  -22.6362 -0.0323418   -0.11893 0.00934065  0 -0  0 0 0 0 -0.0518574  -0.346495   0.273606   -0.264478 -0.0327953   -1.64933 0 0 0 0 0 0 2.70863
 6.66642 0.271638 -24.9968 -0.0314687  -0.125815 0.00656068  0 -0  0 0 0 0 -0.0205691  -0.325563   0.107575   0.116442 0.0812117  -1.71039 0 0 0 0 0 0 2.7161
 7.29511 0.756517 -26.8389  -0.0329713   -0.131978 -0.00353155  0 -0  0 0 0 0 -0.0583489  -0.336921 -0.0944181  0.374274 0.143871 -1.66096 0 0 0 0 0 0 2.72802
 8.00129 0.933762 -28.5517   -0.032776   -0.134348 -0.00550629  0 -0  0 0 0 0 -0.0447438   -0.28079  -0.141309   0.559046 0.0581903   -1.6977 0 0 0 0 0 0 2.73111
  8.5963  1.31029 -30.5875   -0.036301   -0.138871 -0.00802322  0 -0  0 0 0 0 -0.0948118  -0.270324   -0.13191   0.574059 0.0570424  -1.79019 0 0 0 0 0 0 2.73738
 8.40982   1.5631 -33.0635  -0.039791   -0.15365 0.00396592  0 -0  0 0 0 0 -0.123022 -0.410244   0.15047    0.214385 -0.0213162   -1.91646 0 0 0 0 0 0 2.75672
 9.07521   1.9461 -35.5188 -0.0432448  -0.160903 0.00820608  0 -0  0 0 0 0 -0.143037 -0.380185  0.153734   0.381295 0.0021265  -1.94357 0 0 0 0 0 0 2.76581
 9.80287  2.23609 -37.4841 -0.0419178  -0.159907 -0.0105599  0 -0  0 0 0 0 -0.0689659  -0.228262  -0.190258    0.485773 -0.0251929   -1.75055 0 0 0 0 0 0 2.78465
 10.0807  2.40812 -38.9896  -0.042306  -0.160413 -0.0175479  0 -0  0 0 0 0 -0.0486052  -0.166244  -0.264716    0.440098 -0.0696431   -1.71893 0 0 0 0 0 0 2.79166
 10.3199  2.67395 -40.8359 -0.0392537  -0.160839 -0.0209191  0 -0  0 0 0 0 0.0236386 -0.118831 -0.233881    0.362812 -0.0649297   -1.78305 0 0 0 0 0 0 2.79623
 9.84762  2.50675 -42.9219  -0.0398546   -0.173744 -0.00582808  0 -0  0 0 0 0 0.00201703  -0.281842   0.143699  -0.0149608  -0.249363   -1.74082 0 0 0 0 0 0 2.8161
 8.60654  3.22054 -44.3013  -0.0344605   -0.174462 -0.00851682  0 -0  0 0 0 0  0.154394   -0.1868 0.0812657   -0.398942 0.00914138    -1.4189 0 0 0 0 0 0 2.82217
 7.62441   3.6312 -45.2128 -0.0288013   -0.17247 -0.0128502  0 -0  0 0 0 0      0.23372   -0.0821237 -0.000980129  -0.564355  0.101711  -1.02281 0 0 0 0 0 0 2.82957
 6.95806  3.89481 -45.3059 -0.0256991  -0.170896 -0.0127392  0 -0  0 0 0 0    0.232382  -0.0309086 -0.00118084  -0.603932  0.185493 -0.632629 0 0 0 0 0 0 2.83305
 6.16243  4.17667 -44.6093 -0.0247792  -0.172287 -0.0125958  0 -0  0 0 0 0   0.185139 -0.0419175 0.00940254  -0.686345  0.279835  -0.12257 0 0 0 0 0 0 2.83472
 5.31416  4.38879 -44.4285 -0.0247096  -0.178373 -0.0115542  0 -0  0 0 0 0  0.114866 -0.133986 0.0299545   -0.710763   0.241374 0.00240945 0 0 0 0 0 0 2.8409
 5.32058  5.06651 -44.3474  -0.0265785   -0.184001 -0.00746813  0 -0  0 0 0 0 0.00774407  -0.187591  0.0655069    -0.381433    0.394532 0.000307806 0 0 0 0 0 0 2.8481
 5.50724  5.41002 -44.3948 -0.0204515   -0.18403  -0.019951  0 -0  0 0 0 0 0.0863074 -0.132298 -0.146997   -0.147403   0.356012 -0.0440987 0 0 0 0 0 0 2.86201
 5.46017  5.56727 -44.4751 -0.0203539  -0.184928 -0.0242375  0 -0  0 0 0 0 0.0511417 -0.102498  -0.19155  -0.0970276   0.241971 -0.0665511 0 0 0 0 0 0 2.86639
 5.30246  5.61619 -44.1025 -0.0212597  -0.185207 -0.0272431  0 -0  0 0 0 0  0.0214504 -0.0663575  -0.179759  -0.145508  0.158267 0.0941866 0 0 0 0 0 0 2.86954
 4.96194   5.0548 -43.4497 -0.0238997  -0.186128 -0.0150754  0 -0  0 0 0 0 -0.0500568 -0.0503935   0.119715  -0.299253  -0.12877  0.326233 0 0 0 0 0 0 2.88202
4.38214 4.84642 -42.106 -0.0235912     -0.186 -0.0113757  0 -0  0 0 0 0 -0.00913995  -0.0298472    0.141908  -0.413087 -0.115208  0.729835 0 0 0 0 0 0 2.88574
 4.30798  4.53661 -40.7315 -0.0199083   -0.18104 -0.0190223  0 -0  0 0 0 0  0.0632382  0.0619984 -0.0155688  -0.327559 -0.132463  0.985044 0 0 0 0 0 0 2.89557
 4.21535  4.27085 -39.1695 -0.0164408  -0.177813 -0.0204184  0 -0  0 0 0 0    0.11071  0.0948068 -0.0515767  -0.244885 -0.116332   1.17214 0 0 0 0 0 0 2.90051
 4.03437  4.06863 -37.0176 -0.0137096  -0.176697 -0.0197862  0 -0  0 0 0 0    0.13292  0.0874015 -0.0271918    -0.2745 -0.059823   1.53487 0 0 0 0 0 0 2.90352
 3.75185    3.681 -35.1806 -0.0110217  -0.173975 -0.0133514  0 -0  0 0 0 0 0.122411 0.105799 0.102024  -0.326389 -0.135621   1.53237 0 0 0 0 0 0 2.91101
 3.69384  3.69237 -33.4852  -0.0127524   -0.170835 -0.00916113  0 -0  0 0 0 0 0.0322512  0.113445   0.13027   -0.229835 -0.0287765    1.43658 0 0 0 0 0 0 2.91652
 3.83178  3.79177 -32.0007 -0.0108578  -0.164333 -0.0110242  0 -0  0 0 0 0 0.0531843  0.183463 0.0605105  -0.107707 0.0660769   1.34901 0 0 0 0 0 0 2.92355
3.77496 3.69534  -30.71 -0.0106575  -0.160358 -0.0114226  0 -0  0 0 0 0 0.0333083  0.192743 0.0301545  -0.120253 0.0159541   1.25824 0 0 0 0 0 0 2.92755
3.51954 3.52175 -29.314 -0.0123439  -0.156908 -0.0153455  0 -0  0 0 0 0 -0.00291609    0.192216  -0.0440816   -0.202924 -0.0516597    1.23853 0 0 0 0 0 0 2.93304
3.28952 3.10082   -27.7  -0.0126772   -0.151435 -0.00908469  0 -0  0 0 0 0 -0.0179538   0.228443  0.0852052  -0.276786 -0.156509   1.37441 0 0 0 0 0 0 2.94136
 3.38505  2.90647 -25.8833  -0.0161702   -0.148144 -0.00489376  0 -0  0 0 0 0 -0.0870623   0.187195   0.115508  -0.139307 -0.108666   1.36139 0 0 0 0 0 0 2.94773
 3.73491  2.66069 -24.3626  -0.0149356   -0.145134 -0.00787143  0 -0  0 0 0 0 -0.043392  0.172032 0.0419253  0.0182788 -0.109302   1.38921 0 0 0 0 0 0 2.95214
 3.67983  2.36083 -22.8682  -0.0138357    -0.14296 -0.00686558  0 -0  0 0 0 0 -0.00649857    0.156809   0.0525322  -0.0580091  -0.145468    1.37616 0 0 0 0 0 0 2.95478
 3.44316  2.13479 -21.1458 -0.0074746  -0.139493 -0.0078288  0 -0  0 0 0 0  0.114934  0.171787 0.0197015   -0.16727 -0.121009   1.43998 0 0 0 0 0 0 2.96209
 3.21698  1.77905 -19.3469 -0.00494328   -0.135668 -0.00239578  0 -0  0 0 0 0 0.119358 0.185227 0.115941  -0.233152 -0.159611   1.56286 0 0 0 0 0 0 2.9692
 2.74212  1.74149 -17.3643  -0.0053086   -0.131873 -0.00170744  0 -0  0 0 0 0 0.0634465  0.174862 0.0891175   -0.305773 -0.0717408    1.51001 0 0 0 0 0 0 2.97307
  2.3214  1.80023 -15.7609 -0.00431591   -0.127696  0.00013506  0 -0  0 0 0 0 0.0748816  0.194335 0.0953451    -0.363385 -0.00317076     1.51964 0 0 0 0 0 0 2.97774
 1.84598  1.67884 -13.9069 -0.00322084   -0.122662  0.00263881  0 -0  0 0 0 0 0.0685166   0.21735  0.111441   -0.428109 -0.0241218    1.57627 0 0 0 0 0 0 2.98347
 1.20782  1.64653 -11.7991  -0.00429032    -0.118651 -1.95802e-05  0 -0  0 0 0 0  0.037167  0.215955 0.0255127   -0.507425 -0.0187938     1.6883 0 0 0 0 0 0 2.9884
0.628837  1.53748 -9.71119 -0.00335798   -0.112588   0.0025156  0 -0  0 0 0 0 0.0432736  0.252582 0.0657527    -0.56103 -0.0335973    1.81472 0 0 0 0 0 0 2.99504
0.014119  1.53438 -7.42803 -0.00376498   -0.108035  0.00243562  0 -0  0 0 0 0 0.0159622  0.234163 0.0408897   -0.548291 -0.0191914    1.81905 0 0 0 0 0 0 2.99961
-0.0978213    1.32068   -5.17625 -0.00279505   -0.101606  0.00105056  0 -0  0 0 0 0   0.026775   0.268519 0.00523581   -0.413659 -0.0853494    1.97244 0 0 0 0 0 0 3.00626
-0.419619   1.14425  -2.75438 -0.00352855  -0.0939664  0.00331341  0 -0  0 0 0 0 -0.00201936    0.297961   0.0380979  -0.348639 -0.116269   1.96068 0 0 0 0 0 0 3.01426
-0.746887  0.942741 -0.305872 -0.000857796   -0.0896609    0.0019499  0 -0  0 0 0 0  0.0501714   0.278148 -0.0186634  -0.337486 -0.156422   2.11583 0 0 0 0 0 0 3.01951
-1.14251 0.900734  2.23365 0.000419351  -0.0837797  0.00251354  0 -0  0 0 0 0   0.060707   0.286027 0.00540875  -0.364576 -0.110902   2.18537 0 0 0 0 0 0 3.02555
-1.52577 0.838389  4.81267 -0.000903874   -0.0773109   0.00284131  0 -0  0 0 0 0 0.00346442   0.290266 0.00802199  -0.353878 -0.109689   2.13882 0 0 0 0 0 0 3.03216
-1.63106 0.723312  7.30702 -0.0020042 -0.0701272  0.0017639  0 -0  0 0 0 0 -0.0259851   0.308582 -0.0150188  -0.264579 -0.133543   2.14662 0 0 0 0 0 0 3.03951
-1.90032 0.544416  9.71472 -0.00415516  -0.0622239  0.00432056  0 -0  0 0 0 0 -0.0632187   0.333978  0.0345643   -0.26137 -0.169519   2.08236 0 0 0 0 0 0 3.04809
-2.27985 0.566755  12.0052 -0.00290924  -0.0560021   0.0013549  0 -0  0 0 0 0  -0.011701   0.339681 -0.0378711  -0.320383 -0.125559   2.12539 0 0 0 0 0 0 3.05509
-2.63295 0.582469  14.4734 -0.000389792   -0.0491064    0.0018647  0 -0  0 0 0 0  0.0390549   0.343448 -0.0130174   -0.326511 -0.0918375    2.14719 0 0 0 0 0 0 3.06245
 -2.9507 0.802992  17.0198 -7.22675e-05   -0.0439307   0.00225077  0 -0  0 0 0 0  0.0369468   0.312702 0.00453306    -0.31727 -0.0181828    2.17678 0 0 0 0 0 0 3.06765
-3.15897  1.09264  19.7194  -0.00137606   -0.0364995 -0.000172647  0 -0  0 0 0 0 0.00307991   0.329289 -0.0321455  -0.285118 0.0313342   2.25719 0 0 0 0 0 0 3.07558
-3.54016  1.21262  22.3572   -0.0015011   -0.0305736 -0.000115943  0 -0  0 0 0 0 -0.00671639    0.310611  -0.0222724   -0.328424 0.00589795    2.19822 0 0 0 0 0 0 3.0815
-3.99008  1.54632  24.9524 -0.00426692  -0.0234903 -0.00563539  0 -0  0 0 0 0 -0.0428084   0.333794  -0.118484  -0.408879 0.0553609   2.31526 0 0 0 0 0 0 3.0909
-4.29056  1.91679  27.7236 -0.00591925  -0.0149392 -0.00749566  0 -0  0 0 0 0 -0.0517057   0.352112 -0.0981666   -0.35336 0.0943865   2.26929 0 0 0 0 0 0 3.09981
-4.58725  2.14191  30.0629 -0.00674788 -0.00948873  -0.0101639  0 -0  0 0 0 0 -0.0627429   0.323046  -0.114796  -0.339209  0.064151   2.14758 0 0 0 0 0 0 3.10593
-4.8921 2.24807 32.4958 -0.00844932 -0.00375173  -0.0155105  0 -0  0 0 0 0 -0.0763962   0.319215  -0.167931    -0.35319 0.00846847    2.23461 0 0 0 0 0 0 3.11395
-5.36425  2.40174  35.0321  -0.0104065 -0.00171336  -0.0199071  0 -0  0 0 0 0 -0.0939151   0.236905  -0.186739   -0.416915 -0.0259189    2.14334 0 0 0 0 0 0 3.11918
-6.14419  2.77301   37.572 -0.0146958 0.00595264 -0.0259308  0 -0  0 0 0 0  -0.13661  0.292348 -0.240457  -0.644234 0.0441305   2.25222 0 0 0 0 0 0 3.12983
-6.68099  3.15396   39.982 -0.0201316  0.0183717 -0.0296912  0 -0  0 0 0 0 -0.177298  0.381492 -0.204231  -0.594439 0.0636407    2.1014 0 0 0 0 0 0 3.1439
-7.18363  3.44518  41.9679 -0.0247257  0.0258796  -0.030598  0 -0  0 0 0 0 -0.212538  0.398222  -0.15767  -0.611449 0.0625969   2.08037 0 0 0 0 0 0 3.15275
-8.71386  4.15619  44.2453 -0.0290658  0.0296448 -0.0399916  0 -0  0 0 0 0 -0.228798  0.332152 -0.243139  -0.918363  0.164121   2.01892 0 0 0 0 0 0 3.16376
-10.158  4.8784 46.2694 -0.0353582   0.033109 -0.0486618  0 -0  0 0 0 0  -0.27592  0.272098 -0.283761  -1.11628 0.244848  1.83101 0 0 0 0 0 0 3.17502
-11.8912  5.89416  48.1684 -0.0449046  0.0389126  -0.051169  0 -0  0 0 0 0 -0.352575   0.27875 -0.219189  -1.43294 0.435683  1.78801 0 0 0 0 0 0 3.18647
-12.8686  6.89105  49.8135 -0.0520513  0.0390852 -0.0482379  0 -0  0 0 0 0  -0.338726   0.191562 -0.0596478  -1.14626  0.45367  1.62689 0 0 0 0 0 0 3.1942
-12.9421  7.39524   51.339 -0.0553385   0.037736 -0.0575097  0 -0  0 0 0 0 -0.277263 0.0981261 -0.223122  -0.794247  0.297794    1.6139 0 0 0 0 0 0 3.20413
-11.4451  7.44237  53.3901 -0.0586223  0.0472784 -0.0749129  0 -0  0 0 0 0  -0.21114  0.176358 -0.474131  -0.0970249  0.0330979    1.76174 0 0 0 0 0 0 3.22424
-9.89298  7.31318  55.7699 -0.0662763  0.0539348 -0.0728939  0 -0  0 0 0 0 -0.228033  0.194484 -0.366673   0.408836 -0.195221   1.81256 0 0 0 0 0 0 3.23459
-8.85604  7.17668  56.9583 -0.0655897  0.0576194 -0.0816173  0 -0  0 0 0 0 -0.139545  0.196443 -0.397526     0.5501 -0.246144   1.46011 0 0 0 0 0 0 3.24408
-7.96889  6.86378  57.8268 -0.0656342  0.0583676 -0.0873887  0 -0  0 0 0 0 -0.120683  0.149017 -0.339537   0.540872 -0.290971   1.03637 0 0 0 0 0 0 3.2499
-7.53934  6.49954  58.3006 -0.0657641   0.057627  -0.087504  0 -0  0 0 0 0 -0.124718 0.0948808 -0.253954   0.493399 -0.341742  0.776995 0 0 0 0 0 0 3.25066
-7.62939  6.14143  58.5912  -0.065229  0.0550399 -0.0764016  0 -0  0 0 0 0 -0.0977272  0.0222024 -0.0148671    0.30144 -0.337747  0.544345 0 0 0 0 0 0 3.26207
-7.90472  5.62109  58.9208 -0.0649473  0.0567661 -0.0677519  0 -0  0 0 0 0 -0.0840821  0.0413874   0.130817  0.0424746 -0.351276   0.36256 0 0 0 0 0 0 3.2709
-8.53861  5.37342  58.4448 -0.0704949  0.0582597  -0.058025  0 -0  0 0 0 0 -0.181221 0.0485691  0.251614  -0.269424 -0.211739 0.0073381 0 0 0 0 0 0 3.28219
-8.97647  5.06362  57.9199 -0.0698636  0.0555442 -0.0497425  0 -0  0 0 0 0    -0.113205 -0.000836805        0.304   -0.29512 -0.180775 -0.193157 0 0 0 0 0 0 3.29093
-9.14597  4.92369  57.7769 -0.0696934  0.0532223 -0.0432842  0 -0  0 0 0 0 -0.0665965 -0.0361528   0.334085  -0.247853 -0.157114 -0.173907 0 0 0 0 0 0 3.2978
-8.87331  4.80264  57.7144 -0.0676091  0.0531052 -0.0446729  0 -0  0 0 0 0  0.0116037 -0.0251317   0.215006  -0.0732874  -0.150359  -0.117238 0 0 0 0 0 0 3.30031
-8.67746  4.63198   57.894  -0.067866  0.0540554 -0.0410134  0 -0  0 0 0 0    0.021803 -0.00249254    0.188777   0.0327368  -0.158582 0.00831554 0 0 0 0 0 0 3.3041
-8.74764  4.75373  58.2879 -0.0648799  0.0556118 -0.0383832  0 -0  0 0 0 0 0.0770956 0.0248894   0.17407  -0.0217087  -0.037365   0.155738 0 0 0 0 0 0 3.30837
-8.76943  4.88318  58.6306 -0.0625569  0.0551184 -0.0351299  0 -0  0 0 0 0 0.0905102 0.0103436  0.167385  -0.0289542  0.0202423   0.210582 0 0 0 0 0 0 3.3124
-8.66765  5.04233   58.806  -0.062152  0.0549304 -0.0314763  0 -0  0 0 0 0  0.0724059 0.00554732   0.187274  0.0117413 0.0644661  0.207945 0 0 0 0 0 0 3.31608
-8.6255 5.37612 58.8151 -0.0587843  0.0546324 -0.0328324  0 -0  0 0 0 0   0.103915 0.00845235   0.114987  0.0199837  0.142346  0.136341 0 0 0 0 0 0 3.31972
-8.56202  5.66481  58.8877 -0.0553873   0.054493 -0.0394423  0 -0  0 0 0 0   0.118417   0.012844 -0.0171791  0.0408484  0.147002  0.115813 0 0 0 0 0 0 3.32715
-8.71177  5.76969   58.709 -0.0552766  0.0544091 -0.0425993  0 -0  0 0 0 0  0.0727725 0.00743437 -0.0813959   -0.052794   0.130586 0.00173317 0 0 0 0 0 0 3.33031
-8.78695   5.8192  58.1278 -0.0561059  0.0525608 -0.0445602  0 -0  0 0 0 0  0.0246053 -0.0178087 -0.0827725  -0.0522337   0.110615  -0.194008 0 0 0 0 0 0 3.33313
-8.61151  5.78012   57.457 -0.0568443  0.0499755 -0.0433108  0 -0  0 0 0 0 -0.0179115 -0.0561807 -0.0371445  0.0533123 0.0818113 -0.402882 0 0 0 0 0 0 3.3361
-8.39187  4.84443   56.138 -0.0545803  0.0513008 -0.0368286  0 -0  0 0 0 0 -0.00975811  -0.0377343   0.0473354   0.159829 -0.196995 -0.822388 0 0 0 0 0 0 3.34309
-8.22193   4.2331  54.7286 -0.0535777  0.0505988 -0.0313636  0 -0  0 0 0 0 0.000701963  -0.0394087    0.106543   0.183984 -0.255187  -1.00553 0 0 0 0 0 0 3.34869
-8.04993   3.6272  52.8267 -0.0501494  0.0507226 -0.0289272  0 -0  0 0 0 0  0.0439935 -0.0223996    0.10436   0.207987 -0.289338  -1.34681 0 0 0 0 0 0 3.3529
-7.8121 2.94562 50.6117 -0.0438988  0.0458278 -0.0248184  0 -0  0 0 0 0  0.122996 -0.080538   0.13337   0.242619 -0.282454  -1.52526 0 0 0 0 0 0 3.36184
-7.54911  2.54428  48.8483 -0.0421168  0.0437732 -0.0219201  0 -0  0 0 0 0   0.107342 -0.0885736   0.147352   0.275819 -0.237579  -1.63809 0 0 0 0 0 0 3.36581
-7.61176  2.60104  46.5836 -0.0390648  0.0401185 -0.0174385  0 -0  0 0 0 0  0.116157 -0.104262  0.188463    0.183423 -0.0237976   -1.77113 0 0 0 0 0 0 3.37235
-7.37528  2.44969  44.4392 -0.0362672  0.0376916 -0.0117114  0 -0  0 0 0 0  0.132566 -0.106417  0.217519   0.213546 0.0411913  -1.74905 0 0 0 0 0 0 3.37917
-7.1019 2.43797 42.4637 -0.0303762  0.0364832  -0.012005  0 -0  0 0 0 0   0.201823 -0.0887467   0.143974  0.268545 0.110408 -1.78387 0 0 0 0 0 0 3.38519
-6.8367  2.3887 40.3273  -0.0230853   0.0290547 -0.00900144  0 -0  0 0 0 0  0.252136 -0.164972  0.142395   0.28266 0.143653 -1.73283 0 0 0 0 0 0 3.39603
-6.45756  2.33035   38.319  -0.0210478   0.0255495 -0.00650028  0 -0  0 0 0 0  0.195301 -0.177331  0.141679  0.347008 0.141172 -1.83933 0 0 0 0 0 0 3.40079
-5.58136  2.05607  35.9799  -0.0177506   0.0201053 -0.00613468  0 -0  0 0 0 0  0.170018 -0.218582 0.0914768   0.536311 0.0553545  -1.92775 0 0 0 0 0 0 3.40716
-4.84963  1.88267  33.7216  -0.0152546   0.0151907 -0.00371061  0 -0  0 0 0 0   0.15296 -0.227767 0.0938356   0.601022 0.0331178   -1.9003 0 0 0 0 0 0 3.41319
-4.18082  1.65988  31.3954 -0.00943956   0.0126312 -0.00541559  0 -0  0 0 0 0  0.208444 -0.197342 0.0134291   0.647152 -0.013164  -2.02657 0 0 0 0 0 0 3.41976
-3.43593  1.58067  28.8746 -0.00734121  0.00395105 -0.00633817  0 -0  0 0 0 0     0.169008    -0.261007 -0.000597054   0.647438 0.0222279  -2.02096 0 0 0 0 0 0 3.42874
-2.5873 1.52268 26.3861  -0.00564167 -0.000815999  -0.00737794  0 -0  0 0 0 0   0.131277  -0.267787 -0.0208449   0.752905 0.0223584  -2.21262 0 0 0 0 0 0 3.43391
-1.47052  1.14228  23.4446  -0.0028501  -0.0118849 -0.00755076  0 -0  0 0 0 0   0.113181  -0.361414 -0.0264241     0.83077 -0.0854705   -2.25543 0 0 0 0 0 0 3.44533
-0.669997    1.0162   20.8302 -0.00106649  -0.0169796 -0.00157323  0 -0  0 0 0 0  0.106623 -0.321484 0.0741547    0.791268 -0.0611536   -2.28343 0 0 0 0 0 0 3.45338
-0.424244   1.35998   17.9765  0.00178645  -0.0252428 -0.00398727  0 -0  0 0 0 0  0.124608 -0.341899 0.0419633  0.465524 0.117725 -2.36954 0 0 0 0 0 0 3.46245
-0.123559   1.61155   15.5543  0.00529603  -0.0287852 -0.00350472  0 -0  0 0 0 0  0.148215 -0.292428 0.0410246  0.382272 0.180891 -2.26983 0 0 0 0 0 0 3.46746
0.17496  1.9005 12.8083 0.00807888  -0.033815 0.00207172  0 -0  0 0 0 0  0.140212 -0.287296  0.137264  0.370437 0.228228 -2.44068 0 0 0 0 0 0 3.47547
0.579834  2.44393  9.88443   0.0118443  -0.0411822 -0.00243946  0 -0  0 0 0 0  0.161581 -0.303439 0.0228455  0.383048 0.295261 -2.34774 0 0 0 0 0 0 3.48489
1.12285 2.98604 7.33586  0.0152151 -0.0474386 -0.0049213  0 -0  0 0 0 0   0.174346  -0.317195 -0.0152076  0.481612 0.356314 -2.34327 0 0 0 0 0 0 3.49242
1.66981 3.61847 4.50364   0.0210396  -0.0534504 -0.00811161  0 -0  0 0 0 0   0.221576  -0.307529 -0.0720809  0.554164 0.408874 -2.35269 0 0 0 0 0 0 3.50138
2.11233  4.3812 1.72914  0.0230579 -0.0632755 -0.0112634  0 -0  0 0 0 0   0.179485  -0.361014 -0.0877884  0.543909 0.475191 -2.32832 0 0 0 0 0 0 3.51189
2.58056 5.06634 -1.3424   0.0268949  -0.0729533 -0.00972868  0 -0  0 0 0 0   0.172838  -0.411205 -0.0267846  0.597985 0.494391 -2.57951 0 0 0 0 0 0 3.52241
3.33044 5.60845 -4.2844 0.0311327 -0.081618 -0.018659  0 -0  0 0 0 0  0.172065 -0.409512 -0.167788  0.690599 0.411162 -2.44068 0 0 0 0 0 0 3.53556
 3.88463   5.6644 -6.77793  0.0348045 -0.0894094 -0.0194224  0 -0  0 0 0 0  0.158946 -0.424978 -0.150649  0.746206 0.208574 -2.49534 0 0 0 0 0 0 3.54421
 4.06714  5.34009 -10.0068  0.0375886 -0.0986029 -0.0277358  0 -0  0 0 0 0  0.135018 -0.406501  -0.26535   0.527794 -0.147041  -2.53968 0 0 0 0 0 0 3.55691
 4.14574  4.73785 -12.4681  0.0290411  -0.106851 -0.0334004  0 -0  0 0 0 0 -0.0565248  -0.393976  -0.276801   0.364662 -0.425083  -2.33961 0 0 0 0 0 0 3.57007
 4.31934   4.2137 -15.1639  0.0277033  -0.111809 -0.0268917  0 -0  0 0 0 0 -0.0878408  -0.356723 -0.0710452   0.344821 -0.525616  -2.46473 0 0 0 0 0 0 3.57836
 5.10158  4.36913 -17.7284  0.0243664  -0.119362 -0.0156736  0 -0  0 0 0 0 -0.0901631  -0.353844   0.133968   0.533151 -0.292793  -2.21322 0 0 0 0 0 0 3.59229
  5.6372  4.44837 -20.1457   0.0229973   -0.127937 -0.00934291  0 -0  0 0 0 0 -0.0880448  -0.396909    0.20065   0.624011 -0.227981  -2.30258 0 0 0 0 0 0 3.60303
 6.19889  4.41057 -23.0221   0.0232446   -0.134167 -0.00505697  0 -0  0 0 0 0 -0.0514457  -0.361671   0.198563   0.639135 -0.253254  -2.35714 0 0 0 0 0 0 3.6106
 6.59639   4.5425 -25.8337    0.017739   -0.142104 -0.00416278  0 -0  0 0 0 0 -0.126236 -0.381039  0.164529   0.614223 -0.229943  -2.45952 0 0 0 0 0 0 3.6203
 6.86937   4.5609 -29.1666  0.0121609  -0.150265 0.00680779  0 -0  0 0 0 0 -0.197355 -0.388236  0.310883    0.52614 -0.275158  -2.67404 0 0 0 0 0 0 3.63507
 7.60819  4.89216 -32.2614 0.00514236  -0.159811  0.0161779  0 -0  0 0 0 0 -0.242254 -0.406954  0.340806   0.642796 -0.162931  -2.51004 0 0 0 0 0 0 3.65017
 8.69845  5.43289 -34.8737 0.00601679  -0.166566 0.00043757  0 -0  0 0 0 0   -0.161387   -0.421693 -0.00263186    0.931908 -0.0133452   -2.55802 0 0 0 0 0 0 3.66733
 9.43999  6.02267 -37.8064  0.00353605   -0.171024 -0.00448719  0 -0  0 0 0 0  -0.135256  -0.350262 -0.0908564   0.922071 0.0396292  -2.55466 0 0 0 0 0 0 3.67442
 9.72113  6.42479 -40.7934 0.000806185   -0.178252  -0.0128922  0 -0  0 0 0 0 -0.133461 -0.354191 -0.189637    0.772244 -0.0525476   -2.69847 0 0 0 0 0 0 3.68583
 9.70558  6.61003 -44.3331 -0.00802027   -0.188262 -0.00284698  0 -0  0 0 0 0 -0.252219 -0.390805 0.0871758   0.515649 -0.215259  -2.81298 0 0 0 0 0 0 3.70254
  9.3088   7.0324 -47.4303  -0.0144718   -0.191134 -0.00174699  0 -0  0 0 0 0 -0.247771 -0.293478 0.0926501   0.278424 -0.168292  -2.65396 0 0 0 0 0 0 3.70968
 9.42883  7.64993 -50.0953 -0.0174809  -0.191647 -0.0118105  0 -0  0 0 0 0    -0.2086   -0.20995 -0.0934662   0.357901 -0.008215  -2.55476 0 0 0 0 0 0 3.7202
 9.75686  8.16657 -52.5988 -0.0223085  -0.194943 -0.0187783  0 -0  0 0 0 0 -0.219772 -0.202622 -0.206818   0.499993 0.0492462  -2.37778 0 0 0 0 0 0 3.7293
 10.1722  8.70573 -54.8247 -0.0301378  -0.197225 -0.0200546  0 -0  0 0 0 0 -0.304036 -0.192773 -0.180376  0.640354 0.106628 -2.37726 0 0 0 0 0 0 3.73755
 10.4511  9.33702 -57.8414 -0.0369329  -0.205982 -0.0183559  0 -0  0 0 0 0  -0.317426  -0.274196 -0.0709256   0.620579 0.0936814  -2.44028 0 0 0 0 0 0 3.74876
10.8662 10.4244 -60.903 -0.0457806  -0.211673 -0.0160732  0 -0  0 0 0 0   -0.360673   -0.276628 -0.00496061  0.697087  0.25869 -2.52442 0 0 0 0 0 0 3.75953
 11.0574  11.5108 -63.7002 -0.0493841  -0.218156 -0.0265683  0 -0  0 0 0 0 -0.273748 -0.291122 -0.177886  0.662818   0.3532 -2.46284 0 0 0 0 0 0 3.77238
 10.7619  12.1404 -66.1762  -0.053844  -0.221511 -0.0354662  0 -0  0 0 0 0 -0.227213 -0.229987 -0.266333  0.410697 0.218359 -2.31452 0 0 0 0 0 0 3.78288
10.3815 12.1748 -68.565 -0.0524561  -0.220912 -0.0459696  0 -0  0 0 0 0 -0.125091 -0.136997 -0.377168   0.267447 -0.105358  -2.40218 0 0 0 0 0 0 3.79349
 9.62969  11.5723 -71.8136 -0.0595578  -0.229667 -0.0278472  0 -0  0 0 0 0 -0.223197 -0.210319  0.139231  0.0450659 -0.563329  -2.44111 0 0 0 0 0 0 3.81484
  9.4132  11.5576 -74.5857 -0.0687839  -0.229708 -0.0177259  0 -0  0 0 0 0 -0.317772 -0.133519  0.252138    0.14245 -0.455855  -2.22807 0 0 0 0 0 0 3.82853
 10.1682  12.2131 -76.7154 -0.0722889  -0.234853 -0.0260884  0 -0  0 0 0 0   -0.295968   -0.187452 -0.00828226    0.522618 -0.0430686   -2.05229 0 0 0 0 0 0 3.83896
 10.6574  12.9328 -78.6122 -0.0752359  -0.232504 -0.0340054  0 -0  0 0 0 0 -0.254634  -0.10277 -0.161774  0.677247  0.16299 -1.93265 0 0 0 0 0 0 3.84773
  11.161  13.2271 -80.6227  -0.079501  -0.233768 -0.0360036  0 -0  0 0 0 0 -0.297879 -0.098782 -0.166745   0.897871 0.0403876  -2.12213 0 0 0 0 0 0 3.8526
11.2806 13.3859 -83.657 -0.0932976  -0.236966 -0.0278181  0 -0  0 0 0 0  -0.43321 -0.107443 0.0883211   0.773937 -0.188329  -2.24863 0 0 0 0 0 0 3.86896
 11.3224  13.4639 -86.7904   -0.10369  -0.235939 -0.0213488  0 -0  0 0 0 0   -0.43852 -0.0437031   0.179859   0.690688 -0.319352  -2.31247 0 0 0 0 0 0 3.88124
 11.1474  13.8034 -89.1798  -0.106339  -0.235119 -0.0205307  0 -0  0 0 0 0  -0.270556 -0.0111698   0.128057   0.512291 -0.181845  -1.96657 0 0 0 0 0 0 3.88414
 11.1562  14.3445 -90.8937 -0.100809 -0.230718  -0.02675  0 -0  0 0 0 0 -0.0301126  0.0571488 -0.0238009     0.41162 0.00694356   -1.78656 0 0 0 0 0 0 3.89355
11.2379 14.5418 -91.114  -0.103263  -0.231046 -0.0263397  0 -0  0 0 0 0 -0.0414884  0.0331584 -0.0117385   0.291423 0.0870212  -1.22389 0 0 0 0 0 0 3.89606
 10.9813  14.6461 -91.6896  -0.112055  -0.230862 -0.0254808  0 -0  0 0 0 0  -0.15932 0.0241576 0.0311357   0.115809 0.0407473 -0.867182 0 0 0 0 0 0 3.90489
  10.667  14.8084 -91.8734  -0.113535  -0.229527 -0.0234989  0 -0  0 0 0 0 -0.107227 0.0371283 0.0604562  -0.0425451  0.0734019  -0.463881 0 0 0 0 0 0 3.90771
 10.5289  14.8222 -91.3212  -0.109757  -0.229917 -0.0236662  0 -0  0 0 0 0 0.0221817 0.0185593 0.0354821  -0.115967  0.081501 0.0365805 0 0 0 0 0 0 3.91151
 10.7699  14.6864 -91.1079  -0.103939  -0.232531 -0.0260731  0 -0  0 0 0 0   0.116707 -0.0288382 -0.0327673   0.0113268 -0.0103081    0.12053 0 0 0 0 0 0 3.91832
 10.9353  14.4719 -90.5333  -0.107387  -0.231075 -0.0287842  0 -0  0 0 0 0  0.0170422 0.00257622 -0.0738982   0.0451139 -0.0658127    0.32487 0 0 0 0 0 0 3.92295
 10.9777  14.1985 -90.1214  -0.111975  -0.231149 -0.0285344  0 -0  0 0 0 0  -0.0719869 0.000932374  -0.0293845   0.014038 -0.126397  0.366501 0 0 0 0 0 0 3.92754
 11.0418  14.1884 -89.5336   -0.11206  -0.231034 -0.0245205  0 -0  0 0 0 0 -0.0351926  0.0023536  0.0561787  -0.0275753 -0.0133562   0.389093 0 0 0 0 0 0 3.93156
 10.6673   14.497 -88.6889  -0.108367  -0.234881 -0.0283032  0 -0  0 0 0 0   0.061288 -0.0660505 -0.0330324  -0.206309  0.204834  0.498158 0 0 0 0 0 0 3.9381
10.6113 14.6148     -88  -0.102476  -0.237419 -0.0307705  0 -0  0 0 0 0   0.165768 -0.0899055 -0.0661838  -0.22653 0.214674 0.538482 0 0 0 0 0 0 3.94497
  10.606  14.4848 -86.9021 -0.0952393  -0.234998 -0.0327334  0 -0  0 0 0 0   0.278789  -0.017571 -0.0870639  -0.29173 0.145974  0.79448 0 0 0 0 0 0 3.95285
 10.5628  14.1784 -85.6412 -0.0922936  -0.234838 -0.0288449  0 -0  0 0 0 0    0.239389 -0.00493243   0.0325345  -0.322597 0.0248655  0.972078 0 0 0 0 0 0 3.95773
10.5622 13.8008 -83.928 -0.0870551   -0.23375 -0.0239133  0 -0  0 0 0 0  0.236309 0.0170769  0.109184   -0.326453 -0.0234644    1.16631 0 0 0 0 0 0 3.96501
 10.4794   13.609 -82.0265 -0.0795956  -0.236527 -0.0237393  0 -0  0 0 0 0   0.26597 -0.036626 0.0612183  -0.346688 0.0593086   1.25085 0 0 0 0 0 0 3.97297
 10.5878  13.5246 -80.5651 -0.0734311  -0.233857  -0.025693  0 -0  0 0 0 0   0.268482  0.0202499 0.00163079  -0.267182    0.1013   1.21907 0 0 0 0 0 0 3.97996
 10.4889  13.4405 -79.0613 -0.0669093  -0.234164 -0.0261741  0 -0  0 0 0 0    0.344306  0.00662324 -0.00504909  -0.397074  0.164056   1.41658 0 0 0 0 0 0 3.98651
 10.3974   13.117 -77.0038 -0.0600241  -0.233264 -0.0218283  0 -0  0 0 0 0  0.336298 0.0242112 0.0852415  -0.441982 0.0881169   1.53582 0 0 0 0 0 0 3.9947
 10.2106  12.7873 -74.8954 -0.0531886   -0.23282 -0.0186544  0 -0  0 0 0 0  0.328126 0.0240948  0.110902  -0.482834 0.0566053   1.60385 0 0 0 0 0 0 4.00225
 9.97598  12.6545 -72.6482 -0.0425873  -0.232841 -0.0209416  0 -0  0 0 0 0  0.403002 0.0147737 0.0263668  -0.516699  0.138454   1.68419 0 0 0 0 0 0 4.0131
 9.98919  12.5654 -70.6561 -0.0362244   -0.22972 -0.0262063  0 -0  0 0 0 0   0.338236  0.0555891 -0.0852038  -0.394577  0.158315   1.58852 0 0 0 0 0 0 4.02192
 10.0202  12.2404 -69.0379 -0.0304915  -0.225347 -0.0294402  0 -0  0 0 0 0  0.358023  0.123747 -0.129705  -0.390098 0.0613845   1.71184 0 0 0 0 0 0 4.02983
 9.99087  11.4574 -67.0173 -0.0243388  -0.224322 -0.0238845  0 -0  0 0 0 0   0.30907  0.108614 0.0346704  -0.401088 -0.173088   1.69967 0 0 0 0 0 0 4.03818
 10.1087  10.3175 -65.0231 -0.0207258  -0.222068 -0.0167546  0 -0  0 0 0 0 0.237184 0.116303 0.139491  -0.344415 -0.425728   1.75844 0 0 0 0 0 0 4.04648
 10.4992  9.37874 -62.9236 -0.0158575  -0.218806 -0.0170883  0 -0  0 0 0 0  0.222201   0.12656 0.0709115  -0.184916 -0.418553   1.77522 0 0 0 0 0 0 4.05235
 10.7169  8.64452 -61.0024 -0.0107879  -0.216522 -0.0189877  0 -0  0 0 0 0  0.223944  0.110894 0.0113086  -0.120421 -0.359884   1.71214 0 0 0 0 0 0 4.05823
 10.5859  8.16616 -59.2508 -0.00241023   -0.213388  -0.0164775  0 -0  0 0 0 0  0.339713  0.137569 0.0731187  -0.287704 -0.269705   1.83322 0 0 0 0 0 0 4.06752
 10.3149  7.42037 -57.0103 5.44091e-05   -0.209439  -0.0152999  0 -0  0 0 0 0  0.276718  0.163294 0.0875606  -0.401072 -0.297052   1.95456 0 0 0 0 0 0 4.07232
 9.98358  6.59109 -54.4134  0.00364815   -0.205696 -0.00658562  0 -0  0 0 0 0 0.236816 0.171077 0.215778  -0.473514 -0.299247   2.09653 0 0 0 0 0 0 4.08246
 9.97828  6.20046 -51.4429   0.0109241   -0.206796 -0.00184902  0 -0  0 0 0 0   0.27118 0.0810352  0.197033   -0.351034 -0.0882335    2.15552 0 0 0 0 0 0 4.09122
 9.98118  6.02302 -49.0075    0.017231   -0.205665 -0.00613984  0 -0  0 0 0 0  0.284377 0.0561562 0.0591476  -0.249597 0.0671262   2.08626 0 0 0 0 0 0 4.09893
  9.7814  5.63527 -46.7149  0.0224237  -0.202687 -0.0084473  0 -0  0 0 0 0     0.300152    0.0937797 -0.000406383  -0.330445 0.0281904   2.19263 0 0 0 0 0 0 4.10534
 9.38754  5.15815 -44.2441   0.0245533   -0.199243 -0.00746913  0 -0  0 0 0 0   0.22686  0.124469 0.0393444   -0.439437 -0.0342115    2.13776 0 0 0 0 0 0 4.10951
 9.01359  4.60336 -41.6925   0.0273788    -0.19393 0.000513974  0 -0  0 0 0 0 0.202337 0.181228 0.174929   -0.504055 -0.0793234    2.25984 0 0 0 0 0 0 4.11951
 8.64017    4.276 -38.7457    0.0320323    -0.185813 -0.000903843  0 -0  0 0 0 0  0.209796  0.249209 0.0897231    -0.479533 -0.00102408     2.28913 0 0 0 0 0 0 4.12897
 8.38242  4.03219 -35.9972    0.037369   -0.181702 -0.00448044  0 -0  0 0 0 0    0.231981    0.225268 0.000507411  -0.413052  0.068652   2.31479 0 0 0 0 0 0 4.1366
 7.84716  3.56873 -33.0568   0.0447128   -0.175573 -0.00936565  0 -0  0 0 0 0   0.293951   0.262861 -0.0889121     -0.529482 -0.000530359       2.4642 0 0 0 0 0 0 4.14734
 7.12647  2.99574 -30.2564   0.046018  -0.170507 -0.0107383  0 -0  0 0 0 0   0.20735  0.268513 -0.063041  -0.659637 -0.111044   2.44241 0 0 0 0 0 0 4.15275
 6.58828  2.39066 -27.5328   0.0464647   -0.166026 -0.00628346  0 -0  0 0 0 0  0.134539  0.261745 0.0339253  -0.662387 -0.170653   2.54974 0 0 0 0 0 0 4.15908
 7.29033  2.06885 -24.3024    0.047669   -0.158894 0.000549239  0 -0  0 0 0 0 0.0915313   0.28003  0.103036   -0.174479 -0.0316896    2.58991 0 0 0 0 0 0 4.16903
 7.27495  2.08217 -21.4599   0.0499898   -0.153807 0.000766572  0 -0  0 0 0 0  0.112433  0.269134 0.0899599  -0.129056  0.134859    2.5302 0 0 0 0 0 0 4.17463
 6.56242  2.39663 -18.8271   0.0609921   -0.145527 -0.00318464  0 -0  0 0 0 0  0.288303  0.333524 0.0446409  -0.433993   0.31421   2.39559 0 0 0 0 0 0 4.18895
 6.03047   2.6717 -16.3608   0.0652699   -0.139014 -0.00345976  0 -0  0 0 0 0  0.267587  0.335448 0.0456376  -0.504391  0.381846   2.26284 0 0 0 0 0 0 4.19675
  5.4358  2.93468 -13.7376  0.0693715  -0.131908 0.00142563  0 -0  0 0 0 0 0.266495 0.357448 0.128364  -0.598723  0.438106   2.37792 0 0 0 0 0 0 4.2063
 4.86706  3.41325 -10.6775   0.0745108   -0.124653 0.000977897  0 -0  0 0 0 0  0.254583  0.344607 0.0790477  -0.587681  0.499179   2.37908 0 0 0 0 0 0 4.2152
 4.52793  3.82642 -8.01278   0.0789354   -0.115293 -0.00306328  0 -0  0 0 0 0     0.252822     0.394101 -0.000960889  -0.539594  0.533999    2.4297 0 0 0 0 0 0 4.22631
 3.88091  3.95693 -4.88175   0.0848847    -0.10462 -0.00935504  0 -0  0 0 0 0  0.265274  0.438245 -0.130468  -0.624795  0.386852   2.47055 0 0 0 0 0 0 4.24006
  3.1405  4.11181 -2.16529  0.0861922 -0.0967682 -0.0127619  0 -0  0 0 0 0   0.19825  0.432582 -0.135446  -0.751356   0.32503   2.43918 0 0 0 0 0 0 4.24871
 2.27791  4.06187 0.729033   0.0877952  -0.0849936 -0.00513153  0 -0  0 0 0 0  0.166244  0.511035 0.0500922  -0.91045 0.256935  2.64116 0 0 0 0 0 0 4.26284
1.69481 3.45923  3.8377    0.090444  -0.0753443 -0.00396042  0 -0  0 0 0 0 0.0965713   0.46292 0.0287206   -0.747876 -0.0135788    2.44888 0 0 0 0 0 0 4.27291
1.15023   2.951 6.42681  0.0941516  -0.063228 -0.0069742  0 -0  0 0 0 0  0.119238  0.528809 -0.034163  -0.725247 -0.176417   2.48114 0 0 0 0 0 0 4.28594
-0.0962141    2.43393    9.35714   0.0945596  -0.0532703 -0.00952278  0 -0  0 0 0 0  0.0719187   0.517351 -0.0660273  -0.976422 -0.293516   2.42756 0 0 0 0 0 0 4.29622
-1.13795  2.09964  11.7183   0.090934 -0.0462329 -0.0114571  0 -0  0 0 0 0 -0.0087827   0.448186 -0.0633949  -0.939918 -0.278806   2.16371 0 0 0 0 0 0 4.30437
-2.05137  2.03812  14.0247   0.0878237  -0.0387663 -0.00548804  0 -0  0 0 0 0 -0.059095  0.447279 0.0788211  -0.987943 -0.205828    2.2697 0 0 0 0 0 0 4.31442
-2.75154    1.928  16.6369   0.0858306  -0.0308678 -0.00121888  0 -0  0 0 0 0 -0.0815422   0.411997   0.114438  -0.845639 -0.195299   2.18719 0 0 0 0 0 0 4.32362
-3.62694   1.7563  18.9297  0.0809735 -0.0233107 0.00937212  0 -0  0 0 0 0 -0.153814  0.423513  0.242683  -0.898131 -0.223082   2.26699 0 0 0 0 0 0 4.33751
-4.85726  1.77362  22.2914  0.0785885 -0.0119514  0.0100095  0 -0  0 0 0 0 -0.124433  0.449217  0.149677  -0.960501 -0.209931   2.39293 0 0 0 0 0 0 4.34913
-5.84744  1.83304  24.9189  0.0761211 -0.0100221    0.01315  0 -0  0 0 0 0 -0.118401  0.333978  0.150753  -0.901404 -0.179478   2.25704 0 0 0 0 0 0 4.35357
-6.54068  1.99965  27.1434   0.0735011 -0.00846764   0.0198438  0 -0  0 0 0 0 -0.132069   0.26311  0.235405  -0.851262 -0.133301   2.26761 0 0 0 0 0 0 4.36092
-6.16473  2.07868  29.6765  0.0696809 0.00109562  0.0202503  0 -0  0 0 0 0 -0.155109  0.311587  0.153146  -0.411598 -0.170062   2.17361 0 0 0 0 0 0 4.37123
-5.67676   2.4181  31.7603 0.0693459 0.0113917 0.0163494  0 -0  0 0 0 0 -0.0852949   0.382987  0.0465837  -0.0591323  -0.101591    2.04092 0 0 0 0 0 0 4.38224
-4.91557  2.74389  33.0058 0.0712585 0.0184834 0.0128556  0 -0  0 0 0 0 -0.0173167   0.392462 -0.0230025        0.275 0.000852977     1.71471 0 0 0 0 0 0 4.39038
-4.18635  2.54822  32.2938 0.0611287 0.0131308 0.0130166  0 -0  0 0 0 0   -0.168558    0.224606 -0.00215754    0.354055 -0.0470005   0.792946 0 0 0 0 0 0 4.40184
-3.72725  2.52259   32.193 0.0608163 0.0107932 0.0136258  0 -0  0 0 0 0 -0.15645 0.130446 0.006082    0.392826 -0.0473828    0.42049 0 0 0 0 0 0 4.40427
-4.72878  2.37095  31.5947  0.0612749 0.00716362 0.00901597  0 -0  0 0 0 0  -0.140229  0.0444766 -0.0765825  -0.0744273 -0.0636665 -0.0285302 0 0 0 0 0 0 4.41016
-5.02661  2.08804  31.4323  0.0614373 0.00870536  0.0111775  0 -0  0 0 0 0 -0.0901551  0.0602289 -0.0245839   -0.147613  -0.116798 -0.0918753 0 0 0 0 0 0 4.41282
-5.17049  1.91959  31.2124 0.0648512   0.01039  0.010215  0 -0  0 0 0 0 0.00645288  0.0706637 -0.0391242  -0.126096 -0.114656 -0.130165 0 0 0 0 0 0 4.41674
-5.19436  1.84685  30.8704  0.0683783 0.00117004 0.00859072  0 -0  0 0 0 0  0.0607434 -0.0813226 -0.0518883  -0.0635936 -0.0780051  -0.182182 0 0 0 0 0 0 4.42675
-5.10608  1.88636  30.5592    0.0691751 -0.000293063    0.0119754  0 -0  0 0 0 0  0.0565711 -0.0811529  0.0389849  0.00243417 -0.0135894  -0.224834 0 0 0 0 0 0 4.43052
-4.70393  1.80445  30.2047    0.071158 -0.00517088   0.0128405  0 -0  0 0 0 0 0.0690638 -0.142796 0.0394264    0.144173 -0.0331889   -0.27053 0 0 0 0 0 0 4.43586
-4.39071  1.67683  29.8192   0.0733818 -0.00471351   0.0143903  0 -0  0 0 0 0  0.0900917 -0.0912692  0.0511472    0.201766 -0.0563041  -0.316573 0 0 0 0 0 0 4.43861
-4.42543  1.70355  29.1672   0.0777828 -0.00314408   0.0129788  0 -0  0 0 0 0   0.137595 -0.0320933 0.00613086  0.0514415 0.0103393   -0.4132 0 0 0 0 0 0 4.44349
-4.35953  1.66419  27.9607  0.0757111 -0.0105202  0.0121714  0 -0  0 0 0 0   0.0613033    -0.12483 -0.00327856  0.0329331 0.0279562 -0.645251 0 0 0 0 0 0 4.45119
-4.14777  1.77729  26.7821 0.0764049 -0.014222  0.014389  0 -0  0 0 0 0 0.0446536 -0.146073 0.0488039   0.112556 0.0935064 -0.837767 0 0 0 0 0 0 4.45556
-4.16069  1.72415  25.3126  0.0782591 -0.0183024  0.0144674  0 -0  0 0 0 0 0.0433196 -0.161129 0.0298079  0.0811036 0.0709769  -1.01334 0 0 0 0 0 0 4.46004
-4.10956  1.68108  24.0941  0.0820575 -0.0183594  0.0129279  0 -0  0 0 0 0   0.102446  -0.106721 0.00200843  0.0830567 0.0623879  -1.08717 0 0 0 0 0 0 4.46414
-3.72587  1.37364  22.5836  0.0900294 -0.0158529  0.0131753  0 -0  0 0 0 0   0.206165 -0.0229907 -0.0153585    0.248958 -0.0522207   -1.12277 0 0 0 0 0 0 4.4725
-3.11477   1.1293  20.5195  0.0900923 -0.0294975  0.0118024  0 -0  0 0 0 0   0.141797  -0.209543 -0.0319953    0.413292 -0.0951483   -1.37104 0 0 0 0 0 0 4.48622
-2.55424   1.1237  18.4899    0.09292 -0.0334311  0.0128965  0 -0  0 0 0 0  0.138537 -0.202882 0.0103232    0.465854 -0.0173597   -1.56617 0 0 0 0 0 0 4.49118
-2.15424   1.1281  16.4171  0.0960685 -0.0427656  0.0125396  0 -0  0 0 0 0   0.134945  -0.282631 0.00211874   0.415828 0.0188888  -1.61462 0 0 0 0 0 0 4.50104
-1.87531  1.17165  14.5679  0.0986398 -0.0447629  0.0172271  0 -0  0 0 0 0  0.144428 -0.220733 0.0742057    0.37698 0.0541073  -1.70011 0 0 0 0 0 0 4.50675
-1.47187  1.34245   12.304   0.101585 -0.0468216  0.0160876  0 -0  0 0 0 0  0.145341 -0.171667 0.0334613  0.354932 0.113024 -1.73151 0 0 0 0 0 0 4.51052
-1.10893  1.72735  10.5147   0.106268 -0.0572614  0.0142997  0 -0  0 0 0 0    0.169002   -0.276231 -0.00255606  0.356325 0.216686 -1.58987 0 0 0 0 0 0 4.5221
-0.761691    2.1409   8.52869   0.107004 -0.0627938   0.015665  0 -0  0 0 0 0  0.130056 -0.290006 0.0405999  0.384549 0.319458 -1.80993 0 0 0 0 0 0 4.52784
-0.346051   2.72918   6.25476   0.108745 -0.0710027  0.0159991  0 -0  0 0 0 0   0.11275 -0.323699 0.0366065  0.397346 0.389522 -1.81739 0 0 0 0 0 0 4.53624
0.105862  3.28811  4.28222   0.111644 -0.0733058  0.0128165  0 -0  0 0 0 0   0.137143  -0.267828 -0.0162291  0.456584 0.445748 -1.91835 0 0 0 0 0 0 4.54113
0.779593   3.7772  1.59124   0.118201 -0.0777933 0.00829073  0 -0  0 0 0 0  0.202332 -0.237818 -0.107217  0.572463 0.388738 -1.96762 0 0 0 0 0 0 4.55027
 1.42585   4.1356 -1.00781  0.118763 -0.088054 0.0055992  0 -0  0 0 0 0  0.136901 -0.315844  -0.12272  0.612816 0.308394 -1.97951 0 0 0 0 0 0 4.56089
 1.85524   4.3844 -3.37943     0.1191 -0.0967698 0.00946262  0 -0  0 0 0 0   0.0750741    -0.37571 -0.00792348   0.61406 0.269513 -2.20831 0 0 0 0 0 0 4.57043
 2.09686  4.62451 -6.04585    0.11757  -0.108357 0.00665206  0 -0  0 0 0 0 0.00376714  -0.436227 -0.0533794  0.498523 0.193859  -2.1883 0 0 0 0 0 0 4.58245
2.07845 3.92308 -8.2978  0.121721 -0.114819 0.0041985  0 -0  0 0 0 0  0.0510591  -0.411339 -0.0854166   0.377117 -0.131864  -2.24126 0 0 0 0 0 0 4.59052
 2.09374  3.23226 -10.8908     0.1264   -0.11871 0.00651038  0 -0  0 0 0 0   0.112524  -0.332407 -0.0472713   0.226703 -0.390035  -2.29303 0 0 0 0 0 0 4.59703
 2.42346  2.92753 -13.5593    0.12309  -0.126165 0.00592255  0 -0  0 0 0 0  0.0171914  -0.341979 -0.0411976   0.322567 -0.348748  -2.19779 0 0 0 0 0 0 4.6052
2.65609 2.86534 -16.168   0.120172  -0.134413 0.00413355  0 -0  0 0 0 0 -0.0392977  -0.367251 -0.0443324   0.331604 -0.263675   -2.2402 0 0 0 0 0 0 4.61413
 3.50439  3.41215 -18.5628  0.114564 -0.141985 0.0125004  0 -0  0 0 0 0 -0.116567 -0.365651  0.121829   0.556059 0.0239502  -2.07227 0 0 0 0 0 0 4.62673
4.41976 3.92993 -20.677  0.112337 -0.147307 0.0136169  0 -0  0 0 0 0 -0.118522  -0.34895  0.111186  0.748515 0.153279 -2.08455 0 0 0 0 0 0 4.63261
 4.98096   3.9959 -23.1897  0.112521 -0.151888 0.0151476  0 -0  0 0 0 0 -0.0704313  -0.298225  0.0907606   0.670256 0.0114442  -2.12579 0 0 0 0 0 0 4.63744
 5.34264  4.01803 -26.2496  0.105298 -0.158379 0.0105769  0 -0  0 0 0 0   -0.174636   -0.301679 -0.00919708   0.591198 -0.144954  -2.38386 0 0 0 0 0 0 4.64818
 5.76116  3.97328 -29.4134 0.0992269 -0.163779 0.0176623  0 -0  0 0 0 0 -0.232153   -0.2843  0.128421   0.529478 -0.215464  -2.50079 0 0 0 0 0 0 4.65896
 5.90533  4.12802 -32.3648 0.0927344 -0.169942 0.0229368  0 -0  0 0 0 0 -0.248759 -0.282529  0.180366   0.414016 -0.176427  -2.42566 0 0 0 0 0 0 4.66935
 6.17238  4.56281 -34.9727 0.0913639 -0.173976 0.0187311  0 -0  0 0 0 0 -0.172008 -0.264392 0.0714193    0.444382 -0.0511055    -2.4818 0 0 0 0 0 0 4.67533
 6.40184  5.13012 -37.9349 0.0873127 -0.179429 0.0161467  0 -0  0 0 0 0 -0.174805 -0.271425 0.0141087   0.448087 0.0696205  -2.51751 0 0 0 0 0 0 4.6826
 6.64576  5.51023 -40.9157 0.0810287 -0.183575 0.0135328  0 -0  0 0 0 0  -0.227495  -0.255976 -0.0400558   0.474117 0.0425924  -2.62639 0 0 0 0 0 0 4.69057
7.03185 5.76946 -44.234 0.0754952  -0.18951 0.0176419  0 -0  0 0 0 0 -0.252307 -0.263465 0.0455818     0.50794 -0.0331462    -2.6554 0 0 0 0 0 0 4.69967
 7.19007  5.76398 -47.3482 0.0710857 -0.194706 0.0183011  0 -0  0 0 0 0 -0.232079 -0.253869 0.0404999   0.442045 -0.168537   -2.5831 0 0 0 0 0 0 4.70651
 7.36164  6.02495 -50.3575  0.067985 -0.198894 0.0154229  0 -0  0 0 0 0  -0.211275  -0.246759 -0.0164203   0.454525 -0.146723  -2.71689 0 0 0 0 0 0 4.71247
  7.4873  6.78377 -53.5532 0.0630602 -0.204603 0.0055485  0 -0  0 0 0 0  -0.20445 -0.270906 -0.156471  0.458575 0.067613 -2.65508 0 0 0 0 0 0 4.72489
 7.80947  7.43805 -55.7133  0.0599484  -0.207989 0.00784927  0 -0  0 0 0 0  -0.194617  -0.254716 -0.0797528  0.518924  0.23922 -2.48929 0 0 0 0 0 0 4.73003
 8.17452  8.31398 -58.7303  0.0533576  -0.214606 0.00501877  0 -0  0 0 0 0  -0.238917  -0.278397 -0.0998528  0.586996 0.314909 -2.47561 0 0 0 0 0 0 4.73979
 8.78907  9.27673 -61.4553  0.0447425  -0.218621 0.00409106  0 -0  0 0 0 0  -0.318584  -0.251098 -0.0854655  0.708368 0.393709 -2.39932 0 0 0 0 0 0 4.74934
 9.94172  10.4642 -64.0562   0.0406659   -0.223524 -0.00669778  0 -0  0 0 0 0 -0.298675 -0.263693 -0.251039    1.0091 0.559884 -2.46744 0 0 0 0 0 0 4.76187
10.5756  11.428 -66.923  0.0345136  -0.230447 -0.0135421  0 -0  0 0 0 0 -0.295474 -0.280992 -0.279942  0.984841 0.449057 -2.43782 0 0 0 0 0 0 4.77339
11.0819 11.9653 -69.716  0.0256532  -0.235429 -0.0248134  0 -0  0 0 0 0 -0.374424 -0.278368 -0.411009    1.0647 0.226614  -2.6134 0 0 0 0 0 0 4.78857
 11.5267  11.9674 -73.0443  0.0139756  -0.242153 -0.0159394  0 -0  0 0 0 0  -0.440583  -0.250595 -0.0600533    0.90923 -0.202053  -2.51145 0 0 0 0 0 0 4.8047
 11.6682  11.2928 -76.2553 0.00714965  -0.241919 -0.0136507  0 -0  0 0 0 0  -0.39358 -0.134429 0.0217576    0.79318 -0.681377  -2.53916 0 0 0 0 0 0 4.8119
 11.7636  11.5308 -79.0834 0.00116451  -0.239624 -0.0163943  0 -0  0 0 0 0  -0.326976 -0.0397994 -0.0223914   0.693761 -0.453289  -2.34794 0 0 0 0 0 0 4.81888
 12.0192  12.0129 -81.4815 0.000476044   -0.235103  -0.0170895  0 -0  0 0 0 0  -0.189708  0.0442758 -0.0230914   0.637068 -0.203904  -2.19009 0 0 0 0 0 0 4.8235
 12.2271  12.3547 -83.1439 -0.00681138   -0.234719  -0.0159444  0 -0  0 0 0 0  -0.286221  0.0342831 0.00516732   0.682892 -0.118971  -2.16849 0 0 0 0 0 0 4.83089
 12.1618  12.7697 -86.3191 -0.0172158  -0.235627 -0.0119282  0 -0  0 0 0 0  -0.366093 0.00785424  0.0999862   0.606615 -0.169808  -2.37046 0 0 0 0 0 0 4.84208
  11.891  13.2194 -89.9695  -0.0290926   -0.235132 -0.00727844  0 -0  0 0 0 0 -0.431204 0.0124794  0.150358   0.526699 -0.206228  -2.58323 0 0 0 0 0 0 4.85484
 11.2464  13.8239 -93.1589  -0.0363885   -0.238844 -0.00768356  0 -0  0 0 0 0  -0.357071 -0.0551821  0.0885847    0.323698 -0.0878098   -2.36699 0 0 0 0 0 0 4.86304
 11.0224  14.3211 -95.5469  -0.0388769   -0.236356 -0.00878371  0 -0  0 0 0 0  -0.269042 0.00466912  0.0416406    0.317547 -0.0349456   -2.31438 0 0 0 0 0 0 4.86673
 10.8554  14.7231 -97.7829 -0.0502974  -0.238094 -0.0118915  0 -0  0 0 0 0  -0.441204 -0.0317691 -0.0335468    0.443107 -0.0075161   -2.45773 0 0 0 0 0 0 4.87869
 10.7196  15.3096 -101.145 -0.0616692  -0.239681 -0.0140853  0 -0  0 0 0 0   -0.50298 -0.0471993 -0.0636003    0.558008 -0.0123324   -2.64114 0 0 0 0 0 0 4.89038
10.5517 16.2809 -105.12 -0.0745654   -0.23788 -0.0146977  0 -0  0 0 0 0  -0.538647 0.00188031 -0.0529197   0.634005 0.0938008  -2.87402 0 0 0 0 0 0 4.90341
 10.1956  17.3344 -108.176 -0.0844276  -0.239438 -0.0209375  0 -0  0 0 0 0  -0.463884 -0.0290024  -0.135879  0.486754 0.259843 -2.36687 0 0 0 0 0 0 4.91519
 10.1294  17.8748 -110.189  -0.082232  -0.242558 -0.0251008  0 -0  0 0 0 0  -0.217903 -0.0657495  -0.162885  0.439857 0.198703 -2.11744 0 0 0 0 0 0 4.92083
 10.5239  17.8187 -110.045 -0.0887745  -0.236558 -0.0318976  0 -0  0 0 0 0 -0.264436 0.0665647 -0.237851   0.455287 0.0627894   -1.3024 0 0 0 0 0 0 4.93201
  10.925  17.7269 -110.492 -0.0945652  -0.234926 -0.0303609  0 -0  0 0 0 0 -0.280338  0.080515 -0.105857   0.484268 -0.076303 -0.887157 0 0 0 0 0 0 4.93822
 11.5144  18.2112 -110.736  -0.100681  -0.230872 -0.0242965  0 -0  0 0 0 0 -0.275359   0.10982 0.0414793  0.468983 0.130536 -0.51903 0 0 0 0 0 0 4.94774
 11.7161  18.8751 -110.506  -0.102191  -0.234383 -0.0271258  0 -0  0 0 0 0   -0.171734 -0.00618071  -0.0304667   0.259341   0.36082 -0.166301 0 0 0 0 0 0 4.9525
 11.5439  19.2986 -110.595  -0.102158  -0.233609 -0.0337228  0 -0  0 0 0 0 -0.0687962 0.00228061  -0.131332  0.0506077  0.378714 -0.154036 0 0 0 0 0 0 4.95914
11.3862 19.6188 -110.47 -0.0960836  -0.234362 -0.0352542  0 -0  0 0 0 0   0.0983441 -0.00709817   -0.126033   -0.114731   0.373559 -0.0724628 0 0 0 0 0 0 4.96545
  10.845  19.7269 -110.603 -0.0997321  -0.232979 -0.0316279  0 -0  0 0 0 0 0.0313901 0.0244047 0.0054959   -0.273814   0.241553 -0.0976414 0 0 0 0 0 0 4.97078
 10.2842   19.775 -110.883 -0.0989508   -0.23283  -0.033026  0 -0  0 0 0 0   0.040528  0.0204956 -0.0158064   -0.30138   0.10969 -0.152489 0 0 0 0 0 0 4.97238
 9.7876 19.6525 -111.06 -0.0980208  -0.228962 -0.0351287  0 -0  0 0 0 0  0.0371761   0.076886 -0.0375059   -0.289402 -0.0196619  -0.118538 0 0 0 0 0 0 4.97688
 9.55557  19.4363 -111.184 -0.0992967  -0.229406 -0.0373242  0 -0  0 0 0 0 -0.00970421   0.0510818   -0.066626  -0.218008 -0.114516 -0.094929 0 0 0 0 0 0 4.97946
 9.29987  19.2786 -111.155  -0.100957  -0.231338 -0.0387329  0 -0  0 0 0 0 -0.0336667 0.00108152 -0.0715879   -0.252337  -0.133913 -0.0350364 0 0 0 0 0 0 4.98237
 8.98029  19.0526 -111.151  -0.102259  -0.230176 -0.0348943  0 -0  0 0 0 0 -0.0385562  0.0237021  0.0380694    -0.291875   -0.188466 0.000589383 0 0 0 0 0 0 4.98659
  8.7547  18.8091 -111.048  -0.102453  -0.229676 -0.0320561  0 -0  0 0 0 0 -0.0295945  0.0229995  0.0720952  -0.244042 -0.181082 0.0538848 0 0 0 0 0 0 4.98948
 9.20848  18.9037 -110.787  -0.105464  -0.233018 -0.0291794  0 -0  0 0 0 0 -0.0888489  -0.044207  0.0650148  -0.00921489  -0.0347995    0.119714 0 0 0 0 0 0 4.99482
 9.44732  19.2058 -110.619  -0.101765  -0.233614 -0.0340701  0 -0  0 0 0 0 -0.000410433   -0.0510609   -0.0526457  0.0575758  0.127884 0.0993111 0 0 0 0 0 0 5.00098
9.45903 19.2812 -110.63 -0.096374 -0.234416 -0.036145  0 -0  0 0 0 0   0.117289 -0.0460975 -0.0836501  0.0148941  0.101855 0.0560175 0 0 0 0 0 0 5.00681
 9.34163  19.1292 -110.722  -0.096027  -0.235086 -0.0334649  0 -0  0 0 0 0  0.0996292 -0.0381454  0.0125613  -0.0257077  -0.034433  0.0105124 0 0 0 0 0 0 5.0096
  9.1518  18.9269 -110.917 -0.0947351  -0.236021 -0.0300329  0 -0  0 0 0 0  0.0859343 -0.0350655  0.0719071   -0.054704    -0.1082 -0.0560454 0 0 0 0 0 0 5.01338
 9.05408  18.9372 -110.998 -0.0939632  -0.238804 -0.0285102  0 -0  0 0 0 0  0.0575948 -0.0698901  0.0618004  -0.0572244 -0.0448869 -0.0546898 0 0 0 0 0 0 5.01665
 9.17655  19.0971 -110.978 -0.0908374  -0.240189  -0.032192  0 -0  0 0 0 0  0.0772817 -0.0788903 -0.0312271    0.020285  0.0484182 -0.0296591 0 0 0 0 0 0 5.02167
 9.17213  19.1131 -110.922 -0.0890908  -0.238102 -0.0335122  0 -0  0 0 0 0   0.095832 -0.0167473 -0.0496191  -0.0038254  0.0341827 0.00340534 0 0 0 0 0 0 5.02469
9.13533 18.9176  -110.9 -0.0906311  -0.238941 -0.0304692  0 -0  0 0 0 0  0.0423976 -0.0237697  0.0446178  -0.0109274 -0.0795138  0.0255791 0 0 0 0 0 0 5.02821
 9.06638   18.771 -110.899   -0.08947  -0.238196 -0.0275366  0 -0  0 0 0 0    0.0491485 -0.000255812    0.0799906  -0.0313078 -0.0949592  0.0206506 0 0 0 0 0 0 5.03145
 9.22088  18.7326 -110.697 -0.0892827  -0.237624 -0.0286389  0 -0  0 0 0 0  0.0207813 0.00629904  0.0166492   0.0135867 -0.0410252  0.0929926 0 0 0 0 0 0 5.0327
 9.39105  18.8409 -110.583 -0.0877594  -0.234211   -0.03238  0 -0  0 0 0 0  0.0307361  0.0604178 -0.0578173  0.0653811 0.0292353 0.0813883 0 0 0 0 0 0 5.03799
 9.40028  18.8447 -110.442 -0.0874375  -0.234715 -0.0340237  0 -0  0 0 0 0  0.0351191  0.0343005 -0.0742758  0.0151478 0.0346809  0.110561 0 0 0 0 0 0 5.03974
  9.4421  18.6343 -109.957 -0.0900524  -0.234498 -0.0313277  0 -0  0 0 0 0 -0.00691175   0.0289197   0.0194704  -0.0422858 -0.0497331   0.281514 0 0 0 0 0 0 5.0435
 9.49756  18.2827 -109.004 -0.0892852  -0.233295   -0.02531  0 -0  0 0 0 0 0.0193647 0.0412472  0.123363  -0.116614 -0.103578    0.5138 0 0 0 0 0 0 5.04969
9.41247 17.9989 -107.45 -0.0825034  -0.236701 -0.0230364  0 -0  0 0 0 0   0.135385 -0.0306086   0.114564   -0.270125 -0.0486804   0.871164 0 0 0 0 0 0 5.05761
 9.62736  17.9463 -106.188 -0.0756894  -0.235837 -0.0260315  0 -0  0 0 0 0   0.200619 -0.0101711  0.0162577  -0.209547 0.0345795   0.91307 0 0 0 0 0 0 5.0651
 9.72623  17.7818 -105.171 -0.0712388  -0.236862 -0.0281935  0 -0  0 0 0 0    0.24208 -0.0240001  -0.034288  -0.239953 0.0221104   1.01627 0 0 0 0 0 0 5.07016
 9.95711  17.3339 -103.489 -0.0691352  -0.237599 -0.0274301  0 -0  0 0 0 0   0.230967 -0.0293783 0.00752903   -0.276729 -0.0844766    1.33868 0 0 0 0 0 0 5.07251
 9.92174  16.6724 -101.689 -0.0662865  -0.239732  -0.023198  0 -0  0 0 0 0   0.183762 -0.0504975  0.0837299  -0.329345 -0.175298   1.28577 0 0 0 0 0 0 5.07804
  9.6877  16.3179 -99.8699 -0.0595462   -0.24218 -0.0195439  0 -0  0 0 0 0   0.243995 -0.0723285   0.116394   -0.45126 -0.105594    1.3605 0 0 0 0 0 0 5.08609
 9.75101   16.174 -98.2258 -0.0532088  -0.244016 -0.0215745  0 -0  0 0 0 0   0.242707 -0.0854445  0.0327678  -0.371544 0.0110003   1.25815 0 0 0 0 0 0 5.09299
 9.62933  15.9571 -96.9612 -0.0488259  -0.244988  -0.022037  0 -0  0 0 0 0   0.272047 -0.0797661  0.0161072   -0.454804 0.00191332    1.32432 0 0 0 0 0 0 5.09751
9.60786 15.4938 -94.795 -0.0445955  -0.241846 -0.0200343  0 -0  0 0 0 0    0.298308 -0.00273244   0.0601821   -0.567364 -0.0691693    1.70601 0 0 0 0 0 0 5.10314
 9.44797   14.823 -92.3435 -0.0397507  -0.243331 -0.0147148  0 -0  0 0 0 0   0.254231 -0.0258299   0.132094  -0.574446 -0.143356   1.74919 0 0 0 0 0 0 5.11049
9.39254 14.2181 -89.617 -0.0327845  -0.245943 -0.0102807  0 -0  0 0 0 0    0.28151 -0.0573485   0.159389  -0.603005  -0.14175   2.02387 0 0 0 0 0 0 5.11915
 9.53685  13.7542 -87.1254 -0.0250442  -0.246469 -0.0157559  0 -0  0 0 0 0    0.281338  -0.0533142 -0.00131372   -0.461424 -0.0911077    1.89044 0 0 0 0 0 0 5.12865
 9.54659  13.4129 -85.5785 -0.0213983  -0.245129 -0.0174472  0 -0  0 0 0 0   0.261119 -0.0124795 -0.0382996   -0.419414 -0.0982735    1.81935 0 0 0 0 0 0 5.13288
 9.63543  12.7966 -83.0811 -0.0144667  -0.244788 -0.0167179  0 -0  0 0 0 0   0.331366 0.00203814 -0.0155203  -0.486451 -0.154106   2.15559 0 0 0 0 0 0 5.13986
 9.76733  12.0763 -80.1949 -0.00717272      -0.244   -0.015184  0 -0  0 0 0 0  0.312728 0.0141232 0.0156779  -0.421317 -0.166878   2.14172 0 0 0 0 0 0 5.14736
 10.2896  11.6957 -77.3136   -0.005345   -0.246387 -0.00753511  0 -0  0 0 0 0   0.199244 -0.0355131   0.115958   -0.265449 -0.0330234    2.19495 0 0 0 0 0 0 5.15558
  11.111  11.5527 -74.8815 0.00247966  -0.247254 -0.0152369  0 -0  0 0 0 0   0.235794  -0.052647 -0.0621066  -0.0116637   0.113654    2.01481 0 0 0 0 0 0 5.16659
 11.3288  11.4318 -73.2174 0.00662396  -0.245362 -0.0163971  0 -0  0 0 0 0    0.24826 -0.0043669 -0.0545332  -0.0641473   0.154675    1.91143 0 0 0 0 0 0 5.17129
 11.4818  11.0931 -70.5185  0.0154997  -0.242256 -0.0152492  0 -0  0 0 0 0  0.368298 0.0537033 -0.013528  -0.248217  0.180967   2.28008 0 0 0 0 0 0 5.18076
 11.5312  10.6499 -67.4287 0.0193797 -0.243821 -0.012268  0 -0  0 0 0 0   0.282211 0.00487904  0.0541228  -0.318909  0.149284   2.27683 0 0 0 0 0 0 5.1859
  11.276  10.4822 -64.3865  0.0249422  -0.240822 -0.0108988  0 -0  0 0 0 0  0.286502 0.0563089 0.0677652  -0.472711  0.237997   2.41887 0 0 0 0 0 0 5.19237
 11.1084   10.326 -61.3587    0.03279  -0.241348 -0.0165559  0 -0  0 0 0 0   0.327737  0.0213541 -0.0504871  -0.515671  0.290316   2.44706 0 0 0 0 0 0 5.20205
 10.9994  10.0214 -58.5904  0.0387969   -0.23878 -0.0209125  0 -0  0 0 0 0  0.327818 0.0624835 -0.117425  -0.525384  0.239702   2.48143 0 0 0 0 0 0 5.20991
 10.7795  9.31696 -55.4287 0.0441223 -0.234931 -0.022397  0 -0  0 0 0 0   0.304881   0.121266 -0.0950828  -0.607911 0.0556208   2.61234 0 0 0 0 0 0 5.21664
 10.5964  8.54373 -52.5169  0.0514779  -0.233857 -0.0156465  0 -0  0 0 0 0  0.312391  0.100508 0.0572248   -0.604875 -0.0629005    2.58577 0 0 0 0 0 0 5.22668
 10.2484  7.67373 -49.5338  0.0572804  -0.229011 -0.0144675  0 -0  0 0 0 0  0.301301  0.151207 0.0607707  -0.640846 -0.164923   2.62048 0 0 0 0 0 0 5.23434
 10.0672  6.89257 -46.8262  0.0634623  -0.222525 -0.0163305  0 -0  0 0 0 0   0.297437     0.2068 0.00753239  -0.570956 -0.199681   2.52897 0 0 0 0 0 0 5.24349
 9.61783  6.41196 -44.2792 0.0667906 -0.218799 -0.015549  0 -0  0 0 0 0  0.255638  0.200161 0.0362964  -0.624571 -0.125191   2.45646 0 0 0 0 0 0 5.24854
 9.08952   5.9201 -41.6079  0.0768331   -0.21077 -0.0132669  0 -0  0 0 0 0  0.335047   0.26647 0.0709931   -0.674103 -0.0824106    2.38112 0 0 0 0 0 0 5.2616
 8.30742  5.05529 -39.1273  0.0811533  -0.206741 0.00353009  0 -0  0 0 0 0 0.269781 0.252141 0.349568  -0.811868 -0.238646   2.29288 0 0 0 0 0 0 5.27941
 7.50206   4.3938 -36.3723 0.0848455 -0.201785  0.010261  0 -0  0 0 0 0 0.231082 0.244559 0.340396  -0.829635 -0.238848    2.3142 0 0 0 0 0 0 5.28855
 7.26095  3.96356 -33.6393  0.0928622  -0.196117 0.00388503  0 -0  0 0 0 0 0.290305 0.249915 0.143227  -0.645535 -0.153849   2.39759 0 0 0 0 0 0 5.30025
 7.21249  3.49572 -30.6316   0.100635  -0.191024 0.00519057  0 -0  0 0 0 0  0.327155   0.23592 0.0726338   -0.381976 -0.0903837    2.48263 0 0 0 0 0 0 5.30964
 7.33479  3.01798 -27.3391 0.0981479 -0.187674 0.0117621  0 -0  0 0 0 0 0.178227 0.202899  0.14942   -0.212633 -0.0449488    2.70719 0 0 0 0 0 0 5.31742
 7.25122  2.71978 -24.3715 0.0989535 -0.183105 0.0160866  0 -0  0 0 0 0 0.127144 0.209855 0.183026   -0.204293 0.00739769    2.65799 0 0 0 0 0 0 5.32376
 6.91595  2.24359 -21.4882 0.0994402 -0.180962 0.0188752  0 -0  0 0 0 0 0.0806798  0.173234  0.168231   -0.286226 -0.0464959    2.57955 0 0 0 0 0 0 5.32731
 6.82704  1.44493 -18.6832  0.103363 -0.174755 0.0173411  0 -0  0 0 0 0  0.118556  0.225343 0.0921004  -0.252923 -0.181252   2.63057 0 0 0 0 0 0 5.33482
  6.8731 0.662003 -15.4618  0.108022 -0.167782 0.0169619  0 -0  0 0 0 0  0.159093  0.260393 0.0257035  -0.109293 -0.252174   2.67543 0 0 0 0 0 0 5.34321
 7.07927  0.15843 -12.1611  0.109357 -0.162065 0.0209822  0 -0  0 0 0 0  0.132124  0.264171 0.0741744   0.046793 -0.155112   2.83536 0 0 0 0 0 0 5.35033
  7.01253 -0.253637  -9.05355  0.110056 -0.157603 0.0254055  0 -0  0 0 0 0 0.0949709  0.247959  0.139632  -0.00917781  -0.0927194     2.72617 0 0 0 0 0 0 5.35665
  6.23215 0.0124127  -6.31872  0.113986 -0.152121 0.0215701  0 -0  0 0 0 0  0.161841  0.265809 0.0480525  -0.292671  0.124019    2.5347 0 0 0 0 0 0 5.36441
 5.37845 0.761956 -3.55647  0.114343 -0.141224 0.0243586  0 -0  0 0 0 0  0.155378  0.378302 0.0898443  -0.502967  0.407529   2.52146 0 0 0 0 0 0 5.37566
  4.59668   1.18666 -0.441435  0.116593 -0.129006 0.0193238  0 -0  0 0 0 0     0.1446   0.453328 -0.0171429  -0.607429  0.462686   2.51039 0 0 0 0 0 0 5.38907
3.62978 1.73953   2.902  0.120999 -0.120084 0.0116035  0 -0  0 0 0 0  0.174556  0.439653 -0.138252  -0.721071  0.516906    2.5454 0 0 0 0 0 0 5.40166
2.83535 2.11272 5.86717  0.123657 -0.108836  0.013382  0 -0  0 0 0 0   0.166209   0.497431 -0.0538304  -0.795103  0.537538   2.67362 0 0 0 0 0 0 5.41335
2.04972 2.51246 8.85276   0.121281 -0.0992227  0.0151196  0 -0  0 0 0 0  0.0252454   0.467922 -0.0120413  -0.756359  0.478945   2.50049 0 0 0 0 0 0 5.42341
1.42414 2.80977 11.3873   0.122462 -0.0912467 0.00464615  0 -0  0 0 0 0  0.037166  0.469829 -0.167747  -0.76585 0.439998  2.57376 0 0 0 0 0 0 5.43662
0.671255   2.8617  14.6453    0.123075  -0.0805259 -0.00208925  0 -0  0 0 0 0 0.0307222  0.485921 -0.251157  -0.755676  0.264018   2.66144 0 0 0 0 0 0 5.4493
-0.104027   2.44898   18.0312    0.117323  -0.0695207 -0.00546373  0 -0  0 0 0 0 -0.0825718   0.482239   -0.25074   -0.732757 -0.0125287    2.64479 0 0 0 0 0 0 5.46217
-0.747815   2.34721    20.613    0.115584  -0.0608793 -0.00652493  0 -0  0 0 0 0 -0.0981286   0.480651  -0.187786   -0.731669 -0.0475682    2.58056 0 0 0 0 0 0 5.47105
-1.42596  2.18278   23.225    0.113002  -0.0549896 -0.00497551  0 -0  0 0 0 0 -0.129373  0.427697 -0.107889  -0.731461 -0.100597   2.53336 0 0 0 0 0 0 5.47766
 -2.421 1.61566 25.9374   0.110348 -0.0477767  0.0061087  0 -0  0 0 0 0 -0.149235  0.418464 0.0791912   -0.82837 -0.264308   2.55152 0 0 0 0 0 0 5.49115
-3.46491  1.38112  28.9779    0.10704 -0.0357148  0.0125646  0 -0  0 0 0 0 -0.155073  0.473104  0.157879  -0.881016 -0.272076   2.51721 0 0 0 0 0 0 5.50522
-4.55017  1.36953  32.1053   0.105014 -0.0271026   0.015372  0 -0  0 0 0 0 -0.136198  0.462086  0.156178  -0.956346 -0.239571    2.6191 0 0 0 0 0 0 5.51451
-5.50489  1.45375  34.9292  0.0986603 -0.0237216  0.0182388  0 -0  0 0 0 0 -0.197181   0.35916  0.159374  -0.882618 -0.195908    2.4136 0 0 0 0 0 0 5.52225
-5.96139  1.67405  37.2678  0.0949164 -0.0206703  0.0238538  0 -0  0 0 0 0 -0.199802  0.310879   0.22416  -0.765023 -0.132041    2.4587 0 0 0 0 0 0 5.52966
-6.55107   2.0057  40.2638  0.0912855 -0.0133906  0.0227552  0 -0  0 0 0 0 -0.18203 0.332215 0.145184   -0.715031 -0.0888265    2.55604 0 0 0 0 0 0 5.53787
-7.24449  2.23155  43.3697   0.0881863 -0.00684902   0.0216817  0 -0  0 0 0 0 -0.167067  0.325204 0.0734995  -0.690906 -0.119936   2.57305 0 0 0 0 0 0 5.54519
-7.93302  2.65319  46.7795   0.0854285 5.11105e-05   0.0182159  0 -0  0 0 0 0  -0.144748   0.330333 -0.0246177   -0.713734 -0.0882648    2.75578 0 0 0 0 0 0 5.55339
-8.5118 3.12333 49.9308    0.07622 0.00301033   0.016598  0 -0  0 0 0 0  -0.247615   0.261381 -0.0265357   -0.647975 -0.0503473    2.58097 0 0 0 0 0 0 5.56319
-8.96619  3.45791  52.3265  0.0705431 0.00750245  0.0179935  0 -0  0 0 0 0  -0.281872   0.255382 0.00718106   -0.616616 -0.0437281    2.45082 0 0 0 0 0 0 5.57057
 -9.258 3.95904  54.912 0.0637168 0.0128567 0.0148849  0 -0  0 0 0 0  -0.312694   0.269293 -0.0405212    -0.566632 -0.00373972     2.49985 0 0 0 0 0 0 5.57978
-9.58011  4.36321  58.0009 0.0561217 0.0200361 0.0116909  0 -0  0 0 0 0  -0.324547   0.289324 -0.0822897   -0.501253 -0.0617511    2.48522 0 0 0 0 0 0 5.59071
-9.53409   4.8059  60.9312  0.0528318  0.0230609 0.00646957  0 -0  0 0 0 0 -0.260173  0.248049 -0.143509   -0.328084 -0.0802343    2.51023 0 0 0 0 0 0 5.59758
-9.60558  5.16361  63.2685 0.0506215 0.0227249 0.0053139  0 -0  0 0 0 0 -0.211524  0.172006 -0.103756   -0.289898 -0.0457701    2.25789 0 0 0 0 0 0 5.6001
-9.88638  5.69702   65.419 0.0460743 0.0240877 0.0070423  0 -0  0 0 0 0  -0.235553   0.145842 -0.0341236   -0.36128 0.0494234   2.18436 0 0 0 0 0 0 5.60515
-10.4063  6.79246  67.5878  0.0411765  0.0245794 0.00268743  0 -0  0 0 0 0  -0.251704   0.125257 -0.0783253  -0.497182  0.270482   2.20432 0 0 0 0 0 0 5.61172
-10.6669  7.59888  70.2339   0.0354526   0.0273833 -0.00138687  0 -0  0 0 0 0 -0.258709  0.128819 -0.118901  -0.496542  0.257611   2.23468 0 0 0 0 0 0 5.61929
-10.8128  8.35069  73.0145  0.0310573   0.032483 -0.0080276  0 -0  0 0 0 0 -0.233918  0.166602 -0.204596  -0.472219  0.211673    2.3045 0 0 0 0 0 0 5.62874
-10.887 9.05549 75.3669  0.0253884  0.0298218 -0.0131183  0 -0  0 0 0 0 -0.245755 0.0749942 -0.211693  -0.420831  0.196574   2.13675 0 0 0 0 0 0 5.63682
-10.5436   9.3109   77.148  0.0211112    0.02921 -0.0113349  0 -0  0 0 0 0 -0.251397 0.0382268 -0.112073   -0.24694 0.0877828   2.07121 0 0 0 0 0 0 5.64149
-10.4758  9.26531  79.1923  0.0172132  0.0333099 -0.0171153  0 -0  0 0 0 0 -0.248828 0.0861066 -0.186447    -0.24105 -0.0956222    1.98087 0 0 0 0 0 0 5.64958
-10.4726  9.40547  81.2305  0.0124254  0.0392558 -0.0197142  0 -0  0 0 0 0 -0.248518  0.155495 -0.172824  -0.254297 -0.133389   1.79886 0 0 0 0 0 0 5.65764
-10.5726  9.73852  82.1617 0.00620297  0.0380219 -0.0227563  0 -0  0 0 0 0 -0.285469 0.0959414 -0.159197  -0.274501 0.0300111   1.38049 0 0 0 0 0 0 5.66468
-10.5997  9.90107  82.2273  0.0028208   0.037648 -0.0262988  0 -0  0 0 0 0 -0.239686 0.0780458 -0.154874  -0.184232 0.0870208  0.791774 0 0 0 0 0 0 5.66959
-10.3917  9.92243  82.1867 0.00177803  0.0407985 -0.0234637  0 -0  0 0 0 0  -0.200996   0.118907 -0.0555587  -0.041311 0.0754912  0.474419 0 0 0 0 0 0 5.67395
-9.76603  9.92205  82.0266 0.00352234  0.0426476 -0.0270443  0 -0  0 0 0 0  -0.108165    0.12271 -0.0911632   0.178873 0.0541075  0.201972 0 0 0 0 0 0 5.67835
-9.68426  9.63851  81.9877 0.00349461  0.0490976 -0.0238685  0 -0  0 0 0 0 -0.0729739   0.185218 -0.0376899    0.138749 -0.0692961  0.0745817 0 0 0 0 0 0 5.68553
-9.81748  9.41237  81.5069 0.00278861  0.0509278 -0.0241637  0 -0  0 0 0 0 -0.0726296    0.15393 -0.0458422   0.0341507 -0.0866894  -0.136401 0 0 0 0 0 0 5.68752
-9.91532  9.29408  81.1342 0.00780723  0.0419856 -0.0228678  0 -0  0 0 0 0   0.0278658   -0.017975 -0.00609859  0.00734962 -0.0514341  -0.199612 0 0 0 0 0 0 5.69785
-10.0076   9.3166  81.0914 0.00956895  0.0378372 -0.0216248  0 -0  0 0 0 0  0.0552046 -0.0798103  0.0221222  -0.0215412 -0.0184513  -0.132898 0 0 0 0 0 0 5.70253
-9.91366  9.18931  81.0451 0.00944705   0.036036 -0.0180572  0 -0  0 0 0 0  0.0375229 -0.0863234  0.0698581   0.018357  -0.04742 -0.096764 0 0 0 0 0 0 5.70653
-9.94836  8.97477  80.9639  0.0100725  0.0352479 -0.0167678  0 -0  0 0 0 0  0.0327589 -0.0687672  0.0567189  0.00295047  -0.104066 -0.0930131 0 0 0 0 0 0 5.70816
-10.0245  8.85081  80.8946   0.010265  0.0350323 -0.0173278  0 -0  0 0 0 0  0.0265563 -0.0526698   0.018994  -0.0324625  -0.105879 -0.0936281 0 0 0 0 0 0 5.70879
-10.0779  8.75811  80.8914   0.011861  0.0350092 -0.0171657  0 -0  0 0 0 0  0.0468924 -0.0369992  0.0132833   -0.032431 -0.0847109 -0.0589421 0 0 0 0 0 0 5.7104
-10.1258   8.6958  80.6434 0.0124364 0.0319128 -0.015802  0 -0  0 0 0 0 0.0319291 -0.075786 0.0356438  -0.0266911 -0.0563697  -0.139823 0 0 0 0 0 0 5.71383
-10.0103  8.59659  79.7419  0.0138978  0.0311715 -0.0142182  0 -0  0 0 0 0  0.0250735 -0.0560236  0.0481884   0.0615194 -0.0139644  -0.433763 0 0 0 0 0 0 5.71611
-10.0413  8.37182  78.7542  0.0159031  0.0343489 -0.0111923  0 -0  0 0 0 0 0.0441708 0.0216562 0.0752221  0.0708277 -0.017292 -0.613522 0 0 0 0 0 0 5.72093
-10.0405  8.11468  76.7578  0.0177234  0.0348956 -0.0105391  0 -0  0 0 0 0 0.0484473 0.0368774 0.0532565   0.112579 0.0484561  -1.10389 0 0 0 0 0 0 5.72294
-10.0156  7.82286  74.2798   0.0183602   0.0321686 -0.00976454  0 -0  0 0 0 0    0.034772 -0.00514457   0.0502718   0.170844 0.0860865  -1.46823 0 0 0 0 0 0 5.72585
-10.0327  7.54527  72.2855   0.0206353    0.030644 -0.00755092  0 -0  0 0 0 0  0.0510658 -0.0280819  0.0720215   0.194344 0.0775678  -1.65907 0 0 0 0 0 0 5.72937
-10.0536  7.23491  69.9989   0.0234171   0.0296531 -0.00327506  0 -0  0 0 0 0  0.0738337 -0.0341386   0.115831  0.214038 0.079094 -1.81734 0 0 0 0 0 0 5.73457
-10.2643   6.8915  67.7839    0.0256699    0.0296515 -0.000936188  0 -0  0 0 0 0  0.0802428 -0.0213757    0.11156   0.146762 0.0626565  -1.82999 0 0 0 0 0 0 5.73781
-10.5315   6.6987  65.5906 0.0297645 0.0286912  0.001728  0 -0  0 0 0 0   0.122362 -0.0278426   0.115212  0.0647746  0.143094  -1.90524 0 0 0 0 0 0 5.74279
-10.713 6.57442 63.3427 0.0336025 0.0281329 0.0048118  0 -0  0 0 0 0    0.14345 -0.0291828   0.131685  0.0683798  0.199302  -1.84959 0 0 0 0 0 0 5.74775
-10.8129  6.49182  61.2514  0.0386758  0.0259867 0.00913287  0 -0  0 0 0 0   0.18975 -0.049909  0.170731  0.0947137   0.24408  -1.89802 0 0 0 0 0 0 5.75475
-10.2421  6.27073   58.889  0.0440406  0.0276669 0.00555035  0 -0  0 0 0 0    0.221464 -0.00447722   0.0608877  0.320022 0.203167 -1.95894 0 0 0 0 0 0 5.76141
-9.79973  5.74625  56.6137 0.0460186 0.0307459 0.0112374  0 -0  0 0 0 0 0.180112 0.037543 0.101561   0.421086 0.0588786  -1.95671 0 0 0 0 0 0 5.76818
-9.73741  5.23233  54.1737 0.0484865 0.0319752  0.012571  0 -0  0 0 0 0  0.153999 0.0437658 0.0710672     0.334279 -0.00686529    -2.03991 0 0 0 0 0 0 5.77124
-9.60964  4.84922  51.5612 0.0498442 0.0286302  0.014115  0 -0  0 0 0 0   0.120119 -0.0158455  0.0774608   0.299321 0.0258723  -2.10302 0 0 0 0 0 0 5.77517
-9.46632  4.45464  49.1138 0.0543721 0.0261471 0.0182014  0 -0  0 0 0 0   0.154446 -0.0476668   0.125987   0.312456 0.0242861  -2.20984 0 0 0 0 0 0 5.78175
-9.47489  4.14714  46.3692  0.057162 0.0245103 0.0209528  0 -0  0 0 0 0   0.138048 -0.0542199   0.130136    0.25993 0.0673617  -2.30551 0 0 0 0 0 0 5.786
-9.56603  3.70273  43.6713  0.061902 0.0243997 0.0200416  0 -0  0 0 0 0   0.166301 -0.0323835  0.0787922   0.196163 0.0402822  -2.34755 0 0 0 0 0 0 5.79083
-9.37209   3.1363  40.9155  0.068904 0.0273391 0.0183521  0 -0  0 0 0 0   0.233722  0.0271254 0.00163711   0.261904 -0.039773  -2.33959 0 0 0 0 0 0 5.79861
-9.07862  2.72332  38.1856 0.0724992 0.0160192 0.0171518  0 -0  0 0 0 0   0.211306  -0.139358 -0.0127449    0.313236 -0.0183362   -2.31161 0 0 0 0 0 0 5.81054
-8.6845 2.29527 35.6751  0.0780236 0.00918348   0.020471  0 -0  0 0 0 0  0.236826 -0.207022 0.0558094    0.385282 -0.0236802   -2.33578 0 0 0 0 0 0 5.81994
-8.04961  1.92072  33.0802  0.0811936 0.00335841  0.0189496  0 -0  0 0 0 0  0.206836 -0.246466 0.0133729  0.492751 -0.02769 -2.39044 0 0 0 0 0 0 5.82674
-7.85766  1.52534  30.3549   0.0885526 -0.00079062   0.0202638  0 -0  0 0 0 0  0.270512 -0.227355 0.0361844     0.408425 -0.00831466    -2.45999 0 0 0 0 0 0 5.83529
-7.86893  1.25758  27.0663   0.0975195 -0.00610713   0.0199637  0 -0  0 0 0 0  0.324287  -0.23055 0.0161104   0.174059 0.0852736  -2.52102 0 0 0 0 0 0 5.84572
-7.69223  1.23617  24.1922   0.100333 -0.0165072  0.0177842  0 -0  0 0 0 0    0.25903  -0.311591 -0.0100467  0.186554 0.185827 -2.43717 0 0 0 0 0 0 5.85671
-7.3451 1.17243 21.5734   0.103538 -0.0256108  0.0188927  0 -0  0 0 0 0  0.226699 -0.366619 0.0212227  0.272969 0.211452 -2.42109 0 0 0 0 0 0 5.86643
-5.77022  1.47901  19.2124   0.110159 -0.0420916  0.0127095  0 -0  0 0 0 0     0.2907  -0.537904 -0.0796263  0.728816 0.286097 -2.25002 0 0 0 0 0 0 5.88523
-3.20734  2.05212   16.907   0.111829 -0.0421916  0.0156324  0 -0  0 0 0 0   0.267718  -0.415102 -0.0314623   1.32391 0.385604 -2.24394 0 0 0 0 0 0 5.8886
-0.949488   2.00088   14.0039   0.120936 -0.0475739  0.0135235  0 -0  0 0 0 0   0.322422  -0.350084 -0.0939014    1.6643 0.205747 -2.22727 0 0 0 0 0 0 5.89939
1.09739 1.97557 11.2658  0.113044 -0.063553 0.0112952  0 -0  0 0 0 0  0.0810144  -0.483168 -0.0918996    1.71268 0.0732962  -2.20861 0 0 0 0 0 0 5.91735
2.71624 2.11793 8.53987    0.11211 -0.0756868 0.00975792  0 -0  0 0 0 0  0.0199927  -0.549048 -0.0907836    1.73356 0.0524657  -2.45461 0 0 0 0 0 0 5.92962
3.46363 1.43788 5.44206   0.108575 -0.0884463 0.00354136  0 -0  0 0 0 0 -0.0852618  -0.545069  -0.184681    1.20873 -0.247184  -2.38007 0 0 0 0 0 0 5.94424
   3.62307 -0.0711074    2.83313   0.110229 -0.0907256  0.0158303  0 -0  0 0 0 0 -0.0714605  -0.411661 0.00581987   0.855878 -0.693539  -2.53721 0 0 0 0 0 0 5.95685
  3.75146  -0.52089 -0.544442   0.107261 -0.0979636  0.0156394  0 -0  0 0 0 0 -0.0972388  -0.364123  0.0492689   0.365235 -0.618257  -2.61192 0 0 0 0 0 0 5.96468
  3.62068 -0.765253   -3.3396  0.115516 -0.101628 0.0121663  0 -0  0 0 0 0   0.0781556   -0.287414 -0.00755764  0.0873844 -0.494397  -2.47522 0 0 0 0 0 0 5.97435
  3.75011 -0.899418  -6.37854  0.118209 -0.107499 0.0135464  0 -0  0 0 0 0  0.104738 -0.294127 0.0295558  0.0798151 -0.414639  -2.66248 0 0 0 0 0 0 5.98096
  4.84065 -0.243564  -8.94582  0.118315 -0.113939 0.0210959  0 -0  0 0 0 0 0.0972042   -0.2993  0.172411    0.451998 -0.0703217   -2.36341 0 0 0 0 0 0 5.99088
 5.61581 0.274714 -11.3263  0.120161 -0.118914 0.0246108  0 -0  0 0 0 0  0.108862 -0.303749  0.196473   0.603496 0.0609631  -2.44666 0 0 0 0 0 0 5.99725
 5.87587 0.583264  -14.567  0.123758 -0.122112 0.0255522  0 -0  0 0 0 0  0.133317 -0.232872  0.156583      0.372456 -0.000862823     -2.54099 0 0 0 0 0 0 6.00215
 5.64644 0.904442 -17.7101  0.124185 -0.130969 0.0183118  0 -0  0 0 0 0  0.102052 -0.282028  0.004862    0.102053 -0.0519481   -2.55072 0 0 0 0 0 0 6.0136
 5.47486  1.13534 -20.7827  0.123274  -0.13598 0.0245642  0 -0  0 0 0 0 0.0446905 -0.273775  0.129011   -0.014001 -0.0604618   -2.71897 0 0 0 0 0 0 6.02166
 4.82847    1.655 -23.8842  0.124114 -0.141095 0.0245797  0 -0  0 0 0 0 0.0648401 -0.261805 0.0977179  -0.208436 0.0377435  -2.68437 0 0 0 0 0 0 6.02685
 4.58309  2.34182 -26.7672  0.126462 -0.145686 0.0193746  0 -0  0 0 0 0  0.0961728  -0.265928 0.00145674  -0.17127 0.177148   -2.786 0 0 0 0 0 0 6.03417
 4.90381  3.03323 -29.9089  0.128974 -0.154063 0.0171915  0 -0  0 0 0 0   0.105086  -0.328368 -0.0690755  0.163188 0.292809 -2.66415 0 0 0 0 0 0 6.04319
 5.01435  3.50851 -30.9908  0.128522 -0.162823 0.0194133  0 -0  0 0 0 0  0.0656068  -0.383704 -0.0309561  0.205116 0.338932 -1.93506 0 0 0 0 0 0 6.05223
 4.96124  3.87449 -32.5705  0.130024 -0.169601 0.0218542  0 -0  0 0 0 0 0.0712506 -0.379772 0.0231272  0.121146 0.290111 -1.75776 0 0 0 0 0 0 6.05959
 4.73297  4.21946 -33.8547  0.127518 -0.176867 0.0230257  0 -0  0 0 0 0 0.00224953  -0.364022  0.0364708  0.0137641  0.238887  -1.39136 0 0 0 0 0 0 6.06737
 5.09197  4.56994 -35.0784  0.130494 -0.181477 0.0144664  0 -0  0 0 0 0 0.0503468 -0.336113 -0.100318  0.170606 0.242553 -1.32172 0 0 0 0 0 0 6.07754
 5.44954  4.92872 -36.5631  0.132872 -0.185597 0.0119352  0 -0  0 0 0 0 0.0759976 -0.290357 -0.130266  0.298733 0.222691 -1.30118 0 0 0 0 0 0 6.08292
 6.05619  5.37735 -38.4553  0.122577 -0.190461 0.0103914  0 -0  0 0 0 0  -0.12435 -0.272166 -0.118746  0.466035 0.218463 -1.39663 0 0 0 0 0 0 6.09441
 6.4787 5.82946 -40.474   0.11623 -0.194537 0.0130474  0 -0  0 0 0 0  -0.212485  -0.249078 -0.0224485  0.490541 0.207218 -1.58387 0 0 0 0 0 0 6.10241
 7.56416  6.50069 -42.5071  0.106175 -0.201268  0.020682  0 -0  0 0 0 0 -0.346553 -0.282827 0.0950268  0.743609  0.28677 -1.66392 0 0 0 0 0 0 6.11672
 9.22933  6.88674 -44.5332  0.103849 -0.204983 0.0104049  0 -0  0 0 0 0 -0.298384 -0.267725 -0.100039   1.12184 0.235272 -1.75702 0 0 0 0 0 0 6.12789
 10.2802  7.15805 -46.7549  0.0983279  -0.208975 0.00627191  0 -0  0 0 0 0 -0.284425 -0.225701  -0.13944    1.07475 0.0498085  -1.77119 0 0 0 0 0 0 6.13586
 11.0605  7.30586 -48.8829  0.0950663  -0.211733 0.00251069  0 -0  0 0 0 0 -0.255623 -0.193219  -0.16084    1.02614 -0.104534  -1.86999 0 0 0 0 0 0 6.14155
 11.7247  7.31226 -51.4675 0.0897926  -0.21742 0.0120404  0 -0  0 0 0 0  -0.26703 -0.215377  0.077757  0.885867 -0.26355 -1.98852 0 0 0 0 0 0 6.15384
11.8998 7.24804 -53.993  0.0845297  -0.217585 0.00799075  0 -0  0 0 0 0   -0.244758   -0.137482 -0.00143797   0.668246 -0.381905  -1.99033 0 0 0 0 0 0 6.16048
 12.1625   7.3489 -56.4444  0.0806386  -0.217611 0.00536863  0 -0  0 0 0 0  -0.216011 -0.0905155  -0.038353   0.604952 -0.383193  -2.05632 0 0 0 0 0 0 6.16517
 12.3712   7.7505 -58.8942   0.0768061   -0.217708 -0.00012495  0 -0  0 0 0 0  -0.188803 -0.0688455  -0.106334   0.542027 -0.240519  -2.06755 0 0 0 0 0 0 6.17187
 12.4518  8.08302 -61.1337  0.0735314  -0.218096 -0.0023938  0 -0  0 0 0 0  -0.184725 -0.0555365 -0.0996646  0.464867 -0.20188 -2.12937 0 0 0 0 0 0 6.17587
 12.2566  8.32434 -64.1733   0.0631959   -0.220966 0.000901559  0 -0  0 0 0 0  -0.296744 -0.0818235  0.0196733   0.323172 -0.275827  -2.23714 0 0 0 0 0 0 6.1871
 11.5214  8.90619 -66.9766  0.0561665    -0.2207 0.00377992  0 -0  0 0 0 0  -0.292156 -0.0458308  0.0802627  0.0800562 -0.164181  -2.26598 0 0 0 0 0 0 6.1947
 10.8057  9.69149 -69.5557   0.0515765   -0.223951 0.000396069  0 -0  0 0 0 0  -0.253071 -0.0885219  0.0146229  -0.0325673   0.034298   -2.23912 0 0 0 0 0 0 6.20126
 10.5714  10.2862 -71.9054   0.0466094   -0.228134 -0.00230743  0 -0  0 0 0 0  -0.258756  -0.140404 -0.0594263  0.0824599  0.103517   -2.1997 0 0 0 0 0 0 6.2083
 10.3713   10.828 -74.4024   0.0299568   -0.233591 -0.00587365  0 -0  0 0 0 0  -0.508007  -0.203067 -0.0971391   0.221753 0.0933936  -2.39516 0 0 0 0 0 0 6.22618
 10.5146  11.4011 -77.6694   0.0208155   -0.239093 -0.00273009  0 -0  0 0 0 0   -0.47387  -0.212473 -0.0170085   0.380996 0.0364995  -2.37277 0 0 0 0 0 0 6.2373
 10.7486   11.617 -80.7294   0.0102652   -0.242488 -0.00494886  0 -0  0 0 0 0  -0.489453  -0.189827 -0.0513576   0.504466 -0.119115  -2.40433 0 0 0 0 0 0 6.2486
 10.5574  12.0115 -83.5312  0.00352642   -0.246914 -0.00820733  0 -0  0 0 0 0  -0.384556  -0.187717 -0.0754741   0.405291 -0.102629  -2.21819 0 0 0 0 0 0 6.2573
 10.2195  12.2191 -85.5475 0.00278956  -0.251292 -0.0129571  0 -0  0 0 0 0 -0.245492 -0.207328 -0.131772   0.246606 -0.125223  -2.17502 0 0 0 0 0 0 6.2638
 9.86895   12.402 -88.2999   0.000902  -0.249925 -0.0171869  0 -0  0 0 0 0 -0.216736 -0.118765 -0.166275    0.25699 -0.235087  -2.51873 0 0 0 0 0 0 6.26863
9.32424 12.4823 -92.294 -0.00778146   -0.250662  -0.0152445  0 -0  0 0 0 0  -0.281408 -0.0781409 -0.0515936  0.239823 -0.34315 -2.64717 0 0 0 0 0 0 6.27756
  8.2723  13.0563 -95.8752 -0.0147278  -0.250839 -0.0133666  0 -0  0 0 0 0  -0.275091 -0.0545809 0.00267642  0.0439639 -0.147149  -2.64146 0 0 0 0 0 0 6.28476
 7.25171  13.9363 -98.7172 -0.0169948  -0.251953 -0.0228416  0 -0  0 0 0 0  -0.197246 -0.0705178  -0.135259  -0.104057  0.161111  -2.41237 0 0 0 0 0 0 6.29456
 6.60643  14.4783 -100.849   -0.01973   -0.25426 -0.0249355  0 -0  0 0 0 0  -0.187252 -0.0971641  -0.140924  -0.122528  0.242439  -2.35919 0 0 0 0 0 0 6.29871
 5.82614   15.079 -103.621 -0.0305202  -0.253837 -0.0262733  0 -0  0 0 0 0  -0.370797 -0.0679235  -0.114458  -0.0738722   0.305651   -2.72661 0 0 0 0 0 0 6.30959
 4.87661  15.6984 -107.727 -0.0444453  -0.255102  -0.022463  0 -0  0 0 0 0  -0.470725 -0.0583237 0.00624391  0.0267462  0.221858  -2.77845 0 0 0 0 0 0 6.32408
 4.80434  16.3668 -111.354 -0.0588444  -0.249631 -0.0221061  0 -0  0 0 0 0  -0.571212  0.0579816 -0.0061309  0.347519 0.243965 -2.82908 0 0 0 0 0 0 6.33949
 4.66263  16.8809 -114.459  -0.068513  -0.247619 -0.0212904  0 -0  0 0 0 0  -0.499666  0.0733844 0.00513513  0.443133 0.204908 -2.44145 0 0 0 0 0 0 6.3494
 4.43784  17.2195 -116.406 -0.0679502  -0.243652 -0.0236485  0 -0  0 0 0 0  -0.297783   0.131014 -0.0414835  0.368451 0.171368 -2.26285 0 0 0 0 0 0 6.35405
 3.85918  17.6419 -118.625 -0.0711825  -0.237818 -0.0231925  0 -0  0 0 0 0  -0.275778   0.202781 -0.0263248   0.25379 0.240936 -2.41055 0 0 0 0 0 0 6.36073
 3.13088  18.0915 -121.869   -0.07991   -0.23357 -0.0245002  0 -0  0 0 0 0  -0.321437   0.197582 -0.0369146  0.237697 0.228139 -2.42633 0 0 0 0 0 0 6.37053
 2.67215  18.7448 -125.025  -0.090106  -0.227803 -0.0252277  0 -0  0 0 0 0  -0.395636   0.218997 -0.0444819  0.326342 0.310748 -2.42171 0 0 0 0 0 0 6.38226
 3.56286  19.6834 -127.434  -0.101986  -0.224797 -0.0202734  0 -0  0 0 0 0 -0.478125  0.182251 0.0399852  0.735466 0.406444 -2.01018 0 0 0 0 0 0 6.39548
 4.32309  20.1992 -129.193  -0.104128  -0.225063 -0.0259073  0 -0  0 0 0 0   -0.40263   0.134625 -0.0752783   1.04849 0.392204  -1.9189 0 0 0 0 0 0 6.40151
 5.18387  20.4388 -130.435  -0.109675  -0.211367 -0.0295634  0 -0  0 0 0 0 -0.375336  0.346265 -0.117418   1.21684 0.247819 -1.65636 0 0 0 0 0 0 6.41674
 5.70653  20.3581 -132.613   -0.11747  -0.202704 -0.0243972  0 -0  0 0 0 0 -0.410855  0.424217 0.0411046      1.37895 0.000457792     -1.9395 0 0 0 0 0 0 6.42948
 6.66967  20.1601 -134.904  -0.121404  -0.192902 -0.0203129  0 -0  0 0 0 0 -0.260664  0.400327  0.105702    1.22551 -0.163531  -1.58152 0 0 0 0 0 0 6.44081
 5.96692  19.5276 -135.602  -0.113525  -0.190772 -0.0273116  0 -0  0 0 0 0  0.0568792   0.236527 -0.0280418   0.374403 -0.237958 -0.770881 0 0 0 0 0 0 6.45156
  5.8885  19.7544 -135.862 -0.107091 -0.186391 -0.030907  0 -0  0 0 0 0    0.17868   0.225323 -0.0980944    0.145812 -0.0423548  -0.539903 0 0 0 0 0 0 6.46013
 6.23962  19.8859 -134.609  -0.110513   -0.18793 -0.0342057  0 -0  0 0 0 0 0.0601808  0.119527 -0.133279  0.0392087  0.127979  0.167633 0 0 0 0 0 0 6.46513
 6.52332  19.6995 -133.791  -0.113162  -0.190154 -0.0290913  0 -0  0 0 0 0 -0.00187705   0.0452533   0.0325459  0.0404363 0.0214624  0.448549 0 0 0 0 0 0 6.4713
 7.3092 19.2006 -133.08 -0.110664 -0.193122 -0.029172  0 -0  0 0 0 0  0.0422171 -0.0144692   0.027533   0.217339 -0.151544  0.471582 0 0 0 0 0 0 6.47519
 8.06432  19.2211 -132.802  -0.111151  -0.196117 -0.0263242  0 -0  0 0 0 0 0.00503954 -0.0581991  0.0483832    0.333587 -0.0567379    0.27759 0 0 0 0 0 0 6.47935
8.39716 19.3421 -132.61  -0.110383  -0.196131 -0.0298791  0 -0  0 0 0 0 0.00674448 -0.0491593 -0.0429845   0.297925 0.0560496  0.220797 0 0 0 0 0 0 6.48298
 8.40322  19.4247 -132.822 -0.109201 -0.196873 -0.029828  0 -0  0 0 0 0  0.0392535 -0.0527796 -0.0443946   0.203694 0.0656282 0.0519307 0 0 0 0 0 0 6.48438
 8.44715  19.3735 -132.888  -0.108666  -0.198595 -0.0257671  0 -0  0 0 0 0  0.0501737 -0.0696086  0.0562267   0.145764 0.0025606 0.0101162 0 0 0 0 0 0 6.48882
 8.47882  19.2831 -132.883  -0.107076  -0.199902 -0.0245406  0 -0  0 0 0 0  0.0619345 -0.0623167  0.0557898   0.0781373 -0.0304196  0.0104728 0 0 0 0 0 0 6.49122
 8.69711   19.501 -132.774  -0.105687  -0.201815 -0.0235775  0 -0  0 0 0 0  0.0545664 -0.0687486  0.0358469  0.0961513 0.0741267 0.0339509 0 0 0 0 0 0 6.49377
 8.75819  19.6327 -132.743 -0.105866 -0.202226 -0.027552  0 -0  0 0 0 0  0.0231136 -0.0586527 -0.0530431  0.0776623  0.118095  0.019331 0 0 0 0 0 0 6.49777
 8.73842  19.6937 -132.633  -0.104898  -0.200316 -0.0288071  0 -0  0 0 0 0   0.0465107 -0.00697233  -0.0693761  0.0141453  0.104682 0.0526105 0 0 0 0 0 0 6.50025
 8.69252  19.5961 -132.523  -0.107287   -0.20095 -0.0266827  0 -0  0 0 0 0 -0.0013435 -0.0158072 0.00476272  -0.0147754  0.0238679   0.084405 0 0 0 0 0 0 6.50351
 8.63527   19.473 -132.448  -0.108139  -0.199491 -0.0269262  0 -0  0 0 0 0 -0.0115257  0.0168126 0.00127771  -0.0340616 -0.0304249  0.0723527 0 0 0 0 0 0 6.50522
8.81338 19.6092  -132.3   -0.10797  -0.201236 -0.0272718  0 -0  0 0 0 0 -0.00485217   -0.021693  -0.0161578  0.0239316 0.0439163 0.0752264 0 0 0 0 0 0 6.50701
 8.87289  19.6356 -132.251  -0.109903  -0.201756 -0.0302213  0 -0  0 0 0 0 -0.0504085 -0.0261902 -0.0669289  0.0426078 0.0512762 0.0559773 0 0 0 0 0 0 6.51057
 8.89587  19.7716 -132.204   -0.11063  -0.199191 -0.0317986  0 -0  0 0 0 0 -0.0514114  0.0275178 -0.0846926  0.0246676  0.100113 0.0434898 0 0 0 0 0 0 6.51367
 8.90909  19.8103 -132.071  -0.111539  -0.199913 -0.0309973  0 -0  0 0 0 0 -0.0490415 0.00651585 -0.0387166  0.00121005   0.083275  0.0799669 0 0 0 0 0 0 6.51508
 8.98943  19.7429 -131.916  -0.112324  -0.199817 -0.0294067  0 -0  0 0 0 0 -0.0352532 0.00738666 0.00927157  0.0133603 0.0186273 0.0965635 0 0 0 0 0 0 6.51686
 9.29191  19.8337 -131.666  -0.112228  -0.199132 -0.0271694  0 -0  0 0 0 0 -0.014878 0.0178266 0.0400918  0.0815038 0.0481443  0.125973 0 0 0 0 0 0 6.5192
 9.44227  19.9425 -131.574  -0.112141  -0.199953 -0.0296623  0 -0  0 0 0 0  -0.0168578 -0.00688387  -0.0245539  0.0936171  0.091255 0.0915213 0 0 0 0 0 0 6.52183
 9.44271  19.9482 -131.571  -0.111406  -0.199181 -0.0317352  0 -0  0 0 0 0  0.0142955  0.0108612 -0.0643958   0.046288 0.0535841 0.0560629 0 0 0 0 0 0 6.52416
 9.40961  19.9038 -131.608  -0.111664  -0.199803 -0.0309847  0 -0  0 0 0 0   0.0135551 -0.00338451  -0.0268103   0.0206619 0.00549738  0.0263839 0 0 0 0 0 0 6.52517
 9.31788  19.7579 -132.094  -0.111755  -0.197446 -0.0288069  0 -0  0 0 0 0 0.0140783 0.0426738 0.0263561   0.0446292 -0.0838266  -0.159272 0 0 0 0 0 0 6.52838
 9.51703  19.8839 -132.684  -0.112897  -0.196331 -0.0280485  0 -0  0 0 0 0 -0.0164633  0.0428978  0.0163002    0.162377 -0.0258809  -0.291479 0 0 0 0 0 0 6.53014
  9.5667  19.9307 -133.101   -0.11404   -0.19664 -0.0316534  0 -0  0 0 0 0 -0.0421648  0.0179314 -0.0587742    0.173681 -0.0082489  -0.334217 0 0 0 0 0 0 6.53394
 9.54106  20.0821 -133.514  -0.114707  -0.194482 -0.0338136  0 -0  0 0 0 0 -0.0451973  0.0504725 -0.0902725    0.15129 0.0407813 -0.386926 0 0 0 0 0 0 6.53706
  9.4595  20.1043 -133.856  -0.116123  -0.194127 -0.0322482  0 -0  0 0 0 0 -0.0510963  0.0423924 -0.0266861    0.111377 0.00717209  -0.382721 0 0 0 0 0 0 6.53921
 9.29811  19.9221 -133.407  -0.119953  -0.195133 -0.0289129  0 -0  0 0 0 0 -0.0800881 0.00136058  0.0467964   -0.062916 -0.0308017  0.0201205 0 0 0 0 0 0 6.54438
 9.04456  19.6522 -131.635  -0.112889  -0.197999 -0.0247118  0 -0  0 0 0 0  0.0950991 -0.0487813   0.112265    -0.36337 -0.0103414   0.705206 0 0 0 0 0 0 6.55309
 9.05773  19.5972 -130.374  -0.108983  -0.199628 -0.0249144  0 -0  0 0 0 0    0.13278 -0.0625777  0.0659965  -0.376943 0.0514113  0.888728 0 0 0 0 0 0 6.55732
 9.22429  19.4551 -128.603  -0.106622   -0.20019 -0.0245864  0 -0  0 0 0 0   0.142636 -0.0530248  0.0542533  -0.423543 0.0876479   1.28087 0 0 0 0 0 0 6.55977
9.47653 19.2321 -126.32  -0.100521  -0.203116 -0.0236616  0 -0  0 0 0 0   0.225951 -0.0876171    0.06225  -0.501771  0.100329   1.72856 0 0 0 0 0 0 6.5666
  9.5971   18.881 -123.693   -0.09557  -0.207841 -0.0200041  0 -0  0 0 0 0  0.223712 -0.132873  0.103419  -0.526021 0.0752079   1.80594 0 0 0 0 0 0 6.57436
 9.76552  18.8129 -121.095  -0.090013  -0.216309 -0.0170994  0 -0  0 0 0 0  0.217942 -0.221075 0.0932772  -0.490898  0.167785   1.71034 0 0 0 0 0 0 6.5849
 9.9465 18.7744 -119.19 -0.0871636  -0.224067 -0.0195044  0 -0  0 0 0 0   0.161816  -0.281622 0.00752017  -0.400799  0.203622   1.54008 0 0 0 0 0 0 6.59351
 9.76687  18.7902 -118.257 -0.0829401  -0.227045 -0.0208569  0 -0  0 0 0 0   0.215696  -0.259363 -0.0329632  -0.496793  0.216972   1.37145 0 0 0 0 0 0 6.59885
 9.71939   18.743 -116.378 -0.0751785  -0.229019 -0.0173394  0 -0  0 0 0 0  0.325891 -0.227262 0.0530057  -0.640946  0.225298   1.62371 0 0 0 0 0 0 6.6076
 9.27874  18.3281 -113.976  -0.070746  -0.234156 -0.0111247  0 -0  0 0 0 0  0.277183 -0.214211  0.147898  -0.739756 0.0881339   1.62641 0 0 0 0 0 0 6.6168
 8.80624  17.8348 -111.538 -0.0611664  -0.236871 -0.0105378  0 -0  0 0 0 0  0.348786 -0.177194  0.114564    -0.844102 -0.00275138      1.7487 0 0 0 0 0 0 6.62677
 8.87251  17.5901 -109.394  -0.054247  -0.239872 -0.0105258  0 -0  0 0 0 0  0.299063  -0.15541 0.0517872   -0.612056 0.00550341    1.60039 0 0 0 0 0 0 6.63431
 8.85189   17.278 -108.239 -0.0503014   -0.24174 -0.0137517  0 -0  0 0 0 0   0.286096  -0.145736 -0.0243082   -0.528279 -0.0681867     1.5262 0 0 0 0 0 0 6.63974
  9.0072  16.7563 -106.089 -0.0463691  -0.241343  -0.013801  0 -0  0 0 0 0    0.297429   -0.100863 -0.00881142  -0.543183 -0.154325   1.86826 0 0 0 0 0 0 6.64369
 9.04317   15.998 -103.455 -0.0417506   -0.24294 -0.0101376  0 -0  0 0 0 0   0.245043 -0.0842894  0.0631708  -0.516233 -0.212785   1.86277 0 0 0 0 0 0 6.6498
  9.2772  15.5433 -100.658  -0.0376062   -0.246273 -0.00642935  0 -0  0 0 0 0  0.209788 -0.110666 0.0924022  -0.487688 -0.114731   2.07217 0 0 0 0 0 0 6.65628
9.61547 15.2156 -98.095   -0.032948   -0.245944 -0.00807069  0 -0  0 0 0 0   0.189394 -0.0646068  0.0225838   -0.366931 -0.0218217    1.89088 0 0 0 0 0 0 6.66123
9.55688 15.0173 -96.612  -0.0282385   -0.246784 -0.00889585  0 -0  0 0 0 0     0.237933   -0.0619275 -0.000257204  -0.439843 0.0155853   1.80885 0 0 0 0 0 0 6.66609
 9.64789  14.5443 -94.1169  -0.0209613    -0.24756 -0.00729145  0 -0  0 0 0 0   0.348165 -0.0605957  0.0349007   -0.563341 -0.0331745    2.21183 0 0 0 0 0 0 6.67358
 9.63109  13.7114 -91.0242  -0.0152993   -0.251018 -0.00257458  0 -0  0 0 0 0   0.297199 -0.0928355   0.109736  -0.559455 -0.149924   2.23716 0 0 0 0 0 0 6.68172
 10.0641   12.754 -87.7125 -0.00844959   -0.250889 -0.00174585  0 -0  0 0 0 0   0.290907 -0.0534977  0.0762988  -0.430372 -0.231449   2.46467 0 0 0 0 0 0 6.68862
 10.6358  12.0592 -84.8364  -0.0022423   -0.251418 -0.00549761  0 -0  0 0 0 0   0.258124 -0.0504373 -0.0270705  -0.234835 -0.178152    2.2304 0 0 0 0 0 0 6.69589
 10.9002  11.6436 -83.1245 0.000829213   -0.250589 -0.00838535  0 -0  0 0 0 0    0.22784 -0.0227599 -0.0822085  -0.155959 -0.145443   2.10319 0 0 0 0 0 0 6.70019
 11.2366   11.028 -80.6195  0.00387294   -0.249201 -0.00783584  0 -0  0 0 0 0   0.237457 0.00351936 -0.0502727  -0.177156  -0.15119   2.43362 0 0 0 0 0 0 6.70358
 11.8394  10.1273 -77.3475   0.0106542   -0.247435 -0.00482751  0 -0  0 0 0 0  0.245612 0.0321982 0.0195204  -0.0934107  -0.166086    2.43571 0 0 0 0 0 0 6.71121
 12.652 9.34475  -74.08  0.0137433  -0.246753 -0.0016427  0 -0  0 0 0 0   0.18971 0.0309928 0.0543846  0.0362248 -0.109882   2.55612 0 0 0 0 0 0 6.7157
 13.5199  9.00776 -71.1086   0.0187147    -0.24623 -0.00917667  0 -0  0 0 0 0   0.192714  0.0115885 -0.0913794  0.168623 0.100365  2.39384 0 0 0 0 0 0 6.72474
 13.6834  8.82838 -68.8751  0.0236751  -0.246451 -0.0116378  0 -0  0 0 0 0   0.252769 0.00173281 -0.0946356  -0.00093891    0.228484     2.30472 0 0 0 0 0 0 6.73028
 13.8874  8.58976 -66.1606   0.0381117    -0.24329 -0.00928199  0 -0  0 0 0 0   0.475822  0.0570424 -0.0290985  -0.156637  0.346159   2.54281 0 0 0 0 0 0 6.74524
 13.7508  8.15024 -63.0357   0.0437401    -0.24255 -0.00555012  0 -0  0 0 0 0  0.402118 0.0529765  0.069846  -0.319638  0.288326   2.53746 0 0 0 0 0 0 6.75204
  13.214  7.79749 -59.8383   0.0553039   -0.238174 -0.00710939  0 -0  0 0 0 0  0.480557    0.1153 0.0348433  -0.532497  0.291887   2.57707 0 0 0 0 0 0 6.7645
12.1803 7.57273 -56.483   0.0644202   -0.236008 -0.00471707  0 -0  0 0 0 0 0.490586 0.119754 0.080924  -0.831246  0.325495   2.72265 0 0 0 0 0 0 6.77417
 11.2855  6.99581 -53.2306   0.0749651   -0.232149 -0.00694906  0 -0  0 0 0 0   0.49201   0.15387 0.0117379  -0.948808  0.168474   2.67265 0 0 0 0 0 0 6.78562
   10.25  6.29246 -50.1824  0.0831889  -0.225067 -0.0124317  0 -0  0 0 0 0   0.505283   0.240976 -0.0767609     -1.17074 -0.00243393     2.88012 0 0 0 0 0 0 6.79778
  9.1422  5.50957 -46.9829   0.0936853   -0.219172 -0.00784987  0 -0  0 0 0 0  0.475576  0.252762 0.0363699   -1.16884 -0.101954   2.71746 0 0 0 0 0 0 6.81066
 8.60993  4.97266 -44.4032   0.0939651   -0.214034 0.000141569  0 -0  0 0 0 0 0.248956  0.24172 0.142329   -0.927024 -0.0911392    2.41056 0 0 0 0 0 0 6.82016
 8.35065  4.32311 -42.0542  0.0980648  -0.208603 0.00494548  0 -0  0 0 0 0 0.216295 0.255442 0.167276  -0.738493 -0.138958   2.33164 0 0 0 0 0 0 6.82849
 7.70602  3.56658 -39.3566   0.104401  -0.203768 0.00908305  0 -0  0 0 0 0 0.246565 0.249867 0.167647   -0.72507 -0.227055   2.31723 0 0 0 0 0 0 6.83747
 6.99487  2.88249 -36.4395  0.111288 -0.195947 0.0141019  0 -0  0 0 0 0  0.27875 0.299381 0.196531  -0.749907 -0.245344   2.42045 0 0 0 0 0 0 6.84904
 6.26283  2.24722 -33.5326  0.117871 -0.189385 0.0193842  0 -0  0 0 0 0 0.298783 0.308899   0.2202  -0.755547 -0.244506   2.49628 0 0 0 0 0 0 6.85973
 5.87862  1.89595 -30.5612   0.11947 -0.185035 0.0280238  0 -0  0 0 0 0 0.192855 0.260519 0.279577  -0.589144 -0.136494   2.45487 0 0 0 0 0 0 6.86954
 6.66912  1.98314 -27.7212   0.12603  -0.17743 0.0147079  0 -0  0 0 0 0     0.23991     0.29491 0.000347751  -0.139087  0.062373   2.62915 0 0 0 0 0 0 6.88621
 6.95499  1.68072 -24.3528    0.1319 -0.172844 0.0148893  0 -0  0 0 0 0   0.252801   0.262156 -0.0154714  0.0311966 0.0863254   2.70573 0 0 0 0 0 0 6.89367
 7.07845  1.30708 -20.8789  0.137014 -0.167839  0.013958  0 -0  0 0 0 0   0.253514   0.254365 -0.0358699  0.0415377 0.0646604   2.82205 0 0 0 0 0 0 6.90088
 7.00364 0.871028  -17.879  0.140461 -0.163671 0.0198633  0 -0  0 0 0 0  0.211539  0.243985 0.0892984  -0.0608644  0.0166334    2.74644 0 0 0 0 0 0 6.90889
 6.64886 0.451606 -14.9725  0.141752 -0.155882 0.0219915  0 -0  0 0 0 0  0.145844  0.293761 0.0940558  -0.182048 -0.022213   2.59995 0 0 0 0 0 0 6.91707
  5.93033 0.0869792   -12.518  0.143091 -0.149374 0.0227856  0 -0  0 0 0 0  0.122125  0.327198 0.0832775   -0.370851 -0.0511852    2.56673 0 0 0 0 0 0 6.92376
   5.44952 -0.0702799   -9.35707  0.145004 -0.141988 0.0264057  0 -0  0 0 0 0 0.112586 0.331884 0.128522   -0.38018 0.0430192   2.56227 0 0 0 0 0 0 6.9322
   4.579 0.103943 -6.18997  0.153629 -0.131327  0.023558  0 -0  0 0 0 0  0.230007  0.401882 0.0656007  -0.562853  0.190106    2.6029 0 0 0 0 0 0 6.94621
 3.72752 0.318363  -3.1144  0.157902 -0.122789 0.0261565  0 -0  0 0 0 0 0.234767 0.413388 0.105299  -0.668144  0.280812   2.62927 0 0 0 0 0 0 6.9561
  2.48949  0.843987 -0.319474  0.160033 -0.113181  0.025178  0 -0  0 0 0 0  0.175863  0.424079 0.0591142  -0.818741  0.371546   2.37599 0 0 0 0 0 0 6.96599
1.24999 1.75817 1.71827  0.160838 -0.104773 0.0234391  0 -0  0 0 0 0  0.151741  0.458095 0.0298963  -1.01064  0.56655  2.28443 0 0 0 0 0 0 6.97462
0.385876  2.47083  4.70942   0.162238 -0.0954641  0.0198907  0 -0  0 0 0 0 0.122606  0.44838 -0.04356  -0.884003  0.577306   2.38592 0 0 0 0 0 0 6.98468
-0.425149   3.07898   8.40845   0.164414 -0.0847596  0.0168389  0 -0  0 0 0 0  0.114455  0.436611 -0.105362  -0.763029  0.498147   2.52973 0 0 0 0 0 0 6.99602
-1.08281  3.70299  11.1776   0.166565 -0.0742436  0.0153426  0 -0  0 0 0 0   0.121678   0.480577 -0.0923069  -0.778706  0.537146    2.5995 0 0 0 0 0 0 7.00686
-1.54313  4.00993  13.7851   0.163043 -0.0667601  0.0143461  0 -0  0 0 0 0 -0.0380579   0.425967  -0.094741  -0.658289  0.381581   2.38814 0 0 0 0 0 0 7.01519
-1.31514  3.57549  16.1316   0.165048 -0.0553611 0.00508271  0 -0  0 0 0 0 -0.0128201   0.491116  -0.232177  -0.409639 0.0729478   2.40895 0 0 0 0 0 0 7.03001
-1.67163    3.135  18.9938    0.166936  -0.0420313 0.000142797  0 -0  0 0 0 0 0.0209535  0.543732 -0.270317  -0.414498 -0.164644   2.39158 0 0 0 0 0 0 7.04435
-1.66733    2.081  19.4601   0.158722 -0.0441921 -0.0012359  0 -0  0 0 0 0 -0.147053  0.340407 -0.228996  -0.273681 -0.459184   1.52776 0 0 0 0 0 0 7.05296
-1.66601  1.79819   19.789    0.157566  -0.0421746 -0.00472579  0 -0  0 0 0 0 -0.140677  0.287323 -0.203379  -0.193326 -0.393803   1.05725 0 0 0 0 0 0 7.05715
-1.7509 1.40873 19.4285    0.157667  -0.0391123 -0.00642233  0 -0  0 0 0 0 -0.128123  0.245563 -0.167877  -0.147659 -0.372109  0.442826 0 0 0 0 0 0 7.06065
-2.72893  1.52272  19.0995   0.154414 -0.0348037 0.00909785  0 -0  0 0 0 0 -0.155187  0.263364   0.12196  -0.432876 -0.170509  0.140704 0 0 0 0 0 0 7.07709
-3.10134  1.34493  19.1162   0.151112 -0.0251656  0.0157228  0 -0  0 0 0 0 -0.154495  0.332609  0.191212  -0.367646 -0.149396 0.0840982 0 0 0 0 0 0 7.08924
-2.83678  1.39681  18.2713   0.158359 -0.0295355  0.0183959  0 -0  0 0 0 0 0.0205715  0.155885  0.163628  -0.0538216 -0.0472106  -0.175766 0 0 0 0 0 0 7.09811
-2.77092  1.43462  17.6269    0.16456 -0.0375613  0.0210066  0 -0  0 0 0 0    0.117347 -0.00937893    0.153471  0.00469063 0.00476022  -0.316096 0 0 0 0 0 0 7.10859
-2.41476  1.76613  17.3808   0.167652 -0.0446367  0.0206429  0 -0  0 0 0 0  0.139195 -0.125107  0.107548    0.14342  0.111851 -0.253682 0 0 0 0 0 0 7.11632
-1.8207 1.99433 17.1594   0.171174 -0.0475604   0.018107  0 -0  0 0 0 0  0.166467 -0.142261 0.0425096   0.298233  0.141725 -0.237205 0 0 0 0 0 0 7.12155
-1.69573  1.94583  16.9024   0.175343 -0.0489624  0.0164093  0 -0  0 0 0 0   0.181992  -0.116814 -0.0167106   0.204345 0.0561112 -0.240623 0 0 0 0 0 0 7.12626
-1.71198   1.6963  16.8168   0.172934 -0.0542877   0.014959  0 -0  0 0 0 0  0.0703212   -0.15853 -0.0521469   0.0888223 -0.0695237  -0.175299 0 0 0 0 0 0 7.13229
-1.62544  1.63873  16.6903   0.173208 -0.0568993  0.0131714  0 -0  0 0 0 0  0.0519389  -0.150868 -0.0631205   0.0844704 -0.0629046  -0.150022 0 0 0 0 0 0 7.13546
-1.6196 1.60849 16.5438   0.171467 -0.0587417   0.013063  0 -0  0 0 0 0 -0.00344509   -0.128237  -0.0396272   0.0470316 -0.0431707  -0.138778 0 0 0 0 0 0 7.138
-1.81906  1.35325  16.2906   0.169933 -0.0595124  0.0157635  0 -0  0 0 0 0 -0.0474038  -0.108358 0.00351499  -0.0290345   -0.10911  -0.204893 0 0 0 0 0 0 7.1412
-1.95858  1.15516  15.9243   0.168481 -0.0561231  0.0178406  0 -0  0 0 0 0 -0.0582203  -0.010623  0.0328034  -0.0833605  -0.125722  -0.268748 0 0 0 0 0 0 7.14543
-1.78872  1.00763  14.5309   0.169851 -0.0587766    0.01712  0 -0  0 0 0 0 -0.0135919 -0.0369013  0.0011209   0.0206318 -0.0990269  -0.559761 0 0 0 0 0 0 7.14851
-1.62656 0.979326   13.288   0.171144 -0.0609361  0.0165901  0 -0  0 0 0 0  0.00913977  -0.0508618 -0.00428601   0.0750131 -0.0515913  -0.794109 0 0 0 0 0 0 7.15108
-1.38535  1.07725   11.897   0.172773 -0.0638091  0.0172518  0 -0  0 0 0 0  0.0304336 -0.0783951  0.0138144   0.142068 0.0206059 -0.976078 0 0 0 0 0 0 7.15445
-0.856794   1.43235   10.6303   0.172184 -0.0630436  0.0236148  0 -0  0 0 0 0 0.0133967  -0.03989  0.112342  0.278497 0.143782 -1.09285 0 0 0 0 0 0 7.16088
-0.586811   1.59518    9.4166   0.172186 -0.0624867  0.0253155  0 -0  0 0 0 0 0.00881758 -0.0164743   0.108768  0.282958 0.154359 -1.13172 0 0 0 0 0 0 7.16267
-0.198101   1.59209   6.96533   0.171514 -0.0691795  0.0252858  0 -0  0 0 0 0 -0.0100592   -0.10277  0.0417004   0.276147 0.0659884  -1.35675 0 0 0 0 0 0 7.1694
0.138239  1.76262    5.103   0.172307 -0.0738908  0.0248377  0 -0  0 0 0 0 0.00562543  -0.141618  0.0236533  0.310621 0.100121 -1.50694 0 0 0 0 0 0 7.1742
0.470904  1.97235  3.17445      0.173 -0.0779919  0.0257413  0 -0  0 0 0 0 0.0140542 -0.163588   0.03395  0.326547 0.132233 -1.59343 0 0 0 0 0 0 7.17845
0.367483  2.15922   1.3869   0.174232 -0.0811053  0.0290772  0 -0  0 0 0 0  0.036277 -0.164829 0.0803705  0.200941 0.155866 -1.66034 0 0 0 0 0 0 7.18318
 0.296237   2.29192 -0.400791   0.173804 -0.0807115  0.0327357  0 -0  0 0 0 0 0.0149804 -0.102778  0.118229  0.0947385  0.145569  -1.70371 0 0 0 0 0 0 7.18688
0.389284  2.51488 -3.18961    0.17262 -0.0848376  0.0337649  0 -0  0 0 0 0 -0.010663 -0.125144 0.0824699  0.118536 0.135856 -1.80916 0 0 0 0 0 0 7.1913
0.454739  2.63616 -5.17669   0.174174 -0.0912535  0.0362164  0 -0  0 0 0 0  0.016629  -0.18991 0.0922263  0.131859 0.124048 -1.79839 0 0 0 0 0 0 7.19834
0.727867  2.61526 -7.27595   0.172814 -0.0946313  0.0385032  0 -0  0 0 0 0 -0.0359275  -0.195902  0.0940614   0.232184 0.0597367   -1.9801 0 0 0 0 0 0 7.20264
 1.74381   2.6035 -9.33933   0.173677 -0.0981353   0.033759  0 -0  0 0 0 0 -0.00670266   -0.192251  -0.0187195    0.505488 0.00269164    -1.8104 0 0 0 0 0 0 7.2086
 2.18477  2.51325 -11.0997  0.174385 -0.101856 0.0332326  0 -0  0 0 0 0 0.00665476  -0.198501 -0.0304463    0.510793 -0.0581539     -1.781 0 0 0 0 0 0 7.21242
 2.14565  2.64419 -12.0495  0.181488 -0.104533  0.029039  0 -0  0 0 0 0   0.135979  -0.171328 -0.0688218     0.264803 -0.00332895    -1.29897 0 0 0 0 0 0 7.2211
 2.11935  2.69138 -12.5912 0.184064 -0.10193 0.027485  0 -0  0 0 0 0   0.148534 -0.0897403 -0.0640577   0.147703  0.021419 -0.972472 0 0 0 0 0 0 7.22507
 2.01407  2.73862 -13.2894  0.183216  -0.10269 0.0296543  0 -0  0 0 0 0  0.0857181 -0.0786776 0.00115302  0.0568285 0.0259277 -0.895852 0 0 0 0 0 0 7.22752
 1.93067  3.05534 -14.0454  0.182408 -0.103699 0.0320965  0 -0  0 0 0 0  0.0469678 -0.0676442  0.0451302  0.0150926    0.1092 -0.764878 0 0 0 0 0 0 7.23029
   1.905   3.1848 -14.8046  0.183418 -0.106466 0.0335064  0 -0  0 0 0 0  0.0492498 -0.0956849  0.0541249  0.0158813  0.108389 -0.753049 0 0 0 0 0 0 7.23355
 1.9492 3.15754 -15.776  0.182575  -0.10958 0.0321457  0 -0  0 0 0 0  0.0156465  -0.108712 -0.0111575  0.0544237 0.0210742  -0.72095 0 0 0 0 0 0 7.23705
 1.93393  3.25572 -16.4082  0.177441 -0.113658 0.0316647  0 -0  0 0 0 0  -0.0774958    -0.14417 -7.6116e-05  0.0489714 0.0389078 -0.654229 0 0 0 0 0 0 7.24363
 1.94828  3.19514 -17.2814  0.174565  -0.11805 0.0330948  0 -0  0 0 0 0 -0.122792 -0.179196 0.0198234   0.0514853 -0.0102533  -0.757782 0 0 0 0 0 0 7.24907
 2.49219  3.08859 -18.0969  0.173244 -0.121984 0.0294846  0 -0  0 0 0 0  -0.100145  -0.179381 -0.0501786    0.22235 -0.052914 -0.688838 0 0 0 0 0 0 7.25457
 2.73649  2.95109 -18.7443  0.173158 -0.125049 0.0294674  0 -0  0 0 0 0 -0.0732808  -0.182676 -0.0422599     0.25227 -0.0944405   -0.69347 0 0 0 0 0 0 7.25764
 2.90489  2.86408 -19.8561  0.174509 -0.129713 0.0274784  0 -0  0 0 0 0 -0.0224565  -0.192719 -0.0608951   0.211407 -0.114316 -0.800797 0 0 0 0 0 0 7.26288
 3.03992  2.85215 -20.7294  0.172327 -0.133936 0.0260734  0 -0  0 0 0 0 -0.0473728  -0.192151 -0.0473531    0.173415 -0.0755564  -0.731933 0 0 0 0 0 0 7.26784
 3.07828  2.91935 -21.6507  0.170322  -0.14015 0.0262175  0 -0  0 0 0 0 -0.0753948   -0.24364  -0.023868    0.142812 -0.0449851  -0.836493 0 0 0 0 0 0 7.27437
 3.39357  3.06668 -22.5134  0.166579 -0.145243 0.0262564  0 -0  0 0 0 0   -0.11472  -0.243144 -0.0157859    0.204028 0.00487118  -0.763117 0 0 0 0 0 0 7.28069
 3.75925  3.26267 -23.2893  0.164585 -0.149015 0.0246498  0 -0  0 0 0 0  -0.114004  -0.237087 -0.0307676   0.293219 0.0643028 -0.758776 0 0 0 0 0 0 7.28525
 4.42414  3.29359 -24.3902  0.163311 -0.153991 0.0262031  0 -0  0 0 0 0  -0.101103  -0.245059 -0.0257271    0.46704 0.0309396 -0.843138 0 0 0 0 0 0 7.29062
 4.94799   3.4634 -25.4903  0.158085 -0.159665 0.0256372  0 -0  0 0 0 0  -0.148232  -0.246841 -0.0158745    0.45753 0.0431479 -0.843565 0 0 0 0 0 0 7.29835
 5.42194  3.53573 -26.8577  0.153562 -0.164279 0.0292117  0 -0  0 0 0 0 -0.198121 -0.246629 0.0507381   0.483414 0.0079602  -1.05391 0 0 0 0 0 0 7.30574
 5.99256  3.53474 -28.5357  0.148818 -0.171585 0.0271122  0 -0  0 0 0 0   -0.217009   -0.278471 -0.00461459   0.504933 -0.052927  -1.17865 0 0 0 0 0 0 7.3147
6.33724 3.51153 -29.935  0.146253 -0.174739 0.0292457  0 -0  0 0 0 0 -0.185917 -0.240128 0.0244675   0.460226 -0.100116  -1.25305 0 0 0 0 0 0 7.31929
 6.32676  3.70189 -32.0955  0.145512 -0.177067 0.0258479  0 -0  0 0 0 0   -0.130789   -0.190002 -0.00193528   0.265954 -0.108844  -1.56495 0 0 0 0 0 0 7.32347
 6.28518  3.93246 -34.4034  0.141571 -0.183017 0.0214516  0 -0  0 0 0 0  -0.138803  -0.209003 -0.0547178    0.173941 -0.0776725   -1.65395 0 0 0 0 0 0 7.33186
  6.3366  4.14701 -36.6899  0.139533 -0.188775 0.0229701  0 -0  0 0 0 0   -0.138876   -0.239214 -0.00917832    0.179623 -0.0566526    -1.8939 0 0 0 0 0 0 7.33815
 6.49269  4.66856 -39.0628   0.13457 -0.195466 0.0237667  0 -0  0 0 0 0  -0.181065  -0.270014 0.00768829   0.229656 0.0596358  -1.94837 0 0 0 0 0 0 7.34652
  6.8493  5.19042 -41.3183 0.133136 -0.20083 0.016784  0 -0  0 0 0 0 -0.151423  -0.27934 -0.091584  0.343917 0.138063 -2.01309 0 0 0 0 0 0 7.35544
 7.24535  5.73198 -43.7414  0.129021 -0.208056 0.0151889  0 -0  0 0 0 0  -0.166796  -0.302962 -0.0995266  0.435274 0.178455 -1.98769 0 0 0 0 0 0 7.36391
  7.5616  6.37466 -45.8259  0.122255  -0.21299 0.0143386  0 -0  0 0 0 0  -0.228605  -0.296645 -0.0736644  0.471296 0.265423 -1.97963 0 0 0 0 0 0 7.37232
 7.94347  7.09502 -48.2333  0.118469 -0.219441 0.0123231  0 -0  0 0 0 0  -0.219039   -0.30828 -0.0852592  0.529853 0.308926 -2.07581 0 0 0 0 0 0 7.38007
 8.51628  8.10049 -50.6719   0.10976 -0.225831 0.0144503  0 -0  0 0 0 0  -0.309978  -0.313281 -0.0256475  0.634838 0.424847 -2.13095 0 0 0 0 0 0 7.39108
 9.37347  9.12529 -53.0828   0.107194  -0.232012 0.00140772  0 -0  0 0 0 0 -0.258998 -0.327882 -0.221204   0.81871 0.496001 -2.17881 0 0 0 0 0 0 7.40574
 10.0439  9.99795 -55.8498    0.101858   -0.239008 -0.00605611  0 -0  0 0 0 0 -0.262944 -0.328068 -0.285353  0.887069 0.406516 -2.26916 0 0 0 0 0 0 7.41728
 10.2968  10.6623 -58.4906  0.0934488   -0.24383 -0.0127893  0 -0  0 0 0 0 -0.320244  -0.29169 -0.283013   0.76187 0.265368 -2.32965 0 0 0 0 0 0 7.42908
  10.489  10.8316 -61.4202   0.0858872   -0.248065 0.000727663  0 -0  0 0 0 0 -0.361419 -0.253019 0.0614936      0.649 -0.019777  -2.41873 0 0 0 0 0 0 7.44514
 10.1651  10.2313 -64.3607  0.0813077  -0.248119 -0.0104401  0 -0  0 0 0 0 -0.302002 -0.161997 -0.133312  0.444324 -0.47185 -2.39014 0 0 0 0 0 0 7.45721
 10.3676  10.5183 -66.9183  0.0777757  -0.250169 -0.0142777  0 -0  0 0 0 0 -0.258472 -0.145622 -0.145198   0.511483 -0.309401  -2.34595 0 0 0 0 0 0 7.46281
 10.3806  10.9185 -69.3332 0.0738532 -0.254455 -0.014102  0 -0  0 0 0 0  -0.224306  -0.176758 -0.0830511   0.447753 -0.146125  -2.20459 0 0 0 0 0 0 7.46862
 10.4054  11.3843 -71.4047   0.069473  -0.254702 -0.0109961  0 -0  0 0 0 0 -0.231398 -0.135345 0.0122753    0.417928 -0.0272622   -2.13438 0 0 0 0 0 0 7.474
 10.2284  11.7308 -74.3331   0.0627625   -0.256025 -0.00481347  0 -0  0 0 0 0 -0.264001 -0.105231  0.124852   0.363789 -0.088392  -2.23052 0 0 0 0 0 0 7.48322
 9.75911  12.4208 -76.9574  0.0561672  -0.256581 0.00221854  0 -0  0 0 0 0  -0.279785 -0.0758937   0.211375   0.244908 0.0409449  -2.25257 0 0 0 0 0 0 7.49288
 9.30956  13.0707 -79.7114  0.0504809  -0.261639 0.00269197  0 -0  0 0 0 0  -0.28286 -0.142478  0.151514  0.212084 0.106514 -2.35126 0 0 0 0 0 0 7.5005
8.77822 13.6969 -82.588  0.0478959  -0.264618 0.00053384  0 -0  0 0 0 0 -0.212179 -0.144657 0.0565191  0.169175 0.131946 -2.39335 0 0 0 0 0 0 7.505
  8.0827  14.2897 -85.6863   0.0436272   -0.267599 -0.00085575  0 -0  0 0 0 0 -0.223692 -0.152741 0.0278757  0.116562 0.134182 -2.68069 0 0 0 0 0 0 7.51039
 7.61218  14.7672 -89.3369  0.0361776   -0.27043 0.00468717  0 -0  0 0 0 0 -0.279321 -0.138191  0.106197   0.223942 0.0496104  -2.66281 0 0 0 0 0 0 7.52009
7.87308 14.3897 -92.296   0.0273634   -0.271999 -0.00333117  0 -0  0 0 0 0  -0.370835  -0.120867 -0.0797119   0.506025 -0.285844  -2.57972 0 0 0 0 0 0 7.53211
 8.00505  14.3953 -95.3937   0.0181635   -0.269107 -0.00641112  0 -0  0 0 0 0  -0.416195 -0.0301794  -0.111725   0.618158 -0.330595  -2.59714 0 0 0 0 0 0 7.54223
 7.49017  14.6396 -98.3031   0.0158331   -0.268919 -0.00882499  0 -0  0 0 0 0 -0.266584   -0.0235 -0.101431   0.376491 -0.213152  -2.51287 0 0 0 0 0 0 7.5456
 6.82014  15.3482 -101.043   0.0109106   -0.266382 -0.00432107  0 -0  0 0 0 0 -0.279338 0.0125304 0.0261927   0.216346 0.0722513  -2.68564 0 0 0 0 0 0 7.55273
 6.23722   16.255 -104.375 0.0037225 -0.262489 -0.011145  0 -0  0 0 0 0 -0.290168 0.0619164 -0.113527  0.238185 0.263613 -2.53491 0 0 0 0 0 0 7.56338
 6.25189  17.1724 -107.014 -0.00658199   -0.261548  -0.0109466  0 -0  0 0 0 0  -0.410444   0.051639 -0.0964599  0.420357 0.403758 -2.45692 0 0 0 0 0 0 7.57373
 7.27689  18.2981 -109.649 -0.0190901  -0.262415 -0.0124497  0 -0  0 0 0 0  -0.52494 0.0105789  -0.12869  0.857894 0.503459 -2.31127 0 0 0 0 0 0 7.58636
7.81181 19.0331    -112  -0.022459  -0.261202 -0.0186231  0 -0  0 0 0 0  -0.40857 0.0390864 -0.203479   1.01149 0.435044 -2.24382 0 0 0 0 0 0 7.5935
 8.16958  19.6331 -114.082 -0.0317629  -0.255842 -0.0228165  0 -0  0 0 0 0 -0.493252  0.125333 -0.234991   1.15712 0.423506 -2.34394 0 0 0 0 0 0 7.60502
 8.56386  19.9529 -117.196 -0.0416428  -0.253763 -0.0179188  0 -0  0 0 0 0  -0.480126   0.136869 -0.0383448   1.19646 0.146808 -2.43084 0 0 0 0 0 0 7.61624
   9.026  19.7225 -119.926 -0.0468533  -0.248751 -0.0182764  0 -0  0 0 0 0  -0.349218   0.177964 -0.0133648    1.12907 -0.186278  -2.12202 0 0 0 0 0 0 7.62348
  8.6899  19.0114 -121.435 -0.0438275  -0.242875 -0.0229712  0 -0  0 0 0 0  -0.116295   0.210971 -0.0384537   0.653902 -0.404706  -1.43064 0 0 0 0 0 0 7.63159
 8.43226  18.8765 -122.625 -0.0414591  -0.242188 -0.0228208  0 -0  0 0 0 0  0.0134526   0.145391 -0.0206953   0.348363 -0.344456  -1.24016 0 0 0 0 0 0 7.63406
 8.45812  18.7878 -121.987 -0.0446062  -0.244419 -0.0218208  0 -0  0 0 0 0 -0.0414878  0.0568739 0.00195226   0.115243 -0.179547 -0.547757 0 0 0 0 0 0 7.63805
 8.32241  18.8802 -121.731 -0.0456188  -0.242161 -0.0191851  0 -0  0 0 0 0 -0.0410656  0.0697995  0.0464606  -0.0470823 -0.0348554  -0.232021 0 0 0 0 0 0 7.64166
  8.3213  18.8441 -121.035  -0.043115  -0.244566 -0.0193548  0 -0  0 0 0 0    0.023701 0.000104108   0.0208116  -0.110314 0.0105536  0.158403 0 0 0 0 0 0 7.64514
  8.7251  18.8362 -119.994 -0.0425666  -0.249697 -0.0172879  0 -0  0 0 0 0   0.014697 -0.0888714  0.0358091  -0.0350953    0.05314   0.474295 0 0 0 0 0 0 7.6507
  8.9879  18.8828 -119.457 -0.0416765  -0.253267  -0.019215  0 -0  0 0 0 0  0.0125315  -0.129044 -0.0176023  0.0237157 0.0899845  0.471505 0 0 0 0 0 0 7.65485
9.16968 18.8518 -119.25 -0.0387248  -0.254858 -0.0191799  0 -0  0 0 0 0  0.0680619  -0.120584 -0.0099257  0.0620831 0.0396894  0.391005 0 0 0 0 0 0 7.6582
 9.28468  18.7571 -118.977 -0.0374648  -0.256124 -0.0183154  0 -0  0 0 0 0 0.0775161 -0.106935 0.0137766    0.0478717 -0.00722326    0.355147 0 0 0 0 0 0 7.66019
 9.21546  18.7686 -118.748 -0.0341356  -0.257471  -0.018943  0 -0  0 0 0 0   0.108527 -0.0831127  0.0009209  -0.0308433  0.0190435   0.232778 0 0 0 0 0 0 7.66383
8.98311 18.8138 -118.32 -0.0309955  -0.262597 -0.0170441  0 -0  0 0 0 0  0.119633  -0.13578 0.0356425  -0.162434 0.0627767  0.256286 0 0 0 0 0 0 7.67014
 8.81835  18.7924 -117.991 -0.0274309  -0.263461 -0.0194073  0 -0  0 0 0 0   0.156148  -0.104993 -0.0175785  -0.206361 0.0398471  0.272787 0 0 0 0 0 0 7.6745
 8.74849    18.67 -117.049  -0.025399   -0.26251 -0.0198657  0 -0  0 0 0 0   0.168107 -0.0585684 -0.0188152   -0.30667 0.0217595  0.555027 0 0 0 0 0 0 7.67679
 8.68101   18.445 -115.961 -0.0218851  -0.262477 -0.0172856  0 -0  0 0 0 0   0.188312 -0.0383108   0.046577   -0.354207 -0.0276738    0.75701 0 0 0 0 0 0 7.68115
 8.70712  18.1258 -114.486 -0.0168297  -0.263443 -0.0135761  0 -0  0 0 0 0   0.199307 -0.0385772  0.0931767   -0.341678 -0.0565461   0.919134 0 0 0 0 0 0 7.68749
 8.80513  17.9953 -112.857 -0.0124233  -0.268261 -0.0135684  0 -0  0 0 0 0  0.183707 -0.110044  0.043069  -0.321616 0.0189193   1.02925 0 0 0 0 0 0 7.69402
 8.95106  17.9797 -111.698 -0.00857869   -0.270027   -0.014369  0 -0  0 0 0 0   0.173201    -0.1073 0.00878307  -0.252619 0.0799084   0.99338 0 0 0 0 0 0 7.69833
 8.92935  17.9746 -110.637 -0.00609202   -0.271023  -0.0133109  0 -0  0 0 0 0    0.18127 -0.0990829  0.0278179  -0.33191 0.126679  1.07126 0 0 0 0 0 0 7.70121
 8.90181  17.9264 -109.077 -0.00327671   -0.270072  -0.0110976  0 -0  0 0 0 0    0.18255 -0.0546244  0.0654409  -0.414489  0.148219    1.2287 0 0 0 0 0 0 7.70491
8.81736 17.8453 -107.12  0.00147396    -0.27094 -0.00892058  0 -0  0 0 0 0   0.197976 -0.0485364  0.0809698  -0.473859  0.156109   1.33717 0 0 0 0 0 0 7.71021
 8.67054  17.8632 -104.953  0.00841152   -0.274687 -0.00800704  0 -0  0 0 0 0   0.234425 -0.0910835  0.0608565  -0.51483 0.202719  1.37069 0 0 0 0 0 0 7.71815
  8.8287  17.9497 -103.266   0.0152955   -0.276499 -0.00969876  0 -0  0 0 0 0    0.256451  -0.0925763 0.000655427  -0.402887  0.236632   1.33134 0 0 0 0 0 0 7.72547
 8.78946  17.9644 -101.974  0.0209312  -0.276681 -0.0111289  0 -0  0 0 0 0   0.302137 -0.0688645 -0.0302308  -0.45409 0.237511  1.36251 0 0 0 0 0 0 7.73128
 8.61783  17.6971 -100.272  0.0217997  -0.278714 -0.0103067  0 -0  0 0 0 0   0.214412 -0.0787561  0.0179754  -0.510804  0.102352   1.38897 0 0 0 0 0 0 7.73364
 8.48669  17.3403 -98.3947   0.0246485   -0.277535 -0.00803037  0 -0  0 0 0 0   0.182778 -0.0267844  0.0563556  -0.530702 0.0076225   1.43138 0 0 0 0 0 0 7.73747
  8.3874  17.0792 -96.1713    0.030551   -0.279503 -0.00636768  0 -0  0 0 0 0   0.215147 -0.0491255  0.0632079  -0.558387  0.027478    1.5569 0 0 0 0 0 0 7.74391
 8.66777  16.8901 -94.2841   0.034978  -0.277662 -0.0076619  0 -0  0 0 0 0    0.18917 0.00220807 0.00364807  -0.380348 0.0354738   1.49056 0 0 0 0 0 0 7.74888
 8.78352  16.6568 -92.7129   0.0370566   -0.279082 -0.00843113  0 -0  0 0 0 0     0.1821 -0.0258056 -0.0145931  -0.390839 0.0244093   1.62327 0 0 0 0 0 0 7.75151
 8.94876  16.1935 -90.5907   0.0395651   -0.278104 -0.00576508  0 -0  0 0 0 0   0.156021 0.00414481  0.0463245   -0.382345 -0.0595527    1.68764 0 0 0 0 0 0 7.7553
 9.15919  15.7041 -88.3339   0.0416672   -0.275994 -0.00218753  0 -0  0 0 0 0   0.12839 0.0409058 0.0911706   -0.360946 -0.0907739    1.74072 0 0 0 0 0 0 7.75996
 9.44407  15.1973 -85.6159    0.046016   -0.279714 -0.00213894  0 -0  0 0 0 0   0.151528 -0.0399985  0.0488691     -0.3561 -0.0730528    1.94774 0 0 0 0 0 0 7.76568
 9.82484  14.6594 -83.2708   0.0489476   -0.279126 -0.00307085  0 -0  0 0 0 0   0.133784 -0.0151193 0.00714753   -0.26244 -0.105774   1.88737 0 0 0 0 0 0 7.76881
 10.0808  14.0966 -81.1514   0.0525868   -0.280182 -0.00371672  0 -0  0 0 0 0   0.167167 -0.0278428 -0.0108893  -0.278205 -0.155542   2.04112 0 0 0 0 0 0 7.77265
 10.3768   13.274 -78.6179    0.056471   -0.278715 -0.00206168  0 -0  0 0 0 0  0.176927 0.0142786  0.022989  -0.282034 -0.247655   2.13386 0 0 0 0 0 0 7.77712
 10.7617  12.2849 -75.9861  0.0602612  -0.276401 0.00176107  0 -0  0 0 0 0  0.175955 0.0551799 0.0756851   -0.24216 -0.339454   2.22561 0 0 0 0 0 0 7.78298
 11.5574  11.1815 -72.8559   0.0654802   -0.275869 0.000782229  0 -0  0 0 0 0  0.191281 0.0435879 0.0143472  -0.090287  -0.35554   2.40532 0 0 0 0 0 0 7.78832
 12.5748  10.2147 -69.9695  0.0725538  -0.273824 -0.0001179  0 -0  0 0 0 0   0.224204  0.0536239 -0.0216318   0.137162 -0.307785   2.37924 0 0 0 0 0 0 7.79574
 13.3466  9.48185 -67.5464   0.0713351   -0.275029 7.95749e-05  0 -0  0 0 0 0   0.125733  0.0133311 -0.0280579   0.274617 -0.244309   2.49629 0 0 0 0 0 0 7.79746
 14.1592  8.56092 -64.7269  0.0766071  -0.272881 0.00380911  0 -0  0 0 0 0  0.167187 0.0439108 0.0537663    0.26839 -0.208892   2.42507 0 0 0 0 0 0 7.80427
 14.5471  7.77935 -62.3431  0.0828429  -0.270979 0.00624178  0 -0  0 0 0 0  0.240738 0.0666628 0.0884926   0.168414 -0.189872   2.35954 0 0 0 0 0 0 7.81123
13.4168 7.98426 -59.139  0.0956866  -0.268522 0.00478668  0 -0  0 0 0 0  0.434944 0.0928589 0.0869368  -0.39453  0.20528  2.44037 0 0 0 0 0 0 7.82439
 12.9279  8.00131 -56.1758  0.101411 -0.266017  0.002092  0 -0  0 0 0 0  0.386332 0.0949653  0.034239  -0.536239  0.378686   2.40737 0 0 0 0 0 0 7.83119
 12.3298  7.84375 -53.1301     0.11655   -0.259197 0.000914635  0 -0  0 0 0 0  0.557489  0.187635 0.0148629  -0.761441  0.430911   2.61769 0 0 0 0 0 0 7.84784
 11.2302  7.24164 -50.1974  0.123854 -0.252599 0.0022984  0 -0  0 0 0 0 0.455697  0.23728 0.061065  -0.977199  0.165885     2.415 0 0 0 0 0 0 7.85778
 10.3434  6.59849 -47.8761  0.130772 -0.243335 0.0131844  0 -0  0 0 0 0  0.43197 0.338487 0.241273  -1.08625 0.005889  2.39484 0 0 0 0 0 0 7.87366
 9.68833  5.06299 -45.1782  0.137527 -0.237903 0.0110646  0 -0  0 0 0 0 0.360092 0.309113 0.100672  -0.973275 -0.366732   2.41124 0 0 0 0 0 0 7.88258
 9.17528  4.18808 -42.4765   0.147736  -0.230803 0.00743834  0 -0  0 0 0 0   0.41044  0.316102 0.0048449  -0.820785 -0.364606   2.43624 0 0 0 0 0 0 7.89553
  8.9267  3.44229 -39.6543  0.154688 -0.229166 0.0123631  0 -0  0 0 0 0  0.380765  0.232818 0.0582296  -0.591058 -0.271925   2.47941 0 0 0 0 0 0 7.90421
 8.42002  2.95784 -37.0128   0.15557  -0.22022 0.0126531  0 -0  0 0 0 0  0.276261  0.302318 0.0634674  -0.580791 -0.185692   2.46267 0 0 0 0 0 0 7.9132
 7.78455  2.31129 -34.3243   0.16203 -0.212821 0.0161059  0 -0  0 0 0 0 0.302156 0.333989 0.104442  -0.641465 -0.208518   2.49243 0 0 0 0 0 0 7.92361
 6.65484  2.57496 -31.4303  0.169428 -0.204006 0.0207243  0 -0  0 0 0 0 0.339606 0.361875 0.167045  -0.779923 0.0832432   2.38275 0 0 0 0 0 0 7.93601
 5.47657  2.51459 -28.9042  0.173094 -0.196787 0.0284119  0 -0  0 0 0 0 0.303975 0.377592 0.239851  -0.953829  0.119862   2.36027 0 0 0 0 0 0 7.94718
4.54747 2.05719 -25.787  0.177156 -0.186933  0.031955  0 -0  0 0 0 0 0.257929 0.405121 0.183848  -0.894255 -0.020489   2.43881 0 0 0 0 0 0 7.95841
 3.81549  1.86692 -22.9912  0.177885 -0.179593 0.0365273  0 -0  0 0 0 0 0.181788 0.388492  0.19605    -0.796327 -0.00169292      2.4452 0 0 0 0 0 0 7.96709
 3.16636  1.75293 -20.3076  0.184129  -0.17149 0.0375284  0 -0  0 0 0 0 0.247673 0.409192 0.149261  -0.759668 0.0207288   2.53019 0 0 0 0 0 0 7.97737
 2.20514  2.18324 -17.3961  0.190409 -0.162741 0.0356968  0 -0  0 0 0 0  0.273811  0.406167 0.0855946  -0.786692  0.189035   2.41959 0 0 0 0 0 0 7.98829
 1.50921  2.45888 -14.8268  0.196228 -0.153686  0.027959  0 -0  0 0 0 0   0.293278   0.431179 -0.0488411  -0.779451  0.232484   2.42638 0 0 0 0 0 0 8.00155
 1.20673  2.96233 -11.4564  0.205276 -0.139404 0.0256624  0 -0  0 0 0 0  0.351436  0.495354 -0.089091  -0.52253 0.351433  2.54288 0 0 0 0 0 0 8.01861
0.838559   3.5547 -8.54255  0.208508 -0.135032 0.0215591  0 -0  0 0 0 0  0.274958  0.392536 -0.112083  -0.460097  0.413429   2.42599 0 0 0 0 0 0 8.02542
0.481218  4.02344 -5.96434  0.209886 -0.127449 0.0210706  0 -0  0 0 0 0   0.216967    0.40594 -0.0773968  -0.493759  0.452002   2.51516 0 0 0 0 0 0 8.03314
0.621311  4.37402 -3.24171   0.21146 -0.121865 0.0225918  0 -0  0 0 0 0   0.143956   0.354601 -0.0441659  -0.317029  0.408655   2.43578 0 0 0 0 0 0 8.03914
 0.752596   4.56021 -0.873972  0.215789 -0.113347 0.0172241  0 -0  0 0 0 0 0.177761 0.401498 -0.11166  -0.227185  0.351874   2.46896 0 0 0 0 0 0 8.0501
0.531363  4.27769  2.70283  0.213665 -0.102052 0.0144197  0 -0  0 0 0 0 0.0668036  0.437108 -0.163154  -0.308998 0.0747686   2.57931 0 0 0 0 0 0 8.06193
0.378211  4.07512  6.01819   0.210741 -0.0956638    0.01187  0 -0  0 0 0 0 -0.0133644   0.380471  -0.152701    -0.30948 -0.0369775    2.52863 0 0 0 0 0 0 8.06941
0.0857241   3.81631    8.8038   0.210393 -0.0877573  0.0135437  0 -0  0 0 0 0 -0.0198543   0.407154 -0.0881712  -0.385471 -0.106072    2.6986 0 0 0 0 0 0 8.07749
-0.811861   3.18494   11.4955  0.210978 -0.083233 0.0100774  0 -0  0 0 0 0 -0.0361382   0.339561  -0.124795  -0.574419 -0.283206   2.44315 0 0 0 0 0 0 8.08322
-1.55087  2.80115  13.7066   0.209607 -0.0770262  0.0195393  0 -0  0 0 0 0 -0.0527913   0.361719   0.034634  -0.694917 -0.328316   2.41446 0 0 0 0 0 0 8.09462
-2.35202  2.43224  17.1672   0.208037 -0.0671872  0.0232223  0 -0  0 0 0 0 -0.0599175   0.386063  0.0837444  -0.707192 -0.337179   2.51199 0 0 0 0 0 0 8.10525
-3.00178  2.16757  20.2193   0.207316 -0.0639011  0.0265824  0 -0  0 0 0 0 -0.049046  0.293105  0.110356  -0.615249 -0.299541   2.33054 0 0 0 0 0 0 8.11
-3.43352  2.17955  22.6628   0.208255 -0.0580833  0.0307174  0 -0  0 0 0 0 0.00552006    0.31733   0.162842  -0.598569 -0.223773   2.47819 0 0 0 0 0 0 8.1172
-2.82029  2.51426  25.4841   0.208262 -0.0573474   0.033569  0 -0  0 0 0 0 0.0183191  0.210585  0.172249   -0.196915 -0.0824126      2.489 0 0 0 0 0 0 8.12014
-1.94758  2.58537  28.0217   0.205584 -0.0535641  0.0347106  0 -0  0 0 0 0 -0.0303154   0.199934    0.15236    0.126647 -0.0748518    2.58956 0 0 0 0 0 0 8.12492
-2.14825  2.56884  32.0648   0.201835 -0.0506044  0.0320674  0 -0  0 0 0 0 -0.0763358   0.165669  0.0294062  -0.107315 -0.104889   2.63008 0 0 0 0 0 0 8.13038
-2.34852  2.54408  35.2214   0.198861 -0.0477627  0.0334925  0 -0  0 0 0 0 -0.0967389   0.156602  0.0377312   -0.218351 -0.0892867    2.51672 0 0 0 0 0 0 8.13473
-2.59373  2.60216  37.8157   0.200381 -0.0433542  0.0363514  0 -0  0 0 0 0 -0.0229273   0.192283  0.0759497   -0.278689 -0.0605287    2.69933 0 0 0 0 0 0 8.1402
-2.58136  2.50548  40.8008    0.19738 -0.0428243  0.0347373  0 -0  0 0 0 0 -0.0864443   0.127049  0.0228616  -0.210971 -0.129461   2.65387 0 0 0 0 0 0 8.14365
-2.11561  2.47407  43.3843    0.19306 -0.0386222  0.0370585  0 -0  0 0 0 0 -0.130198  0.156054 0.0478872  -0.0402746  -0.134925    2.72163 0 0 0 0 0 0 8.15011
-2.87626  3.02591  47.2085   0.188123 -0.0349703  0.0333884  0 -0  0 0 0 0  -0.161482   0.154128 -0.0353659  -0.425885  0.120521   2.67655 0 0 0 0 0 0 8.15726
-3.47419  3.70206  50.0798   0.179671 -0.0238287  0.0300005  0 -0  0 0 0 0  -0.232951   0.272189 -0.0654922  -0.579782  0.303405   2.49117 0 0 0 0 0 0 8.17165
-3.95224  4.23661   52.683   0.178399 -0.0170036   0.029875  0 -0  0 0 0 0  -0.173159   0.313885 -0.0489122  -0.624154  0.354458   2.63664 0 0 0 0 0 0 8.17859
-4.76597  5.06733  55.4417   0.170977 -0.0106934  0.0287269  0 -0  0 0 0 0  -0.263982   0.309399 -0.0539757  -0.725665  0.423322   2.48457 0 0 0 0 0 0 8.1884
-5.54509  5.84585  57.8895    0.165988 -0.00653002   0.0236793  0 -0  0 0 0 0 -0.281721  0.299235 -0.112555  -0.834653  0.476062   2.56154 0 0 0 0 0 0 8.19663
-6.53595   6.7211  61.6033   0.158788 0.00260784  0.0170857  0 -0  0 0 0 0 -0.281762  0.325087 -0.199223  -0.917078  0.390213   2.59713 0 0 0 0 0 0 8.21
-7.26938  7.52587  64.6558   0.148718 0.00545648 0.00922791  0 -0  0 0 0 0 -0.333584  0.260624 -0.259422  -0.891885  0.341309   2.48431 0 0 0 0 0 0 8.22309
-7.80268  8.10488  67.0788   0.144744 0.00721282   0.008638  0 -0  0 0 0 0 -0.306225  0.216043 -0.191976  -0.880103  0.318786   2.51903 0 0 0 0 0 0 8.22748
-8.18843  8.28271  69.5365   0.137709 0.00643399 0.00341075  0 -0  0 0 0 0 -0.351069  0.122393 -0.233294  -0.809984  0.121987   2.41211 0 0 0 0 0 0 8.23627
-8.02278  7.30712  72.2451  0.127018 0.0202642 0.0122525  0 -0  0 0 0 0  -0.428898    0.27849 -0.0884973  -0.629833 -0.353076   2.53191 0 0 0 0 0 0 8.25586
-8.59441  7.07913  71.4715   0.119235  0.0482631 -0.0259408    0.364138 -0.00805748     1.49241  -0.019258 -0.0148575  0.0349538  -0.428899   0.278491 -0.0884973   0.00706471 -0.00298354   0.0010722  0.000985227   0.00102323 -0.000994824   1.8151 0.296997 -9.63604 8.30386
-8.59441  7.07913  71.4715   0.119235   0.048263 -0.0259411   0.351928 -0.0081016    1.53593 -0.0177541 -0.0144301  0.0353029  -0.428902    0.27849 -0.0885019   0.00707218 -0.00298095  0.00106564  0.000985227   0.00102323 -0.000994824   1.8151 0.296997 -9.63604 8.30386
-8.59441  7.07913  71.4715   0.119235  0.0482629 -0.0259411    0.345209 -0.00972207     1.54455  -0.017152 -0.0145514  0.0355206  -0.428902   0.278489 -0.0885028    0.0070751 -0.00298064  0.00105471  0.000985227   0.00102323 -0.000994824   1.8151 0.296997 -9.63604 8.30386
-8.59441  7.07913  71.4715   0.119235  0.0482629 -0.0259412   0.341907 -0.0108053    1.54773 -0.0169151 -0.0146631  0.0356221  -0.428902   0.278488 -0.0885035   0.00707696 -0.00298021  0.00104914  0.000985227   0.00102323 -0.000994824   1.8151 0.296997 -9.63604 8.30386
-8.59441  7.07913  71.4715   0.119235  0.0482629 -0.0259413   0.339658 -0.0117613     1.5514  -0.016795 -0.0147656  0.0356772  -0.428903   0.278488 -0.0885053   0.00707968 -0.00297896  0.00104552  0.000985227   0.00102323 -0.000994824   1.8151 0.296997 -9.63604 8.30386
-8.59441  7.07913  71.4715   0.119235  0.0482628 -0.0259414   0.337912 -0.0126394    1.55369 -0.0167252 -0.0148576  0.0357181  -0.428904   0.278488 -0.0885068   0.00708207 -0.00297789  0.00104289  0.000985227   0.00102323 -0.000994824   1.8151 0.296997 -9.63604 8.30386
-8.59441  7.07913  71.4715   0.119235  0.0482628 -0.0259415   0.336659 -0.0132678    1.55533 -0.0166737 -0.0149243  0.0357481 -0.428905  0.278487 -0.088508  0.00708378 -0.0029771 0.00104106  0.000985227   0.00102323 -0.000994824   1.8151 0.296997 -9.63604 8.30386
-8.40197  8.07104  76.0397   0.109866  0.0525498 -0.0246904  0.351295 0.0173121   1.75849 -0.0160182  -0.014272  0.0347256   -0.439407    0.219811 -0.00105147  -0.0247503 -0.0320181   -0.10543  0.000985362   0.00102314 -0.000995119   1.8151 0.296997 -9.63604 8.31424
-10.7296  8.31371  78.8851  0.0988983  0.0527018 -0.0286056    0.258083 -0.00202144     1.79136 -0.0146639 -0.0147576  0.0362876 -0.499479  0.141172  -0.06451   0.0831609 -0.0149804  -0.127294  0.000985802   0.00102275 -0.000994685   1.8151 0.296993 -9.63604 8.32588
-12.3335  8.96042  84.5751  0.0776414  0.0674077 -0.0177575   0.204076 0.00380327    1.92137 -0.0156034 -0.0179882   0.034598 -0.620236  0.253058  0.120193    0.136764 -0.0132915  -0.265703  0.000984792   0.00102094 -0.000998112  1.81508 0.297013 -9.63601 8.35391
-12.2179  9.71335  87.8963  0.0700818  0.0732434 -0.0219822      0.19392 -0.000747335      1.94811 -0.0164038 -0.0177795  0.0353822 -0.528657  0.262138 0.0552199    0.136773 -0.0137303  -0.297329  0.000983848   0.00102162 -0.000995866  1.81509 0.297016 -9.63604 8.36436
-12.1052  10.2298  89.8111  0.0550839  0.0793594 -0.0252419   0.181041 -0.0181701      1.866 -0.0163528 -0.0190123  0.0362345   -0.55346   0.274983 -0.0267893     0.138483 -0.00643437   -0.213119   0.00098342   0.00102039 -0.000994085  1.81508  0.29702 -9.63606 8.38088
-10.2109  10.3242  90.9827  0.0486924  0.0661935 -0.0183386     0.292606 -0.000802792      1.78306 -0.0123544 -0.0154086   0.035334 -0.541066 0.0874292 0.0342817   0.00783198 -0.00545801   -0.113406  0.000990267   0.00102309 -0.000998538  1.81509 0.296958   -9.636 8.39706
-10.2281  10.3566  93.8315  0.0441997  0.0630872 -0.0166859    0.302726 0.000104737     1.78723 -0.0114381 -0.0138107  0.0354786 -0.431959 0.0386817 0.0715683  -0.00131592  0.00296561   -0.116709  0.000992172   0.00102725 -0.000997047  1.81513 0.296933   -9.636 8.40277
-12.3556  11.9318   97.613   0.034856  0.0697497 -0.0274117   0.205022 -0.0161429    1.83361  -0.012876 -0.0154776  0.0374659  -0.393448  0.0844252 -0.0145316     0.10599 -0.0199487  -0.171722  0.000983157   0.00102629 -0.000981082  1.81516 0.296993 -9.63617 8.41848
-12.7128  12.7646  99.8896   0.025438  0.0746492 -0.0345177   0.16551 -0.031831   1.83515 -0.0137558 -0.0171259  0.0385223  -0.413469   0.102903 -0.0894706    0.129338 -0.0240171   -0.17949  0.000976587   0.00102193 -0.000971638  1.81514 0.297042 -9.63628 8.43125
-12.8604  13.6161  102.589  0.018266 0.0770967 -0.036841   0.177653 -0.0302759    1.82239  -0.013823 -0.0164533  0.0383988 -0.419581  0.101368 -0.131691    0.118741 -0.0215885  -0.166911  0.000976063   0.00102698 -0.000970015  1.81519 0.297045 -9.63629 8.43918
-9.74706  13.9356  104.542  0.0111967  0.0733472 -0.0357886    0.26086 -0.0226111    1.78041 -0.0121404 -0.0150148  0.0377362 -0.390365 0.0805045 -0.133004  -0.00160172  -0.0105345   -0.115109  0.000989218   0.00102778 -0.000981987  1.81517 0.296939 -9.63615 8.44725
-9.77967  14.5259  107.163 0.00599277  0.0691593 -0.0376793   0.259872 -0.0200429    1.77206 -0.0106779 -0.0140228  0.0379198 -0.386028 0.0333638 -0.132698   0.00556429 -0.00515524    -0.10119   0.00100185   0.00103157 -0.000981352  1.81522 0.296816 -9.63612 8.45419
-11.7296  15.9264  111.194 -0.00198114   0.0691695  -0.0439485   0.207221 -0.0231248    1.81131 -0.0104895 -0.0144268  0.0387017 -0.391639 0.0170884 -0.154405   0.0725088 -0.0158855  -0.142123  0.000998368   0.00102871 -0.000963939  1.81523 0.296815  -9.6363 8.46433
-11.7356  16.6772  113.198 -0.0111811  0.0637681 -0.0555713   0.165761 -0.0435007    1.80808 -0.00897714  -0.0160194   0.0405825   -0.389577 -0.00246009   -0.196304    0.076864 -0.0226598  -0.138874  0.000998462   0.00100607 -0.000923406  1.81509 0.296709 -9.63673 8.48011
-11.3612  16.9171  116.142 -0.0153039  0.0645775 -0.0594888   0.165249 -0.0446036    1.80301 -0.00924212  -0.0151189   0.0405084  -0.37075 -0.019224 -0.191659   0.0795483 -0.0112723  -0.135235 0.000997246  0.00102424   -0.000915  1.81529 0.296736 -9.63678 8.48585
-8.81754  16.3125  118.396 -0.0216873  0.0580613  -0.059492   0.219968 -0.0417016     1.7584 -0.00729764  -0.0135868   0.0402081  -0.357557 -0.0464421  -0.169285  0.00242744  0.0126293 -0.0816195   0.00102972   0.00102738 -0.000942596  1.81531 0.296482 -9.63644 8.49498
-8.63446  16.2974  121.363 -0.0258816  0.0525627 -0.0614295   0.222803 -0.0377851    1.74627 -0.00594889  -0.0122695   0.0403693  -0.324709 -0.0850679  -0.159703  0.000703421   0.0221781  -0.0645364   0.00105561   0.00104319 -0.000949456  1.81549 0.296284 -9.63629 8.50216
-9.35532  17.0736  124.126 -0.0302031  0.0516182 -0.0612886   0.210508 -0.0302314    1.76447 -0.00588592  -0.0119226   0.0402252  -0.218824 -0.0631714  0.0316449    0.033901  0.0114402 -0.0805338   0.00105873   0.00104782 -0.000963484  1.81551 0.296292 -9.63614 8.50658
-9.50311  17.1339    125.4 -0.0338663  0.0497899 -0.0647491   0.191631 -0.0352187    1.75739 -0.00586588  -0.0126425   0.0407695  -0.142787 -0.0186072  0.0927159   0.0549043 0.00451828 -0.0722515   0.00105266   0.00103283 -0.000927339  1.81544 0.296238 -9.63652 8.51194
-9.89414  16.8915   125.01 -0.0346091  0.0497139 -0.0627457   0.190257 -0.0355396     1.6973 -0.00571527  -0.0122612   0.0408738 -0.136793 -0.028423 0.0851208    0.0621614 -0.00600648 -0.00770269   0.00105295   0.00104851 -0.000924549   1.8156 0.296278 -9.63652 8.51408
-8.62215  16.3393  123.947 -0.0375091  0.0443701 -0.0580269    0.23514 -0.0257834    1.64777 -0.00481304  -0.0123034   0.0407122  -0.0860212 -0.00542983    0.123843  0.000209147 -0.00110598   0.0470767   0.00109424   0.00103653 -0.000945534  1.81555 0.295888 -9.63624 8.52178
-8.95182   15.675  123.328 -0.0373276  0.0434572  -0.053947   0.234051 -0.0284268    1.62639 -0.00436772  -0.0122299   0.0408634 0.000160594   0.0296284    0.132083  -0.00482437  0.00817421   0.0691171  0.00110754   0.0010469 -0.00095351  1.81567 0.295816 -9.63611 8.52596
-10.4582   16.536  124.169 -0.0362739  0.0454736 -0.0524006   0.202749 -0.0271497    1.65729 -0.00429729  -0.0120241   0.0410334 0.0355028 0.0529015 0.0905372   0.0401213 -0.0126556   0.038702   0.00109458    0.0010549 -0.000947371  1.81572 0.295959 -9.63619 8.52871
-10.6686  17.1165  124.155 -0.0361483  0.0468286 -0.0559525   0.199086 -0.0262365     1.6621 -0.00451508  -0.0120483   0.0412222 0.0515169 0.0727507 0.0258445   0.0437527 -0.0275885  0.0339266   0.00107306   0.00104294 -0.000895534  1.81566 0.296016 -9.63675 8.53252
-10.8707   17.063  123.924 -0.0315307  0.0482519 -0.0561313   0.178586 -0.0289639    1.65808 -0.00369877  -0.0118426    0.041504   0.0912432   0.0994238 -0.00490197     0.04745 -0.0253384  0.0373238   0.00107721   0.00107564 -0.000881625  1.81602 0.296101 -9.63681 8.53735
-9.5782 16.2839 122.699 -0.0295766  0.0485969 -0.0548253   0.205153 -0.0259354    1.63234 -0.00369637  -0.0121415   0.0413548  0.114795   0.10115 0.0181469   0.0102578 -0.0115772  0.0656938   0.00110252   0.00106999 -0.000894923  1.81603 0.295869 -9.63663 8.53973
-9.28126  16.1009  122.394 -0.0278055  0.0495063  -0.053678   0.219702 -0.0203317    1.63178 -0.00402033  -0.0123971    0.041123  0.110775 0.0812751 0.0498251   0.00183791 -0.00823165   0.0679052   0.00111877   0.00105417 -0.000898681  1.81595 0.295651 -9.63658 8.54203
-10.5161  16.8643  123.485 -0.0263509  0.0521276 -0.0526958  0.199342 -0.020875    1.6635 -0.00411194  -0.0122273   0.0411926  0.101513 0.0788633 0.0608451   0.0381651 -0.0196612  0.0348179   0.00110485   0.00105076 -0.000901944  1.81585 0.295764 -9.63659 8.54518
-10.8182  17.1638   123.69  -0.026431  0.0540099 -0.0550882   0.202133 -0.0226121    1.67022 -0.00442421  -0.0121095   0.0411964 0.0834723  0.073057 0.0338357   0.0453596 -0.0243882  0.0274343   0.00107892   0.00103063 -0.000866328  1.81565 0.295829 -9.63703 8.54823
-10.9103  16.9846  123.545  -0.024456  0.0557686 -0.0552128    0.19832 -0.0256136     1.6667 -0.00434131  -0.0120561   0.0412604 0.0801437 0.0666836 0.0195807   0.0459264 -0.0210015  0.0304232   0.00107285   0.00103586 -0.000857072   1.8157 0.295895 -9.63712 8.55087
-10.1494  16.1043  122.359 -0.0235803  0.0543854 -0.0543423   0.224982 -0.0190652    1.64378 -0.00465141  -0.0124302   0.0410115 0.0692406 0.0368816 0.0111508    0.0205567 -0.00931768    0.056932  0.00110465  0.00101818 -0.00086066  1.81568 0.295532 -9.63703 8.55273
-9.7569 15.8814 122.321 -0.0229037   0.053243 -0.0542092   0.240154 -0.0122201     1.6468 -0.00493116  -0.0126284   0.0407801 0.0599008 0.0133737 0.0129803    0.0107685 -0.00579762   0.0555906   0.00112228   0.00100142 -0.000855972  1.81564 0.295282 -9.63706 8.55406
-10.8449  16.8762  123.068 -0.0229775  0.0538165  -0.054523   0.232616 -0.0098844    1.66921 -0.00505545  -0.0125253   0.0407922 0.0504589 0.0083517 0.0128448   0.0355466 -0.0210677  0.0333549   0.00110925  0.000985895 -0.000853084  1.81545   0.2953 -9.63715 8.55472
-11.0755  17.1693  123.503 -0.0237695  0.0547805 -0.0547997   0.235371 -0.0130048    1.67915 -0.0051736 -0.0124024  0.0408059  0.0411532  0.0106666 0.00895385   0.0413755 -0.0242618  0.0225249   0.00108961  0.000971259 -0.000854731  1.81524  0.29538 -9.63721 8.556
-11.0693  16.9683  123.632 -0.0226039  0.0551114 -0.0557247   0.232772 -0.0143654    1.68011 -0.00514434  -0.0124035   0.0408287  0.0474586  0.0121482 0.00206248   0.040826 -0.019852 0.0206225   0.00108634    0.0009749 -0.000839183  1.81529 0.295406 -9.63736 8.55752
-10.2142  16.1706  122.641 -0.0232948  0.0535615 -0.0549374    0.267315 -0.00933589     1.66197 -0.00543108  -0.0123812   0.0404878  0.0454334 0.00207914 0.00582532    0.0163832 -0.00996575    0.042206   0.00110114  0.000946057 -0.000848601  1.81511 0.295132 -9.63728 8.55939
-9.83551  15.7749   122.46 -0.0228624  0.0517127 -0.0543318    0.286106 -0.00272288     1.66036 -0.00562479  -0.0124194   0.0402387   0.0542464 -0.00654658   0.0113486   0.00653835 -0.00463873   0.0461766   0.00112005  0.000926819 -0.000850894  1.81504 0.294871 -9.63724 8.56139
-10.8039  16.7026  123.363 -0.0230268  0.0521226 -0.0536279    0.278408 -0.00281997     1.68207 -0.00561393  -0.0123186   0.0402949    0.0529339 -0.000522069    0.0140305   0.0287829 -0.0172496  0.0243735   0.00110665  0.000913464 -0.000863779  1.81483  0.29492 -9.63718 8.56222
-11.0958  17.1481  123.612 -0.0237271  0.0529054 -0.0550644    0.280512 -0.00715619     1.68822 -0.00558756  -0.0122392   0.0403733  0.0455498 0.00660836 0.00278679   0.0346163 -0.0232445  0.0177907   0.00107987  0.000896699 -0.000851173   1.8146 0.295018  -9.6374 8.564
-11.0987  16.9527  123.632 -0.0228826  0.0533857 -0.0557759    0.278967 -0.00976134     1.68741 -0.00558191  -0.0122412   0.0404012   0.0469613   0.0102042 -0.00309738   0.0344241 -0.0195567  0.0180751   0.00107374  0.000898432 -0.000841903  1.81461 0.295063  -9.6375 8.5652
-10.4359  16.1402  122.559  -0.022751   0.051923 -0.0557067    0.304044 -0.00603401     1.66929 -0.00570823  -0.0122072   0.0401813   0.0401514 -0.00294795 -0.00260453   0.0161958 -0.0102502  0.0389886   0.00108749  0.000878921 -0.000841434 1.81453 0.29484 -9.6375 8.56667
-9.83809  15.9399  122.354 -0.0221961  0.0513747 -0.0552229    0.315495 -0.00428121     1.66645 -0.00571884  -0.0121379   0.0400793   0.0356417  -0.0101949 -0.00102047   0.00453355 -0.00786998   0.0424629   0.00109108   0.00087275 -0.000848709  1.81448 0.294786 -9.63743 8.56759
-10.8426  16.7657  123.263 -0.0226226  0.0513345 -0.0544829    0.307649 -0.00465387      1.6862 -0.00565933  -0.0120718   0.0401496   0.024693  -0.012068 0.00135393   0.0255629 -0.0178153  0.0228035   0.00108249  0.000860317 -0.000864686   1.8143 0.294804 -9.63733 8.56844
-11.0318  17.0279  123.589 -0.0232624  0.0518111 -0.0552333    0.306435 -0.00910979     1.69195 -0.00560151  -0.0120695   0.0402335   0.0152411 -0.00927551 -0.00514418   0.0299103 -0.0203096  0.0162588   0.00106434   0.00085199 -0.000861211  1.81415 0.294891 -9.63742 8.56954
-11.1355  16.9307  123.579 -0.0228735  0.0529788  -0.055992    0.29729 -0.0160223    1.68972 -0.00558573  -0.0121435   0.0403568   0.0140218  -0.0013916 -0.00979351    0.031324 -0.0181981  0.0167469   0.00104883  0.000861939 -0.000856137  1.81416 0.295061  -9.6375 8.57099
-10.5155  16.0159  122.489 -0.0227656  0.0514056  -0.056082  0.316752 -0.012537   1.67197 -0.0056422 -0.0121068  0.0402092   0.0171502 -0.00914948 -0.00949011     0.014802 -0.00800946   0.0365808   0.00106494  0.000851116 -0.000854098  1.81417  0.29487 -9.63749 8.57256
-10.0452  15.7907  121.938 -0.0216621  0.0496209  -0.055634    0.327328 -0.00504287     1.66657 -0.00568832  -0.0120887   0.0400842   0.0326457  -0.0149705 -0.00436674   0.00493024 -0.00665025   0.0433932   0.00108757  0.000847875 -0.000856955  1.81425  0.29468 -9.63741 8.57471
-10.9516  16.6129   122.36 -0.0223005   0.050591 -0.0549109   0.317718 -0.0100249    1.67829 -0.0056198 -0.0120821  0.0402262   0.0305186 -0.00208544  0.00495909   0.0206411 -0.0165944  0.0309599    0.0010685  0.000841546 -0.000875901  1.81405 0.294816  -9.6373 8.57608
-11.2722  16.8536  122.308 -0.0226994   0.051251 -0.0561499   0.317182 -0.0145889    1.68142 -0.00556555  -0.0120667   0.0403103   0.0318476   0.0122116 0.000375831   0.0259122 -0.0196938  0.0275752   0.00104935  0.000831708 -0.000864881  1.81391 0.294894 -9.63747 8.57754
-11.5151  16.6485  121.863 -0.0221133  0.0521259 -0.0566887   0.314037 -0.0181806    1.67921 -0.00555297  -0.0120837   0.0403661    0.036741    0.026169 -0.00155453   0.0280115 -0.0176983   0.029381    0.0010414   0.00083358 -0.000859297   1.8139 0.294958 -9.63754 8.57872
-11.0397  15.7893  120.074 -0.0213924  0.0531113 -0.0563083   0.323264 -0.0211396    1.65995 -0.00551774  -0.0120758   0.0403688  0.0490184  0.0418258 0.00808971   0.0131109 -0.0101638  0.0489744   0.00103939  0.000835568 -0.000864754  1.81389 0.294991 -9.63749 8.58
-10.5586  15.3384  118.579 -0.0190684  0.0524217  -0.055204   0.333717 -0.0120776    1.65351 -0.0055734 -0.0121447  0.0402449 0.0784368 0.0436167 0.0249349  0.00138999 -0.0077537  0.0566423   0.00106639  0.000834607 -0.000866879  1.81401 0.294778  -9.6374 8.58266
-11.3342  16.2113   118.04 -0.0178931  0.0536423 -0.0542343   0.327372 -0.0113962    1.66116 -0.00556115  -0.0121243    0.040299 0.0889398 0.0553571 0.0280806   0.0124201 -0.0192486  0.0488909   0.00106183  0.000830321 -0.000875223  1.81393 0.294801 -9.63734 8.58462
-11.7049  16.6719    117.4 -0.0178539  0.0562751 -0.0539187   0.322649 -0.0198848    1.66223 -0.00553544  -0.0120668   0.0404753 0.0913741 0.0790744 0.0240581   0.0177578 -0.0249692  0.0462969   0.00103628  0.000825574 -0.000884505  1.81374 0.294986 -9.63733 8.58727
-11.6088  16.5187  116.339 -0.0155653  0.0584357 -0.0541524   0.317026 -0.0233627    1.66025 -0.00545432  -0.0120823   0.0405652  0.108657 0.0945884 0.0229392   0.0164836 -0.0224764   0.048047    0.0010302  0.000833832 -0.000876359   1.8138 0.295069 -9.63741 8.59042
-11.1148  16.0484  113.723  -0.012832  0.0598286 -0.0533851   0.327538 -0.0204908    1.64455 -0.00545815  -0.0121215   0.0404916  0.119199 0.0923093 0.0297051  0.00387836 -0.0184703  0.0657039   0.00103955  0.000834885 -0.000876104  1.81385    0.295 -9.63739 8.59359
-11.0045  15.7262  111.161 -0.00879855   0.0613622  -0.0520144   0.328814 -0.0174226    1.63695 -0.00541685  -0.0122287   0.0404827  0.133973 0.0855942 0.0444235  -0.00140963  -0.0156485    0.074292   0.00105323  0.000840854 -0.000877329  1.81396 0.294924 -9.63733 8.59811
-12.0986  16.2666  110.014 -0.0070547  0.0634782 -0.0506746  0.323222 -0.020284   1.64464 -0.00548742  -0.0121869   0.0405349  0.123392 0.0828401 0.0498384   0.0120132 -0.0210165  0.0655114   0.00104636  0.000832883 -0.000885706  1.81384 0.294949 -9.63728 8.60117
-12.6039  16.4874  108.836 -0.00655503   0.0661808  -0.0496624  0.321823 -0.027589   1.64525 -0.00554155  -0.0120837   0.0406493  0.114092  0.093658 0.0566226  0.0164264 -0.023586 0.0636535    0.0010272  0.000826885 -0.000896966  1.81367 0.295088 -9.63724 8.60409
-12.6787  16.1045  107.458 -0.00431484   0.0690691  -0.0490092   0.316977 -0.0335952    1.64618 -0.00544818   -0.012014   0.0407524  0.112748  0.103808 0.0551798   0.0164126 -0.0190914  0.0617441   0.00101537  0.000833932 -0.000895085  1.81368 0.295217 -9.63728 8.60781
-12.2146  15.4976  104.434 -0.00202001   0.0696785  -0.0472843   0.330118 -0.0262025    1.63536 -0.00552276   -0.012125   0.0406065 0.0989658  0.088251 0.0648653  0.00444353 -0.0166889  0.0745116   0.00103206   0.00083017 -0.000895402  1.81372 0.295061 -9.63724 8.61074
-11.9549  15.0286  101.777 0.000891026   0.0699464  -0.0445749   0.334388 -0.0186165    1.63117 -0.00549399  -0.0123011   0.0405447  0.108485 0.0868428 0.0635381  -0.00274655  -0.0147504   0.0798555    0.0010564  0.000833253 -0.000906875  1.81382  0.29489 -9.63707 8.61473
-12.9652  15.4364   99.659 0.00287317  0.0723816 -0.0434679   0.328026 -0.0211515    1.63621 -0.00553965  -0.0122877   0.0405986   0.10258 0.0933969  0.046471  0.00830036   -0.02007  0.0739493  0.00105085 0.000828148 -0.00090739  1.81375 0.294914 -9.63709 8.61806
-13.6235  15.5688  98.4499 0.00242041  0.0746763 -0.0433677    0.33203 -0.0269518    1.64037 -0.00572707  -0.0122173   0.0406209 0.0840107 0.0978396 0.0357702   0.0155676 -0.0214639  0.0691068 0.00103433 0.00081111 -0.0009099  1.81353 0.294987 -9.63714 8.6204
-13.8536   15.031  96.5979 0.00403293  0.0773758 -0.0440275  0.331544 -0.031857    1.6403 -0.00570374  -0.0121172   0.0406634  0.0848236   0.104687 0.00608795   0.0155282 -0.0168364  0.0687594    0.0010216  0.000813261 -0.000897842  1.81354 0.295085 -9.63728 8.62361
-13.7755  14.1937  92.9848 0.00695563  0.0776019  -0.043009   0.337514 -0.0242401    1.62892 -0.00564683  -0.0122753   0.0406052  0.119703 0.0832732 0.0769437  0.00806664 -0.0152077  0.0815553   0.00104198  0.000814921 -0.000891783  1.81364 0.294902 -9.63727 8.62671
-13.718 13.2431 89.8419  0.0107147  0.0780448 -0.0402171   0.337695 -0.0195929    1.62434 -0.00549027  -0.0123907    0.040634  0.144109 0.0749308 0.0804301  0.00273712 -0.0127024  0.0864638   0.00105969  0.000821342 -0.000899727  1.81373 0.294781 -9.63714 8.63142
-14.6967   12.763   87.218  0.0143207  0.0809448 -0.0375635    0.32991 -0.0258019    1.62855 -0.00546545  -0.0123231   0.0407135  0.170705 0.0765526 0.0912517   0.0107084 -0.0134095  0.0814099  0.00105091  0.00082436 -0.00091134  1.81371 0.294889 -9.63706 8.63675
-15.3823  12.3791  85.5303  0.0153456   0.082766 -0.0351468   0.331759 -0.0306818    1.63053 -0.00559823  -0.0123822   0.0407372  0.173369 0.0753511 0.0906214   0.0161808 -0.0133978  0.0791832   0.00104603   0.00081406 -0.000932591  1.81354 0.294946  -9.6369 8.63995
-15.6449  11.7083   83.513  0.0192765  0.0845383 -0.0341699   0.327517 -0.0322694    1.63206 -0.00553501  -0.0122847   0.0407551   0.19886 0.0734834  0.079073   0.0162745 -0.0118099  0.0773092   0.00104034  0.000822572 -0.000924638  1.81363 0.295002 -9.63697 8.64437
-15.3122  10.8413  80.0748  0.0252927  0.0861795 -0.0323537   0.326821 -0.0301258    1.62764 -0.00540681  -0.0121993   0.0407759    0.2388 0.0634247 0.0666099  0.00800337  -0.012195   0.081344   0.00103975    0.0008333 -0.000922599  1.81373 0.295024 -9.63696 8.65086
-14.8428  9.86269  76.7311  0.0335768  0.0850203 -0.0292042    0.31695 -0.0235787    1.62396 -0.00488416  -0.0121493    0.040978  0.287128 0.0322762 0.0742639  0.000910422  -0.0110914   0.0857103   0.00106517  0.000856745 -0.000933088  1.81397 0.294836 -9.63675 8.6598
-15.2497  9.37925  74.2468   0.039805  0.0860822 -0.0278503   0.312568 -0.0266091    1.62751 -0.00491303  -0.0121205   0.0410045  0.311151 0.0131127 0.0604598  0.00615574 -0.0121488  0.0813484   0.00105969  0.000857173 -0.000933809  1.81396 0.294887 -9.63676 8.66626
-15.5762  8.81386  71.9714   0.045416   0.086493 -0.0277483   0.310406 -0.0290583     1.6281 -0.00498017  -0.0121187   0.0410141    0.327449 -0.00990165   0.0492583   0.0103302 -0.0120896  0.0798593   0.00105405   0.00085577 -0.000923427  1.81397 0.294915 -9.63687 8.67189
-15.7018  8.07753   69.655   0.052494  0.0861532 -0.0282443   0.308269 -0.0299184    1.63265 -0.0050489 -0.0121064  0.0410049   0.338156 -0.0442032  0.0276734   0.0128547 -0.0105479  0.0745722   0.00104839  0.000855739 -0.000905402  1.81402 0.294929 -9.63704 8.67899
-15.1789  7.44523  66.5542  0.0598183  0.0831364 -0.0278093   0.307963 -0.0229359    1.63028 -0.00486371  -0.0120894   0.0410352   0.345232 -0.0900246 0.00958787  0.00699132 -0.0125844  0.0787963   0.00106249  0.000861254 -0.000900758  1.81408 0.294778 -9.63704 8.68693
-14.9257  6.80887  63.5455  0.0685212  0.0786663 -0.0270756    0.29957 -0.0172859    1.62886 -0.00453808  -0.0119716   0.0411603    0.35933  -0.145411 0.00492339  0.00471661 -0.0139291  0.0813529   0.00108025  0.000877748 -0.000899171  1.81423  0.29458 -9.63697 8.69674
-15.481 6.07792 61.0246  0.0748684  0.0744773 -0.0275872    0.30191 -0.0160649      1.636 -0.00455178   -0.012075   0.0411379  0.322607 -0.196313 -0.022197  0.00904869 -0.0136901  0.0762823   0.00108582  0.000866279 -0.000896306  1.81412 0.294533 -9.63701 8.70436
-15.2645  5.59989  58.7329  0.0799634  0.0711317 -0.0273074   0.308349 -0.0148859    1.63918 -0.00458405  -0.0121054    0.041082   0.341748  -0.221906 -0.0100585  0.00355702 -0.0141131  0.0735008   0.00108484  0.000861164 -0.000907656  1.81404 0.294586 -9.63693 8.71046
-13.7104  4.97932  56.4176  0.0883688  0.0660239 -0.0283411   0.310673 -0.0130113    1.64215 -0.00468653  -0.0121301   0.0410382  0.392529 -0.317545 0.0444439  -0.00616836  -0.0118695   0.0686049   0.00107378  0.000865563 -0.000889011  1.81414 0.294649 -9.63711 8.72035
-11.9907  4.40469  53.7766  0.0966766  0.0596362 -0.0270648   0.310085 -0.0131188    1.63866 -0.00471073  -0.0120751   0.0410722  0.400802 -0.368682  0.082279  -0.0120998 -0.0117943  0.0698666   0.00106933  0.000873402 -0.000888251  1.81422 0.294669  -9.6371 8.73091
-10.7105  3.64447  50.3952    0.10707   0.048969 -0.0240962   0.292051 -0.0134814    1.62969 -0.00420641  -0.0116807   0.0415422  0.411399 -0.409641 0.0855692  -0.0107033  -0.011564  0.0784925   0.00109304  0.000902098 -0.000896116  1.81444 0.294326 -9.63691 8.74609
-8.68821  3.02792  48.5903   0.115249  0.0415156 -0.0225742   0.287104 -0.0135249    1.63207 -0.0041689 -0.0115495   0.041687   0.39967 -0.424571 0.0734543    -0.015365 -0.00911911    0.073579  0.00109087 0.000915865 -0.00089587  1.81457 0.294289 -9.63687 8.75727
-7.16781  2.02193  45.8424   0.124013  0.0318382 -0.0212604   0.284514 -0.0150535    1.63794 -0.00416677  -0.0115743   0.0417103  0.366745 -0.417441 0.0598781  -0.00947085 -0.00576134   0.0699013   0.00109223  0.000915092 -0.000893871  1.81457 0.294273 -9.63689 8.77039
-7.17103  1.29385  42.6707   0.130753  0.0227752 -0.0204558   0.279146 -0.0172867    1.64339 -0.00411429  -0.0116313   0.0417733  0.296255 -0.370753 0.0257202   0.00241813 -0.00650452   0.0680632   0.00109834  0.000908327 -0.000893353  1.81449 0.294233  -9.6369 8.78171
-6.86583 0.949275  39.4353   0.134703  0.0187583 -0.0204645   0.289192 -0.0209721    1.64236 -0.00441728  -0.0119661    0.041587  0.286092 -0.316159 0.0274023  0.00567279 -0.0082961  0.0703533   0.00108612  0.000884874 -0.000894109  1.81433 0.294498 -9.63697 8.78734
-7.92224 0.730008  35.8516  0.141073 0.0117876 -0.018052     0.2736 -0.0285759    1.63473 -0.00435615  -0.0119378   0.0417788  0.268682 -0.284543 0.0423742   0.0209701 -0.0102377  0.0773564  0.00109593 0.000896186  -0.0009171  1.81437 0.294356 -9.63672 8.79709
-6.58075  0.53221   34.078   0.144632 0.00852431 -0.0180274   0.286053 -0.0241574    1.64243 -0.00445256  -0.0121105   0.0416453   0.295291  -0.224791 0.00596232   0.0111893 -0.0115193  0.0697809   0.00109025   0.00088198 -0.000914181  1.81427 0.294526 -9.63679 8.80192
-4.80944 0.235017  31.6232   0.149968 0.00473051 -0.0141529   0.303134 -0.0204973    1.65132 -0.00450191  -0.0121441   0.0414815  0.341884 -0.252016  0.066847  -0.000536087  -0.00948737    0.0615396   0.00110014  0.000872095 -0.000966889  1.81406  0.29468 -9.63633 8.80953
 -4.71455 -0.415219   28.9333      0.15563 -0.000435984    -0.010047    0.30111 -0.0253941     1.6543 -0.00449817  -0.0122513   0.0415449  0.318079 -0.252561  0.165912    0.0115999 -0.00786604   0.0605346   0.00110703   0.00086308 -0.000984738  1.81393 0.294716 -9.63618 8.81822
 -5.27932 -0.617274   24.9857      0.15948 -0.000339953  -0.00798313    0.31278 -0.0341669    1.64398 -0.00483337  -0.0128259   0.0416105  0.316997 -0.174223  0.129426   0.0187438 -0.0097634  0.0700884  0.00109694 0.000826176 -0.00098853  1.81373  0.29511 -9.63622 8.82259
-6.14773 -1.05988  21.1629    0.167033 -0.00288297 -0.00409557   0.305185 -0.0431826    1.63445 -0.00506813  -0.0129971   0.0416837  0.362554 -0.172401  0.101619    0.0255739 -0.00855117   0.0769086  0.00109146 0.000832346 -0.00101044  1.81382 0.295131 -9.63601 8.83146
 -6.10178 -0.398743   18.7863    0.172587 -0.00453915 -0.00336254   0.307671 -0.0425476    1.63794 -0.00515259  -0.0131539   0.0417239  0.388417 -0.189834 0.0677898   0.0237224 -0.0143299   0.073879  0.00108664 0.000819827 -0.00100679  1.81376 0.295272 -9.63606 8.8373
  -5.50325 -0.0298701    15.9249    0.179538  -0.0086193 -0.00158801   0.314959 -0.0346977     1.6456 -0.0050597 -0.0133023  0.0416687  0.400151 -0.230408 0.0717101   0.0149336 -0.0160949  0.0672878  0.00109657 0.000811536 -0.00101569   1.8136 0.295339   -9.636 8.84555
  -4.3648 -0.112088   12.6367     0.187888   -0.0154548 -0.000862834   0.322311 -0.0284229    1.65097 -0.00487088  -0.0131345   0.0415999 0.373606 -0.32561  0.11216  0.00668987 -0.0147252   0.064398   0.00109641  0.000809904 -0.000993102  1.81358 0.295335 -9.63622 8.85637
 -3.91721 -0.241082    9.4385    0.193118  -0.0197554 0.000113873   0.335641 -0.0292617    1.64837 -0.00489299  -0.0134413   0.0415957  0.330667 -0.351404 0.0846454  0.00819701 -0.0131354   0.065525   0.00109656  0.000783625 -0.000984289  1.81343 0.295611 -9.63633 8.86321
  -3.7397 -0.370916   5.51213   0.198862 -0.0269726 0.00234743   0.336728 -0.0302285    1.64209 -0.00486919  -0.0135278   0.0416128   0.28745 -0.355973 0.0421176   0.0111911 -0.0106995  0.0717789   0.00110466  0.000783525 -0.000998656  1.81336 0.295595  -9.6362 8.8727
 -3.39553 0.0905917   3.31937   0.201215 -0.0312648 0.00201245   0.345491 -0.0251232    1.64682 -0.00474202  -0.0137123   0.0415834  0.230366 -0.346077  0.018883   0.0100739 -0.0127374  0.0677361   0.00111196  0.000764292 -0.000992262  1.81318  0.29578 -9.63629 8.87761
-2.79531 0.546383 0.676134   0.203494 -0.0386181   0.001504  0.351671 -0.016932    1.6556 -0.00448295  -0.0137007   0.0415188  0.144708 -0.371466 0.0162023  0.00720451 -0.0141547  0.0615286   0.00112296  0.000753678 -0.000983078  1.81299 0.295858  -9.6364 8.88532
 -1.7928 0.771855 -2.62028    0.205924  -0.0538215 -0.00149263  0.338589 -0.007665   1.66568 -0.00402636  -0.0131726    0.041572  0.0644332  -0.440694 -0.0256104  0.00550606 -0.0154611  0.0550794    0.0011317  0.000775888 -0.000941563  1.81294 0.295472 -9.63678 8.90101
-1.28443  1.07627 -5.12984    0.203623  -0.0595569 -0.00341151   0.353376 0.00358691    1.66958 -0.00361365  -0.0132363   0.0414614  0.0313622  -0.455689 -0.0453438  0.00356598 -0.0164021  0.0565404   0.00115094  0.000752718 -0.000928288  1.81262 0.295695 -9.63693 8.90748
-0.750342   1.13494  -8.96166    0.202576  -0.0703744 -0.00251744   0.354834 0.00473987    1.66429 -0.0034474 -0.0131611  0.0414743 -0.0203317  -0.516121 -0.0448204  0.00613249 -0.0136063  0.0641927  0.00116784 0.000757442 -0.00095178  1.81246 0.295616 -9.63672 8.91838
0.921738  1.78524 -10.8875   0.199362 -0.0785237 -0.0032274  0.364385 0.0169962    1.6731 -0.00310635  -0.0131244   0.0413732 -0.0608949  -0.544732 -0.0580952  0.000898002  -0.0160184   0.0608253   0.00118695  0.000746448 -0.000955413  1.81219 0.295751 -9.63671 8.92717
 3.68768  2.49339 -12.9173    0.197076  -0.0899613 -0.00525462  0.365131 0.0254338   1.68089 -0.0029746 -0.0130718  0.0413984 -0.109104 -0.558948 -0.060048  -0.00917971  -0.0175519   0.0545769   0.00118962  0.000749791 -0.000945431  1.81213 0.295735 -9.63681 8.93901
 5.68701  2.16463 -15.0464    0.192243   -0.107805 -0.00684465  0.351779 0.0310344   1.69687 -0.00284949  -0.0127107   0.0416784  -0.199484  -0.589918 -0.0360222  -0.00747686  -0.0114287   0.0409367    0.0012052  0.000770964 -0.000944452  1.81195 0.295438 -9.63682 8.95757
6.72246 2.16644 -19.191    0.186446   -0.116871 -0.00883643  0.357722 0.0321516    1.6918 -0.00260965  -0.0128251    0.041716  -0.255827  -0.557283 -0.0518078  -0.00464304 -0.00857675    0.054741   0.00122127  0.000756836 -0.000931236  1.81175 0.295587 -9.63695 8.96851
 7.20475  2.27999 -23.0713    0.181215   -0.124728 -0.00893535  0.367537 0.0269339   1.68948 -0.0027382 -0.0131124   0.041575  -0.275447  -0.477018 -0.0728626  0.000742696 -0.00844132   0.0619172   0.00122071   0.00073618 -0.000944365  1.81182 0.295858 -9.63682 8.97795
 6.96575   2.3109 -25.5997   0.176869  -0.132294 -0.0109666  0.365519 0.0243208   1.69238 -0.00282457  -0.0131984   0.0415603 -0.266187 -0.424671  -0.10384   0.00548784 -0.00890523   0.0593455  0.00121643 0.000732801  -0.0009393  1.81187 0.295885 -9.63686 8.98691
  6.8955  3.13161 -27.7544   0.172084  -0.138864 -0.0126059  0.365282 0.0236625   1.69794 -0.0028349 -0.0133575  0.0415726  -0.25629 -0.431731 -0.101848  0.00949651 -0.0131828   0.055361   0.00121668  0.000721889 -0.000942933  1.81188 0.296016 -9.63683 8.9952
 6.85479  3.43448 -30.4026  0.165888 -0.148271  -0.01506  0.362694 0.0249063   1.70299 -0.00277446  -0.0133025   0.0415815  -0.271745  -0.410914 -0.0701815   0.0119363 -0.0128261  0.0503594   0.00121943  0.000723373 -0.000937495  1.81183 0.295998 -9.63688 9.00673
 7.46716  4.36258 -34.0292   0.159867  -0.155918 -0.0154986   0.36874 0.0276973   1.70209 -0.00272808  -0.0134111   0.0415646  -0.252921  -0.413515 -0.0944686  0.00739421 -0.0158216  0.0537086   0.00122572  0.000715504 -0.000954727  1.81179 0.296138 -9.63672 9.01647
 8.49186  5.13402 -37.2979   0.155883  -0.165879 -0.0171522  0.370369 0.0225056   1.69921  -0.003005 -0.0134782  0.0415219  -0.309552  -0.461898 -0.0753295  0.00332686 -0.0152955  0.0546561  0.00121076 0.000718341 -0.00096111    1.812 0.296062 -9.63665 9.02732
 9.38691  4.71753 -39.8675  0.151872 -0.174032 -0.017612  0.372173 0.0141752   1.69916 -0.00326755   -0.013562    0.041447  -0.317727    -0.4718 -0.0656016    0.0067262 -0.00965653   0.0555728  0.00119825 0.000717868 -0.00096174   1.8122  0.29601 -9.63663 9.03642
 8.61153  5.08184 -42.9793   0.148075  -0.179629 -0.0196575   0.378328 0.00529027    1.70296 -0.00350622  -0.0140216   0.0415106 -0.242303 -0.360084 -0.101488    0.0164015 -0.00987905   0.0557178   0.00118782  0.000688984 -0.000955325  1.81248 0.296282 -9.63665 9.04349
 8.19035  5.13902 -45.5149   0.143617  -0.185691 -0.0225866   0.378797 0.00746534    1.70687 -0.00343615  -0.0139591   0.0415017 -0.180697 -0.289537 -0.156861    0.0165403 -0.00895294   0.0518735   0.00119103  0.000689728 -0.000949415  1.81243 0.296301 -9.63671 9.05156
 7.65385  5.41643 -49.2004   0.140772  -0.190831 -0.0281893   0.386762 0.00787762    1.70781 -0.00359556  -0.0140437   0.0414923   -0.2209 -0.282013 -0.189242    0.0151925 -0.00825308    0.052788    0.0011807  0.000677243 -0.000925472  1.81263 0.296412  -9.6369 9.05968
 7.85533   5.7028 -52.7313  0.138925 -0.197402 -0.030547    0.387263 -0.00354799     1.70413 -0.00408316  -0.0142752   0.0414476 -0.234547 -0.252502 -0.171025    0.0131617 -0.00900755   0.0548729   0.00115574  0.000675129 -0.000939014    1.813 0.296252 -9.63676 9.0669
 7.76121  6.49303 -55.3823   0.138361  -0.201662 -0.0315216   0.388329 -0.0152432    1.70518 -0.00458213  -0.0147004   0.0415138  -0.20452 -0.271576 -0.168992   0.0129183 -0.0131448   0.054535    0.0011348  0.000660664 -0.000958547  1.81339 0.296225 -9.63654 9.07131
 7.06781  8.07039 -57.8966   0.133877   -0.20685 -0.0352017   0.385037 -0.0146383    1.71017 -0.00453097   -0.014823   0.0415795 -0.209715 -0.304773 -0.130638   0.0180632 -0.0185311  0.0507486   0.00113895   0.00065057 -0.000957174  1.81339 0.296349 -9.63655 9.07909
 6.69165  8.24668 -60.5716   0.130032  -0.213015 -0.0353927   0.384332 -0.0164328    1.70972 -0.00456996  -0.0148237   0.0415644 -0.209667 -0.292866 0.0151498   0.0165629 -0.0152538  0.0490954   0.00113961  0.000656474 -0.000968565  1.81336 0.296282 -9.63645 9.08636
  6.7475   9.2369 -64.1777   0.124248  -0.217883 -0.0333253    0.390118 -0.00884014     1.70994 -0.00439276  -0.0149123   0.0415342 -0.277937 -0.295099  0.078743    0.011559 -0.0170753  0.0507927   0.00115284   0.00064964 -0.000981199   1.8133 0.296491 -9.63632 9.0942
 6.63445  9.74019 -67.8831   0.119019  -0.224073 -0.0306806   0.392186 -0.0135713    1.70573 -0.00453946  -0.0150485   0.0415613 -0.317395 -0.287397 0.0694951   0.0112635 -0.0153976  0.0546566   0.00114933  0.000647143 -0.000993577  1.81339 0.296448 -9.63619 9.10272
 7.03255  10.6872 -70.2663   0.113303  -0.228671 -0.0277556 0.391233 -0.01278  1.70754 -0.0045643 -0.0151453  0.0415659 -0.331271  -0.25925 0.0399253  0.00964258 -0.0177505  0.0524574  0.00115453  0.00064555 -0.00101813  1.81338 0.296479 -9.63596 9.11062
 7.47253   11.454 -73.2114   0.107239  -0.231171 -0.0283539    0.404854 -0.00639951     1.71389 -0.00442914  -0.0153361   0.0414775   -0.328959   -0.198875 -0.00913105  0.00774981  -0.018072  0.0495735  0.00115696 0.000624648 -0.00100056  1.81358 0.296774 -9.63607 9.1172
 7.32222  11.7953 -75.8042   0.101093  -0.234278 -0.0309085    0.403752 -0.00512539     1.71543 -0.00436976  -0.0152573   0.0414801  -0.308521  -0.145828 -0.0439187  0.00921656 -0.0163239  0.0481137   0.00115436  0.000626788 -0.000975037  1.81356 0.296783 -9.63631 9.12455
 6.51962  12.4379 -78.8747  0.0978819   -0.23449 -0.0334653    0.419763 -0.00657649      1.7212 -0.00435869  -0.0156254   0.0414481  -0.249393 -0.0724935 -0.0819598   0.0120356 -0.0163552   0.046119   0.00114693  0.000594512 -0.000953768    1.814  0.29701 -9.63644 9.12866
5.92048 12.6471 -81.938 0.0933096 -0.236323 -0.034054   0.418053 -0.0106659    1.71811 -0.00445002  -0.0156573   0.0414659  -0.251758 -0.0346637 -0.0896499   0.0127684 -0.0141586  0.0479622   0.00114497  0.000598566 -0.000967682  1.81398 0.296907 -9.63632 9.13362
 5.58883  13.0623 -84.8245  0.0875477  -0.236662 -0.0357934    0.415596 -0.00922338     1.71723 -0.00438487  -0.0155623   0.0414701  -0.264485 0.00933268  -0.115445   0.0119875 -0.0138167  0.0480638   0.00114888  0.000604789 -0.000972848  1.81387 0.296906 -9.63629 9.13965
 5.17551   14.013 -87.6026  0.0809864  -0.234848 -0.0393671     0.41503 -0.00344089     1.72141 -0.00424915  -0.0154905   0.0414544 -0.285896 0.0595692 -0.120245   0.0127749 -0.0177848  0.0452485  0.00115298 0.000601645 -0.00095816  1.81385 0.297034 -9.63641 9.14734
5.39418 14.6258 -89.846  0.0754548  -0.234447 -0.0438183    0.411811 -0.00179199     1.72315 -0.00432905  -0.0154112   0.0414626 -0.305115 0.0757309 -0.149975  0.00803079 -0.0181954  0.0422784     0.001143  0.000610165 -0.000935395  1.81381 0.296945 -9.63664 9.15445
6.21089 15.0219 -93.116  0.0654924  -0.230344 -0.0473651  0.411211 0.0098348   1.72276 -0.00405391  -0.0151078   0.0415321 -0.383539  0.138583 -0.121955  0.00157727  -0.016308  0.0427367   0.00116109  0.000622772 -0.000929367  1.81353 0.297168 -9.63669 9.16579
 6.63625  14.8677 -96.2696  0.0548811  -0.227681 -0.0480761  0.403613 0.0065351   1.71869 -0.00398896  -0.0147819   0.0417067   -0.43521    0.18216 -0.0751904  0.000867233  -0.0118158    0.044257   0.00116934  0.000641683 -0.000953475   1.8132 0.297099 -9.63651 9.17676
  7.9067  14.8277 -99.6266  0.0435033  -0.223346 -0.0500107   0.396546 0.00638652    1.71472 -0.00394158   -0.014581   0.0418914  -0.453263   0.228975 -0.0719731  -0.00195217 -0.00915295   0.0457731   0.00117264  0.000656646 -0.000952642  1.81296 0.297084 -9.63654 9.18908
 8.77464  15.1164 -102.665  0.0322665  -0.215667 -0.0511352   0.38931 0.0117858   1.71469 -0.00356748  -0.0143002   0.0422191  -0.434122   0.280184 -0.0657936  -0.00114107   -0.010271   0.0450781   0.00119269  0.000662363 -0.000960042   1.8127 0.297335 -9.63647 9.20274
 8.55507  15.5189 -104.734  0.0260763  -0.211262 -0.0520511 0.385279 0.010383  1.71609 -0.00355853  -0.0143215   0.0422643  -0.386234   0.296589 -0.0658397  0.00387054 -0.0128465  0.0435975   0.00119389  0.000660451 -0.000961096  1.81268 0.297341 -9.63646 9.21039
 7.88785  15.8503 -108.174  0.0181471  -0.204077 -0.0540099   0.38323 0.0115191   1.71873 -0.00345239  -0.0143328   0.0423195  -0.325868    0.27247 -0.0804547  0.00838419 -0.0124176  0.0426695   0.00120056  0.000657856 -0.000955603  1.81268 0.297447 -9.63649 9.22127
 6.50679  15.6717 -111.741  0.0113029   -0.19995 -0.0536649    0.382294 -0.00132517     1.71673 -0.00360245  -0.0144279   0.0423479   -0.33835   0.262553 -0.0330712    0.0136963 -0.00907769   0.0436009    0.0011937  0.000657707 -0.000981806  1.81268 0.297219 -9.63628 9.22927
 5.83051  16.2102 -115.253 0.00217905  -0.194869 -0.0527158    0.374837 -0.00645782      1.7134 -0.00365117  -0.0143949   0.0423694  -0.335463   0.221456 -0.0256472   0.0148138 -0.0114331  0.0441025  0.00119252  0.00066694 -0.00100456  1.81251 0.297127 -9.63611 9.23976
 6.53764  17.1648 -117.383 -0.0050781   -0.19147 -0.0546484    0.370942 -0.00425071     1.71534 -0.00374807  -0.0143925   0.0423797 -0.357838  0.168431  -0.09394  0.00870041  -0.015657  0.0398494   0.00118408   0.00067371 -0.000995266  1.81245 0.297076 -9.63622 9.248
 7.45926  17.1332 -118.642 -0.00854577    -0.19093  -0.0549837     0.38374 -0.00713135       1.721 -0.00381289  -0.0145454   0.0422406 -0.362265  0.129682 -0.137303   0.0025953 -0.0138441   0.035254  0.00117355 0.000661908 -0.00100845  1.81267 0.296894 -9.63609 9.25153
 8.01006   17.429 -120.726 -0.0166986  -0.188628 -0.0570685    0.379734 -0.00920044     1.72172 -0.00390102  -0.0145915   0.0422608   -0.42615   0.138942 -0.0289483  0.00307867 -0.0133292  0.0329349  0.00116789 0.000666428 -0.00100274  1.81262 0.296836 -9.63616 9.26025
 7.28325  17.3713 -123.622 -0.0248949  -0.187694 -0.0573768  0.381171 -0.016871   1.72076 -0.00396282  -0.0147312   0.0422817   -0.36645  0.0483515 -0.0591943  0.00908984  -0.011349  0.0345967  0.00116164 0.000658841 -0.00101096  1.81268 0.296682  -9.6361 9.26851
 5.58633  18.2082 -126.466 -0.0326568  -0.187826 -0.0573893    0.38144 -0.0184188    1.72082 -0.00394064  -0.0148488    0.042329  -0.335654 -0.0189735  -0.075466   0.0143542 -0.0148253  0.0356211  0.00116578 0.000650613 -0.00103331  1.81275 0.296647 -9.63589 9.27627
 4.84441  18.7472 -127.699 -0.0389681  -0.190229 -0.0589132   0.379993 -0.0278347    1.72325 -0.00401973  -0.0150712   0.0424439  -0.349186 -0.0368709 -0.0971296   0.0157364 -0.0159591  0.0304737  0.00115205 0.000644427  -0.0010392  1.81278 0.296429 -9.63586 9.28319
 4.41582  19.0672 -128.685 -0.0423146  -0.192097 -0.0616107   0.388262 -0.0359163    1.72379 -0.00387545  -0.0151912   0.0426021 -0.349947 -0.044529 -0.131914   0.0164959 -0.0163031  0.0276594  0.00113607 0.000624974   -0.001025  1.81298  0.29623 -9.63599 9.28788
 3.76144  19.4148 -130.958 -0.0498177   -0.19263 -0.0643883   0.386726 -0.0343209    1.72374 -0.00389784  -0.0151418   0.0425655  -0.357764 -0.0439006  -0.100539   0.0157346 -0.0156948  0.0283927  0.00113783 0.000629842 -0.00102184  1.81294 0.296277 -9.63602 9.2959
 2.82887  19.8581 -134.056 -0.0588622  -0.194977 -0.0658135  0.386306 -0.039627   1.71919 -0.00400269  -0.0153098   0.0426229  -0.368057 -0.0443655 -0.0565281   0.0149776 -0.0150125  0.0312569  0.00113159 0.000628893 -0.00103632   1.8129 0.296137 -9.63591 9.30535
 3.00829  20.2821 -135.712  -0.067933  -0.196254 -0.0679262   0.380503 -0.0438504    1.72286 -0.00411046  -0.0153603   0.0426499  -0.367206  -0.021205 -0.0475316   0.0116575 -0.0143555  0.0276114  0.00112203 0.000637227  -0.0010282  1.81279 0.296082 -9.63602 9.31475
 3.83785  20.8208 -135.959 -0.0752182  -0.197008 -0.0679816   0.376991 -0.0450793    1.72973 -0.0041936  -0.015443  0.0426696    -0.335799 -0.000101262   -0.0481959  0.00992781 -0.0146849  0.0199452  0.00111936 0.000639125 -0.00104255  1.81274 0.296023  -9.6359 9.32207
 3.88687  21.1551 -135.957 -0.0781466  -0.196903 -0.0680631   0.389417 -0.0408512    1.73403 -0.00390929  -0.0152856   0.0426036   -0.26207 -0.0105019 -0.0295752   0.0134655 -0.0150257  0.0152081  0.00112086 0.000619682 -0.00104283  1.81296 0.295992 -9.63587 9.32501
 3.63452   21.154 -135.833 -0.0818082  -0.196747 -0.0675619    0.38838 -0.0365787    1.73954 -0.00389123  -0.0151839   0.0425738  -0.145455 -0.0320002  0.0095721   0.0173914 -0.0133419  0.0101117  0.00112823 0.000617962 -0.00105171  1.81299 0.296053 -9.63577 9.3287
  3.2277    20.98 -136.062  -0.082821  -0.197239 -0.0663596   0.401749 -0.0301775    1.74164 -0.00361486  -0.0148851   0.0425244 -0.0479559 -0.0473827  0.0344708   0.0173764 -0.0118774 0.00930379  0.00113762 0.000601643 -0.00105298   1.8132 0.296099 -9.63571 9.33035
 4.75807  20.9188 -135.311 -0.0826457  -0.196954 -0.0657742   0.414022 -0.0241414    1.74574 -0.0034139 -0.0145858  0.0424415  -0.0268825 -0.00386402   0.0274837   0.0120028  -0.011681 0.00639863  0.00114637 0.000592762 -0.00104155  1.81338  0.29618 -9.63576 9.33103
 6.14775  21.3106 -134.508 -0.0831445  -0.197758 -0.0650306   0.413631 -0.0293378    1.74683 -0.00340292  -0.0147255   0.0424836 -0.00798452 -0.00489025   0.0396406  0.00901566 -0.0135578 0.00372464  0.00113912 0.000593563  -0.0010468  1.81334 0.296095 -9.63574 9.33223
 6.80953   21.519 -133.946 -0.0817416  -0.197626 -0.0643898    0.42954 -0.0246297    1.75061 -0.0030709 -0.0144628  0.0423412  0.00964961 -0.00174106   0.0480871  0.00874975 -0.0151673 0.00181181  0.00113832 0.000577744 -0.00103973  1.81355 0.296066 -9.63577 9.33378
 7.38784  21.3601 -133.879 -0.0812493  -0.197787  -0.063459   0.430237 -0.0253243    1.75055 -0.00303109   -0.014465    0.042338   0.0273978 -0.00339134   0.0566666  0.00917195 -0.0138379 0.00284439  0.00113725 0.000574973  -0.0010387  1.81357 0.296046 -9.63578 9.33484
 7.42774  21.1134 -134.182 -0.0793271  -0.196809 -0.0614323  0.436528 -0.015318   1.74978 -0.00297469  -0.0141675   0.0422649  0.0751342 -0.0133551  0.0664187   0.0121286 -0.0120754 0.00605439  0.00115297 0.000568438 -0.00103981   1.8137 0.296163 -9.63572 9.3378
  7.3039  20.9252 -134.297 -0.0755002  -0.196869 -0.0603852    0.448055 -0.00741009     1.75087 -0.00285737  -0.0139582   0.0421876   0.121462 -0.0200868  0.0699815   0.0141955 -0.0115852 0.00785269  0.00115782 0.000556461 -0.00102203  1.81391 0.296182 -9.63583 9.34177
 7.75739  20.8812 -133.556  -0.073112  -0.197713 -0.0586313    0.450063 -0.00978565     1.75441 -0.0027843 -0.0139638  0.0421917   0.142074 -0.0268906  0.0695078   0.0138358 -0.0123337  0.0047333  0.00115476 0.000552731 -0.00102992  1.81391 0.296123 -9.63577 9.34485
  7.6546   20.872 -133.283 -0.0702641  -0.197843 -0.0585118    0.456417 -0.00480187     1.75677 -0.00274193  -0.0138427   0.0421467   0.162014 -0.0300595  0.0598746   0.0152909 -0.0130772 0.00383151  0.00115598  0.00054763 -0.00101518  1.81402 0.296138 -9.63587 9.3477
 7.60819  20.7222 -133.405 -0.0674354  -0.198459 -0.0584263     0.45379 -0.00575578     1.75503 -0.0028028  -0.013901  0.0421471   0.178447 -0.0371021  0.0546082   0.0153101 -0.0125354 0.00513821  0.00115139 0.000551773 -0.00100289  1.81399 0.296146   -9.636 9.3506
 7.19259  20.3866 -133.741 -0.0639391  -0.198223 -0.0571243   0.440825 -0.0030902    1.74865 -0.00297573  -0.0139802   0.0421429   0.188355 -0.0345739  0.0624063   0.0166283 -0.0109771 0.00746197  0.00115852 0.000568603 -0.00100311  1.81386 0.296313   -9.636 9.35434
 6.66439  20.2218 -133.933 -0.0594971   -0.19824 -0.0564855    0.434789 0.000718603     1.74534 -0.00309255  -0.0139797   0.0420963  0.197875 -0.031681 0.0585422    0.018569 -0.0107015 0.00895289   0.00116022  0.000579315 -0.000989675  1.81382 0.296428 -9.63612 9.35883
 7.37453  20.4029 -133.308 -0.0571351  -0.198694 -0.0554391    0.421246 -0.00676997     1.74365 -0.00316256  -0.0141637    0.042151   0.194702 -0.0320623  0.0547803   0.0157726 -0.0120039 0.00662481   0.00115265  0.000597075 -0.000995199  1.81359 0.296478 -9.63612 9.36145
 7.60883  20.5343 -132.961 -0.0542522  -0.200029 -0.0549384   0.425948 -0.0111322    1.74723 -0.00309353  -0.0141676   0.0421684  0.185941 -0.036989 0.0490004    0.014714 -0.0131813 0.00510652   0.00114346  0.000590796 -0.000992906   1.8136 0.296366 -9.63616 9.36467
 7.64771   20.575 -133.053 -0.0516808  -0.199974 -0.0553244   0.418101 -0.0113605    1.74389 -0.00316083  -0.0142204   0.0421792   0.174923 -0.0307817  0.0435361   0.0146178 -0.0129403 0.00616606    0.0011399  0.000603035 -0.000977581  1.81351 0.296458 -9.63632 9.36727
  7.4732  20.1563 -133.334  -0.048807  -0.199608 -0.0541235   0.400178 -0.0146091    1.73751 -0.00321185  -0.0143742   0.0422414     0.1702 -0.0158344  0.0480886   0.0152131 -0.0103623 0.00803419   0.00114016  0.000621828 -0.000983996   1.8133 0.296602  -9.6363 9.3704
 7.18483   20.033 -133.366 -0.0447835  -0.198316 -0.0535276    0.389379 -0.00851702     1.73287 -0.00329047  -0.0144215   0.0422242    0.167025 -0.00360948   0.0272759   0.0165936 -0.0101951 0.00887082   0.00114947   0.00063794 -0.000977011  1.81325 0.296812 -9.63635 9.37467
 7.83502  20.2348 -132.695 -0.0433071  -0.198772 -0.0528984   0.376625 -0.0212268    1.73331 -0.00324079  -0.0145654   0.0423475     0.14628 -0.00738363   0.0183604   0.0141483 -0.0113099 0.00629217   0.00113437  0.000650586 -0.000989558  1.81298 0.296782 -9.63632 9.37634
 7.98959  20.3255 -132.273 -0.0412174  -0.199341 -0.0533997    0.37943 -0.0236327    1.73591 -0.00321474  -0.0145484   0.0423528    0.139037 -0.00786581   0.0150668    0.013919 -0.0119906   0.004683   0.00112685  0.000647543 -0.000979973  1.81299  0.29672 -9.63641 9.37856
 8.06852  20.3204 -132.239 -0.0396996  -0.199778 -0.0542494   0.374872 -0.0303248    1.73531 -0.00318499  -0.0145963    0.042414    0.126932 -0.00656984   0.0132244   0.0134629 -0.0118244 0.00512753   0.00111362  0.000651697 -0.000969175  1.81289 0.296679 -9.63655 9.38036
7.71746 19.9849 -132.58 -0.0394894  -0.199778 -0.0540532    0.35069 -0.0464253    1.73018 -0.00309947  -0.0147885   0.0425838    0.0953745 -0.000530775     0.011418   0.0146958 -0.0095233 0.00739136   0.00109282  0.000672444 -0.000982338  1.81248 0.296701 -9.63656 9.38064
 7.62407  19.9402 -132.561 -0.0385296   -0.19863 -0.0545601   0.334101 -0.0496037    1.72665 -0.00307977   -0.014895   0.0426522  0.0811996 0.00707862 0.00100461    0.0153887 -0.00909198  0.00817924   0.00108835  0.000691277 -0.000978155  1.81229 0.296842 -9.63664 9.38222
 8.23775   20.201 -131.934 -0.0377016   -0.19918 -0.0544913  0.332731 -0.057418   1.72855 -0.0030307 -0.0149141  0.0427159   0.0712148  0.00247506 -0.00416353    0.013254 -0.0107291 0.00601273  0.00107746 0.000692659 -0.00098422  1.81218 0.296761 -9.63663 9.38322
 8.36793  20.1527 -131.569 -0.0366741  -0.199521 -0.0544927   0.334773 -0.0588442    1.73026  -0.003019 -0.0148995  0.0427147    0.0693746 -0.000882608  -0.00679992   0.0131438 -0.0107193  0.0046369    0.0010751  0.000689634 -0.000985608  1.81218 0.296717 -9.63663 9.3843
 8.31919  20.1479 -131.546 -0.0367876  -0.199463 -0.0544669   0.324436 -0.0651007    1.72862 -0.0029948 -0.0149761   0.042804   0.0583239 -0.00110267 -0.00437713    0.013409 -0.0104522 0.00507518   0.00106787   0.00069855 -0.000993514  1.81202  0.29673 -9.63661 9.38443
 7.96751  19.9362 -131.927 -0.0371059  -0.199302 -0.0545871   0.309621 -0.0739002    1.72478 -0.00293646  -0.0150775   0.0429177   0.0437233 -0.00160984 -0.00602896   0.0143846 -0.0088027 0.00751008  0.00105713 0.000711117 -0.00100244  1.81178 0.296756  -9.6366 9.38481
7.59499 19.9094 -131.81 -0.0371467  -0.199069 -0.0554796   0.298929 -0.0793647     1.7238 -0.00289956  -0.0151333   0.0429774   0.0370476 -0.00181132  -0.0135701    0.0163208 -0.00844426  0.00763277   0.00104754  0.000721133 -0.000998584  1.81162 0.296788 -9.63668 9.38573
 7.71632  20.0458 -130.486 -0.0369603  -0.199741 -0.0560144   0.293188 -0.0856799    1.72824 -0.00288469  -0.0151853   0.0430346  0.0783458 -0.0405039 -0.0158726    0.0175502 -0.00957823  0.00242401  0.00103723 0.000725609  -0.0010012   1.8115 0.296744  -9.6367 9.38661
 8.10095   20.035 -129.356 -0.0342454  -0.201293 -0.0555774     0.3089 -0.0828507    1.73365 -0.00281438  -0.0150455   0.0429703  0.120038 -0.078614 0.0045216    0.0161314  -0.0102482 -0.00154313  0.00104129 0.000708435 -0.00100232  1.81169 0.296643 -9.63665 9.38977
 8.23465  19.7605 -127.753 -0.0324802  -0.202756 -0.0558745   0.303911 -0.0864793    1.73723 -0.00282242  -0.0150985   0.0430076   0.153367 -0.0946159  0.0189992    0.0166416 -0.00960654 -0.00609967   0.00103661  0.000711521 -0.000997913  1.81164 0.296635  -9.6367 9.39208
 8.49334  19.0983 -126.148 -0.0285112  -0.205082 -0.0548372    0.29872 -0.0872601    1.73661 -0.00284858  -0.0151428   0.0430311  0.204309 -0.108099   0.02715    0.0166859 -0.00751251 -0.00625401  0.00103883 0.000713448 -0.00100556   1.8116 0.296654 -9.63664 9.3968
 8.42202   18.802 -124.433 -0.0226843  -0.208107 -0.0536306  0.305536 -0.084893     1.737 -0.00276784  -0.0150713   0.0430225  0.235405 -0.121548 0.0216452    0.0179668 -0.00785543 -0.00558792  0.00104037 0.000704455 -0.00101317  1.81167  0.29661 -9.63656 9.40347
 8.72931  18.7748 -122.168  -0.018447  -0.211224 -0.0531049   0.296543 -0.0896147    1.73828 -0.00287964  -0.0152289   0.0430614  0.242942 -0.137293 0.0172167    0.0184091 -0.00897242 -0.00770632  0.00103531 0.000715143 -0.00102074  1.81152 0.296604 -9.63653 9.40876
 9.02584  18.7492 -120.584 -0.0139396  -0.213748  -0.051787   0.307454 -0.0890423     1.7412 -0.00270632  -0.0151116    0.043052  0.268317  -0.15301 0.0283104     0.018026 -0.00983166 -0.00964008   0.0010367 0.000701853 -0.00103113  1.81163 0.296533 -9.63642 9.41409
 9.04146  18.5555 -119.216 -0.00918772   -0.216532  -0.0516987   0.311206 -0.0900866    1.74188 -0.00263514  -0.0150969   0.0430672  0.287862 -0.159281 0.0337953    0.0182815 -0.00945743  -0.0098442  0.00103281 0.000696575 -0.00102493  1.81167 0.296489 -9.63647 9.4196
 9.04329  17.9784 -117.243 -0.0027886  -0.220037 -0.0506785   0.302168 -0.0911308     1.7404 -0.00274585  -0.0151885    0.043082  0.305626 -0.147203 0.0512106    0.0186707 -0.00775699 -0.00942562  0.00103358 0.000703606 -0.00102765  1.81159 0.296523 -9.63646 9.42696
 8.97625  17.4125 -115.547 0.00482101  -0.223895 -0.0491004   0.308175 -0.0929006    1.73992 -0.00262895  -0.0151762    0.043111  0.331441 -0.142998 0.0627237    0.0188473 -0.00675161 -0.00802241  0.00103024 0.000691898 -0.00103106  1.81166 0.296433 -9.63643 9.43564
 9.19534  17.0836 -112.872  0.0123367  -0.225981 -0.0469422   0.302137 -0.0879022    1.73992 -0.00273959  -0.0151277   0.0430701  0.342659 -0.126526 0.0714514    0.0183631 -0.00757506 -0.00975559  0.00104218 0.000703201 -0.00103895   1.8116 0.296577 -9.63635 9.44373
9.37769 16.6718 -111.12  0.0186466  -0.228426 -0.0453059   0.315908 -0.0892989    1.74314 -0.00248319  -0.0150328   0.0430916  0.350155 -0.121431 0.0758368    0.0176692 -0.00738101  -0.0117943  0.00104058 0.000683961 -0.00104212  1.81177 0.296478 -9.63629 9.4507
 9.58717   16.347 -109.436  0.0239862  -0.230419 -0.0441242   0.317449 -0.0913148    1.74432 -0.00245039  -0.0150486   0.0431027  0.350024 -0.109144  0.084409    0.0171826 -0.00750709  -0.0128364  0.00103841 0.000681856 -0.00104164  1.81179 0.296447  -9.6363 9.45652
9.71132 15.7738 -107.24  0.0308357  -0.231786 -0.0418901  0.303535 -0.088915   1.74125 -0.00266286  -0.0150731   0.0430978   0.349381 -0.0954349  0.0799216    0.0169986 -0.00723732  -0.0119749  0.00104686 0.000699345 -0.00104949  1.81161 0.296576 -9.63625 9.46385
9.90109 15.4565 -105.18  0.0377807  -0.233997 -0.0405946   0.303783 -0.0907456    1.74085 -0.00267187  -0.0151016   0.0431035   0.341662 -0.0981688   0.056678    0.0166477 -0.00786136  -0.0113403  0.00104401 0.000700316 -0.00104875   1.8116  0.29655 -9.63626 9.47125
 10.5909   15.189 -102.192  0.0446616  -0.235276 -0.0386202   0.293715 -0.0878894    1.73978 -0.00281234  -0.0150417   0.0431147  0.337724 -0.100183 0.0335731    0.0158891 -0.00884094  -0.0123759  0.00105572  0.00071556 -0.00106471  1.81144 0.296683 -9.63614 9.47852
 10.8282  14.8575 -99.7657  0.0511112  -0.237624 -0.0382904   0.298655 -0.0896915    1.74215 -0.00272409  -0.0150692   0.0431156    0.35298  -0.109756 0.00660715    0.0165089 -0.00882118  -0.0145825  0.00105099 0.000707872 -0.00106365  1.81151 0.296619 -9.63614 9.4854
 10.8869  14.3669 -97.9746  0.0570388  -0.238833 -0.0383523   0.301858 -0.0876038    1.74291 -0.00264673   -0.015025   0.0430999  0.374479 -0.100107 0.0284164    0.0163334 -0.00792564  -0.0154115  0.00105291 0.000702756 -0.00105575  1.81159 0.296648 -9.63619 9.49145
   11.11  13.5218 -95.4278  0.0644789  -0.238534 -0.0376601   0.288488 -0.0788874    1.73961 -0.00277206  -0.0148594   0.0431146   0.364543 -0.0569801  0.0507863    0.0154035 -0.00679943  -0.0147318  0.00107151 0.000720525 -0.00105459  1.81144 0.296901 -9.63619 9.49892
 11.5348  12.9457 -93.2663  0.0704151  -0.239791 -0.0375545  0.280023 -0.083347   1.73793 -0.00288215  -0.0149148   0.0431696   0.364125 -0.0523471  0.0321917     0.01461 -0.0066813  -0.013947  0.00106709 0.000730504 -0.00104982  1.81131 0.296877 -9.63627 9.50499
 12.2376  12.8966 -90.3417  0.0760088  -0.240274 -0.0365597   0.270817 -0.0837417    1.73703 -0.00300411  -0.0148194   0.0432296    0.350195   -0.053953 0.000995334     0.013812 -0.00914389  -0.0148515  0.00107293 0.000748704 -0.00106504  1.81108 0.296943 -9.63617 9.5107
 13.0941  12.6541 -87.5074  0.0829518   -0.24133 -0.0377085   0.272844 -0.0849529    1.73783 -0.00299277  -0.0148502     0.04323   0.355613 -0.0533546 -0.0231666   0.0125399  -0.010131 -0.0162245  0.00107077 0.000750066   -0.001052  1.81111 0.296948 -9.63628 9.51781
 13.2588  12.5143 -84.6623  0.0906711    -0.2429 -0.0393375   0.277421 -0.0857061    1.73861 -0.00299386  -0.0149415   0.0432285   0.372795 -0.0463944 -0.0328071   0.0140383 -0.0114699 -0.0171911  0.00106107 0.000747169 -0.00103673  1.81119 0.296883 -9.63641 9.52586
 12.9851  12.3967 -82.2815  0.0978353  -0.242476 -0.0397595   0.272617 -0.0762978    1.73629 -0.00299342  -0.0148239   0.0431796   0.410466 -0.0422529  -0.048308   0.0161063 -0.0119149 -0.0158744  0.00107154 0.000756668 -0.00104403  1.81107 0.297027 -9.63635 9.53304
 12.5327   12.409 -79.8255   0.106198  -0.244874 -0.0403479  0.270166 -0.083007   1.73522 -0.00310866  -0.0149065   0.0432351   0.446024 -0.0491396 -0.0499846   0.0172207 -0.0119302 -0.0146466  0.00106041 0.000757254 -0.00105359  1.81102 0.296857  -9.6363 9.54176
 12.5493  12.4591 -76.8917   0.114079   -0.24563 -0.0415252    0.26748 -0.0817569    1.73586 -0.00311141  -0.0148691   0.0432194   0.441313 -0.0492723 -0.0600136   0.0175488 -0.0123608 -0.0156321  0.00106166 0.000762055 -0.00105359  1.81096 0.296882 -9.63631 9.54977
 12.4595  12.2838 -73.7082   0.123567  -0.246181 -0.0435272   0.269292 -0.0800893    1.73696 -0.00306412   -0.014868   0.0432228   0.469417 -0.0350905 -0.0815619   0.0181262 -0.0123887 -0.0168944  0.00106121 0.000759224 -0.00104433  1.81102 0.296916 -9.63638 9.55948
 12.2927  11.7315 -70.6344   0.133895  -0.247443 -0.0455207   0.267908 -0.0851627    1.73764 -0.00310197  -0.0149459   0.0432758   0.500155  -0.013174 -0.0795416    0.017892 -0.0108706 -0.0176742   0.0010555 0.000754058 -0.00104097  1.81107 0.296836 -9.63641 9.57008
  11.669  11.0447 -67.4865   0.143161  -0.245799 -0.0472739   0.258542 -0.0755736    1.73539 -0.00301891  -0.0147819   0.0432131    0.48958  0.0290503 -0.0455931    0.0198382 -0.00941178  -0.0178126  0.00106508 0.000764106 -0.00103904   1.8109  0.29698 -9.63644 9.57965
 11.1111  10.2945 -65.1868   0.153402  -0.245386 -0.0462449   0.258741 -0.0764483    1.73317 -0.00303773  -0.0149383   0.0432703  0.530559 0.0590968 -0.028644   0.0207148 -0.0074075 -0.0161337  0.00106739 0.000752626 -0.00106057  1.81099 0.296943 -9.63624 9.58995
 10.6165  9.33473 -63.1566     0.1605  -0.244287 -0.0466223   0.244368 -0.0776968    1.72821 -0.00302866  -0.0148552   0.0432599  0.481083 0.0772051 0.0272346     0.019929 -0.00443666  -0.0148595  0.00106946 0.000763187 -0.00106505  1.81079 0.296913 -9.63624 9.59714
 10.3775  8.45412 -60.2776   0.166844   -0.24231 -0.0418255   0.235556 -0.0759416    1.72586 -0.00295139  -0.0147699   0.0432689  0.328017 0.0885302  0.185711    0.0203458 -0.00580278   -0.014249  0.00107715 0.000776044  -0.0010966  1.81054 0.296907 -9.63602 9.60534
 9.31076  8.08429 -57.4156   0.174286  -0.240731 -0.0349281   0.233846 -0.0791753    1.72686 -0.0029558 -0.0148768  0.0432815 0.323178 0.093091 0.231064     0.020797 -0.00709454  -0.0146935  0.00108004 0.000776599 -0.00113095   1.8105 0.296841 -9.63573 9.61561
  8.8933   7.4034 -55.4242   0.179132  -0.236448 -0.0301815  0.229303 -0.068916   1.72179 -0.00275606  -0.0148084   0.0433702 0.265126 0.122254 0.288864    0.0193977 -0.00573096  -0.0131999   0.0010964 0.000779901 -0.00112421  1.81037 0.297061 -9.63578 9.62363
 8.09428  6.48271 -53.1975   0.184198  -0.233436 -0.0237933   0.226761 -0.0681472    1.72009 -0.00272129  -0.0148533   0.0434074 0.255386 0.162193 0.266886    0.0197677 -0.00459456  -0.0123546  0.00109952 0.000777831 -0.00113289  1.81036 0.297076  -9.6357 9.63232
 7.51267  5.64692 -50.7184   0.187847  -0.229217 -0.0189996   0.221217 -0.0637347    1.71842 -0.00258361  -0.0148328   0.0434926 0.253765 0.199398 0.208294   0.0197411 -0.0040562 -0.0128914  0.00110934 0.000780731 -0.00114203  1.81024  0.29716 -9.63563 9.63967
 7.74054  5.49157 -47.4538   0.193764  -0.222961 -0.0171983  0.235027 -0.058694   1.72159 -0.00248021  -0.0148181    0.043505 0.255018 0.221829 0.133565    0.0164156 -0.00643515  -0.0146602  0.00111697 0.000777296 -0.00111615  1.81033 0.297386 -9.63581 9.64847
  7.9513  4.98288 -44.0668   0.199145   -0.21864 -0.0145987   0.234364 -0.0654444    1.72131 -0.0025046 -0.0148194  0.0435182   0.22866  0.215514 0.0973561    0.0136032 -0.00657163   -0.015506   0.0011165 0.000779108 -0.00111726  1.81034 0.297337  -9.6358 9.65585
 8.03188  4.68834 -41.0788   0.202147  -0.213796 -0.0129449   0.230911 -0.0614431    1.72002 -0.0023942 -0.0147102  0.0435663  0.182419  0.201694 0.0884095   0.0126238 -0.0072508 -0.0156875  0.00112413 0.000785187 -0.00111692  1.81019 0.297388 -9.63581 9.66178
 8.33147  4.41888 -38.2208   0.204715  -0.209338 -0.0109488    0.22815 -0.0591852    1.71751 -0.00231681  -0.0146194   0.0436071  0.148444  0.189868 0.0898721    0.0118112 -0.00779515  -0.0142138  0.00112999 0.000790141 -0.00111982  1.81008 0.297405  -9.6358 9.6673
 7.78325  3.39778 -36.1635   0.207303  -0.206903 -0.0103757   0.220134 -0.0587024    1.71731 -0.00240468  -0.0146783   0.0436125  0.142767   0.18415 0.0746773    0.0145598 -0.00452894   -0.013355  0.00112278 0.000787207 -0.00111076  1.81012 0.297334 -9.63588 9.6709
6.97859 2.99646  -33.62  0.210005 -0.201119 -0.009813   0.224651 -0.0491339    1.71963 -0.00233115  -0.0147233   0.0435961 0.129967 0.282764 0.136077    0.0161888 -0.00469319  -0.0135386  0.00112502 0.000782192 -0.00109264  1.81014 0.297494 -9.63602 9.67731
  7.2292  2.35667 -30.0565    0.212645   -0.194635 -0.00711987   0.226747 -0.0553584    1.71914 -0.00232219  -0.0147276   0.0436077 0.0867779  0.274536  0.102642    0.0120739 -0.00529776  -0.0149765  0.00112692 0.000783669 -0.00108819  1.81016 0.297501 -9.63605 9.68481
 7.69133  2.11404 -26.8198    0.214801   -0.187025 -0.00638479   0.238749 -0.0502596    1.72176 -0.00221666  -0.0148145   0.0435248 0.0761007  0.247175 0.0604966   0.00973474 -0.00731442  -0.0159829  0.00113235 0.000778878 -0.00107161  1.81021 0.297719 -9.63616 9.69275
8.17589 1.68007 -24.655    0.217675   -0.182698 -0.00451872   0.244832 -0.0562851     1.7218 -0.00230274  -0.0149042   0.0434491  0.103308  0.255193 0.0219812   0.00902301 -0.00650317  -0.0138673  0.00112916 0.000770801 -0.00108031  1.81036  0.29774 -9.63606 9.69827
  7.6446  1.54717 -22.1276    0.220478   -0.176901 -0.00398701  0.251806 -0.053245   1.72282 -0.00234009   -0.014985   0.0433762    0.108607    0.279606 -0.00691219    0.0112492 -0.00657571  -0.0128339   0.0011274 0.000763647 -0.00108317  1.81045 0.297824 -9.63602 9.70473
 5.94921   2.4492 -19.6989    0.222475   -0.171017 -0.00573615   0.258042 -0.0399898     1.7213 -0.00233403   -0.015002   0.0433582   0.128254   0.319018 -0.0560265   0.0175106 -0.0102926 -0.0122271  0.00112116 0.000765471 -0.00107026  1.81043 0.297878 -9.63614 9.71119
 4.47697  2.79729 -16.2958    0.225673   -0.162888 -0.00746839   0.257212 -0.0394173    1.72169 -0.00235958   -0.014978   0.0433431   0.142228   0.392089 -0.0821567   0.0186709  -0.010868 -0.0130515  0.00111873 0.000767899 -0.00106978  1.81042 0.297838 -9.63615 9.72009
 4.02523  3.06822 -12.9843   0.230076  -0.153163 -0.0110996   0.262646 -0.0449175    1.72675 -0.00230359  -0.0151517   0.0434855  0.153168  0.390486 -0.108691   0.0160668  -0.010684 -0.0149403  0.00111489 0.000755835 -0.00104988  1.81058 0.298009 -9.63629 9.73137
 3.72349   3.3202 -10.7002   0.233474   -0.14549 -0.0125135  0.268743 -0.045981   1.72786 -0.0023241 -0.0152701  0.0435387  0.160632  0.386286 -0.110102   0.0154602 -0.0108864 -0.0139673  0.00111597 0.000747843 -0.00105277  1.81066 0.298125 -9.63624 9.73988
 3.46094  3.53435 -7.81771   0.237063  -0.135741 -0.0146082   0.273451 -0.0440502    1.72811 -0.00229185   -0.015354    0.043551  0.169621  0.436544 -0.140202   0.0150498 -0.0105181 -0.0125852  0.00112127 0.000740691 -0.00105706  1.81066 0.298249 -9.63619 9.75048
 2.68294  3.73062 -5.27116  0.240514  -0.12744 -0.017836   0.274922 -0.0444182    1.72883 -0.00230243  -0.0154367   0.0435999  0.162181  0.477985 -0.147786    0.015978 -0.0102229 -0.0127887  0.00111615 0.000735301 -0.00104727  1.81073 0.298309 -9.63626 9.76003
 2.02056  3.70123 -1.81411   0.244325  -0.117048 -0.0237958   0.269224 -0.0469724    1.72811 -0.00229572  -0.0153753   0.0436104  0.144431  0.454499 -0.164984    0.0159172 -0.00903006  -0.0133574  0.00110572 0.000739241 -0.00102059  1.81079 0.298217  -9.6365 9.7726
 1.87279  3.24296 0.562498   0.246039  -0.107348 -0.0267392   0.261615 -0.0466072    1.72309 -0.00218994  -0.0153278   0.0436423 0.120855 0.471304 -0.13635    0.0137037 -0.00640593  -0.0111264  0.00111601 0.000742949 -0.00102867  1.81065 0.298143 -9.63644 9.78288
1.77382 2.77274 1.85478   0.246612   -0.10094 -0.0270766  0.258829 -0.045119   1.71939 -0.00213086   -0.015333   0.0436714 0.0390392  0.368612 0.0320878    0.0129501 -0.00500268 -0.00833258  0.00112223 0.000742565 -0.00103464  1.81058 0.298134  -9.6364 9.78932
1.48273 2.21129 3.41184   0.246236 -0.0947671  -0.024731   0.252024 -0.0450361    1.71454 -0.00205521  -0.0152995   0.0437399 -0.0084698   0.327106  0.0887832      0.01326 -0.00507982 -0.00461345  0.00112522 0.000748483 -0.00104827   1.8105 0.298014  -9.6363 9.79594
0.47538  1.8558 4.46629    0.24559 -0.0900697 -0.0222673   0.249789 -0.0411074     1.7137 -0.00204532  -0.0153395   0.0437732 -0.0299931   0.260699   0.110668     0.016069 -0.00539031 -0.00191324  0.00112706 0.000748365 -0.00105955  1.81046 0.297995 -9.63621 9.80128
-0.585852   2.24001   5.96587   0.244996 -0.0854103 -0.0194387    0.24605 -0.0426426    1.71418 -0.00197392  -0.0152574   0.0437696 0.00529014   0.158206   0.118818    0.0157241 -0.00766167 -0.00216182  0.00112376  0.00075653 -0.00106226  1.81045 0.297883  -9.6362 9.80676
-0.049987    1.7396   4.91831   0.244158 -0.0840133 -0.0150396    0.23862 -0.0423676     1.7046 -0.00184905  -0.0153878   0.0438716 0.00428686  0.0447663   0.106461    0.0116999 -0.00563226  0.00450877  0.00113212 0.000763688 -0.00108474  1.81034 0.297773 -9.63602 9.81145
0.246872  1.61587  4.00977   0.243685 -0.0853362 -0.0127418    0.22833 -0.0469093    1.69788 -0.00161917  -0.0153606   0.0439766 -0.00426009    0.014126    0.085226   0.00985796 -0.00558942    0.008772  0.00112812  0.00077309 -0.00109756  1.81032 0.297596 -9.63593 9.81415
0.086036  1.47281  3.60919   0.244657 -0.0859035 -0.0106726   0.231943 -0.0535293    1.69661 -0.00162872  -0.0151615   0.0439229 0.0180095  -0.02326 0.0322862    0.0102048 -0.00582506   0.0108579  0.00111984 0.000769808 -0.00110634  1.81043 0.297589 -9.63586 9.8165
0.689804  2.05415   4.0054   0.245031 -0.0867315 -0.0116176   0.229589 -0.0536712    1.69636 -0.00155428  -0.0151324   0.0439528  0.0374809 -0.0352682  -0.015666    0.0081918 -0.00795522  0.00958894   0.0011152 0.000772871 -0.00109552  1.81044  0.29755 -9.63596 9.81781
0.972826   2.3572  4.27537   0.246562 -0.0892063 -0.0137329   0.224392 -0.0563067     1.6952 -0.0014391 -0.0150774  0.0440109  0.0518039 -0.0907013 -0.0206356   0.00803822 -0.00811309  0.00884705  0.00110643 0.000775251 -0.00107944   1.8105 0.297491 -9.63609 9.82141
0.107508   2.1622  4.07939   0.247755 -0.0912204 -0.0158108   0.221372 -0.0549082    1.69463 -0.00143586  -0.0151024   0.0440237  0.0639516 -0.0971703 -0.0285885    0.0119228 -0.00673593  0.00941309  0.00110457 0.000773503 -0.00106101   1.8105 0.297491 -9.63625 9.82454
-0.0545185     2.0624    3.41741   0.248229 -0.0919498 -0.0155714   0.223727 -0.0523928    1.69342 -0.00149572  -0.0151481   0.0440034  0.0266583 -0.0502617  0.0465792    0.0109681 -0.00666855   0.0112626  0.00110788 0.000772328 -0.00106071  1.81047  0.29752 -9.63625 9.82544
-0.207411   1.98571   3.21686   0.248962 -0.0926988 -0.0135845   0.228696 -0.0528046    1.69367 -0.0015695  -0.015121  0.0439658   0.026821 -0.0726856  0.0584038    0.0101997 -0.00691264   0.0115242   0.0011096 0.000769857 -0.00107055  1.81048 0.297567 -9.63616 9.82769
0.101615  1.86187   3.4865    0.24961  -0.093908 -0.0135376   0.228146 -0.0535779    1.69383 -0.00155874  -0.0151026   0.0439676  0.0279787 -0.0718479  0.0480279   0.00904292 -0.00663718   0.0103929  0.00110613 0.000769775 -0.00106106  1.81051 0.297567 -9.63624 9.82906
0.224226  1.61077  3.59656   0.250329 -0.0958826 -0.0123292  0.226301 -0.055139   1.69351 -0.00151697  -0.0150872   0.0439892  0.0223009 -0.0485616  0.0225194   0.00871717 -0.00616078     0.01005  0.00110472 0.000771466 -0.00106325  1.81052 0.297539 -9.63622 9.83149
-0.0378647    1.69033    3.71417   0.250498 -0.0966728 -0.0131198   0.224232 -0.0513821    1.69455 -0.00153346   -0.015142   0.0439902  0.0158621 -0.0351871 0.00399174   0.00940083 -0.00665745  0.00957759  0.00110637 0.000771441 -0.00105142  1.81049 0.297537 -9.63632 9.83262
-0.171955   1.82437   3.55684   0.250788 -0.0960939 -0.0135284   0.231203 -0.0490798    1.69545 -0.0016457 -0.0151404  0.0439276   0.0145624  -0.0250254 -0.00746757   0.00975852 -0.00723019   0.0102161  0.00110779 0.000765109 -0.00104593  1.81048 0.297633 -9.63636 9.83338
-0.0542084    1.92036    3.25657    0.25083 -0.0957205 -0.0134726   0.237704 -0.0459738    1.69587 -0.00173923  -0.0151453   0.0438677 0.00577217 -0.0127916 -0.0127015   0.00902908 -0.00751052    0.011376  0.00111249 0.000760816 -0.00104856  1.81043 0.297704 -9.63634 9.83376
-0.099958   1.82152   3.58951   0.251097 -0.0948296  -0.015274   0.243293 -0.0444978    1.69809 -0.0018256 -0.0151498  0.0438163 0.000941988  -0.0067483  -0.0207049   0.00902875 -0.00712426   0.0101597  0.00110982 0.000753876 -0.00102927  1.81044 0.297804  -9.6365 9.83579
-0.0415417    1.92526    3.77445   0.250906 -0.0958294 -0.0160745   0.237303 -0.0445505    1.69752 -0.00177284  -0.0151806    0.043861 -0.00845433  -0.0180697   -0.016097   0.00867684 -0.00756978  0.00955374  0.00110927 0.000759134 -0.00102652  1.81045 0.297729 -9.63652 9.83708
-0.243909   1.61479   4.10615   0.250755 -0.0957275 -0.0157992   0.242038 -0.0452975    1.69947 -0.00180682  -0.0151468   0.0438296 -0.0119892 -0.0226295 -0.0124457   0.00925046 -0.00658785  0.00838785  0.00110975 0.000754828 -0.00103241  1.81045 0.297791 -9.63647 9.83742
-0.297289   1.57223     3.675   0.250267 -0.0955658 -0.0155201    0.24714 -0.0430619    1.69916 -0.00185123  -0.0151299   0.0437928 -0.0165604 -0.0228988 -0.0105578   0.00930953 -0.00655993   0.0101256  0.00111388 0.000750916 -0.00103768   1.8104 0.297841 -9.63643 9.838
-0.0653735    1.61131    3.54931   0.249586 -0.0953565 -0.0156392   0.253427 -0.0399445    1.69994 -0.00190133  -0.0151071   0.0437408 -0.0208948  -0.022461 -0.0107083   0.00821695 -0.00688379   0.0107164  0.00111771 0.000746455 -0.00103852  1.81034 0.297904 -9.63642 9.83872
-0.176017   1.57428   3.80234   0.248648 -0.0941974 -0.0160682   0.265257 -0.0335656    1.70382 -0.00199404  -0.0150579    0.043643 -0.0245561 -0.0161879 -0.0155422   0.00842155 -0.00690211  0.00990055  0.00112429 0.000736129  -0.0010351  1.81023 0.298037 -9.63646 9.84027
-0.149816    1.7264   4.10829    0.24816 -0.0950988 -0.0156708   0.262245 -0.0350786    1.70335 -0.00197468  -0.0150636   0.0436671 -0.0202078 -0.0225519 -0.0148388  0.00823226  -0.007527 0.00904647   0.0011242 0.000739644 -0.00104505  1.81025 0.297998 -9.63637 9.84137
-0.291128   1.50624   4.19628   0.248052 -0.0955262 -0.0169298     0.2621 -0.0368701    1.70345 -0.00197219  -0.0150752   0.0436749 -0.0130329 -0.0247688 -0.0202227   0.00866541 -0.00681021  0.00890626  0.00111973 0.000738308 -0.00103433  1.81029 0.298017 -9.63646 9.84271
-0.339694   1.52252   3.88476   0.247811 -0.0949034  -0.017381   0.270283 -0.0361531    1.70405 -0.00199605  -0.0150286   0.0436313 -0.0107973 -0.0204043 -0.0202871   0.00868157 -0.00693033    0.010136  0.00111941 0.000730608 -0.00103226  1.81027 0.298118 -9.63648 9.84351
-0.0924258    1.52177    3.63241   0.247081 -0.0946522 -0.0178242   0.27645 -0.031383   1.70461 -0.00203314  -0.0149957   0.0435777 -0.0110435 -0.0173736 -0.0218721   0.00777652 -0.00702418   0.0110226  0.00112502 0.000726246 -0.00103168  1.81019 0.298168 -9.63649 9.8444
-0.203723   1.57049   3.80613     0.2467 -0.0937781 -0.0182381   0.285622 -0.0294468    1.70719 -0.00205741  -0.0149361   0.0435212 -0.00933029 -0.00959881  -0.0241434   0.00804031 -0.00722177    0.010371  0.00112614 0.000717754 -0.00103087  1.81014 0.298279  -9.6365 9.84544
-0.126553   1.68026    4.0982   0.246464 -0.0940744 -0.0170511   0.285477 -0.0308007    1.70766 -0.00205229  -0.0149182   0.0435221 -0.00615004 -0.00796881  -0.0143779   0.00780983 -0.00761096  0.00933768  0.00112886 0.000718579 -0.00105139  1.81012 0.298276 -9.63633 9.84669
-0.311392   1.47958   4.26708   0.246328 -0.0937889 -0.0174972   0.288407 -0.0304235    1.70877 -0.00205349   -0.014895   0.0435071 -0.0027665 -0.0026879 -0.0139827   0.00837145 -0.00693313  0.00871373  0.00112852 0.000714918 -0.00104984  1.81011 0.298321 -9.63635 9.84724
-0.219281   1.48951   3.89132    0.24604 -0.0931891 -0.0183006   0.294034 -0.0278435    1.70864 -0.00206893  -0.0148614   0.0434706 -0.00170426  0.00272207  -0.0178195   0.00790652 -0.00699415   0.0100887  0.00112981 0.000710131  -0.0010429  1.81007 0.298377 -9.63641 9.84828
-0.236412   1.65216   3.63486    0.24673 -0.0925334 -0.0182364   0.29785 -0.034034   1.70816 -0.00204029  -0.0148387   0.0434861 0.00691698 0.00752283 -0.0167931    0.0079124 -0.00751214    0.010961  0.00112231 0.000705553 -0.00104752  1.81014 0.298453 -9.63637 9.84923
-0.0763355    1.68797    3.69638   0.247085 -0.0913613 -0.0187727   0.305773 -0.0359547    1.70952 -0.00202987  -0.0147891   0.0434587 0.0119483  0.014489 -0.018695   0.00728536 -0.00762526     0.01076  0.00111812  0.00069792 -0.00104387  1.81015 0.298562  -9.6364 9.85057
-0.149349    1.7723   3.97447   0.247328 -0.0913953 -0.0179331   0.303086 -0.0361406     1.7099 -0.00203405  -0.0148008   0.0434688  0.014933 0.0123381  -0.01104   0.00747777 -0.00787801  0.00982059  0.00112115 0.000700895 -0.00105889  1.81014 0.298526 -9.63628 9.85144
-0.298175   1.51535   4.17739   0.247992 -0.0913784 -0.0180438   0.299944 -0.0382155    1.70998 -0.00203125  -0.0148242   0.0434895  0.0200367  0.0102169 -0.0105862   0.00797404 -0.00695509  0.00916279  0.00111964  0.00070302 -0.00106034  1.81018 0.298501 -9.63627 9.85212
-0.319869   1.54834    3.8737   0.248141 -0.0909503  -0.017725   0.302777 -0.0375647    1.70944  -0.002032 -0.0148067   0.043478   0.0201239   0.0116329 -0.00852692    0.0079679 -0.00708228   0.0102403  0.00112139 0.000700686 -0.00106607  1.81015 0.298529 -9.63622 9.85267
-0.212804   1.54612   3.56882    0.24902 -0.0900193 -0.0176424   0.307832 -0.0417413      1.709 -0.00201012  -0.0147785   0.0434767   0.0249985   0.0157016 -0.00778501   0.00742443 -0.00702506   0.0112775  0.00111625 0.000695522 -0.00106863  1.81019 0.298608  -9.6362 9.85395
-0.226405   1.60829   3.80906   0.248648 -0.0887527 -0.0171559    0.31713 -0.0364531    1.71139 -0.00202409  -0.0147102   0.0434168   0.0199254   0.0220483 -0.00398773  0.00736973 -0.0072554  0.0104083  0.00112324 0.000688002 -0.00107645  1.81008 0.298695 -9.63615 9.85536
-0.159772   1.71917    4.1693   0.249367 -0.0888841 -0.0169878   0.311446 -0.0382655    1.71155 -0.00202721    -0.01475   0.0434475   0.022993  0.0176787 -0.0026291   0.00714473 -0.00757225  0.00916398  0.00112209 0.000693191 -0.00107953  1.81012 0.298636 -9.63612 9.85611
-0.334799   1.55886   4.20275   0.250334 -0.0894926 -0.0176441  0.302198 -0.039931   1.71031 -0.00204052  -0.0148114   0.0434842   0.0268183   0.0111096 -0.00650012   0.00774428 -0.00696175  0.00906052  0.00111989 0.000701015 -0.00107218  1.81018 0.298535 -9.63617 9.85743
-0.277783   1.50119   4.00709     0.2494 -0.0889096 -0.0179979   0.307866 -0.0292515    1.71098 -0.00208021  -0.0147613   0.0434221   0.0176443   0.0142491 -0.00811914   0.00752539 -0.00683327  0.00974771  0.00113234 0.000697843 -0.00107033  1.81002 0.298548 -9.63619 9.85859
-0.0692048    1.51319     3.6921   0.248626 -0.0883365 -0.0181037   0.312283 -0.0206951    1.71088 -0.00211421  -0.0147338   0.0433721 0.0101919 0.0164517 -0.007978   0.0067537 -0.0069386  0.0107636  0.00114297 0.000695903 -0.00107194  1.80989 0.298555 -9.63619 9.85955
-0.262481   1.49276   3.69781   0.248825 -0.0879163 -0.0186501   0.313208 -0.0206639    1.71115 -0.00211492  -0.0147264   0.0433679  0.0110557  0.0177796 -0.0104739   0.00740169 -0.00686729   0.0107369  0.00114194 0.000694569 -0.00106698  1.80989  0.29857 -9.63623 9.86027
-0.0969112    1.73002     3.8958    0.24895 -0.0880282 -0.0175476   0.309629 -0.0203933    1.71116 -0.00212248   -0.014748   0.0433813   0.0112909   0.0147355 -0.00331409   0.00685537 -0.00765423   0.0100525  0.00114545 0.000698674 -0.00108295  1.80988 0.298521  -9.6361 9.86139
-0.319314   1.54698   4.19622   0.248772 -0.0885278  -0.017229    0.30323 -0.0160416    1.71152 -0.00215362  -0.0147769   0.0433838  0.00968165  0.00912669 -0.00145972  0.00767745 -0.0070354 0.00901741  0.00115263 0.000704926 -0.00108801  1.80983 0.298426 -9.63606 9.86201
-0.236788   1.55124    3.9976   0.249059 -0.0878042  -0.018061  0.307607 -0.016706   1.71145 -0.00214572  -0.0147507   0.0433701   0.0123963   0.0128164 -0.00638472   0.00732894 -0.00705559  0.00970436  0.00114951 0.000700824 -0.00107832  1.80984 0.298481 -9.63614 9.86315
-0.00715655     1.44959     3.69584   0.248366 -0.0874011 -0.0184459    0.310451 -0.00914745      1.7111 -0.00217653  -0.0147374   0.0433339  0.00736816   0.0138362 -0.00824962   0.00646289 -0.00676361   0.0106895  0.00115841  0.00070003 -0.00107618  1.80973 0.298475 -9.63616 9.86403
-0.243036   1.46874   3.81398   0.248646  -0.086921 -0.0192453   0.311913 -0.0100024    1.71177 -0.00217295  -0.0147262   0.0433306 0.00959168  0.0157613 -0.0118979   0.00721519 -0.00681219   0.0102824  0.00115551 0.000697968 -0.00106815  1.80975 0.298502 -9.63622 9.86501
-0.232554   1.58956   4.07391    0.24863 -0.0870365 -0.0171566    0.308785 -0.00953538     1.71202 -0.00218081  -0.0147491   0.0433424  0.00866489   0.0128415 0.000597068   0.00716634 -0.00719995  0.00940752  0.00116186 0.000701859 -0.00109614  1.80972 0.298454   -9.636 9.8671
-0.306289   1.55577    4.1641   0.248644 -0.0875624 -0.0170861    0.302754 -0.00734873     1.71155 -0.00219896  -0.0147805   0.0433518  0.00892136  0.00784417 0.000587889  0.00741041 -0.0070591 0.00910955  0.00116531 0.000707672 -0.00109714   1.8097 0.298373 -9.63599 9.86763
-0.0949795     1.6217    3.86938   0.248672 -0.0874573 -0.0179958    0.303192 -0.00565714     1.71063 -0.00220442  -0.0147779   0.0433428   0.0095401  0.00802079 -0.00459341   0.00661754 -0.00727642    0.010128   0.0011652 0.000707959 -0.00108663  1.80969 0.298367 -9.63607 9.86855
0.13251 1.74018 3.59424     0.2479 -0.0868105 -0.0177906   0.308693 0.00176038    1.71077 -0.00223461  -0.0147491   0.0432867  0.00411464   0.0109013 -0.00306105   0.00576608 -0.00770221   0.0110159 0.00117441 0.00070515 -0.0010911  1.80958 0.298392 -9.63604 9.86957
-0.130397   1.61197   3.79672   0.247994 -0.0865824 -0.0181796    0.30862 0.00176009    1.71148 -0.00223532  -0.0147483   0.0432862 0.00570902  0.0112519 -0.0051853    0.0065974 -0.00728935    0.010374  0.00117374 0.000704566 -0.00108713  1.80958 0.298397 -9.63607 9.87004
-0.188593   1.66765   4.07657   0.248008 -0.0875085 -0.0176626   0.299796 0.00298474    1.71112 -0.00225222  -0.0147957   0.0433079  0.00653561  0.00409294 -0.00210045   0.00685439 -0.00745314  0.00943202   0.0011774  0.00071284 -0.00109491  1.80958 0.298288 -9.63601 9.8711
-0.266234   1.54922   4.14458  0.248633 -0.087753  -0.01728     0.29642 -0.00114106     1.71059 -0.00224265  -0.0148198   0.0433313    0.0115152   0.00207047 -2.00827e-05  0.00711292 -0.0070501 0.00921268  0.00117446 0.000715118 -0.00109935  1.80963 0.298266 -9.63597 9.87187
-0.361899   1.61393   3.89186   0.247634 -0.0883129  -0.017103   0.293933 0.00810123    1.70991 -0.0022827 -0.0148309  0.0433052   0.00438797 -0.000902099  0.000729232  0.00740136 -0.0072911  0.0100341  0.00118632  0.00071899 -0.00110283  1.80951 0.298195 -9.63594 9.87303
-0.212476   1.61853   3.55996   0.247242 -0.0884178  -0.016676 0.294313 0.011599  1.70901 -0.00229757  -0.0148349   0.0432928  0.00225748 -0.00166132  0.00309784   0.00685215 -0.00731666   0.0111346  0.00119168  0.00071972 -0.00110815  1.80946 0.298179  -9.6359 9.87362
-0.23701  1.59879  3.65644    0.24699 -0.0884359 -0.0166611  0.294738 0.0138835   1.70951 -0.00230667  -0.0148321   0.0432833 0.000967176 -0.00266801  0.00316517   0.00694828 -0.00725269   0.0107718  0.00119435 0.000719644  -0.0011081  1.80943 0.298176  -9.6359 9.87387
-0.15721  1.61581  3.93791   0.246906 -0.0887568  -0.016375  0.292939 0.0147786   1.71015 -0.0023117 -0.0148398  0.0432858   0.0017195 -0.00458848  0.00312296   0.00670649 -0.00729781  0.00976706  0.00119601 0.000721559 -0.00111076  1.80942 0.298151 -9.63588 9.87431
-0.235519   1.50316   3.90462   0.247118 -0.0898043 -0.0163541  0.285803 0.0140455   1.70904 -0.00231505  -0.0148791   0.0433114  0.00391647 -0.00893076  0.00212333   0.00698321 -0.00691251  0.00980629   0.0011958 0.000727576 -0.00111002  1.80945 0.298074 -9.63588 9.87538
-0.262374   1.48515    3.9916   0.247227 -0.0895521 -0.0169183 0.288513  0.01388  1.70972 -0.00231329  -0.0148639   0.0433022  0.00434185 -0.00613672 -0.00043049   0.0070448 -0.0068409  0.0094974  0.00119414 0.000725108 -0.00110303  1.80945 0.298105 -9.63594 9.876
-0.133158   1.64259   3.56159   0.247358 -0.0888713 -0.0166281  0.294743 0.0130916   1.70924 -0.00231159  -0.0148331   0.0432829   0.00499008 -0.000814416   0.00112881  0.00648332  -0.007379  0.0109531  0.00119332  0.00072003 -0.00110642  1.80944 0.298174 -9.63592 9.87676
0.0271999   1.48564   3.61977   0.247279  -0.088345 -0.0171268 0.298873 0.014582  1.71001 -0.00231752  -0.0148126    0.043262  0.00479683  0.00189299 -0.00246193   0.00590488 -0.00687871   0.0107592  0.00119378 0.000716756 -0.00110049  1.80942 0.298214 -9.63597 9.87749
-0.157638   1.57669   4.00817    0.24758 -0.0884755 -0.0160587  0.297179 0.0122363    1.7109 -0.00231101  -0.0148234    0.043276  0.00705729 0.000654317  0.00274825   0.00647071 -0.00714406  0.00949044   0.0011936 0.000717813 -0.00111332  1.80944 0.298207 -9.63586 9.8786
-0.307718   1.47838   4.24032   0.247648 -0.0890384 -0.0157543   0.29293 0.0134657   1.71105 -0.00232164  -0.0148425    0.043284  0.00734161 -0.00287932  0.00422366  0.00697248 -0.0068426 0.00875154  0.00119598 0.000721478 -0.00111594  1.80943 0.298156 -9.63584 9.87925
-0.143339   1.36151   4.01973   0.247609 -0.0889489 -0.0160317  0.294336 0.0147777   1.71062 -0.0023273 -0.0148359  0.0432749  0.00726934 -0.00177248  0.00186958    0.0064033 -0.00647711  0.00944487  0.00119686 0.000720664   -0.001112  1.80941 0.298164 -9.63587 9.87954
-0.0232262    1.35805    3.54027   0.247867 -0.0889627 -0.0162923   0.29473 0.0142913   1.70913 -0.00232655  -0.0148371   0.0432752   0.00903935   -0.0015141 -0.000417509   0.00593341 -0.00645339   0.0110405  0.00119572 0.000720496 -0.00110848  1.80942 0.298167  -9.6359 9.87991
-0.387978   1.35852   3.70998   0.248303 -0.0891831 -0.0164854  0.292467 0.0121669   1.70944 -0.00232081  -0.0148477   0.0432875   0.0114865 -0.00259852 -0.00142307   0.00712388 -0.00642932   0.0104298  0.00119287 0.000721444 -0.00110603  1.80946 0.298156 -9.63592 9.88043
-0.20688  1.59113  3.97144   0.248521 -0.0897967  -0.016199  0.287931 0.0126211   1.70924 -0.00232542  -0.0148679   0.0432993   0.0126498 -0.00514784 -0.00014767   0.00657366 -0.00713171  0.00958621  0.00119409 0.000725566 -0.00111005  1.80946 0.298108 -9.63588 9.88114
-0.274711   1.50365   4.22235   0.248741 -0.0905566 -0.0154418  0.283573 0.0135972   1.70935 -0.00233481  -0.0148879   0.0433087  0.0138402 -0.0088309 0.00393325   0.00677936 -0.00686913  0.00880337  0.00119747 0.000729545 -0.00111899  1.80945 0.298055 -9.63581 9.88224
-0.439787   1.36612   3.93459   0.248473 -0.0906083 -0.0149721  0.285022 0.0170654   1.70897 -0.00234906   -0.014881   0.0432956  0.0114985 -0.0077285 0.00584962   0.00724123 -0.00643939  0.00971924  0.00120263 0.000728608   -0.001124  1.80939 0.298056 -9.63577 9.88278
-0.3914 1.28977 3.48872   0.248385 -0.0900425 -0.0148902  0.290797 0.0193089   1.70859 -0.00236147  -0.0148582   0.0432735  0.0105077 -0.0026421 0.00533336   0.00699174 -0.00621274   0.0111983  0.00120509 0.000724083 -0.00112399  1.80935 0.298107 -9.63578 9.88336
-0.315311   1.31311    3.6685   0.248013 -0.0899498 -0.0148424 0.292366 0.023605  1.70949 -0.00237666  -0.0148493   0.0432544  0.00774769 -0.00105119  0.00487222   0.00667868 -0.00629011    0.010594  0.00120985 0.000723559 -0.00112427   1.8093 0.298107 -9.63578 9.88375
-0.1887 1.51847 3.92949   0.247776 -0.0898671   -0.01357  0.293893 0.0258397   1.71052 -0.00238505  -0.0148379   0.0432398   0.00585998 -0.000738087    0.0111662   0.00626281 -0.00690805  0.00975774  0.00121483  0.00072322 -0.00113857  1.80925 0.298111 -9.63567 9.88504
-0.273971   1.34487   4.03345   0.248477 -0.0907429 -0.0135435  0.286548 0.0223619   1.70954 -0.00238064  -0.0148795   0.0432759   0.0116864 -0.00525471  0.00905004   0.00651352 -0.00636914  0.00943497  0.00121098  0.00072867 -0.00113453  1.80931 0.298049 -9.63569 9.88617
-0.313883    1.3738   3.92779    0.24778 -0.0906148 -0.0136543  0.289432 0.0297621   1.71004 -0.00240572  -0.0148585   0.0432395  0.00650067 -0.00335991   0.0071662    0.0065624 -0.00647855  0.00974363  0.00121857  0.00072736 -0.00113252  1.80922 0.298049 -9.63571 9.88688
-0.151997   1.40041   3.52697   0.246564 -0.0905169 -0.0135845  0.292564 0.0405544   1.70966 -0.0024469  -0.014851  0.0431898 -0.0020379 -0.0016294 0.00697327  0.00595023 -0.0066058  0.0110181  0.00123073 0.000726896 -0.00113349  1.80908 0.298037 -9.63571 9.88811
-0.192077   1.42501   3.55389   0.246325 -0.0901786 -0.0132761  0.295415 0.0420231   1.71025 -0.00245281  -0.0148368   0.0431743 -0.0027341 0.00112513 0.00787536   0.00606314 -0.00669153   0.0109287  0.00123257 0.000724645 -0.00113606  1.80906 0.298063 -9.63569 9.88862
-0.089843   1.55009   3.80302   0.245981 -0.0902866 -0.0126387   0.29487 0.0441262    1.7109 -0.00246162  -0.0148365   0.0431669 -0.00386789 0.000323139   0.0100937   0.00575609 -0.00706483    0.010153  0.00123596 0.000725809 -0.00114214  1.80903 0.298047 -9.63565 9.88936
-0.234361   1.42202   3.93517   0.246366 -0.0913989 -0.0134932  0.285479 0.0417867   1.70976 -0.00246172  -0.0148854   0.0432037   0.0012159 -0.00704895  0.00361166   0.00620645 -0.00666841  0.00975711  0.00123148 0.000732863 -0.00112836   1.8091 0.297962 -9.63575 9.89081
-0.312481   1.36103   4.05147   0.246234 -0.0906301 -0.0143027  0.291986 0.0433753   1.71125 -0.0024615 -0.0148489  0.0431773  0.00142912 -0.00176096 -0.00194213   0.00642419 -0.00648586   0.0093911  0.00123068 0.000727183 -0.00111818  1.80907 0.298028 -9.63583 9.89193
-0.187145   1.31029   3.51824   0.245776  -0.090429 -0.0141586   0.29482 0.0470529    1.7102 -0.0024767  -0.014842  0.0431585 -0.00167365 -0.00011593 -0.00111098   0.00592516 -0.00632941   0.0110932  0.00123542 0.000725717 -0.00112098  1.80902 0.298039 -9.63581 9.89245
-0.175695   1.25184   3.54105   0.246071 -0.0898964 -0.0140879  0.298535 0.0447562   1.71078 -0.00246682   -0.014824   0.0431546  0.000666157   0.00324655 -0.000862039   0.00583852 -0.00613266   0.0110253  0.00123217 0.000722294  -0.0011214  1.80904 0.298087 -9.63581 9.89307
-0.221141   1.40618   3.84906   0.245895 -0.0892699 -0.0133203  0.302916 0.0453496   1.71233 -0.00246611  -0.0148014   0.0431394 -8.70507e-05   0.00645833   0.00279133   0.00594726 -0.00657739   0.0101163  0.00123413 0.000718846 -0.00113091  1.80902 0.298131 -9.63574 9.89407
-0.292226   1.45153   4.10471   0.246114 -0.0902755 -0.0133816  0.294087 0.0444192   1.71148 -0.00247471  -0.0148486   0.0431693   0.00278795 -0.000661669   0.00174813   0.00617699 -0.00667514  0.00935901  0.00123353 0.000726531 -0.00112936  1.80905 0.298039 -9.63575 9.8951
-0.28643  1.29545  3.99934   0.245996 -0.0900437 -0.0132313  0.296202 0.0454922   1.71159 -0.00247775  -0.0148378   0.0431602 0.00232488 0.00103812 0.00193156   0.00613086 -0.00620765  0.00966669  0.00123507 0.000724871 -0.00113065  1.80903 0.298056 -9.63574 9.89541
-0.223858   1.28903   3.49361   0.246375 -0.0900137 -0.0128111  0.296316 0.0425774      1.71 -0.00246872  -0.0148407   0.0431702 0.00488807  0.0011854 0.00387865    0.0058467 -0.00617058   0.0112763  0.00123288 0.000724607 -0.00113471  1.80906 0.298063  -9.6357 9.89597
-0.237576    1.3639   3.46004   0.246447 -0.0891361 -0.0127144  0.302722 0.0422543   1.71093 -0.00246916  -0.0148096   0.0431512 0.00532094 0.00708283   0.003655   0.00584879 -0.00641535   0.0113525 0.00123207 0.00071925 -0.0011351  1.80905 0.298131  -9.6357 9.89686
-0.191165   1.47215   3.82857   0.245859 -0.0889273 -0.0126452  0.304063 0.0479305   1.71234 -0.00248743  -0.0147953   0.0431232 0.00124977 0.00830474 0.00337702   0.00568105 -0.00672763   0.0102635 0.00123802 0.00071917  -0.001136  1.80898 0.298123  -9.6357 9.89748
-0.264578   1.39415   4.18487   0.246007 -0.0897391 -0.0126626  0.295678 0.0478938   1.71195 -0.00249968  -0.0148356    0.043147 0.00356024 0.00272481 0.00216159   0.00587308 -0.00647044  0.00923975  0.00123848  0.00072601 -0.00113474    1.809  0.29804 -9.63571 9.89831
-0.327223   1.28888   4.06259    0.24566 -0.0903504 -0.0128767  0.291399 0.0518563   1.71115 -0.00251891  -0.0148508   0.0431462     0.001835 -0.000854829  0.000181474    0.0060684 -0.00616104  0.00960361  0.00124272 0.000730006 -0.00113226  1.80897 0.297981 -9.63572 9.89904
-0.119053   1.34136   3.58919   0.245063 -0.0900535 -0.0131967 0.294936 0.057188  1.71048 -0.00253811  -0.0148373   0.0431168 -0.00170492  0.00113004 -0.00166424     0.005376 -0.00634872   0.0110557  0.00124771 0.000728296 -0.00112931  1.80891 0.297993 -9.63575 9.89978
-0.165121   1.34735   3.53785   0.244951 -0.0893419 -0.0131755  0.300198 0.0576286   1.71122 -0.0025407 -0.0148128  0.0430984 -0.00161167  0.00518113 -0.00178614   0.00545432 -0.00636342   0.0112022  0.00124794  0.00072399 -0.00112988  1.80889 0.298045 -9.63575 9.9005
-0.12277  1.45045  3.78116   0.244613 -0.0891927 -0.0135353 0.300772  0.06049  1.71206 -0.0025492 -0.0148065  0.0430852  -0.0022316  0.00550352 -0.00421007     0.005315 -0.00664938   0.0104787  0.00125009 0.000724003 -0.00112667  1.80886 0.298041 -9.63578 9.90102
-0.248049    1.4491   4.01916   0.244708 -0.0900188 -0.0140093  0.293104 0.0602737   1.71152 -0.00255616  -0.0148424   0.0431069 -0.000128454  -6.3263e-06  -0.00639945   0.00570228 -0.00661564  0.00976537  0.00124951 0.000730042 -0.00112236  1.80889 0.297968  -9.6358 9.90198
-0.348763   1.37585   3.95884   0.244728 -0.0896039 -0.0147859  0.295902 0.0607043   1.71192 -0.00255483  -0.0148269   0.0430984 0.00114588 0.00292196 -0.0104299   0.00597939 -0.00638656  0.00995199  0.00124798 0.000727296 -0.00111446  1.80889 0.297999 -9.63587 9.90286
-0.262243   1.40355   3.52081   0.245405 -0.0888817 -0.0147983  0.300436 0.0549953   1.71117 -0.00253719  -0.0148068   0.0431042  0.00658531  0.00711682 -0.00988889  0.00560325 -0.0064497  0.0113034  0.00124198 0.000722973  -0.0011156  1.80894 0.298061 -9.63586 9.90385
-0.214013   1.54757   3.41683   0.245568 -0.0883465  -0.015245  0.303619 0.0547022   1.71136 -0.00253622  -0.0147907   0.0430953 0.00790019  0.0098305 -0.0117939   0.00539887 -0.00687511   0.0116197  0.00124061 0.000720453  -0.0011122  1.80894 0.298093 -9.63588 9.90456
-0.150777   1.45031   3.78281   0.245645 -0.0880215 -0.0146418  0.304547 0.0546725   1.71244 -0.00253685  -0.0147855   0.0430923  0.00786427   0.0103867 -0.00770547  0.00521891  -0.006592  0.0105615  0.00124264 0.000719907 -0.00112234  1.80893 0.298101 -9.63581 9.90525
-0.25045  1.58189  4.03513   0.245928 -0.0887964 -0.0154426   0.29623 0.0555108   1.71179 -0.00254737  -0.0148224    0.043112  0.0099093 0.00418158 -0.0110905    0.0055441 -0.00691676  0.00988567  0.00124258 0.000726627 -0.00111587  1.80895 0.298019 -9.63585 9.9064
-0.255881   1.35327   3.99853    0.24604 -0.0889671 -0.0158439   0.29454 0.0562136   1.71142 -0.00255476  -0.0148304   0.0431145  0.0107526 0.00268242 -0.0126414    0.0054853 -0.00622236   0.0099904  0.00124318 0.000727972 -0.00111278  1.80895    0.298 -9.63588 9.90685
0.00191875    1.40197    3.56837   0.245699 -0.0883954 -0.0161185  0.299524 0.0604501   1.71119 -0.00256929  -0.0148092   0.0430847  0.0079525 0.00593276 -0.0131898  0.00473189 -0.0063729  0.0111644  0.00124743 0.000725044   -0.001113  1.80889 0.298029 -9.63588 9.90757
-0.0201983    1.52089    3.49497   0.245502 -0.0878231 -0.0159051  0.303541 0.0628182   1.71174 -0.0025787 -0.0147909  0.0430629   0.006462 0.00840095 -0.0109962   0.00476571 -0.00672923    0.011366  0.00125069 0.000722332 -0.00111888  1.80885 0.298059 -9.63584 9.90822
-0.138964   1.51579   3.81255    0.24535 -0.0880344  -0.015845   0.30088 0.0651428   1.71231 -0.00258872  -0.0147999   0.0430621  0.00579674  0.00625517 -0.00989809   0.00512704 -0.00670999   0.0104263    0.001254 0.000724698 -0.00112272  1.80883 0.298026 -9.63581 9.90848
-0.278711   1.58139   4.18699   0.245566 -0.0891225 -0.0164898  0.291209 0.0660998   1.71178 -0.00260495  -0.0148414   0.0430809 0.00802361 -0.0011639 -0.0120036   0.00560427 -0.00687602  0.00937274  0.00125466 0.000732469 -0.00111869  1.80885 0.297932 -9.63583 9.90977
-0.269216   1.36595   3.96892   0.245215 -0.0889788 -0.0160832  0.293252 0.0693468   1.71173 -0.00261491  -0.0148303    0.043069   0.0053268 0.000154649 -0.00907899   0.00557346 -0.00630513  0.00997443  0.00125977 0.000731293 -0.00112618   1.8088 0.297938 -9.63578 9.91032
-0.189399   1.34103     3.555   0.245323 -0.0882442  -0.016054  0.298787 0.0688927   1.71155 -0.00261464  -0.0148084   0.0430556  0.00590284  0.00493771 -0.00825988   0.0052907 -0.0062438  0.0110968  0.00125961 0.000726979  -0.0011285  1.80878  0.29799 -9.63576 9.91107
-0.217083   1.38772   3.47679   0.245751 -0.0883167 -0.0159779  0.297446 0.0661657   1.71105 -0.00260543  -0.0148142   0.0430669  0.00863066   0.0042722 -0.00742263   0.00532755 -0.00635399   0.0113097  0.00125721 0.000727736 -0.00113037  1.80881 0.297985 -9.63575 9.91151
-0.14199  1.47973  3.80225   0.245127 -0.0878211 -0.0155026  0.301356 0.0716997   1.71273 -0.00262022  -0.0147898   0.0430372  0.00379451  0.00701842 -0.00452162   0.00510184 -0.00662371   0.0103578  0.00126405 0.000725667 -0.00113844  1.80874 0.298002 -9.63569 9.91243
-0.255955   1.55271   4.09026   0.245509 -0.0890952 -0.0157154  0.290201 0.0706983   1.71161 -0.00263053  -0.0148415   0.0430685  0.00720095 -0.00144826 -0.00534949    0.0054646 -0.00678611  0.00956748   0.0012635 0.000734363 -0.00113756  1.80878 0.297902 -9.63569 9.91378
-0.308464   1.38747   4.03033   0.245343 -0.0889347 -0.0165304   0.29183 0.0735969   1.71189 -0.00264025  -0.0148297   0.0430551    0.0064651 -0.000158921  -0.00948594   0.00556076 -0.00634897  0.00972813  0.00126492 0.000733166 -0.00112951  1.80875 0.297909 -9.63575 9.91463
-0.0608404    1.29873    3.61565   0.245387 -0.0889205 -0.0169942  0.292384 0.0744994   1.71086 -0.00264441  -0.0148308   0.0430513   0.00668127 -1.42347e-05   -0.0114978   0.00487728 -0.00611155   0.0108699  0.00126546 0.000733139 -0.00112637  1.80875 0.297908 -9.63578 9.91509
-0.00501225     1.36755     3.48828     0.2452 -0.0880969 -0.0170282  0.298706 0.0763738   1.71159 -0.00265179   -0.014804   0.0430252 0.00489307 0.00427548 -0.0107333  0.00466567 -0.0063055  0.0112346  0.00126733 0.000728609 -0.00112835  1.80871 0.297959 -9.63576 9.91594
-0.0623814     1.5452    3.72548   0.244761 -0.0882684 -0.0165101  0.297549 0.0801376   1.71219 -0.00266497  -0.0148054   0.0430142  0.00184186  0.00245472 -0.00716275   0.00486088 -0.00683117    0.010517  0.00127272 0.000730252 -0.00113732  1.80866 0.297935  -9.6357 9.91664
-0.169567   1.68255   3.95142   0.245016 -0.0888051 -0.0169129  0.292722 0.0796855   1.71184 -0.00266603  -0.0148264   0.0430297  0.00534367 -0.00165732 -0.00871714   0.00510814 -0.00715544  0.00989772  0.00127156 0.000733736 -0.00113522  1.80869 0.297897 -9.63571 9.91736
-0.283268   1.43947   4.02177   0.244463 -0.0887792 -0.0182903  0.293701 0.0859449   1.71251 -0.0026878 -0.0148116  0.0430057  0.00266247 -0.00126483  -0.0154545   0.00538418 -0.00652374  0.00968928  0.00127531 0.000733301 -0.00112186  1.80864 0.297887 -9.63581 9.91884
-0.219959     1.388   3.58372   0.244473  -0.088916 -0.0186454  0.293241 0.0864901   1.71128 -0.00269098  -0.0148169   0.0430061  0.00374619 -0.00179162  -0.0163715    0.0051801 -0.00637285   0.0109472  0.00127594 0.000733834 -0.00112112  1.80863 0.297879 -9.63582 9.91922
-0.21943  1.29528  3.47783   0.245135  -0.088668 -0.0184295 0.294683 0.081217  1.71109 -0.00267444  -0.0148106   0.0430161   0.0083304 0.000305861  -0.0140629   0.00516096 -0.00609437   0.0112421  0.00127163 0.000732075 -0.00112576  1.80868 0.297908 -9.63578 9.91996
-0.115905   1.37791   3.76502   0.245279 -0.0890787 -0.0179972   0.29165 0.0807896   1.71125 -0.00267388  -0.0148238   0.0430274  0.00887702 -0.00198749  -0.0107719   0.00491752 -0.00631436   0.0104193  0.00127285 0.000734697 -0.00113356  1.80868  0.29788 -9.63572 9.92058
-0.26635  1.66194  4.05667   0.245406 -0.0892156 -0.0177481  0.291351 0.0818794   1.71197 -0.00267895   -0.014824   0.0430243  0.00946086 -0.00229342 -0.00804062   0.00524912 -0.00701071  0.00963783  0.00127475 0.000735365 -0.00114038  1.80867 0.297873 -9.63567 9.92089
-0.259792   1.38455   3.97121     0.2457  -0.089117 -0.0171903   0.29229 0.0803057   1.71186 -0.00267504  -0.0148238   0.0430284    0.0111155 -0.000905298  -0.00489192   0.00520429 -0.00627108  0.00986745  0.00127505 0.000734435 -0.00114783  1.80867 0.297885 -9.63562 9.92153
-0.335779   1.36555   3.62879   0.245303 -0.0891669 -0.0170903  0.292862 0.0849577   1.71129 -0.00269029  -0.0148244   0.0430156   0.00758942 -0.000967531  -0.00409916  0.00540238 -0.0062318  0.0108121  0.00128037  0.00073456 -0.00115084  1.80861 0.297874  -9.6356 9.92194
-0.279757   1.29471   3.43306    0.24591 -0.0882224 -0.0167151  0.299333 0.0803443   1.71171 -0.00267817  -0.0147975   0.0430114   0.0109812  0.00530404 -0.00201875   0.00518043 -0.00602518   0.0113462  0.00127644 0.000729082 -0.00115492  1.80864 0.297945 -9.63557 9.92312
-0.19281  1.37849   3.7706   0.246056 -0.0881343 -0.0163529  0.299221 0.0801782   1.71248 -0.00267772  -0.0147985   0.0430131    0.0110869    0.0050749 -0.000126042   0.00496445 -0.00624564   0.0103982  0.00127709 0.000729363 -0.00115961  1.80864 0.297944 -9.63553 9.92352
-0.321611   1.65502   4.12196   0.246295 -0.0879278 -0.0163505 0.299579 0.081604  1.71338 -0.00268092  -0.0147938   0.0430071    0.0119794   0.00549405 -0.000673737  0.00528835 -0.0069509 0.00942703  0.00127792 0.000729302 -0.00116028  1.80863 0.297945 -9.63553 9.92384
-0.31275  1.25984  4.03422   0.246394 -0.0874424 -0.0162899   0.30243 0.0821898    1.7137 -0.0026857 -0.0147827  0.0429988    0.0116909   0.00838836 -0.000719871   0.00525403 -0.00592383  0.00966632  0.00127888  0.00072699 -0.00116031  1.80861 0.297968 -9.63553 9.92434
-0.164983   1.24455   3.68638     0.2462 -0.0877249 -0.0158313   0.30027 0.0849709   1.71249 -0.00269316  -0.0147941       0.043  0.0090855 0.00584718 0.00158234   0.00478979 -0.00588216   0.0106146  0.00128307 0.000729367 -0.00116636  1.80858 0.297936 -9.63548 9.92491
-0.183243   1.28567    3.4628   0.245932 -0.0881568 -0.0155329  0.297148 0.0886387   1.71165 -0.00270231  -0.0148118   0.0430012 0.00655794 0.00278663  0.0024716   0.00481245 -0.00599216   0.0112311  0.00128752 0.000732399 -0.00117035  1.80855 0.297895 -9.63545 9.9255
-0.0623566    1.46244    3.73615   0.245293 -0.0871299 -0.0149949  0.305061 0.0937236   1.71383 -0.00271373  -0.0147734   0.0429573 0.00212134 0.00821455 0.00507343   0.00440744 -0.00649195   0.0104358  0.00129296  0.00072745 -0.00117675  1.80848 0.297948 -9.63541 9.92682
-0.201847   1.54826   4.17263   0.245221 -0.0867739 -0.0139669  0.305757 0.0943178    1.7151 -0.00271577  -0.0147666   0.0429521 0.00286878 0.00856969 0.00930132   0.00476903 -0.00669388  0.00925892  0.00129533 0.000727037 -0.00118675  1.80846 0.297952 -9.63533 9.92791
-0.35919  1.24683  4.13952   0.244594 -0.0866107 -0.0144104 0.306515 0.100381  1.71552 -0.00273706  -0.0147526   0.0429336 -0.000736277   0.00904412   0.00537514   0.00517563 -0.00594749  0.00932964  0.00130016 0.000726739 -0.00118022   1.8084  0.29794 -9.63538 9.9287
-0.185014   1.16128   3.76683   0.244428 -0.0867279  -0.014479 0.305158 0.101925  1.71435 -0.00274347  -0.0147609   0.0429341 -0.0014055 0.00781632 0.00429374   0.00468411 -0.00572173    0.010331  0.00130167 0.000728181 -0.00117875  1.80839 0.297921 -9.63539 9.92891
-0.0617745    1.15007     3.5071   0.244486 -0.0863012 -0.0142631 0.307352 0.101062  1.71399 -0.0027413 -0.0147534  0.0429297 -0.000751365   0.00936125   0.00471508   0.00428618 -0.00568465   0.0110433  0.00130105 0.000726656 -0.00118006   1.8084 0.297941 -9.63539 9.9294
-0.108033   1.31231   3.78407    0.24452 -0.0864595 -0.0143186 0.304914 0.100935  1.71428 -0.00274263  -0.0147635   0.0429376 0.000188665  0.00754219  0.00379071   0.00446541 -0.00612297   0.0102629  0.00130061  0.00072845 -0.00117893  1.80841 0.297922 -9.63539 9.92957
-0.282436   1.47487   4.02975    0.24433 -0.0860874 -0.0132077 0.305765 0.101832  1.71514 -0.00274589  -0.0147581   0.0429315 -0.000493249    0.0079391   0.00857306   0.00487402 -0.00651388  0.00960378  0.00130344 0.000727803 -0.00119056  1.80838 0.297929 -9.63531 9.93075
-0.273657   1.32183   4.04156   0.244164 -0.0858875 -0.0129846 0.306719 0.103159  1.71537 -0.00274967  -0.0147551   0.0429269 -0.000896737   0.00851627   0.00835911   0.00483279 -0.00614292  0.00957597  0.00130486  0.00072755 -0.00119117  1.80837 0.297929  -9.6353 9.9311
-0.14035  1.36816  3.71659   0.244418  -0.085762 -0.0124873 0.306785 0.100707  1.71444 -0.00274331  -0.0147569   0.0429345 0.00123929 0.00844758  0.0102444   0.00444451 -0.00624894   0.0104459  0.00130337 0.000727512 -0.00119515  1.80839 0.297934 -9.63527 9.93167
-0.298599   1.41743   3.39436   0.244439 -0.0855616 -0.0121819 0.307155 0.100765  1.71376 -0.00274534  -0.0147581   0.0429344  0.0017948 0.00887481  0.0107209   0.00481298 -0.00637254   0.0113459   0.0013037  0.00072712 -0.00119648  1.80838 0.297936 -9.63526 9.93203
-0.136645   1.40582   3.76197   0.244767 -0.0852951  -0.012269  0.307401 0.0984386   1.71458 -0.00273854  -0.0147586   0.0429405 0.00493197 0.00948668 0.00899343   0.00439307 -0.00633369   0.0102935  0.00130072 0.000726768 -0.00119291  1.80841 0.297947 -9.63529 9.93247
-0.177872   1.53219   4.04137   0.245127 -0.0855298 -0.0123938  0.303445 0.0974854   1.71452 -0.0027389 -0.0147756  0.0429538 0.00817237 0.00613544 0.00685131  0.00450512 -0.0066202 0.00957963  0.00129904 0.000729534 -0.00118875  1.80843 0.297919 -9.63532 9.93291
-0.269627   1.27906   3.99457      0.245 -0.0855067 -0.0125608 0.303047 0.100248  1.71451 -0.0027492 -0.0147742  0.0429479 0.00710419 0.00552356 0.00454224   0.00470135 -0.00598434  0.00968056  0.00130127 0.000729887 -0.00118529  1.80841 0.297907 -9.63534 9.93312
-0.255538   1.23989    3.6834    0.24468 -0.0856619 -0.0120805 0.302067  0.10334   1.7137 -0.00275854  -0.0147813   0.0429451 0.00427726 0.00453187 0.00610953   0.00463347 -0.00588447   0.0104825  0.00130546  0.00073111 -0.00119059  1.80838 0.297888 -9.63531 9.93372
-0.137396   1.30053   3.44712   0.244471 -0.0853429 -0.0117414 0.303958 0.105914   1.7136 -0.00276511  -0.0147761   0.0429344  0.0025201 0.00607336 0.00706313   0.00425323 -0.00603721   0.0111104  0.00130796 0.000730106 -0.00119344  1.80835 0.297897 -9.63529 9.93423
-0.0918953    1.33421    3.74792   0.244055  -0.085669 -0.0124104  0.30132 0.110564  1.71403 -0.0027789  -0.014783  0.0429282 0.000104991  0.00377912  0.00287005   0.00412789 -0.00611894   0.0102822  0.00131077 0.000732538  -0.0011855  1.80832 0.297864 -9.63534 9.93509
-0.177681   1.40877   3.92961   0.244266 -0.0858865 -0.0124829 0.298686 0.109305  1.71397 -0.00277747  -0.0147946   0.0429383 0.00270126 0.00186095 0.00159764   0.00429875 -0.00627527  0.00983015  0.00130931 0.000734258 -0.00118382  1.80834 0.297847 -9.63536 9.9354
-0.320333   1.31058   4.08703   0.243648 -0.0854348 -0.0131351 0.302127 0.115231  1.71523 -0.00279021  -0.0147704   0.0429145 -0.000804929     0.004446  -0.00255134   0.00460446 -0.00602713   0.0094234  0.00131327 0.000732007 -0.00117696  1.80829  0.29786 -9.63541 9.9364
-0.227541   1.29291   3.69169   0.244386 -0.0855898  -0.013212 0.300145 0.109449  1.71374 -0.00277545  -0.0147802   0.0429335  0.00488157  0.00314006 -0.00269396   0.00435738 -0.00596326   0.0104295  0.00130779 0.000732911 -0.00117545  1.80835 0.297858 -9.63542 9.93716
-0.0187703    1.25639    3.53957   0.244168 -0.0856545 -0.0130309 0.299829 0.111825  1.71331 -0.00278139  -0.0147837   0.0429301  0.00319688  0.00212244 -0.00186825   0.00377814 -0.00586555   0.0108081  0.00131075 0.000733744 -0.00117847  1.80832 0.297847  -9.6354 9.93745
-0.00578109     1.32903     3.82704   0.244318  -0.085681 -0.0141404 0.298957 0.111498  1.71368 -0.00278213  -0.0147879    0.042931  0.00479103  0.00137726 -0.00772747    0.0037386 -0.00603979   0.0100272  0.00130839 0.000734131 -0.00116639  1.80834 0.297844 -9.63549 9.93857
-0.24375   1.4635  4.01764   0.244425 -0.0861799 -0.0138103 0.295161 0.111634  1.71355 -0.00278758  -0.0148026   0.0429386  0.00553445 -0.00217978 -0.00511386   0.00438195 -0.00636516  0.00954109  0.00130984 0.000736857 -0.00117283  1.80834 0.297813 -9.63544 9.93918
-0.305689   1.27739   4.10654   0.244111 -0.0857487 -0.0138681 0.298832 0.114808  1.71458 -0.00279308  -0.0147837   0.0429239  0.00322594  0.00120841 -0.00560543  0.00453043 -0.0059047 0.00931382  0.00131291 0.000734311 -0.00117367   1.8083 0.297834 -9.63543 9.93972
-0.143436   1.32874   3.69748    0.24451 -0.0865042 -0.0142432 0.293611 0.112715  1.71252 -0.00278957   -0.014805   0.0429411  0.00578717 -0.00319272 -0.00673467   0.00409466 -0.00602456   0.0104368  0.00131058 0.000738126 -0.00117012  1.80833 0.297796 -9.63546 9.94065
-0.215113   1.39361   3.41845    0.24474 -0.0862696 -0.0143866 0.295723 0.111909  1.71226 -0.00278905  -0.0147976   0.0429387  0.00771303 -0.00125236 -0.00776161   0.00419805 -0.00617708   0.0111214  0.00130973 0.000736472 -0.00117011  1.80834 0.297814 -9.63546 9.94101
-0.116386   1.33599   3.74791   0.245184  -0.086331 -0.0150893 0.294882  0.10977  1.71275 -0.00278384   -0.014802   0.0429456   0.0107322 -0.00171282  -0.0112118   0.00395938 -0.00601025   0.0102765  0.00130641 0.000736791 -0.00116308  1.80837 0.297816 -9.63551 9.94184
-0.193628   1.48184   3.86337   0.245464 -0.0866032 -0.0143493 0.293359 0.109153  1.71275 -0.00278547  -0.0148088   0.0429506   0.0115723 -0.00300781 -0.00623629   0.00410896 -0.00634134  0.00998601  0.00130822 0.000738087 -0.00117498  1.80836 0.297803 -9.63542 9.94268
-0.321523   1.29734   4.07319   0.245508 -0.0861114  -0.014348 0.297178 0.110529  1.71401 -0.0027861 -0.0147917  0.0429404   0.0109684 0.000193258 -0.00594436   0.00441594 -0.00589649  0.00947949  0.00130974 0.000735175 -0.00117658  1.80834 0.297831 -9.63541 9.94317
-0.318354   1.35844   3.68862   0.245584 -0.0867077 -0.0144413 0.293533 0.111558  1.71252 -0.00279063  -0.0148069   0.0429454    0.010805 -0.00325245 -0.00591419   0.00439052 -0.00604777   0.0104496  0.00131091 0.000738045 -0.00117683  1.80834 0.297798 -9.63541 9.94378
-0.0848216    1.53952     3.4292   0.244951 -0.0872952  -0.014872 0.291141 0.118954  1.71165 -0.00280846  -0.0148201   0.0429286  0.00639599 -0.00555404 -0.00814702  0.00375752 -0.0064865  0.0110738  0.00131716  0.00074108 -0.00117484  1.80828 0.297757 -9.63542 9.94474
-0.0699179    1.45429    3.68241   0.244613  -0.087452 -0.0150152 0.290671 0.122457  1.71216 -0.00281779  -0.0148194   0.0429193  0.00419473  -0.0063181 -0.00824888   0.00373473 -0.00626965   0.0104154  0.00132037 0.000741578  -0.0011751  1.80825 0.297747 -9.63542 9.94514
-0.139167   1.51965   3.84766   0.244691 -0.0881491 -0.0146664 0.287219 0.122829  1.71191 -0.0028217 -0.0148319  0.0429268  0.00521319 -0.00960769 -0.00553594   0.00389325 -0.00641107   0.0100148  0.00132203 0.000744242 -0.00118182  1.80825 0.297718 -9.63537 9.94593
-0.313523   1.27312   4.21463   0.244465 -0.0882667 -0.0147245 0.288061 0.125488  1.71309 -0.00282864  -0.0148223   0.0429203  0.00373269 -0.00914615 -0.00577101   0.00432644 -0.00580901  0.00910125  0.00132478 0.000743561 -0.00118288  1.80822 0.297719 -9.63536 9.94619
-0.224239    1.2652   3.75524   0.244334 -0.0881071 -0.0146805 0.290497   0.1267  1.71247 -0.00283238  -0.0148163   0.0429132  0.00282185 -0.00740768 -0.00533788   0.00407575 -0.00579803   0.0102652  0.00132624 0.000742087 -0.00118452   1.8082 0.297732 -9.63535 9.9464
-0.053637     1.293   3.57292   0.243778 -0.0886029 -0.0149322 0.289163 0.132238  1.71197 -0.00284516  -0.0148252   0.0429078 -0.000601244  -0.00972178  -0.00632713   0.00361257 -0.00587159   0.0107405  0.00133086 0.000744044 -0.00118388  1.80817 0.297705 -9.63536 9.94719
-0.117391   1.32319    3.6934   0.244057 -0.0883995 -0.0153732 0.291115 0.130096  1.71255 -0.00283959   -0.014818   0.0429073  0.00205714 -0.00785428 -0.00822305  0.00378989 -0.0059421  0.0104356  0.00132788 0.000742249 -0.00117954  1.80819 0.297727 -9.63539 9.94775
-0.145661   1.44788   3.91088   0.244073 -0.0887424  -0.014759  0.29015 0.129822  1.71286 -0.00284056  -0.0148212   0.0429099  0.00272157 -0.00859787 -0.00448775   0.00382472 -0.00621816   0.0098982   0.0013295 0.000743151 -0.00118913  1.80818 0.297719 -9.63532 9.94845
-0.327754   1.35393   4.07324   0.244233 -0.0887816 -0.0154377 0.290811 0.130052   1.7134 -0.00283974  -0.0148166   0.0429087  0.00439854   -0.007556 -0.00752461   0.00426442 -0.00597933  0.00950053  0.00132798 0.000742071 -0.00118259  1.80819  0.29773 -9.63537 9.94915
-0.290324   1.21742   3.78873   0.244507  -0.088216 -0.0159897 0.295271 0.128408   1.7135 -0.00283709  -0.0148017   0.0429024  0.00650876 -0.00359955  -0.0104497   0.00414994 -0.00564192   0.0102193  0.00132538 0.000738573 -0.00117677   1.8082 0.297768 -9.63541 9.94998
-0.0921405    1.19027    3.53771   0.244206 -0.0884382 -0.0159639 0.294849 0.131639  1.71287 -0.00284434  -0.0148071   0.0428989   0.0037488 -0.00465379 -0.00962306   0.00365255 -0.00557944   0.0108362  0.00132906 0.000739498 -0.00118002  1.80817 0.297755 -9.63539 9.95036
0.0750313   1.40286   3.62653   0.244429 -0.0879324 -0.0158183 0.298744 0.129793  1.71362 -0.0028392 -0.0147911  0.0428925  0.00538775 -0.00199392 -0.00809411   0.00324415 -0.00611057   0.0105972  0.00132763  0.00073691 -0.00118312  1.80817 0.297787 -9.63537 9.95093
-0.145229    1.4885   3.89391   0.244167 -0.0881332 -0.0147975 0.298053 0.132196  1.71425  -0.002848 -0.0147906  0.0428855  0.00377869 -0.00286949 -0.00250226   0.00373327 -0.00629973  0.00995413  0.00133263 0.000737802 -0.00119788  1.80814 0.297774 -9.63526 9.952
-0.28818   1.3318  4.13868   0.244395  -0.088349 -0.0144382 0.296731 0.130973  1.71455 -0.00284696  -0.0147968   0.0428919   0.00566618  -0.00344499 -0.000569817   0.00404965 -0.00591293  0.00937277  0.00133268 0.000738462 -0.00120236  1.80814 0.297768 -9.63523 9.95248
-0.313988   1.37442   3.74761   0.243948 -0.0884945 -0.0145309 0.296893 0.135313  1.71385  -0.002859 -0.0147965  0.0428807  0.00251861 -0.00390934 -0.00100434   0.00407706 -0.00602481   0.0103283   0.0013365 0.000738854 -0.00120233  1.80811 0.297757 -9.63523 9.95296
-0.334901    1.5193   3.46951   0.243226 -0.0884871 -0.0148063 0.298336  0.14174   1.7137 -0.00287596  -0.0147947   0.0428585 -0.00158656 -0.00309108 -0.00259483   0.00406559 -0.00637075   0.0109684  0.00134163 0.000738633 -0.00120081  1.80806 0.297751 -9.63524 9.95373
-0.297729   1.44293   3.61576   0.243613 -0.0881929 -0.0148532 0.300074 0.138328  1.71422 -0.00286738  -0.0147888   0.0428636  0.00204117 -0.00101768  -0.0030489   0.00396692 -0.00616722    0.010607  0.00133848 0.000737012 -0.00119993  1.80808 0.297773 -9.63525 9.95422
-0.186465   1.42827    3.9001   0.243634 -0.0881702 -0.0143153 0.300337 0.138033  1.71482 -0.00286685  -0.0147877   0.0428638   0.00286238 -0.000512641 -0.000239895   0.00372671 -0.00612541  0.00994071  0.00133961 0.000737047 -0.00120688  1.80807 0.297775  -9.6352 9.95476
-0.248859   1.29445   4.00441   0.244066 -0.0878712 -0.0142709 0.301897 0.135058  1.71525 -0.00285907  -0.0147855   0.0428664   0.00605005   0.00110306 -0.000180177   0.00386046 -0.00579707  0.00968843  0.00133702 0.000735509 -0.00120662  1.80809 0.297795  -9.6352 9.95529
-0.275874   1.30926   3.85967   0.243684 -0.0879702 -0.0143127 0.301295 0.138674  1.71496 -0.00286841  -0.0147842   0.0428597   0.00317516  0.000651059 -0.000703044   0.00389968 -0.00583628   0.0100147  0.00134036 0.000736014 -0.00120703  1.80806 0.297783  -9.6352 9.95568
-0.232259   1.33398   3.55185   0.244353  -0.087732 -0.0138423 0.302427 0.133581  1.71435 -0.00285634  -0.0147807    0.042868 0.00762315 0.00219314 0.00117929   0.00377787 -0.00588639   0.0107173  0.00133687 0.000734877 -0.00121158   1.8081 0.297802 -9.63516 9.95654
-0.214326    1.2791   3.63545   0.244458  -0.087767 -0.0138977 0.301916 0.133732  1.71445 -0.00285683  -0.0147823   0.0428689 0.00797714 0.00237484 0.00044539   0.00373831 -0.00575214   0.0104976   0.0013369 0.000735228 -0.00121078   1.8081 0.297798 -9.63517 9.95666
-0.12642  1.42368  3.91759   0.244239 -0.0876566 -0.0134212 0.302628 0.136513  1.71523 -0.00286321  -0.0147757   0.0428597 0.00588961 0.00262858 0.00281301   0.00353226 -0.00608073  0.00983722  0.00134025 0.000735304 -0.00121662  1.80807 0.297795 -9.63513 9.9572
-0.285573   1.28823   4.00215   0.244342 -0.0881002 -0.0141119 0.298743 0.138161  1.71487 -0.00287117   -0.014785   0.0428626   0.00692171 -0.000112487   -0.0019034   0.00388869 -0.00575739  0.00964456  0.00134018 0.000737515  -0.0012081  1.80807 0.297768 -9.63519 9.95802
-0.181502   1.22347   3.89273   0.244835 -0.0875157 -0.0145392 0.302138 0.135371  1.71507 -0.00286342  -0.0147755   0.0428589   0.0101331  0.00303696 -0.00433493   0.00362224 -0.00559206  0.00991765  0.00133642 0.000734763  -0.0012026   1.8081 0.297802 -9.63523 9.9589
-0.0185582     1.1277    3.55424   0.244566 -0.0875951 -0.0145566 0.301927 0.139016  1.71436 -0.00287195  -0.0147808   0.0428558  0.00732118  0.00159357 -0.00429427   0.00319418 -0.00537497   0.0106916  0.00134007 0.000735439 -0.00120411  1.80807  0.29779 -9.63522 9.95918
-0.0446495    1.39764    3.52157    0.24473 -0.0876984 -0.0149078 0.301086 0.138938  1.71415 -0.00287136  -0.0147826   0.0428587  0.00845444 0.000704563 -0.00611082   0.00323235 -0.00598547   0.0107548  0.00133915 0.000736033 -0.00120104  1.80807 0.297784 -9.63524 9.95958
-0.121425   1.38893   3.85369   0.244936 -0.0874234 -0.0141695 0.302672 0.137957  1.71515 -0.00286935  -0.0147774   0.0428576  0.00925681   0.0018892 -0.00166041   0.00340799 -0.00595824  0.00996221  0.00134026 0.000734951 -0.00121111  1.80807 0.297798 -9.63517 9.9604
-0.265723   1.30553   3.97699   0.245099  -0.087631 -0.0147676 0.30086  0.1394 1.71521 -0.00287453  -0.0147808    0.042857  0.00965953 0.000647464 -0.00507747   0.00374736 -0.00575766  0.00966053  0.00134035 0.000736027 -0.00120496  1.80807 0.297783 -9.63521 9.96105
-0.1461  1.3525 3.85969  0.244704 -0.086915  -0.01531 0.306254 0.143674  1.71612 -0.00288092  -0.0147591   0.0428346 0.00667264 0.00490719 -0.0077341    0.0034469 -0.00589288  0.00994068  0.00134267 0.000732842 -0.00120026  1.80803  0.29781 -9.63525 9.96203
-0.0458427    1.34235    3.52012   0.245454 -0.0868344 -0.0154664 0.305799 0.138989  1.71515 -0.00286993  -0.0147604   0.0428464   0.0117057   0.0046818 -0.00806231   0.00315487 -0.00585365   0.0107093  0.00133862 0.000732794  -0.0011993  1.80807 0.297817 -9.63525 9.9628
-0.199331   1.22386   3.50582   0.245724 -0.0864728 -0.0151177 0.307578 0.137613  1.71547 -0.0028675 -0.0147558   0.042847   0.012398 0.00630939 -0.0060669   0.00347592 -0.00557514    0.010728  0.00133855 0.000731317 -0.00120437  1.80807 0.297832 -9.63522 9.96337
-0.207287   1.35385   3.86187   0.245879 -0.0863611 -0.0146037 0.307359 0.137925  1.71618 -0.00286905  -0.0147566   0.0428469   0.0117629  0.00625628 -0.00282342   0.00350543 -0.00586828  0.00988892  0.00134024 0.000731698 -0.00121213  1.80806  0.29783 -9.63516 9.96392
-0.27869  1.39347  4.17011   0.246081 -0.0866689  -0.014689 0.304072 0.139427  1.71633 -0.00287656  -0.0147641   0.0428479   0.0122537   0.0037405 -0.00363416     0.003698 -0.00595449  0.00914895  0.00134163 0.000734072 -0.00121259  1.80805 0.297804 -9.63516 9.9643
-0.2292 1.30424 3.85888   0.245639 -0.0868056 -0.0148619 0.303693 0.144542  1.71576 -0.00288952  -0.0147616    0.042837  0.00849641   0.0029535 -0.00438534   0.00356628 -0.00574181  0.00990483  0.00134594 0.000734881 -0.00121202  1.80801 0.297787 -9.63516 9.96479
-0.159228   1.36497   3.56276   0.245811 -0.0870207 -0.0148492 0.302096 0.144625   1.7148 -0.00288972  -0.0147677   0.0428401  0.00879921  0.00131977 -0.00390956  0.00335885  -0.005883  0.0106064  0.00134633 0.000736137 -0.00121331  1.80801 0.297774 -9.63515 9.96507
-0.256477   1.13801   3.43619   0.246159  -0.087207 -0.0144804 0.300545 0.142697  1.71423 -0.00288534  -0.0147748   0.0428483   0.0102612 0.000259929 -0.00252838   0.00356005 -0.00533187   0.0109042  0.00134597 0.000736894 -0.00121791  1.80802 0.297767 -9.63512 9.96561
-0.121428   1.41674   3.76727   0.245706 -0.0868075 -0.0137912 0.303895 0.147233   1.7156 -0.00289474  -0.0147589   0.0428284 0.00554735 0.00225521 0.00129575   0.00323982 -0.00597688   0.0101336  0.00135125 0.000735567  -0.0012277  1.80797 0.297777 -9.63505 9.96652
-0.263275   1.36015    4.0105    0.24614 -0.0870237 -0.0132974 0.301567 0.144964  1.71549 -0.00289268  -0.0147701    0.042839  0.00825738 0.000588702  0.00335042   0.00356677 -0.00583205  0.00956844  0.00135039 0.000736874 -0.00123258  1.80799 0.297768 -9.63502 9.96721
-0.213185   1.23864   3.97208   0.245981 -0.0868176 -0.0135675 0.303182 0.147609  1.71575 -0.00289756  -0.0147622   0.0428305 0.00700999 0.00141918 0.00137033   0.00344393 -0.00556722  0.00964771  0.00135177 0.000735917 -0.00122902  1.80797 0.297773 -9.63504 9.96759
-0.140576   1.37204   3.50982   0.245697 -0.0863582  -0.013756 0.306768 0.150928  1.71548 -0.00290666  -0.0147527   0.0428143  0.00506463  0.00387909 4.12723e-05   0.00324518 -0.00588742   0.0107398  0.00135402 0.000733981 -0.00122731  1.80795 0.297789 -9.63506 9.96816
-0.395008   1.42155   3.39986   0.245344 -0.0864834 -0.0139497 0.305799 0.154808  1.71527 -0.00291626  -0.0147586   0.0428062  0.00328282  0.00333123 -0.00130205   0.00384453 -0.00601032    0.010989  0.00135694 0.000734743 -0.00122604  1.80792 0.297775 -9.63506 9.96858
-0.0364438    1.39353     3.7715   0.245205 -0.0863061 -0.0136363 0.306666 0.156158   1.7161  -0.002919 -0.0147538  0.0428015  0.00289438  0.00407579 0.000276069   0.00307249 -0.00594467   0.0101475  0.00135885 0.000734731 -0.00123019  1.80791 0.297776 -9.63504 9.96897
-0.271134   1.33331   4.04944   0.245552 -0.0869358 -0.0138717 0.301073 0.154866  1.71572 -0.00292301   -0.014773   0.0428138   0.00577793 -0.000280493  -0.00160495   0.00364711 -0.00580026  0.00950048  0.00135743 0.000738044 -0.00122713  1.80793 0.297744 -9.63506 9.96973
-0.301789   1.32283   3.99869   0.244698 -0.0860892 -0.0146906 0.307706 0.162619  1.71714 -0.00293345  -0.0147408   0.0427856 0.000250959  0.00482923 -0.00614156   0.00367136 -0.00579383  0.00959231  0.00136185 0.000734097 -0.00121941  1.80787 0.297771 -9.63511 9.97118
-0.126822    1.3118   3.50222   0.244243  -0.086346 -0.0150736 0.306125 0.166723  1.71592 -0.00294315  -0.0147494   0.0427817 -0.00227714  0.00328156 -0.00782064   0.00327843 -0.00577881   0.0106768  0.00136497 0.000735692 -0.00121729  1.80785  0.29775 -9.63513 9.97183
-0.13047  1.19558  3.55852   0.244251 -0.0865582 -0.0149027 0.304321  0.16624   1.7157 -0.00294184  -0.0147557   0.0427874 -0.00208192  0.00221103 -0.00652993   0.00328403 -0.00551471    0.010547  0.00136542 0.000736855 -0.00122055  1.80785 0.297739  -9.6351 9.9721
-0.135036   1.31808    3.8776   0.243745 -0.0869183 -0.0147703 0.301966 0.169911  1.71602 -0.00295174  -0.0147588   0.0427844  -0.00503172 -0.000375336  -0.00546793   0.00329832 -0.00577311   0.0098437  0.00136918 0.000738892  -0.0012246  1.80782 0.297715 -9.63508 9.97274
-0.238344   1.50525   4.04494   0.243597 -0.0875948 -0.0152189 0.297464 0.170674  1.71558 -0.00295734  -0.0147714   0.0427902 -0.00507489   -0.004373 -0.00710649   0.00354277 -0.00616882  0.00947895  0.00136918 0.000741893 -0.00122166  1.80783 0.297685  -9.6351 9.97356
-0.255494   1.21489   3.97422   0.243044  -0.087508 -0.0156823 0.298981 0.174515  1.71588 -0.00296768  -0.0147633   0.0427804   -0.007831 -0.00340563 -0.00978367   0.00356217 -0.00558705  0.00961785  0.00137175  0.00074104 -0.00121803   1.8078 0.297686 -9.63512 9.97429
-0.129925   1.08972   3.60487   0.243903 -0.0876386 -0.0155809 0.29788 0.16657 1.71464 -0.00295121  -0.0147668   0.0427928 -0.00178777 -0.00353358 -0.00914297   0.00325978 -0.00529557   0.0104531  0.00136574 0.000741227 -0.00121908  1.80786 0.297694 -9.63511 9.97516
-0.102512   1.17265   3.48287   0.243831  -0.087091 -0.0152001 0.302078 0.166037  1.71513 -0.00295037  -0.0147546   0.0427853  -0.00298494 -0.000562899  -0.00622556   0.00316683 -0.00548736   0.0107386  0.00136638 0.000738614 -0.00122528  1.80785 0.297721 -9.63507 9.97583
-0.166452   1.24662   3.83106    0.24349 -0.0873236 -0.0143706 0.300764 0.167356  1.71564 -0.00295394   -0.014758   0.0427856 -0.00521314 -0.00251049 -0.00135606    0.0033105 -0.00565537  0.00995461  0.00136972 0.000739804 -0.00123667  1.80783 0.297708 -9.63499 9.97676
-0.262949   1.55249   4.01202    0.24349 -0.0879596 -0.0150575 0.296754 0.167736  1.71525 -0.00295598  -0.0147693   0.0427928 -0.00171864 -0.00611752 -0.00555679   0.00349574 -0.00628476  0.00956768  0.00136823 0.000742341 -0.00122988  1.80784 0.297684 -9.63504 9.97769
-0.256079   1.17948   4.00231   0.243445  -0.088231 -0.0153931 0.295651 0.168222  1.71503 -0.00296313  -0.0147734   0.0427931 -0.00066231 -0.00639537 -0.00694617   0.00345766 -0.00550863  0.00958035  0.00136834 0.000742956  -0.0012265  1.80784 0.297677 -9.63506 9.97813
-0.297243   1.23789   3.55715    0.24385 -0.0887731 -0.0150067 0.292651 0.164865  1.71349 -0.00295666  -0.0147847   0.0428059   0.0024919 -0.00884586 -0.00419019   0.00351785 -0.00562869   0.0105712  0.00136685 0.000744722 -0.00123165  1.80787 0.297663 -9.63502 9.97891
-0.455363   1.32893    3.3722   0.243902 -0.0884705 -0.0146802 0.295633 0.164342  1.71372 -0.00295851  -0.0147794   0.0428045  0.00360146 -0.00473754 -0.00242862   0.00384736 -0.00583415   0.0109659   0.0013673 0.000742667 -0.00123634  1.80786 0.297683 -9.63499 9.97936
-0.0368423    1.34551    3.78679   0.243414 -0.0883492 -0.0143874 0.297524 0.168284  1.71484 -0.00296595  -0.0147708   0.0427908   0.00120155  -0.00346428 -0.000907447   0.00297593 -0.00587612   0.0100716  0.00137119 0.000742325 -0.00124084  1.80782 0.297684 -9.63496 9.97994
-0.275133   1.42511    4.1292   0.243513 -0.0890384 -0.0151556 0.292762 0.169317  1.71449 -0.00297241  -0.0147814   0.0427956  0.00381127 -0.00614251 -0.00491894   0.00349445 -0.00602436  0.00936657   0.0013703 0.000744861 -0.00123286  1.80784 0.297658 -9.63501 9.98097
-0.243695   1.19332   4.04171   0.243001 -0.0888911 -0.0155318 0.295303 0.174057  1.71492 -0.00298187  -0.0147691   0.0427826 0.000574666 -0.00413651 -0.00657534   0.00339801 -0.00554726  0.00954827  0.00137352 0.000743653 -0.00123004   1.8078 0.297662 -9.63504 9.98163
-0.122743   1.02917   3.68759   0.243113 -0.0887991 -0.0154512 0.296434 0.173026  1.71434 -0.00298054  -0.0147694    0.042783  0.00156334 -0.00271786 -0.00656592   0.00310067 -0.00517518    0.010347  0.00137327 0.000742932 -0.00123174  1.80781  0.29767 -9.63502 9.98179
-0.0800244    1.13647    3.51766   0.243014 -0.0884952  -0.014976 0.299039 0.173306  1.71445 -0.00298042  -0.0147628   0.0427775  0.000380137 -0.000999834  -0.00380317   0.00295271 -0.00541094   0.0107423  0.00137477 0.000741526 -0.00123876  1.80779 0.297684 -9.63498 9.98237
-0.0475428    1.26585    3.78608   0.242937 -0.0880511 -0.0144833  0.30216 0.173115  1.71552 -0.00297863  -0.0147531   0.0427713 1.33248e-05  0.00127391 -0.00123534    0.0028956 -0.00569102   0.0101578  0.00137566 0.000739701 -0.00124525  1.80778 0.297703 -9.63493 9.98303
-0.325442    1.3396   4.10096   0.243054 -0.0886365 -0.0148033 0.297611 0.172998  1.71537 -0.00298372  -0.0147659   0.0427775   0.0018357 -0.00259663 -0.00289032   0.00347744 -0.00582665  0.00950421    0.001375 0.000742373  -0.0012422  1.80779 0.297677 -9.63495 9.98371
-0.218458   1.18699   4.05616   0.242682 -0.0884148 -0.0150137 0.299874 0.176211  1.71577 -0.0029887 -0.0147558  0.0427669 -0.000298941  -0.00082626  -0.00418342   0.00324733 -0.00551564  0.00960017  0.00137724 0.000741206 -0.00124071  1.80777 0.297684 -9.63496 9.98419
-0.0940103    1.16136    3.63368    0.24328 -0.0881265 -0.0147626 0.301667 0.171047  1.71507 -0.00297953  -0.0147524   0.0427729  0.00401684 0.000541272  -0.0028421   0.00292516 -0.00543823   0.0105529  0.00137378 0.000739798 -0.00124316   1.8078 0.297703 -9.63495 9.9849
-0.0612196    1.38593    3.37973   0.243611 -0.0878996 -0.0147413 0.302971 0.169074  1.71481 -0.00297675  -0.0147463   0.0427751  0.00624156  0.00134581 -0.00235343   0.00283503 -0.00594577   0.0111412   0.0013721 0.000738817 -0.00124375  1.80781 0.297715 -9.63494 9.9853
-0.0318236    1.27683    3.72926   0.243418 -0.0878289 -0.0151242 0.303397 0.171807  1.71562 -0.00298228  -0.0147433   0.0427676  0.00505734  0.00115065 -0.00456182   0.00277666 -0.00571956   0.0103916  0.00137353 0.000738711 -0.00124033   1.8078 0.297713 -9.63497 9.98574
-0.231037   1.36918   3.86542   0.243576 -0.0883299 -0.0153531 0.299701 0.172265   1.7153 -0.00298575   -0.014753   0.0427716  0.00617519  -0.0018647 -0.00557383   0.00318799 -0.00589984   0.0100874  0.00137374 0.000740975 -0.00123955   1.8078 0.297691 -9.63497 9.98631
-0.197265   1.27132    3.9686   0.243575 -0.0881618 -0.0156211 0.301074 0.173301  1.71578 -0.00298687  -0.0147477   0.0427673   0.00630126 -0.000129414  -0.00697623   0.0031142  -0.005696 0.00986573  0.00137419 0.000740138 -0.00123776  1.80779 0.297698 -9.63498 9.98663
-0.349824   1.03169   3.66804   0.243749 -0.0887617 -0.0151973 0.297134 0.172481  1.71449 -0.0029866 -0.0147635  0.0427769  0.00682969  -0.0029334 -0.00463481   0.00342984 -0.00517562   0.0105198  0.00137511 0.000742458 -0.00124346   1.8078 0.297675 -9.63494 9.98738
-0.293608    1.0627   3.39246   0.243988 -0.0882097 -0.0151293 0.301087 0.171208  1.71463 -0.00298593  -0.0147534   0.0427731   0.0074223  0.00140673 -0.00428512   0.00331115 -0.00524975   0.0111055  0.00137439 0.000739915   -0.001245   1.8078   0.2977 -9.63493 9.98799
-0.113288   1.27697   3.76049   0.243769 -0.0877139 -0.0155861 0.304382 0.174048   1.7159 -0.00298992  -0.0147416   0.0427603  0.00582413  0.00414487 -0.00684401   0.00293905 -0.00567805   0.0103595  0.00137548 0.000738254 -0.00124137  1.80778 0.297715 -9.63496 9.9887
-0.200008   1.42322   3.88695   0.243824  -0.087874 -0.0150566 0.302474  0.17454  1.71579 -0.002994 -0.014746 0.0427615  0.00599021  0.00194605 -0.00319416  0.00310797 -0.0059585   0.010099  0.00137751 0.000739546 -0.00124983  1.80777 0.297702  -9.6349 9.98925
-0.309075   1.15082   4.24321   0.243658   -0.08815 -0.0160147 0.300403 0.177889  1.71622 -0.00300671  -0.0147447   0.0427562  0.00472631 0.000393527 -0.00840836   0.00333415 -0.00540451   0.0093647 0.00137832 0.00074078   -0.00124  1.80776 0.297685 -9.63497 9.99026
-0.166611   1.11827   3.77254   0.243515 -0.0884311 -0.0161113 0.299084 0.179733  1.71507 -0.0030118 -0.0147506  0.0427558  0.00343039 -0.00112699 -0.00900297   0.00299972 -0.00533579   0.0103702  0.00138009 0.000741942  -0.0012409  1.80775 0.297672 -9.63496 9.99059
0.0635522   1.19983   3.48873   0.243367 -0.0889315 -0.0157723 0.296456 0.181225  1.71397 -0.00301251  -0.0147594   0.0427602  0.00173113 -0.00433364  -0.0063774   0.00248152 -0.00550912    0.011007  0.00138259 0.000744096 -0.00124721  1.80774 0.297651 -9.63492 9.99121
-0.0615226     1.2766     3.7093   0.242958 -0.0881655 -0.0161229 0.302098 0.184343  1.71556 -0.00301763  -0.0147427    0.042741  -0.00085131 -2.68584e-05  -0.00758789   0.00274434 -0.00567883   0.0105194  0.00138416 0.000740688 -0.00124493  1.80771  0.29768 -9.63494 9.99215
-0.135644   1.40448   3.89545   0.242681 -0.0884546 -0.0151413 0.300503 0.185554  1.71567 -0.00302376  -0.0147459   0.0427395 -0.00167612  -0.0025685  -0.0021097  0.00288646 -0.0059339  0.0101275  0.00138782 0.000742103 -0.00125876  1.80769 0.297665 -9.63484 9.99321
-0.217678   1.34735    4.0702   0.243014 -0.0884785 -0.0161451 0.300217 0.183587  1.71592 -0.00301975  -0.0147484   0.0427445  0.00251914 -0.00264093 -0.00753818    0.0030471 -0.00580754  0.00976034  0.00138408 0.000741777 -0.00124749  1.80772 0.297671 -9.63492 9.99427
-0.144383     1.262   3.72768     0.2431 -0.0877936 -0.0161792 0.305108 0.182732  1.71612 -0.00301895  -0.0147372   0.0427382  0.00353687  0.00138334 -0.00748944   0.00285736 -0.00562217   0.0104914  0.00138357 0.000738688 -0.00124802  1.80772   0.2977 -9.63491 9.99496
0.050963  1.08798  3.57652   0.242893 -0.0885846 -0.0160127 0.300185 0.185107  1.71491 -0.00302117  -0.0147533   0.0427496   0.0018001 -0.00339984 -0.00620187    0.0024198 -0.00524284    0.010815  0.00138658 0.000742092 -0.00125221   1.8077 0.297666 -9.63488 9.99579
0.105259  1.31484  3.66371   0.242505 -0.0884175 -0.0167871 0.301895 0.188917  1.71545 -0.00302828  -0.0147485   0.0427367 -0.000162266  -0.00253522  -0.00984851   0.00233825 -0.00573418   0.0106133  0.00138776 0.000741355 -0.00124532  1.80769  0.29767 -9.63493 9.99668
-0.103949   1.40825   3.88705   0.242605  -0.088923 -0.0159765 0.298806 0.187404  1.71532 -0.00302954   -0.014759   0.0427457  0.00140589 -0.00520708  -0.0048442   0.00277638 -0.00591087   0.0101463  0.00138914 0.000743256 -0.00125751  1.80769 0.297654 -9.63485 9.99764
-0.212659   1.26403   4.13573   0.242683 -0.0891624 -0.0159333 0.297817 0.187041  1.71562 -0.00303059  -0.0147617   0.0427481  0.00237815 -0.00568649 -0.00420158    0.0029926 -0.00560703  0.00962872  0.00138933 0.000743724 -0.00125916  1.80769  0.29765 -9.63484 9.99789
-0.131275   1.26792   3.70259   0.243086 -0.0888111  -0.016081 0.300661 0.183964  1.71522 -0.00302651  -0.0147552   0.0427487  0.00532109 -0.00319483 -0.00505516   0.00279156 -0.00561387   0.0105489  0.00138669 0.000741754  -0.0012574   1.8077 0.297671 -9.63485 9.99845
-0.114045   1.25514   3.44569   0.243632 -0.0880238 -0.0156603 0.306027 0.179621  1.71564 -0.00302132  -0.0147407    0.042748  0.00852435  0.00128406 -0.00262359   0.00273657 -0.00558529   0.0110701  0.00138443 0.000738177 -0.00126246  1.80772 0.297707 -9.63482 9.99949
-0.15275   1.2787  3.60094   0.243613 -0.0881112 -0.0161358 0.305342 0.181198  1.71587 -0.00302443  -0.0147413   0.0427455   0.0080451 0.000601281 -0.00509503   0.00281217 -0.00563277   0.0107269  0.00138461 0.000738618 -0.00125771  1.80771 0.297702 -9.63485 9.99998
-0.164311   1.34471    3.8128   0.243778 -0.0880844 -0.0149451 0.305528 0.180562  1.71627 -0.00302438  -0.0147431   0.0427474  0.00831174 0.000227992  0.00126786   0.00281792 -0.00575244   0.0102893   0.0013873 0.000738792 -0.00127347   1.8077 0.297701 -9.63474 10.0012
-0.251593   1.24449   4.10644   0.243817 -0.0881516  -0.014427 0.305049  0.18138  1.71678 -0.00302633  -0.0147428   0.0427475   0.00773689 -0.000492725   0.00382166   0.00299957 -0.00554824  0.00968429  0.00138915 0.000739143 -0.00127932  1.80769 0.297697  -9.6347 10.0017
-0.287518   1.21187   3.75298   0.244087 -0.0892648 -0.0143747 0.297846 0.180852  1.71476 -0.00302841  -0.0147619   0.0427569  0.00920003 -0.00634252  0.00321644   0.00306087 -0.00547463   0.0104291  0.00138897 0.000743578  -0.0012791   1.8077 0.297657  -9.6347 10.0028
-0.278954   1.26154   3.44875   0.243937 -0.0886779 -0.0142201 0.302854 0.183034  1.71515 -0.00303534   -0.014753    0.042747  0.00754098 -0.00191368  0.00334688   0.00300179 -0.00558156   0.0110903  0.00139087 0.000740721 -0.00128084  1.80768  0.29768 -9.63469 10.0035
-0.252574   1.30923   3.55573   0.243818 -0.0885624 -0.0140784 0.303995 0.184169  1.71563 -0.00303859  -0.0147506   0.0427423  0.00639326 -0.00077633  0.00384564   0.00293581 -0.00568322   0.0108434  0.00139236 0.000740251 -0.00128239  1.80767 0.297683 -9.63468 10.0037
-0.0864663    1.32531    3.79499   0.243511 -0.0883146 -0.0127944 0.306196 0.186795  1.71644 -0.00304264  -0.0147414   0.0427331  0.00358114 0.000488337    0.010041   0.00257477 -0.00571501   0.0103238  0.00139707 0.000739496   -0.001297  1.80763 0.297687 -9.63458 10.005
-0.33016  1.13919  4.11476   0.243635 -0.0884954 -0.0126133 0.304494 0.186689  1.71645  -0.003046 -0.0147445   0.042735   0.00458945 -0.000388535   0.00860863   0.00307356 -0.00535943  0.00968976    0.001397 0.000740209 -0.00129575  1.80763  0.29768 -9.63459 10.0053
-0.142676   1.27056   3.90098   0.243587 -0.0874386 -0.0134267 0.311312 0.187733  1.71731 -0.00304327  -0.0147235   0.0427186 0.00483843 0.00603605 0.00319198  0.00265661 -0.0056322  0.0101242  0.00139533 0.000735835 -0.00128486  1.80763 0.297718 -9.63466 10.0067
-0.0485279    1.54435    3.45489   0.243529 -0.0875435 -0.0133814 0.310341 0.189231  1.71626 -0.0030472 -0.0147267  0.0427158 0.00496366  0.0048599 0.00341938   0.00243932 -0.00620729   0.0110771  0.00139644 0.000736798 -0.00128538  1.80762 0.297709 -9.63466 10.0068
-0.0823316    1.48166    3.50067   0.242865 -0.0870429 -0.0137548 0.313748 0.195436  1.71715 -0.00305879  -0.0147204   0.0426952 0.00131592 0.00718298 0.00125001   0.00252921 -0.00608715   0.0109795  0.00140011 0.000735107 -0.00128164  1.80759 0.297718 -9.63469 10.0077
-0.114244    1.2857   3.81089   0.243052 -0.0870648 -0.0133381 0.312213 0.193996  1.71739 -0.00305794  -0.0147251   0.0427001 0.00368961 0.00600396 0.00245458   0.00257451 -0.00568239   0.0103528  0.00140013 0.000735935 -0.00128596  1.80759 0.297712 -9.63466 10.0082
-0.272624   1.21113   4.09322   0.242923 -0.0873061 -0.0130638 0.309578  0.19603  1.71753 -0.00306477  -0.0147282   0.0427013 0.00264174 0.00337971 0.00331722   0.00288726 -0.00552749  0.00978587  0.00140232 0.000737588 -0.00128891  1.80758 0.297694 -9.63464 10.0085
-0.0863741    1.18141    3.92359   0.243267 -0.0868218 -0.0134796 0.312326 0.193663   1.7176 -0.00305952  -0.0147245   0.0426976  0.00506122  0.00594052 0.000665636   0.00251514 -0.00546805   0.0101134  0.00139927 0.000735801 -0.00128258   1.8076 0.297714 -9.63468 10.0093
0.0517333    1.2474   3.51339    0.24311  -0.086602 -0.0132801 0.313515 0.195652  1.71711 -0.00306387  -0.0147234   0.0426926 0.00356061 0.00571123 0.00111158   0.0022254 -0.0055931  0.0109059  0.00140131 0.000735451 -0.00128544  1.80758 0.297715 -9.63466 10.0096
-0.123144   1.14717     3.465    0.24323 -0.0858662  -0.012744 0.317794 0.194251  1.71787 -0.00306351  -0.0147141   0.0426886 0.00369701 0.00940984 0.00359689   0.00258817 -0.00539266   0.0109993  0.00140148 0.000732659 -0.00129131  1.80758 0.297739 -9.63462 10.0105
-0.186887   1.25397   3.81899   0.243454 -0.0862686 -0.0128946 0.313305  0.19361  1.71766 -0.00306552  -0.0147262   0.0426954 0.00509239 0.00582193 0.00180552   0.00271001 -0.00559117   0.0102917  0.00140051   0.0007353 -0.00128862  1.80759 0.297718 -9.63464 10.011
-0.271473   1.08168   4.11133   0.243907 -0.0861188 -0.0122529 0.312686 0.190514    1.718 -0.00306091  -0.0147327   0.0427004 0.00702911 0.00551317 0.00463754   0.00288552 -0.00524361  0.00970357  0.00139967 0.000735451 -0.00129484   1.8076 0.297721  -9.6346 10.0118
-0.318371   1.21878   3.83801   0.243169 -0.0872219 -0.0126513 0.305828  0.19853  1.71648 -0.00307875  -0.0147432   0.0426949   0.00148337 -0.000821994   0.00185852   0.00296209 -0.00552792   0.0102496   0.0014048 0.000740214 -0.00129146  1.80757  0.29767 -9.63462 10.0132
-0.183674   1.38221   3.48519   0.242826 -0.0866774  -0.012353 0.310066 0.201015  1.71667 -0.00308649  -0.0147349    0.042682 -0.000312836   0.00258909   0.00273664   0.00265457 -0.00585879   0.0109552  0.00140725 0.000738176 -0.00129541  1.80755 0.297686 -9.63459 10.0139
-0.135502   1.35138   3.54525   0.242969  -0.087104 -0.0118722 0.306906 0.199722  1.71613 -0.00308492   -0.014743   0.0426896   0.00103596 -6.02004e-05   0.00509445   0.00258263 -0.00579868   0.0108365  0.00140746 0.000740115 -0.00130042  1.80755  0.29767 -9.63456 10.0146
-0.148845    1.2833    3.8701   0.242729 -0.0872898 -0.0123878  0.30571 0.202571  1.71656 -0.00309002  -0.0147423   0.0426868  0.000189179 -0.000874299    0.0015539    0.0026171 -0.00566761   0.0102013  0.00140814 0.000740863 -0.00129371  1.80755 0.297661  -9.6346 10.0152
-0.219245   1.14667   3.90926   0.243118 -0.0878834 -0.0126766 0.301611 0.200331   1.7158 -0.00308987  -0.0147547    0.042695  0.00369779 -0.00429249 -0.00104777  0.00273906 -0.0053983  0.0101283  0.00140588 0.000742998 -0.00128925  1.80757 0.297645 -9.63463 10.0159
-0.204629   1.15661   3.90392   0.242492 -0.0875067 -0.0134928 0.305032 0.206133  1.71663 -0.00309742  -0.0147409   0.0426826 -0.000102697  -0.00170165  -0.00558115   0.00269618 -0.00542243   0.0101287 0.00140823 0.00074118 -0.0012812  1.80754 0.297654 -9.63469 10.017
-0.154831   1.35194   3.48075   0.242765 -0.0872966 -0.0132479 0.306679 0.203626  1.71608 -0.00309569  -0.0147363   0.0426843    0.0024301 -0.000399335  -0.00393179   0.00256843 -0.00582981   0.0110101  0.00140713 0.000740217 -0.00128494  1.80755 0.297664 -9.63466 10.0174
-0.148154   1.48316    3.4399    0.24246 -0.0876749 -0.0137246 0.304524 0.206955  1.71567 -0.00309885  -0.0147418   0.0426802  0.00125704 -0.00240254 -0.00591539   0.00256893 -0.00609986   0.0110806  0.00140858 0.000741731 -0.00128092  1.80754 0.297649 -9.63469 10.0181
-0.0292029    1.35612    3.83189   0.242276  -0.087753 -0.0140726 0.304357 0.208884  1.71634 -0.00310237  -0.0147406    0.042677  0.00115084 -0.00263259 -0.00749593   0.00235359 -0.00585304   0.0103258  0.00140953 0.000741979 -0.00127863  1.80753 0.297645 -9.63471 10.0185
-0.279113   1.29189   4.01652   0.242646 -0.0879127 -0.0147737 0.303253 0.206884  1.71648 -0.00310031   -0.014745   0.0426813  0.00489737 -0.00311681  -0.0105573   0.00283198 -0.00570954  0.00996178  0.00140692 0.000742129 -0.00127246  1.80755 0.297646 -9.63475 10.0193
-0.22678  1.18446  3.98196   0.242276  -0.087675 -0.0154098 0.305525  0.21109  1.71696 -0.00310519  -0.0147356   0.0426739  0.00245812 -0.00125445  -0.0131789   0.00271179 -0.00548789   0.0100343   0.0014086 0.000740913 -0.00126765  1.80753 0.297651 -9.63478 10.0201
-0.0991109    1.22093    3.47745    0.24315 -0.0876993 -0.0155251 0.305268 0.204597  1.71582 -0.00309503  -0.0147332   0.0426813  0.00837034 -0.00131764  -0.0129519   0.00240117 -0.00554207    0.011034  0.00140409 0.000740787 -0.00126779  1.80757 0.297658 -9.63478 10.021
-0.217722   1.24013   3.45861   0.243623 -0.0872229 -0.0155041 0.308101 0.201339   1.7163 -0.00309113  -0.0147254   0.0426817  0.0108691 0.00151977  -0.012169   0.00260802 -0.00557229    0.011065  0.00140208 0.000738771 -0.00126944  1.80758 0.297678 -9.63477 10.0217
-0.0917723    1.25921    3.81991    0.24367 -0.0870136 -0.0151838 0.309368 0.201948  1.71716 -0.00309183  -0.0147217   0.0426788  0.00968651  0.00205746 -0.00954248  0.00234839 -0.0056047   0.010328  0.00140382 0.000738328 -0.00127624  1.80757 0.297682 -9.63472 10.022
-0.313585   1.27727   3.96954   0.244038 -0.0877459 -0.0157482 0.304317 0.201928  1.71641 -0.00309749  -0.0147338    0.042684   0.0109146 -0.00257679  -0.0111091    0.0027382 -0.00561943   0.0100325  0.00140339 0.000741394 -0.00127293  1.80758 0.297656 -9.63474 10.023
-0.185166   1.16129   3.90978   0.244054 -0.0875208 -0.0158355 0.306321 0.203018  1.71669 -0.00309794  -0.0147287     0.04268   0.00995542 -0.000438688   -0.0114237   0.00246252 -0.00538463   0.0101415  0.00140446  0.00074038 -0.00127421  1.80757 0.297663 -9.63473 10.0233
-0.23336  1.07845   3.4611    0.24432 -0.0881804 -0.0156231 0.302195 0.202391  1.71511 -0.00309597  -0.0147419   0.0426881   0.0103511 -0.00408291  -0.0095938   0.00251482 -0.00521864   0.0109935  0.00140524 0.000742812 -0.00127921  1.80757 0.297643  -9.6347 10.024
-0.319344   1.04814    3.4715   0.244698 -0.0884626 -0.0157038 0.300812 0.200328  1.71486 -0.00309299  -0.0147452   0.0426915   0.0116245 -0.00481201 -0.00936132    0.0026959 -0.00515962    0.010969  0.00140419 0.000743616 -0.00127967  1.80758 0.297637  -9.6347 10.0245
-0.143665   1.27223   3.78312    0.24433 -0.0883818 -0.0149847 0.302494 0.204136  1.71578 -0.00309912  -0.0147373   0.0426813  0.00754217   -0.003409 -0.00523969   0.00233633 -0.00559979   0.0103413  0.00140898 0.000743409 -0.00129146  1.80754 0.297637 -9.63462 10.0253
-0.281407   1.33797    4.0428    0.24455 -0.0887877 -0.0145876 0.300408  0.20413   1.7158 -0.00310276  -0.0147429   0.0426843  0.00825334 -0.00517866 -0.00262247    0.0026329 -0.00572128  0.00983496  0.00141017 0.000744756 -0.00129806  1.80754 0.297626 -9.63458 10.0259
-0.230384   1.09761   4.01084    0.24365 -0.0895564 -0.0145986  0.29697 0.213204  1.71533 -0.00312077  -0.0147398   0.0426766   0.0015214 -0.00882347 -0.00317144   0.00249738 -0.00523559  0.00988967  0.00141716 0.000747427 -0.00130028   1.8075 0.297592 -9.63456 10.0271
-0.194632   1.20273   3.43044   0.243761 -0.0891138   -0.01469 0.301272 0.212335   1.7151 -0.0031227 -0.0147319  0.0426708  0.00260633 -0.00508035 -0.00379548  0.00238831 -0.0054413  0.0110428  0.00141642 0.000744938 -0.00129977   1.8075 0.297613 -9.63456 10.0276
-0.244427   1.16693   3.34943   0.244356 -0.0885658 -0.0144587 0.305023  0.20716  1.71561 -0.00311708  -0.0147203   0.0426739  0.00643994 -0.00118533 -0.00231855   0.00249756 -0.00536926   0.0111979  0.00141325 0.000742353 -0.00130181  1.80752 0.297638 -9.63455 10.0284
-0.0628978    1.31335    3.76723   0.243559 -0.0879535 -0.0143407 0.310135 0.214195  1.71741 -0.0031254 -0.0147011  0.0426467 0.000378948  0.00218898 -0.00167502   0.00213914 -0.00565263   0.0103872  0.00141838 0.000740228 -0.00130529  1.80747  0.29765 -9.63453 10.0294
-0.228859   1.25686   3.88782   0.243851 -0.0884315 -0.0147763 0.306377 0.212556  1.71694 -0.00312688  -0.0147122   0.0426552  0.00330651  -0.0008808 -0.00461837  0.00245719 -0.0055329  0.0101537  0.00141653 0.000742274 -0.00130048  1.80749 0.297635 -9.63456 10.0301
-0.218502   1.20433   3.94231   0.243339 -0.0885819 -0.0156662 0.305957 0.218234  1.71713 -0.00313582  -0.0147057    0.042645 -0.000100442  -0.00162062  -0.00902098   0.00242582 -0.00542331   0.0100349  0.00141872 0.000742761 -0.00129219  1.80747 0.297624 -9.63462 10.0312
-0.166021   1.10872   3.56593   0.242959 -0.0882906 -0.0155953 0.308662 0.220948  1.71702 -0.00314069  -0.0147035   0.0426393 -0.00290153 -3.9051e-05 -0.00772284   0.00228538 -0.00523342   0.0107903  0.00142138  0.00074145 -0.00129561  1.80745 0.297632 -9.63459 10.0317
-0.0566792    1.28724    3.39754   0.243551 -0.0879174  -0.015616 0.311029 0.215527  1.71708 -0.00313282  -0.0146943   0.0426459  0.00204551  0.00196487 -0.00779841   0.00206978 -0.00555814   0.0111016  0.00141749 0.000739941 -0.00129563  1.80747  0.29765 -9.63459 10.0324
-0.048532    1.2831   3.76247   0.243083 -0.0872164 -0.0161395 0.315869  0.21962  1.71876 -0.00313623  -0.0146799   0.0426281 -0.00050868  0.00531326  -0.0102608   0.00202987 -0.00554581   0.0103618   0.0014193 0.000737388 -0.00129198  1.80745 0.297667 -9.63462 10.0333
-0.247039     1.353   4.04007    0.24305 -0.0872736 -0.0162022 0.314204 0.219805  1.71898 -0.00313905  -0.0146833   0.0426294 0.000499895    0.003985 -0.00927947   0.00239603 -0.00566729  0.00982912  0.00142006 0.000738314 -0.00129528  1.80745 0.297659  -9.6346 10.0334
-0.136211   1.28339   3.96535   0.242949  -0.086909 -0.0170209 0.316383 0.221191  1.71929 -0.00313931  -0.0146775   0.0426232 0.000907729  0.00565194  -0.0132199   0.00218916 -0.00553464  0.00997564  0.00141939 0.000737053 -0.00128744  1.80745 0.297668 -9.63465 10.0343
0.0509659   1.26819   3.60075   0.242594 -0.0863409 -0.0171662 0.320085 0.223938  1.71936 -0.00314413  -0.0146709   0.0426119 -0.000838976   0.00802893    -0.012807   0.00179584 -0.00550783   0.0107094  0.00142163  0.00073533 -0.00128924  1.80743  0.29768 -9.63464 10.035
0.117525  1.25437  3.44277    0.24277  -0.086003 -0.0173885 0.321425 0.222359  1.71932 -0.00314239  -0.0146676   0.0426113 0.00125417 0.00883348 -0.0132431   0.00169714 -0.00548487   0.0109958  0.00142047 0.000734488 -0.00128868  1.80744 0.297688 -9.63464 10.0355
-0.102851   1.35447   3.75547   0.242608 -0.0860727 -0.0170117 0.319726  0.22343  1.71959 -0.00314634   -0.014672   0.0426117 0.000433796  0.00719515 -0.00997288   0.00212329 -0.00566012   0.0104118  0.00142279 0.000735568 -0.00129686  1.80742 0.297678 -9.63459 10.0359
-0.216848    1.5479   3.91002   0.242775 -0.0865657  -0.017721 0.314602 0.223625  1.71893 -0.00314856  -0.0146823   0.0426163 0.00327574 0.00340202 -0.0125176  0.00233115 -0.0059922   0.010134  0.00142166 0.000738331  -0.0012921  1.80744 0.297657 -9.63462 10.0368
-0.25777   1.1619  3.90393   0.242824 -0.0862095 -0.0176509 0.316558 0.223227  1.71932 -0.00315221  -0.0146797   0.0426162 0.00383435   0.005186 -0.0115863   0.00239347 -0.00525504   0.0101359  0.00142221 0.000737066 -0.00129466  1.80743 0.297666  -9.6346 10.0371
-0.314987    1.3011   3.53616   0.243117 -0.0863132 -0.0175208 0.315307 0.221244   1.7184 -0.00315034  -0.0146842   0.0426202  0.00532306  0.00450747 -0.00985506   0.00249648 -0.00552216   0.0108551  0.00142159 0.000737736 -0.00129816  1.80744 0.297662 -9.63458 10.0375
-0.380125   1.34082   3.47117   0.243079  -0.086529 -0.0177043 0.313407 0.222582  1.71798 -0.00315205   -0.014689   0.0426192 0.00498463 0.00356228 -0.0101536   0.00262853 -0.00559697   0.0109666  0.00142255 0.000738895  -0.0012985  1.80744 0.297652 -9.63458 10.0378
-0.0802072    1.35218    3.78904   0.242693 -0.0859241 -0.0170761 0.317512 0.225301  1.71927 -0.00315364  -0.0146772   0.0426089  0.00229598    0.006315 -0.00630454   0.00208667 -0.00561301   0.0103964   0.0014263 0.000737181  -0.0013087  1.80741 0.297664 -9.63451 10.0387
-0.268638    1.3927    3.9379    0.24312  -0.086419 -0.0176583 0.312498 0.223396  1.71853 -0.00315514  -0.0146898   0.0426173  0.00618093  0.00218516 -0.00853394   0.00242202 -0.00566873   0.0101312  0.00142411 0.000739709 -0.00130372  1.80743 0.297646 -9.63454 10.0396
-0.259706   1.17749   4.03886   0.242644  -0.086483 -0.0183144 0.312242 0.228739  1.71881 -0.00316564  -0.0146838   0.0426121  0.0030696 0.00185785 -0.0117576  0.00239617  -0.005267 0.00994423  0.00142683 0.000740014  -0.0012988  1.80741 0.297637 -9.63457 10.0404
-0.0681358    1.22922    3.63405   0.243056 -0.0865038 -0.0183805 0.311904 0.225825  1.71792 -0.00316148   -0.014685   0.0426152 0.00581168 0.00155232 -0.0113278   0.00200368 -0.00535927   0.0107273  0.00142508 0.000740232 -0.00129955  1.80742 0.297638 -9.63457 10.0408
-0.183264   1.46112   3.37941   0.243547 -0.0865318  -0.018565 0.311333 0.222814  1.71738 -0.00315764   -0.014683   0.0426226 0.00927423 0.00145613 -0.0114622   0.00219513 -0.00576655   0.0111774  0.00142292 0.000740305 -0.00129926  1.80744  0.29764 -9.63457 10.0413
-0.0069193    1.39946    3.68715   0.242964 -0.0859558  -0.017777 0.315725 0.227709   1.7188 -0.00316467  -0.0146701   0.0426059  0.00462909  0.00421483 -0.00639222   0.00186012 -0.00565859   0.0106228  0.00142866 0.000738571 -0.00131207  1.80739 0.297649 -9.63449 10.0425
-0.277481   1.47178   3.99893    0.24324 -0.0868477  -0.017922 0.308833 0.227495  1.71797 -0.00317211  -0.0146858   0.0426126  0.00705117 -0.00151632 -0.00625162    0.0023664 -0.00577794   0.0100363   0.0014287 0.000742477 -0.00131263   1.8074 0.297619 -9.63448 10.0434
-0.23783  1.26158  3.93844   0.243057 -0.0863501 -0.0184105 0.312879 0.230159  1.71874 -0.00317525  -0.0146754   0.0426056  0.00594721  0.00168678 -0.00875177   0.00227613 -0.00538154   0.0101481  0.00142966 0.000740343 -0.00130845  1.80739 0.297632 -9.63451 10.0441
-0.15214  1.32536  3.50579   0.243457 -0.0860597 -0.0183216 0.315049 0.227549  1.71847 -0.00317278  -0.0146727    0.042606  0.00842736  0.00367885 -0.00803821   0.00207642 -0.00549652   0.0109832   0.0014283 0.000739346 -0.00131057   1.8074 0.297642  -9.6345 10.0446
-0.174182   1.50491   3.31891   0.243702 -0.0864219 -0.0185289 0.312207  0.22723  1.71763 -0.00317035  -0.0146776   0.0426103   0.0100053  0.00146569 -0.00843754   0.00210567 -0.00581012   0.0113068 0.00142791 0.00074095   -0.00131 1.80741 0.29763 -9.6345 10.0451
-0.0978733    1.30145    3.68298   0.243567 -0.0863542 -0.0181538 0.312686 0.229216  1.71832 -0.00317317  -0.0146754   0.0426084  0.00816935  0.00166938 -0.00561832   0.00196923 -0.00545174    0.010672  0.00143066 0.000740916 -0.00131657  1.80739 0.297628 -9.63446 10.0455
-0.257985   1.50681   3.96888   0.243759 -0.0868522 -0.0177135 0.309026 0.229476  1.71815 -0.00317944  -0.0146834    0.042611  0.00910414   -0.001899 -0.00298793   0.00224064 -0.00581266   0.0101331   0.0014323 0.000743145 -0.00132398  1.80738 0.297611 -9.63441 10.0462
-0.205967   1.23558   3.96367   0.243725 -0.0871751 -0.0172651 0.307465 0.230965  1.71786 -0.00318419  -0.0146858   0.0426128   0.00845254  -0.00381505 -0.000750237   0.00211709 -0.00529583   0.0101321  0.00143473  0.00074419 -0.00132985  1.80737 0.297601 -9.63437 10.0468
-0.231659   1.24448   3.54899   0.243636 -0.0875029 -0.0169808 0.306053 0.232639  1.71694 -0.00318714  -0.0146926   0.0426141  0.00704792 -0.00529976 0.000767899   0.00215201 -0.00531354   0.0109016  0.00143676 0.000745145 -0.00133392  1.80736 0.297592 -9.63434 10.0472
-0.0450529    1.23009    3.40719    0.24379 -0.0873286 -0.0169819 0.308023 0.232477  1.71705 -0.0031875 -0.0146889  0.0426106  0.00765154 -0.00366347 0.000311084  0.00179246 -0.0052854  0.0111332  0.00143659 0.000744197 -0.00133361  1.80736 0.297599 -9.63435 10.0474
-0.0955722    1.25823    3.65988    0.24369 -0.0875409 -0.0171609 0.307077 0.234599  1.71732 -0.00319125  -0.0146896   0.0426094  0.00641457 -0.00441861 -0.00104366   0.00186429 -0.00532735   0.0107013  0.00143764 0.000744799 -0.00133204  1.80735 0.297593 -9.63436 10.0477
-0.182417   1.55592   4.01088   0.243873 -0.0882014  -0.016833 0.303445 0.235133  1.71707 -0.00319834  -0.0146976   0.0426131  0.00763575 -0.00743246 0.000565417   0.00203364 -0.00585517   0.0100691  0.00143858 0.000747064 -0.00133672  1.80735 0.297577 -9.63433 10.0485
-0.340167   1.11349   4.07951   0.243321 -0.0877916 -0.0169642 0.307776 0.240654  1.71826 -0.00320516  -0.0146787   0.0426061   0.00382053  -0.00410271 -0.000686252   0.00228632 -0.00509056  0.00995089  0.00144211 0.000744611 -0.00133554  1.80732 0.297587 -9.63433 10.0492
-0.175742   1.09983   3.65757   0.243175 -0.0885718 -0.0165879 0.303536 0.242346  1.71671 -0.00320754  -0.0146892   0.0426108 0.00219483 -0.0078557 0.00121656   0.00198303 -0.00506772   0.0107488  0.00144445 0.000747296 -0.00134075  1.80731 0.297565  -9.6343 10.0501
-0.287981   1.23259   3.41914   0.243826 -0.0879099 -0.0160959  0.30845 0.236656  1.71722 -0.00320251  -0.0146777   0.0426145  0.0067556  -0.002836 0.00314364   0.00214391 -0.00529693   0.0111651  0.00144156 0.000744237 -0.00134508  1.80733 0.297592 -9.63427 10.0511
-0.0369018    1.26565    3.75518   0.243284 -0.0876459 -0.0157053  0.31116 0.241024  1.71818 -0.00320745  -0.0146685   0.0426023  0.00285186 -0.00124894  0.00468291   0.00169002 -0.00535533   0.0105528  0.00144549 0.000743419 -0.00135029   1.8073 0.297595 -9.63424 10.0519
-0.161424   1.30308    4.0102   0.243361 -0.0879756 -0.0149435 0.309151 0.240812  1.71823 -0.00320972  -0.0146725   0.0426053  0.00386439 -0.00309068   0.0076757  0.00195247 -0.0054183  0.0100898  0.00144686 0.000744587 -0.00135772  1.80729 0.297586 -9.63419 10.0527
-0.356288   1.10911   4.21239   0.243018 -0.0875261 -0.0150289 0.312755 0.244143  1.71946 -0.00321015  -0.0146579   0.0425992  0.00159538 1.46532e-05  0.00585924   0.00231603 -0.00507869  0.00972629  0.00144846 0.000742456 -0.00135526  1.80728 0.297597 -9.63421 10.0533
-0.168893   1.16855   3.71701   0.243601 -0.0869355 -0.0151476 0.316466 0.239559  1.71922 -0.00320539  -0.0146508   0.0425988 0.00573173 0.00351899 0.00434897    0.0019393 -0.00518337    0.010633  0.00144479 0.000740238 -0.00135176   1.8073 0.297618 -9.63423 10.0541
-0.171632   1.42387   3.47303   0.243439 -0.0864042 -0.0153114 0.319796 0.241883  1.71953 -0.00321062  -0.0146455   0.0425882 0.00475319 0.00603739  0.0027975   0.00191824 -0.00562667   0.0110538  0.00144564 0.000738632 -0.00134958  1.80729 0.297629 -9.63425 10.0547
-0.0436724    1.19202    3.71486   0.243444 -0.0860847 -0.0159138 0.321185 0.242823  1.72018 -0.00321311  -0.0146435    0.042585   0.00490727   0.00700516 -0.000917203   0.00169619 -0.00520844    0.010607  0.00144481 0.000737796 -0.00134197  1.80729 0.297635 -9.63429 10.0554
-0.152023   1.35402   3.88576   0.243579 -0.0865845 -0.0154364 0.316671 0.243174  1.71954 -0.00321757  -0.0146529   0.0425904  0.0051722 0.00272993 0.00109602   0.00191417 -0.00548825   0.0102994   0.0014461 0.000740476 -0.00134814  1.80729 0.297615 -9.63425 10.0561
-0.204617   1.20013   3.89504   0.243308 -0.0860818 -0.0152918 0.319886 0.245839   1.7203 -0.00321991  -0.0146451    0.042584 0.00283133 0.00493385  0.0013902   0.00201218 -0.00522338   0.0102823  0.00144819 0.000738786 -0.00134994  1.80727 0.297624 -9.63424 10.0566
-0.0936042      1.039    3.59951   0.243714 -0.0863177 -0.0150543 0.317803 0.242918  1.71933 -0.00321641    -0.01465   0.0425894 0.00501098  0.0034569 0.00211787   0.00181474 -0.00493325   0.0108148  0.00144687 0.000739826  -0.0013516  1.80728 0.297619 -9.63423 10.0572
0.108051 0.887203   3.3637   0.244614 -0.0853797  -0.014677 0.323092 0.235845   1.7198 -0.00320962  -0.0146335   0.0425793 0.00986254 0.00759998 0.00306737   0.00142212 -0.00465779   0.0112284  0.00144269 0.000736813 -0.00135344  1.80731 0.297647 -9.63422 10.0585
-0.0557356    1.10047    3.70261   0.244608 -0.0854737 -0.0154499 0.321576 0.237836  1.72012 -0.00321549  -0.0146382   0.0425793  0.00911589  0.00604713 -0.00157389   0.00173174 -0.00503839   0.0106121  0.00144202 0.000737531 -0.00134454  1.80731 0.297641 -9.63428 10.0593
-0.178456   1.29924   4.04696   0.244626 -0.0857497 -0.0141931 0.318908 0.238716  1.72018 -0.00322344  -0.0146428   0.0425791 0.00769582  0.0030204 0.00488743   0.00197405 -0.00538579   0.0100031  0.00144571 0.000739405 -0.00136026  1.80729 0.297626 -9.63418 10.0606
-0.29583  1.10068  4.09251  0.244722 -0.085704  -0.01439 0.318741 0.239734  1.72031 -0.00322652  -0.0146406   0.0425776  0.0080067 0.00287428 0.00282618   0.00220074 -0.00500929  0.00992195   0.0014457 0.000739318 -0.00135651  1.80729 0.297625  -9.6342 10.0608
-0.195398   1.07618   3.72611   0.244868 -0.0869176 -0.0141987 0.310788 0.240231  1.71811 -0.00322908  -0.0146567   0.0425841  0.00801972 -0.00364784  0.00331954   0.00200757 -0.00496217   0.0105973  0.00144661 0.000743853 -0.00135847   1.8073 0.297591 -9.63419 10.0621
-0.064583   1.15208   3.47132   0.244643 -0.0866165 -0.0141524 0.313608  0.24302  1.71829 -0.00323405  -0.0146539   0.0425753  0.00580753 -0.00159549  0.00290914   0.00175971 -0.00509822   0.0110423  0.00144845 0.000742653 -0.00135907  1.80728 0.297598 -9.63418 10.0624
-0.207826   1.18599   3.56487   0.244169 -0.0866689  -0.014293 0.313788 0.247724  1.71861 -0.00324035  -0.0146541   0.0425666  0.00234603 -0.00136598   0.0014351   0.00199796 -0.00515472   0.0108785  0.00145116 0.000742749 -0.00135815  1.80726 0.297594 -9.63419 10.0629
-0.083968   1.27564   3.85302    0.24416 -0.0866827 -0.0140186 0.314296 0.248394  1.71894 -0.00324136  -0.0146533   0.0425656  0.00227658 -0.00120483  0.00239285   0.00180279 -0.00531316   0.0103516  0.00145186 0.000742902 -0.00136107  1.80726 0.297593 -9.63417 10.0632
-0.334547   1.12616    4.1304   0.243779 -0.0866209 -0.0146403 0.315072 0.252621  1.71974 -0.0032463 -0.0146416   0.042558   0.0005431 -0.00108306 -0.00183193   0.00224191 -0.00504221  0.00985354  0.00145298 0.000742338 -0.00135377  1.80725 0.297592 -9.63422 10.0639
-0.249321   1.16304   3.78509   0.243947 -0.0872506 -0.0144854 0.311125  0.25158  1.71836 -0.00324691  -0.0146503    0.042563   0.00161047  -0.00412648 -0.000938722   0.00207529 -0.00511227   0.0104708  0.00145286 0.000744562 -0.00135588  1.80726 0.297577  -9.6342 10.0646
-0.243363   1.31463   3.37057   0.244053  -0.086922 -0.0144534 0.313898 0.250802  1.71826 -0.00324959  -0.0146456   0.0425614   0.00275217  -0.00136382 -0.000762618      0.00205 -0.00537419    0.011175  0.00145247 0.000743074 -0.00135646  1.80726 0.297588  -9.6342 10.065
-0.356294   1.25717   3.58151   0.243947 -0.0869396 -0.0149083 0.313837 0.252365  1.71866 -0.00325099  -0.0146441   0.0425584   0.0026155 -0.00079109 -0.00347999   0.00224092 -0.00526221   0.0107839  0.00145242 0.000743002 -0.00135145  1.80726 0.297587 -9.63423 10.0654
-0.161548   1.25464   3.90929   0.243964 -0.0872985 -0.0137195 0.311579 0.251803  1.71866 -0.00325476  -0.0146488   0.0425626  0.00263819 -0.00268419  0.00289789    0.0019136 -0.00525342   0.0101818  0.00145526  0.00074467 -0.00136677  1.80724 0.297576 -9.63413 10.0667
-0.274556   1.14065   4.14209   0.244178 -0.0875491 -0.0138596  0.31002 0.250952  1.71875 -0.00325631  -0.0146527   0.0425648   0.0038722 -0.00376673  0.00142299   0.00215041 -0.00505688  0.00977363  0.00145422  0.00074529 -0.00136392  1.80725 0.297572 -9.63415 10.067
-0.176808   1.07282   3.81638   0.244293 -0.0873628 -0.0136992 0.311831 0.250202  1.71854 -0.00325587  -0.0146509   0.0425631  0.00403155 -0.00218595   0.0019355   0.00195327 -0.00493379    0.010353  0.00145411 0.000744359  -0.0013653  1.80725 0.297579 -9.63414 10.0673
-0.0962441    1.01001    3.42517   0.244718 -0.0865764 -0.0133503 0.317315 0.246751  1.71895 -0.00325514  -0.0146406   0.0425566 0.00603393 0.00224116   0.003017   0.00177245 -0.00482298    0.011005  0.00145252 0.000741384 -0.00136799  1.80726 0.297603 -9.63413 10.0683
-0.232168   1.10678   3.65162   0.244591 -0.0864397 -0.0131947 0.318035 0.248291   1.7195 -0.00325751  -0.0146399   0.0425546 0.00444413 0.00313369 0.00338735  0.00199135 -0.0049798  0.0106164  0.00145377 0.000741051 -0.00136989  1.80725 0.297604 -9.63412 10.0685
-0.161883    1.2903   3.89678   0.244377 -0.0865431  -0.013196 0.317066   0.2511  1.71974 -0.00326135  -0.0146385   0.0425503  0.0029011 0.00208135 0.00259063   0.00186092 -0.00528405   0.0101903  0.00145534 0.000741868  -0.0013697  1.80724 0.297597 -9.63412 10.0687
-0.279246    1.0798   4.03857   0.244459 -0.0862624 -0.0126791 0.318465 0.250433  1.72024 -0.00325975  -0.0146371   0.0425512  0.0030447 0.00343336 0.00440995   0.00203537 -0.00493543  0.00995295  0.00145604 0.000741018  -0.0013747  1.80723 0.297603 -9.63409 10.0693
-0.395291   1.18572    3.7434   0.243266 -0.0873615 -0.0128494 0.312165 0.261197  1.71882 -0.00327496  -0.0146461   0.0425406 -0.00500975 -0.00251153   0.0029356   0.00221083 -0.00512608   0.0104599  0.00146269 0.000745047 -0.00137492   1.8072 0.297565 -9.63408 10.071
-0.204075    1.1874   3.42823   0.242798 -0.0868125 -0.0126364 0.316496 0.263686   1.7192 -0.00328088  -0.0146426   0.0425319 -0.00732047  0.00106478    0.003567   0.00183855 -0.00512658   0.0109993  0.00146475 0.000743107 -0.00137746  1.80718 0.297577 -9.63407 10.0717
-0.0200086    1.27308    3.52892   0.242757 -0.0870095 -0.0125211 0.315112 0.263212  1.71903 -0.00327955  -0.0146442   0.0425358  -0.00647491 -0.000439787   0.00369078   0.00151237 -0.00526671   0.0108194   0.0014646 0.000743985 -0.00137824  1.80718 0.297572 -9.63406 10.0719
-0.0869953    1.28409    3.77384   0.242576 -0.0872695 -0.0132709 0.313349 0.264406  1.71908 -0.00328016   -0.014647   0.0425365 -0.00576164 -0.00230273 -0.00110371   0.00162202 -0.00527814   0.0104006  0.00146334 0.000744744 -0.00136855  1.80719 0.297566 -9.63412 10.0728
-0.23891  1.13569  4.01446   0.242897 -0.0877383 -0.0137286 0.310033 0.261414  1.71876 -0.0032815 -0.0146568   0.042542 -0.00215625 -0.00499641 -0.00388788   0.00189956 -0.00502928  0.00999046  0.00146043 0.000746106 -0.00136251  1.80721  0.29756 -9.63416 10.0735
-0.280312   1.23811    3.8827    0.24208 -0.0882596 -0.0143513 0.307881 0.268527  1.71833 -0.00329065  -0.0146535   0.0425339 -0.00694338 -0.00722044 -0.00721057  0.0019702 -0.005217 0.0102164  0.00146372 0.000747574  -0.0013577  1.80719 0.297543 -9.63419 10.0746
-0.0816571    1.11418    3.53182   0.241803 -0.0881157  -0.014005 0.310011 0.269208   1.7182 -0.00329227  -0.0146534   0.0425321 -0.00763474 -0.00542278 -0.00509311   0.00161783 -0.00501827   0.0107904  0.00146548 0.000746703 -0.00136366  1.80718 0.297549 -9.63415 10.0751
-0.194297    1.2646   3.47477   0.241956 -0.0880949 -0.0141759 0.310442 0.267136   1.7182 -0.00329014  -0.0146507   0.0425344 -0.00520314 -0.00455749  -0.0057912   0.00178875 -0.00526806   0.0108904  0.00146381 0.000746296 -0.00136211  1.80719 0.297553 -9.63416 10.0753
-0.097888    1.2302   3.86113   0.241175 -0.0880128 -0.0141195 0.312211 0.272161  1.71924 -0.00329497  -0.0146415   0.0425255 -0.00892949 -0.00381062 -0.00470481   0.00164197 -0.00521276   0.0102233  0.00146748 0.000745763 -0.00136562  1.80717 0.297552 -9.63414 10.0761
-0.237737    1.1774    4.0422   0.241288 -0.0885204 -0.0143331  0.30907 0.269764  1.71886  -0.003296 -0.0146505  0.0425306 -0.00554976 -0.00589558 -0.00593682   0.00187692 -0.00511065  0.00989824   0.0014658 0.000747183   -0.001364  1.80718 0.297545 -9.63415 10.0767
-0.167579    1.0792   3.91305   0.241227 -0.0879744 -0.0151974 0.313229 0.269857  1.71949 -0.0032956 -0.0146435  0.0425245 -0.00447191 -0.00210151  -0.0105589   0.00174157 -0.00493223   0.0101231  0.00146391 0.000744819 -0.00135444  1.80719 0.297561 -9.63421 10.0777
-0.081631   1.34309   3.49865   0.241587 -0.0876207 -0.0151473 0.315748 0.265868  1.71925 -0.00329379  -0.0146363   0.0425272 -0.000886708  0.000507205  -0.00928045  0.00157416 -0.0053721    0.01083  0.00146188 0.000743453  -0.0013568   1.8072 0.297573  -9.6342 10.0782
-0.25912   1.3258  3.47907   0.241684  -0.088053 -0.0150304 0.312979  0.26468  1.71868 -0.00329258  -0.0146421   0.0425312 0.000225575 -0.00146587 -0.00792818   0.00188676 -0.00533984   0.0108671  0.00146201 0.000744923 -0.00135969   1.8072 0.297563 -9.63418 10.0787
-0.199542   1.18896   3.93691    0.24153 -0.0879096 -0.0143551 0.314184 0.264955   1.7196 -0.00329281  -0.0146401     0.04253 -0.000495094 -0.000328232  -0.00399866   0.00180877 -0.00511012   0.0100961  0.00146431 0.000744517  -0.0013701  1.80719 0.297566 -9.63411 10.0794
-0.231494   1.18909   4.02914   0.241542 -0.0884093  -0.014555  0.31111 0.265408  1.71912 -0.00329606  -0.0146454   0.0425326 -0.000121961  -0.00321532  -0.00491475   0.00181917 -0.00509419  0.00994345  0.00146434 0.000746254 -0.00136915  1.80719 0.297554 -9.63412 10.0799
-0.0318214    1.24051    3.79456   0.241386 -0.0875534 -0.0147309 0.317345 0.266152  1.71997 -0.00329531  -0.0146338    0.042522 -0.000758286    0.0017842   -0.0056012   0.00146143 -0.00518147   0.0103318  0.00146446 0.000743187 -0.00136815  1.80718 0.297575 -9.63413 10.0808
0.164586  1.27169  3.56775   0.241235 -0.0878915 -0.0147243 0.315293 0.267394   1.7192 -0.00329613  -0.0146375   0.0425246 -0.00126838 -0.00128729 -0.00520061    0.0011225 -0.00522663   0.0107077  0.00146563 0.000744498 -0.00136997  1.80718 0.297565 -9.63411 10.0812
-0.0025657     1.0653    3.57805   0.241662 -0.0880253 -0.0141004 0.314274 0.263222  1.71898 -0.00329075  -0.0146384   0.0425283  0.00148729 -0.00255608 -0.00182657   0.00139768 -0.00486578   0.0106932  0.00146471 0.000744801 -0.00137721  1.80719 0.297565 -9.63407 10.0819
-0.129178   1.28268   3.86209    0.24163 -0.0884879  -0.014116 0.311595 0.263907  1.71891 -0.00329369  -0.0146431   0.0425299  0.00142537 -0.00540858 -0.00229139   0.00161721 -0.00521667    0.010216  0.00146518 0.000746252 -0.00137802  1.80719 0.297555 -9.63406 10.0824
-0.263624   1.14301   4.12925   0.241993 -0.0886884 -0.0139655 0.310876 0.261128  1.71912 -0.00329215  -0.0146488    0.042533  0.00396562 -0.00593704 -0.00133157   0.00184552 -0.00498707  0.00978511  0.00146394 0.000746403  -0.0013797  1.80719 0.297557 -9.63405 10.0828
-0.237434   1.10047   3.95911   0.242298  -0.089415 -0.0143003 0.306645 0.259884  1.71796 -0.00329438  -0.0146568   0.0425354  0.00598367 -0.00938346 -0.00349285   0.00178049 -0.00490681   0.0100733  0.00146245 0.000748531 -0.00137548  1.80721 0.297544 -9.63408 10.0837
-0.0969826    1.19427    3.56189   0.242171  -0.088853 -0.0141527  0.31175 0.261203  1.71841 -0.00329832  -0.0146504   0.0425284  0.00443327 -0.00517572 -0.00264856   0.00153338 -0.00506406   0.0107101  0.00146382 0.000746133  -0.0013785   1.8072 0.297559 -9.63406 10.0843
-0.0855785    1.20503    3.44346   0.242608 -0.0884049 -0.0138808 0.314957  0.25773  1.71882 -0.00329676   -0.014643   0.0425286  0.00726904 -0.00229297 -0.00147471   0.00151961 -0.00508387   0.0108934  0.00146232 0.000744349 -0.00138132   1.8072 0.297573 -9.63404 10.085
-0.0884279     1.2093    3.77206   0.242347 -0.0886915 -0.0138264 0.313631 0.261156  1.71911 -0.00330133  -0.0146428   0.0425256  0.00489742 -0.00358756 -0.00110679   0.00151695 -0.00508524   0.0103641  0.00146475 0.000745275 -0.00138329  1.80719 0.297564 -9.63403 10.0854
-0.271916   1.25331   4.04474   0.242559 -0.0891541 -0.0140514 0.311074 0.261138  1.71904 -0.00330388  -0.0146466   0.0425265  0.00640175 -0.00588994 -0.00241949   0.00184008 -0.00514891  0.00991077  0.00146426 0.000746472 -0.00138108  1.80719 0.297556 -9.63404 10.0859
-0.25073  1.17657  3.92269   0.242728 -0.0886989 -0.0147284 0.314555 0.260847  1.71956 -0.00330206  -0.0146405   0.0425246  0.00783159 -0.00253923 -0.00631221   0.00179154 -0.00501048   0.0101158  0.00146248 0.000744444 -0.00137314   1.8072  0.29757 -9.63409 10.0868
-0.280198    1.3445   3.48408   0.243038 -0.0878494 -0.0145729 0.320355  0.25885  1.72006 -0.00330494  -0.0146328   0.0425242  0.00947568  0.00290465 -0.00519218   0.00180234 -0.00527372   0.0108018  0.00146188 0.000741398  -0.0013761   1.8072 0.297591 -9.63408 10.0877
-0.124523   1.32296   3.47711   0.242516 -0.0876119 -0.0151659 0.322094 0.264665  1.72048 -0.00331131  -0.0146327   0.0425139  0.00567336  0.00423037 -0.00799475   0.00156054 -0.00524344   0.0108057  0.00146436 0.000740824 -0.00137147  1.80718 0.297591 -9.63411 10.0885
-0.104784   1.17827   3.77459   0.242804  -0.087456 -0.0158435 0.322215 0.263668   1.7209 -0.00331095  -0.0146336   0.0425141 0.00719731 0.00447821 -0.0108685   0.00151412 -0.00500084   0.0103061  0.00146253 0.000740574 -0.00136504  1.80719 0.297594 -9.63414 10.0893
-0.21311  1.35319  3.97174   0.243038  -0.087662 -0.0160244 0.319703 0.263938  1.72067 -0.00331359  -0.0146374   0.0425157  0.0082583 0.00199714 -0.0111276   0.00170709 -0.00527835  0.00998733  0.00146277 0.000741766 -0.00136685  1.80719 0.297587 -9.63413 10.0896
-0.183784   1.18367   3.98899   0.242882 -0.0872476 -0.0162929  0.32244 0.266172  1.72132 -0.00331473  -0.0146306   0.0425116 0.00664645  0.0038984 -0.0116926   0.00166158 -0.00498078  0.00995312  0.00146398 0.000740392 -0.00136612  1.80719 0.297594 -9.63414 10.0901
-0.0670857    1.21606    3.49762   0.243797  -0.086542 -0.0162536  0.32624 0.259222   1.7212 -0.00330948  -0.0146212   0.0425121  0.0123521 0.00713516  -0.010669   0.00144279 -0.00502768   0.0107443  0.00146011 0.000738213 -0.00136709  1.80721 0.297612 -9.63413 10.0913
-0.0515245    1.16034    3.40392   0.244059 -0.0864474 -0.0163554  0.32624 0.259222   1.7212 -0.00330896  -0.0146217   0.0425129  0.0131121 0.00673795 -0.0107902   0.00140736 -0.00493361   0.0108987  0.00146004 0.000738265 -0.00136784  1.80721 0.297612 -9.63413 10.0916
-0.125882   1.23994   3.73595   0.244488 -0.0868175 -0.0159129 0.323042 0.257435  1.72094 -0.00330986  -0.0146303   0.0425189   0.0142778  0.00391842 -0.00756589   0.00156421 -0.00506593   0.0103308  0.00146059 0.000740182 -0.00137551  1.80721 0.297601 -9.63408 10.0923
-0.257613   1.39171   3.93352   0.244914 -0.0869107 -0.0161622 0.321458 0.257606  1.72092 -0.00331149  -0.0146326   0.0425197   0.0156089  0.00298726 -0.00814002  0.00176525 -0.0053021  0.0100041  0.00146047 0.000740926 -0.00137527  1.80721 0.297597 -9.63408 10.0928
-0.193372   1.17131   3.94727   0.244733   -0.08671 -0.0159027 0.322881 0.260826  1.72131 -0.00331427  -0.0146274   0.0425164   0.0128071  0.00413534 -0.00630592   0.00165322 -0.00492281  0.00998171  0.00146351 0.000740415 -0.00138046  1.80719 0.297597 -9.63405 10.0932
-0.251936   1.05822   3.53197   0.245009 -0.0871586 -0.0158051 0.319619 0.260442  1.72005 -0.00331406  -0.0146344   0.0425198   0.013401 0.00138234 -0.0056234   0.00171956 -0.00474111   0.0106456  0.00146388 0.000742058  -0.0013827  1.80719 0.297586 -9.63404 10.0937
-0.183381   1.11124   3.40302   0.244988 -0.0865927 -0.0158308 0.323449  0.26216  1.72065 -0.00331783  -0.0146309    0.042515   0.0117134  0.00463662 -0.00568875    0.0015874 -0.00483038   0.0108599  0.00146514 0.000740272  -0.0013841  1.80718 0.297596 -9.63403 10.0943
-0.126708   1.18277   3.72081   0.244626 -0.0868771   -0.01609 0.321393 0.266983  1.72081 -0.0033242  -0.014631  0.0425114  0.00811857  0.00252099 -0.00684371    0.0014903 -0.00495054   0.0102941  0.00146777 0.000741627 -0.00138346  1.80717 0.297584 -9.63403 10.0948
-0.205416   1.35641   3.96913   0.244695 -0.0869378 -0.0155948 0.320249 0.268011  1.72088 -0.0033276 -0.0146306  0.0425096 0.00743253 0.00180141 -0.0036394   0.00164728 -0.00522177  0.00988749  0.00146996 0.000742278  -0.0013922  1.80716 0.297579 -9.63398 10.0953
-0.329112   1.04612   4.08598   0.244347 -0.0864467 -0.0158764 0.323573 0.271876  1.72187 -0.00333016   -0.014619   0.0425052  0.00442531  0.00472755 -0.00525971   0.00182938 -0.00473303   0.0097006 0.00147189 0.00074051 -0.0013902  1.80714 0.297586 -9.63399 10.096
-0.253481    1.0035    3.6696   0.244056 -0.0870992 -0.0160491  0.31936 0.275286  1.72048 -0.00333605  -0.0146267   0.0425064  0.00202146 0.000789819 -0.00609134   0.00168412 -0.00466571   0.0103538  0.00147393 0.000742886 -0.00138994  1.80713 0.297569 -9.63399 10.0967
-0.00836914     1.03062     3.47139   0.243844 -0.0863957 -0.0160195 0.324286 0.276803  1.72114 -0.00333917  -0.0146212   0.0424971 0.000341446  0.00427307 -0.00579583   0.00126882 -0.00471252   0.0106936  0.00147521 0.000740706 -0.00139201  1.80712 0.297582 -9.63398 10.0975
-0.019269    1.1832   3.65747   0.242871 -0.0860144 -0.0161164 0.327167 0.284594  1.72215 -0.00334714  -0.0146149   0.0424794 -0.00604027   0.0054611 -0.00590648   0.00128282 -0.00498083   0.0103583  0.00147992 0.000739785 -0.00139411  1.80709 0.297582 -9.63397 10.0985
-0.120928   1.36444   3.94875   0.242752 -0.0865778 -0.0158567 0.322456 0.284492  1.72149 -0.00335305  -0.0146228   0.0424849 -0.00481813 0.000761907 -0.00391403   0.00146256 -0.00525043  0.00990376  0.00148081 0.000742392 -0.00139938  1.80709 0.297567 -9.63393 10.0991
-0.252012   1.07849   4.04243   0.241942 -0.0862897 -0.0159481 0.325089 0.289906  1.72231 -0.00335763  -0.0146115   0.0424776 -0.00898718  0.00236208 -0.00458362  0.00168969 -0.0047924  0.0097458  0.00148427 0.000741287  -0.0014003  1.80707 0.297568 -9.63393 10.1
-0.112686   1.08262   3.62587   0.242242 -0.0862798  -0.015791 0.324859 0.286237  1.72154 -0.00335552   -0.014613   0.0424812 -0.00635289  0.00255991 -0.00361251   0.00143721 -0.00479539   0.0104386   0.0014826 0.000741359 -0.00140208  1.80708  0.29757 -9.63392 10.1003
0.142523  1.03197  3.52378   0.242268 -0.0861009 -0.0157084 0.325767 0.284789  1.72148 -0.00335369  -0.0146111   0.0424809  -0.0054766  0.00306106 -0.00334896   0.00100287 -0.00470954   0.0105998  0.00148209 0.000741029 -0.00140344  1.80708 0.297573 -9.63391 10.1005
-0.0520389    1.12164    3.72001   0.242367 -0.0858402 -0.0159191 0.326831 0.283077  1.72198 -0.00335224   -0.014611   0.0424825 -0.00403978  0.00361886 -0.00439153   0.00130245 -0.00484512   0.0102839  0.00148062 0.000740258 -0.00140138  1.80709 0.297579 -9.63392 10.1009
-0.191831   1.30815   3.91804   0.242205 -0.0860331 -0.0154727 0.324922 0.283098  1.72189 -0.00335583  -0.0146147   0.0424831 -0.00426717  0.00127382 -0.00175408   0.00155914 -0.00514222  0.00996952  0.00148198 0.000741363 -0.00140846  1.80709 0.297572 -9.63388 10.1014
-0.242824   1.20456   3.87473   0.242087 -0.0859248 -0.0152039 0.325505 0.283022  1.72195 -0.00335614  -0.0146147   0.0424835  -0.00397173   0.00205725 -0.000849657    0.0016132 -0.00496825   0.0100385  0.00148272 0.000741073 -0.00141194  1.80708 0.297574 -9.63386 10.1017
-0.236321   1.12431    3.5455   0.242239 -0.0862974 -0.0150317 0.322834 0.281411   1.7209 -0.00335525  -0.0146202   0.0424874    -0.002433  -0.00025012 -2.32639e-05   0.00162061 -0.00483703   0.0105961  0.00148229 0.000742343 -0.00141366  1.80709 0.297566 -9.63385 10.1021
-0.0598583    1.23735    3.42972   0.242132 -0.0864725 -0.0146128 0.322248 0.281769  1.72061  -0.003355 -0.0146217  0.0424881 -0.00269593 -0.00122022  0.00195026   0.00132629 -0.00501786   0.0107816  0.00148346 0.000743082 -0.00141898  1.80708 0.297562 -9.63381 10.1026
-0.123804   1.18925   3.68886   0.242022 -0.0865982 -0.0152211 0.321392 0.282974  1.72085 -0.00335652  -0.0146223   0.0424865 -0.00235978 -0.00204438   -0.001925  0.00142122 -0.0049329  0.0103451  0.00148264 0.000743381 -0.00141155  1.80709  0.29756 -9.63386 10.1032
-0.166276     1.304   3.90323   0.242057 -0.0869225 -0.0147128 0.319502 0.281805  1.72074 -0.00335831  -0.0146267   0.0424898 -0.00126827 -0.00410451 0.000894798   0.00148262 -0.00509715   0.0100106  0.00148331 0.000744436 -0.00141813  1.80708 0.297554 -9.63382 10.1039
-0.302363   1.01198    4.1042   0.242029 -0.0872327 -0.0151556 0.317893 0.282463   1.7208 -0.00336414  -0.0146273   0.0424893 -0.000412862  -0.00525482  -0.00238864   0.00172924 -0.00463713  0.00968894  0.00148265 0.000745009 -0.00141226  1.80709  0.29755 -9.63385 10.1044
-0.174324  0.985511   3.68667   0.242166 -0.0885796 -0.0148967 0.309808 0.282057  1.71859 -0.00336414  -0.0146408   0.0424963 0.000172906  -0.0121342  -0.0010139   0.00151987 -0.00459443   0.0103184  0.00148316 0.000749263 -0.00141581  1.80709 0.297525 -9.63383 10.1058
0.000806477    0.959835     3.52099   0.242018 -0.0887845 -0.0147633 0.310128 0.283115   1.7184 -0.0033646 -0.0146416  0.0424961  -0.00136371   -0.0115541 -0.000894773   0.00123592 -0.00455357   0.0105783  0.00148424 0.000749291 -0.00141798  1.80709 0.297524 -9.63382 10.1061
-0.0344339    1.17757    3.59521   0.241984 -0.0882115 -0.0153238 0.315064 0.283233  1.71953 -0.00336507  -0.0146338   0.0424902 -0.000954766  -0.00759451  -0.00406494   0.00126549 -0.00491143   0.0104448  0.00148282 0.000746748 -0.00141158  1.80709  0.29754 -9.63386 10.1069
-0.139133   1.27171   3.93091   0.241895 -0.0885714  -0.015006 0.314452 0.283372  1.71973 -0.00336742  -0.0146352   0.0424904 -0.00115962 -0.00857576 -0.00204865    0.0014307 -0.00504751  0.00993074  0.00148394 0.000747407 -0.00141675  1.80709 0.297536 -9.63383 10.1073
-0.330573   1.11854   4.18859   0.241983 -0.0889247  -0.015822 0.313184 0.283392  1.71989 -0.00336993  -0.0146353   0.0424903 0.000620769 -0.00939445 -0.00673142   0.00174018 -0.00480535  0.00953212  0.00148213 0.000747705 -0.00140756   1.8071 0.297534 -9.63388 10.1082
-0.168293   1.13531   3.80017   0.242025 -0.0886293 -0.0160565 0.316228 0.283011  1.71991 -0.00337024  -0.0146319   0.0424872  0.00125314 -0.00694724 -0.00762552   0.00144774 -0.00483135   0.0101636  0.00148158 0.000746249 -0.00140583   1.8071 0.297543 -9.63389 10.1086
-0.0861588    1.29973     3.4749   0.242377 -0.0885438 -0.0161692 0.317613  0.28036  1.71969 -0.00336896  -0.0146275   0.0424896  0.00421596 -0.00550688 -0.00793752    0.0012664 -0.00508848    0.010679  0.00148002 0.000745528 -0.00140579  1.80711 0.297549 -9.63389 10.109
0.00613752    1.27771    3.65445   0.242113 -0.0882311 -0.0166156 0.320446 0.283072  1.72054 -0.00337107  -0.0146237   0.0424815  0.00277183 -0.00384466  -0.0095678   0.00113122 -0.00505386   0.0103984   0.0014808 0.000744255  -0.0014025   1.8071 0.297555 -9.63391 10.1096
-0.18039  1.17453  3.84788   0.241963 -0.0886068 -0.0158431 0.318748 0.284115  1.72052 -0.00337357  -0.0146265   0.0424829  0.00157925 -0.00551661 -0.00476005   0.00142692 -0.00489816   0.0101087  0.00148399 0.000745257 -0.00141497  1.80708 0.297548 -9.63384 10.1105
-0.285721   1.11862   4.18045   0.242229 -0.0887812 -0.0151959 0.318178 0.281605  1.72082 -0.00337217  -0.0146315   0.0424855  0.00309593 -0.00594696 -0.00117439   0.00157983 -0.00480037    0.009589  0.00148438 0.000745546 -0.00142362  1.80708 0.297548 -9.63379 10.1112
-0.256634   1.12225   3.78679   0.242298  -0.088629 -0.0150908 0.319937 0.281151   1.7206 -0.00337313  -0.0146304    0.042485   0.00342395  -0.00470274 -0.000668218   0.00151103 -0.00480412   0.0102204  0.00148445 0.000744695 -0.00142497  1.80708 0.297553 -9.63378 10.1114
-0.0901057     1.2857    3.49716   0.241837 -0.0884914 -0.0149412    0.322 0.285214  1.72065 -0.00337976  -0.0146315   0.0424766  0.000221771  -0.00331205 -0.000136235   0.00121381 -0.00506535   0.0106818  0.00148735 0.000744138 -0.00142833  1.80706 0.297554 -9.63376 10.1119
0.0362052    1.2468   3.65515   0.242113 -0.0878843 -0.0153371 0.325877 0.282451  1.72158 -0.00337719  -0.0146263    0.042473   0.00260312 -0.000283878  -0.00218412   0.00103106 -0.00500143   0.0104292  0.00148488 0.000742008 -0.00142269  1.80708 0.297569 -9.63379 10.1127
-0.20835  1.30649  4.02482   0.242074 -0.0885042 -0.0148883 0.321783   0.2832  1.72133 -0.00338328  -0.0146326   0.0424741  0.00231433 -0.00360281 0.000175903  0.00140959  -0.005087 0.00984802  0.00148666 0.000744125 -0.00142929  1.80707 0.297556 -9.63375 10.1134
-0.244696   1.12079   4.00392   0.242518 -0.0884712 -0.0148585 0.322464 0.279815  1.72134 -0.00338116  -0.0146354   0.0424756   0.00526017  -0.00276488 -0.000323426   0.00146264 -0.00478963  0.00987614  0.00148483 0.000743668 -0.00142848  1.80708 0.297561 -9.63376 10.1139
-0.207419   1.25813   3.74675   0.241799 -0.0894608 -0.0152776 0.317047 0.287266  1.72002 -0.00338885  -0.0146409   0.0424718 2.69601e-05 -0.00786819 -0.00254227  0.00141363  -0.005014    0.01029  0.00148839 0.000746721 -0.00142577  1.80706 0.297538 -9.63377 10.1152
-0.159534   1.29163   3.46608   0.241429 -0.0894531 -0.0151156 0.318509 0.290073  1.71996 -0.00339409  -0.0146438   0.0424676 -0.00218414 -0.00671712 -0.00170788   0.00132792 -0.00507034   0.0107346  0.00149071 0.000746256 -0.00142927  1.80705 0.297539 -9.63375 10.1156
-0.06214  1.28994  3.58139   0.241286 -0.0889711 -0.0155815 0.322328 0.291057   1.7209 -0.00339507  -0.0146386   0.0424621 -0.00214278 -0.00369038 -0.00437828   0.00118028 -0.00506869   0.0105378  0.00149012 0.000744379 -0.00142403  1.80705  0.29755 -9.63378 10.1163
-0.132731   1.29145   3.82856   0.241076 -0.0890296 -0.0150642 0.322711 0.291744  1.72135 -0.00339675  -0.0146376   0.0424608  -0.00277254  -0.00374295 -0.000939286   0.00131478 -0.00507025   0.0101539  0.00149208 0.000744348 -0.00143197  1.80704 0.297549 -9.63374 10.1168
-0.276509    1.1091   3.98866   0.241077 -0.0897949 -0.0155774 0.318113 0.292202   1.7207 -0.00340255  -0.0146426   0.0424621 -0.00117452 -0.00798704 -0.00427085   0.00156536 -0.00477744    0.009899  0.00149122 0.000746404 -0.00142589  1.80705 0.297537 -9.63377 10.1178
-0.225036   1.09987   3.90178   0.240746 -0.0891966 -0.0155756 0.323157 0.294188  1.72166 -0.00340133  -0.0146343   0.0424591 -0.00338299 -0.00379311 -0.00390345   0.00148824 -0.00476856   0.0100271  0.00149256 0.000744008 -0.00142725  1.80704 0.297549 -9.63376 10.1184
0.00306257    1.00796    3.56191   0.240716 -0.0891465 -0.0152966 0.324197 0.293531  1.72133 -0.00340011  -0.0146345   0.0424589  -0.0032705  -0.0033967 -0.00255741   0.00110941 -0.00462093    0.010568  0.00149315 0.000743671 -0.00143144  1.80703 0.297551 -9.63374 10.1187
0.0348022   1.03229   3.55635   0.241557 -0.0890363 -0.0153472 0.324577 0.286136  1.72126 -0.00339367  -0.0146296   0.0424577  0.00289938 -0.00264242 -0.00335119   0.00105352 -0.00465201   0.0105718  0.00148852 0.000743231 -0.00142908  1.80706 0.297558 -9.63375 10.1196
-0.104036   1.24839   3.88239   0.241547 -0.0889788 -0.0148226 0.325394 0.286001  1.72188 -0.0033947 -0.0146293  0.0424582   0.00220445  -0.00195582 -1.01164e-06   0.00129186 -0.00498103   0.0100671  0.00148987 0.000742953 -0.00143677  1.80705  0.29756 -9.63371 10.1201
-0.263441   1.13678   4.11274   0.241146 -0.0891364 -0.0145412 0.325038 0.289755  1.72227 -0.00339807  -0.0146239   0.0424553 -0.00037694 -0.00253665 0.000760374   0.00156363 -0.00480755   0.0097133  0.00149283 0.000743242 -0.00144127  1.80704 0.297555 -9.63368 10.1206
-0.142642   1.11456    3.8977   0.241691 -0.0885685  -0.014469 0.328722  0.28496  1.72259 -0.00339285  -0.0146224   0.0424562  0.00347088 0.000840829 0.000737775   0.00136167 -0.00476955   0.0100462  0.00148995 0.000741251 -0.00144049  1.80705  0.29757 -9.63369 10.1214
0.11498  1.1859 3.49971   0.241905 -0.0885796 -0.0141825 0.328759  0.28362  1.72198 -0.0033915 -0.0146211  0.0424571   0.00465755 -3.04737e-05   0.00186206  0.000945004 -0.00487387   0.0106444  0.00148986 0.000741421 -0.00144356  1.80705 0.297569 -9.63367 10.1218
-0.144888   1.20004   3.51351   0.242112 -0.0885892 -0.0137888 0.328528  0.28214    1.722 -0.00339117  -0.0146222   0.0424594   0.00567662 -9.95886e-05     0.003528   0.00133609 -0.00489127   0.0106171  0.00148992 0.000741395 -0.00144783  1.80705  0.29757 -9.63364 10.1222
-0.196589     1.231   3.85953   0.242352 -0.0888456 -0.0133326 0.326619 0.280937  1.72206 -0.00339222  -0.0146268   0.0424617  0.00650605 -0.00144505  0.00537924   0.00140875 -0.00493116   0.0100806  0.00149018 0.000742375 -0.00145225  1.80705 0.297565 -9.63362 10.1228
-0.308224   1.08931   4.07214   0.242598 -0.0889814  -0.013079 0.325799 0.280394  1.72219 -0.0033931 -0.0146286  0.0424625  0.00727983 -0.00176822  0.00521246   0.00156032 -0.00470649  0.00974631  0.00149016 0.000742687 -0.00145323  1.80705 0.297564 -9.63361 10.1232
-0.261472   1.07319   3.78396   0.242814 -0.0902008 -0.0128902 0.318122  0.28025  1.72022 -0.00339529  -0.0146389   0.0424653  0.00788105 -0.00823503  0.00554562   0.00149085 -0.00468373   0.0101757  0.00149045 0.000746527 -0.00145459  1.80705 0.297542  -9.6336 10.1244
-0.179806  0.981288   3.43615   0.243161 -0.0895394 -0.0128819 0.323415 0.278299  1.72078 -0.00339811  -0.0146327    0.042462  0.00899689 -0.00379879  0.00474468    0.0013491 -0.00454162    0.010718   0.0014891 0.000743863 -0.00145269  1.80706 0.297558 -9.63361 10.1252
-0.295053   1.03198   3.57944   0.243538 -0.0892689 -0.0128058 0.325271 0.276058  1.72134 -0.00339689  -0.0146305   0.0424628   0.0106366 -0.00199819  0.00431911   0.00152099 -0.00461562    0.010494  0.00148774 0.000742802 -0.00145224  1.80707 0.297565 -9.63362 10.1256
-0.158565   1.24461   3.81586   0.243278 -0.0895418 -0.0119817 0.323978 0.279263  1.72132 -0.00340272  -0.0146283   0.0424576   0.0071252 -0.00318379  0.00792104   0.00133361 -0.00492143   0.0101418  0.00149157 0.000743875 -0.00146226  1.80705 0.297557 -9.63356 10.1265
-0.285665  0.966177   4.07857   0.243816 -0.0893122 -0.0114427 0.325618 0.275922  1.72198 -0.00339891  -0.0146312   0.0424602   0.00899569 -0.000844014     0.008791   0.00153041 -0.00449048  0.00973267  0.00149044 0.000742831 -0.00146501  1.80705 0.297565 -9.63354 10.1273
-0.319263   1.09923   3.85801   0.243158 -0.0900263 -0.0121747 0.321735  0.28369  1.72109 -0.00340751  -0.0146284    0.042453  0.00344534 -0.00422591  0.00411443   0.00157526 -0.00469017   0.0100595  0.00149285 0.000744936 -0.00145662  1.80704 0.297548 -9.63359 10.1286
-0.00565455     1.10451     3.49562   0.242762 -0.0891065 -0.0121627 0.328789 0.286843  1.72203 -0.00341379  -0.0146231   0.0424391 0.000338408  0.00126982  0.00348355   0.00109052 -0.00470368    0.010623  0.00149458 0.000741916 -0.00145657  1.80703 0.297563 -9.63359 10.1296
-0.122724   1.20522   3.56495   0.242464 -0.0894888 -0.0122378 0.326331 0.289637  1.72169 -0.00341605  -0.0146266   0.0424377 -0.00140944 -0.00100615  0.00251116   0.00127138 -0.00485562   0.0105189   0.0014959 0.000743183 -0.00145596  1.80702 0.297555 -9.63359 10.13
-0.0953558    1.18823    3.80458   0.242128 -0.0895403 -0.0118933 0.326767 0.291813  1.72207 -0.00341865  -0.0146242   0.0424343 -0.00312902 -0.00195818  0.00399984   0.00123616 -0.00482967   0.0101569  0.00149791 0.000743367 -0.00146006  1.80701 0.297552 -9.63357 10.1305
-0.239357   1.02754   3.94306   0.242586 -0.0900298 -0.0126356 0.323367 0.288411  1.72148 -0.00342035  -0.0146313    0.042437  0.00137966 -0.00443846 -0.00137035   0.00147675 -0.00458081  0.00994292  0.00149401 0.000744592 -0.00144875  1.80704 0.297549 -9.63364 10.1315
-0.179263   1.09438   3.96708   0.241731 -0.0898455 -0.0137844 0.325708 0.296297  1.72217 -0.00342431  -0.0146205   0.0424279 -0.00394613 -0.00301638 -0.00743183    0.0013891 -0.00468348  0.00989982   0.0014958 0.000743599 -0.00143741  1.80702 0.297549  -9.6337 10.133
-0.111683  0.999464   3.58422   0.241425 -0.0901101   -0.01363 0.324731 0.298068  1.72146 -0.00342646  -0.0146257   0.0424297  -0.0054845 -0.00422324 -0.00622522   0.00126872 -0.00453794   0.0104861   0.0014977  0.00074422 -0.00144147  1.80702 0.297544 -9.63368 10.1334
-0.0654981    1.10818    3.57912   0.241771 -0.0899637 -0.0139033 0.325409 0.294786  1.72152 -0.00342339  -0.0146222   0.0424313 -0.00216966 -0.00302266 -0.00764208   0.00119308 -0.00470198   0.0104938  0.00149519 0.000743571 -0.00143846 1.80703 0.29755 -9.6337 10.1339
-0.166597   1.15055   3.90996   0.241801 -0.0895449 -0.0141295 0.328327 0.293869  1.72256 -0.00342086    -0.01462   0.0424306  -0.00109266 -0.000602715  -0.00829523   0.00135184 -0.00476295  0.00999908   0.0014944 0.000742049 -0.00143745  1.80703 0.297559  -9.6337 10.1343
-0.248216   1.16767   4.09598   0.241974 -0.0901312 -0.0143229 0.324351 0.292657  1.72197 -0.0034243 -0.0146269  0.0424337 0.000785424 -0.00391834 -0.00851812   0.00147873 -0.00478189  0.00972022  0.00149387 0.000743909 -0.00143782 1.80704 0.29755 -9.6337 10.135
-0.0703881    1.12304     3.8834   0.241865 -0.0893373 -0.0148895 0.330182 0.293468  1.72288 -0.00342272  -0.0146198   0.0424265 0.000733682 0.000651022   -0.011254   0.00119476 -0.00471812   0.0100155  0.00149322 0.000741147 -0.00143271  1.80704 0.297565 -9.63373 10.136
0.0811906   1.19961   3.45879     0.2428 -0.0883206 -0.0146193 0.336244 0.285182  1.72341 -0.00342059  -0.0146046   0.0424262  0.00693555  0.00618357 -0.00906338  0.000966144 -0.00482127   0.0106214  0.00148956 0.000738097 -0.00143636  1.80705 0.297585 -9.63371 10.1374
0.139653  1.10784  3.47203   0.243153 -0.0870924 -0.0151005 0.343376 0.282831  1.72486 -0.00342267  -0.0145953   0.0424166 0.00874449  0.0122145  -0.011162  0.000891851 -0.00468452   0.0105921  0.00148722 0.000734559 -0.00143113  1.80706 0.297605 -9.63374 10.1387
-0.135291   1.31071   3.69032    0.24301 -0.0871439 -0.0143996 0.341426 0.284906  1.72485 -0.00342878  -0.0145997    0.042414  0.00659065  0.00990763 -0.00665742   0.00129433 -0.00497941   0.0102617  0.00149079 0.000735781 -0.00144358  1.80704 0.297597 -9.63367 10.1395
-0.266627   1.15705   3.79131    0.24342 -0.0874378 -0.0147899 0.337614 0.283524  1.72422 -0.00343031  -0.0146045    0.042415  0.00867962  0.00727315 -0.00840407    0.0014959 -0.00475368   0.0101101  0.00148947 0.000737412 -0.00144034  1.80705 0.297589 -9.63369 10.1401
-0.268329   1.09068   3.85384   0.242844 -0.0873625 -0.0149952 0.337843 0.289426  1.72448 -0.00343436  -0.0145992   0.0424123  0.00393904  0.00683686 -0.00901771   0.00149746 -0.00466131   0.0100206  0.00149281 0.000737514 -0.00144131  1.80703 0.297584 -9.63368 10.1407
-0.124623   1.19186   3.52182    0.24279 -0.0876147 -0.0147082 0.335691 0.290258   1.7236 -0.00343472  -0.0146026   0.0424128    0.002701  0.00495317 -0.00650652   0.00127123 -0.00480284   0.0105005  0.00149447 0.000738819 -0.00144731  1.80703 0.297577 -9.63365 10.1411
-0.16419  1.18105  3.40137    0.24299  -0.087993 -0.0147078 0.332677 0.289218  1.72281 -0.00343233  -0.0146056   0.0424153  0.00380775  0.00229745 -0.00636489   0.00134332 -0.00478999   0.0106909  0.00149414 0.000740202 -0.00144831  1.80703  0.29757 -9.63364 10.1415
-0.170514   1.13642   3.80419   0.242562 -0.0879278  -0.014391 0.333147 0.292738  1.72353 -0.00343466  -0.0146015   0.0424132 0.000447143  0.00216897 -0.00445068   0.00135813 -0.00472164   0.0100615  0.00149728 0.000740231 -0.00145471  1.80701 0.297567  -9.6336 10.1421
-0.293076   1.16299   3.90566   0.242879 -0.0882229 -0.0148063 0.330516 0.290868   1.7231 -0.0034357 -0.0146068  0.0424148   0.00342854 -1.42276e-05  -0.00639424   0.00154526 -0.00475613  0.00990884  0.00149547 0.000741294 -0.00145067  1.80703 0.297563 -9.63363 10.1427
-0.322313   1.06022   3.97235   0.242023 -0.0885634 -0.0163414 0.329241  0.29964  1.72313 -0.00344565  -0.0145955   0.0424095 -0.00193531  -0.0016282  -0.0139866   0.00159201 -0.00461209  0.00980929  0.00149726 0.000742054 -0.00143609  1.80702 0.297553 -9.63371 10.1445
-0.246648   1.10879    3.5038   0.242622 -0.0881643 -0.0164037 0.331729 0.294186   1.7229 -0.00344337  -0.0145918   0.0424105 0.00228634 0.00165057 -0.0132858   0.00145509 -0.00468406   0.0105288   0.0014946  0.00074073 -0.00143693  1.80703 0.297563  -9.6337 10.1452
-0.36684  1.31345  3.34402    0.24257 -0.0878687 -0.0167069 0.333777 0.294941  1.72322 -0.00344615  -0.0145905   0.0424091 0.00231916 0.00408526 -0.0140937   0.00160197 -0.00497918   0.0107604  0.00149476 0.000739888 -0.00143623  1.80703 0.297567 -9.63371 10.1456
-0.0853542    1.21008    3.75023   0.242474 -0.0874545  -0.017034 0.335987 0.295865  1.72413 -0.00344694  -0.0145878   0.0424064 0.00172229 0.00649969 -0.0147035  0.00119554 -0.0048235  0.0101784  0.00149512 0.000739002 -0.00143548  1.80703 0.297572 -9.63371 10.1461
-0.341602   1.25751    4.1844   0.242437 -0.0878359 -0.0167958 0.332103 0.296447  1.72394 -0.0034554 -0.0145915  0.0424064 0.00154616 0.00326799  -0.011845   0.00157702 -0.00488518   0.0095728  0.00149709  0.00074097 -0.00144364  1.80702 0.297561 -9.63367 10.1466
-0.207036   1.12757   4.06719   0.242248 -0.0876419 -0.0170554 0.333258 0.298152  1.72406 -0.00345609  -0.0145881   0.0424044 0.000373925  0.00413254  -0.0126874   0.00138876 -0.00470516  0.00973204  0.00149801 0.000740524  -0.0014435  1.80701 0.297562 -9.63367 10.147
-0.0627346     1.1411    3.56966    0.24226  -0.087704 -0.0172027 0.332661 0.298182  1.72327 -0.00345755  -0.0145903   0.0424047 0.000493592  0.00290317  -0.0123511   0.00115503 -0.00472083   0.0104614  0.00149832 0.000740922 -0.00144459  1.80701 0.297559 -9.63366 10.1471
-0.136172   1.12975   3.49165   0.242279 -0.0875906 -0.0173103 0.333116 0.297995  1.72328 -0.00345782  -0.0145903   0.0424047 0.000874823   0.0029221   -0.012108   0.00125334 -0.00470057   0.0105772  0.00149849 0.000740678  -0.0014458  1.80701  0.29756 -9.63365 10.1473
-0.115288   1.19126   3.75985   0.242109 -0.0877387 -0.0170975 0.331823 0.299174  1.72339 -0.00345977  -0.0145913   0.0424051 -0.000290915   0.00176976   -0.0100824   0.00124781 -0.00479728   0.0101444  0.00150028 0.000741492  -0.0014518    1.807 0.297556 -9.63362 10.1476
-0.206097   1.43004   4.05094   0.242192 -0.0884199 -0.0177663 0.32679 0.29942 1.72274 -0.00346466  -0.0145973   0.0424085   0.0014081 -0.00268104   -0.012247   0.00140482 -0.00514576  0.00970274  0.00149948 0.000743826 -0.00144768  1.80701 0.297545 -9.63364 10.1486
-0.249815   1.09486   4.02952   0.241452 -0.0878128 -0.0175233 0.332198  0.30494  1.72399 -0.00346614  -0.0145857   0.0424048 -0.00319667 0.000780499  -0.0103693   0.00146523 -0.00467677  0.00973528  0.00150363 0.000741644 -0.00145403  1.80699 0.297551 -9.63361 10.1495
-0.241384   1.21607   3.59512   0.241968 -0.0874614 -0.0171899  0.33421 0.299703  1.72374 -0.00346441  -0.0145829   0.0424085 0.000654228  0.00282186 -0.00798576   0.00143139 -0.00485278    0.010391  0.00150189 0.000740606 -0.00145877  1.80699 0.297558 -9.63358 10.1502
-0.00719822     1.07783     3.40946   0.242424 -0.0876843 -0.0171348 0.33226 0.29614 1.72298 -0.00345933  -0.0145819    0.042413  0.00380607  0.00124757 -0.00733347   0.00105001 -0.00463853    0.010665  0.00150036 0.000741507 -0.00145998    1.807 0.297555 -9.63357 10.1508
-0.0782365    1.21697    3.67931   0.241926 -0.0878413 -0.0172046 0.331398 0.300829  1.72325 -0.00346344  -0.0145825   0.0424091 4.75843e-05 0.000248726  -0.0072605   0.00116854 -0.00485321   0.0102374  0.00150319 0.000742156  -0.0014624  1.80699 0.297549 -9.63356 10.1513
-0.256379   1.41447   3.92128   0.241918 -0.0883189 -0.0170772 0.328019 0.301021   1.7229 -0.00346796  -0.0145867   0.0424095 0.000673978 -0.00211937 -0.00593671   0.00142661 -0.00513326  0.00988367  0.00150411 0.000743844 -0.00146677  1.80699 0.297541 -9.63353 10.1518
-0.241567    1.0974   3.98281   0.241486  -0.088185 -0.0179621 0.329436 0.305329  1.72342 -0.00347573  -0.0145808    0.042405  -0.00158989 -0.000905449    -0.010317   0.00142288 -0.00470029  0.00979484  0.00150466   0.0007431 -0.00145786  1.80699 0.297542 -9.63358 10.1528
-0.14148  1.14281  3.58497   0.241855 -0.0881129 -0.0178289 0.329925 0.301809  1.72293 -0.00347397  -0.0145799   0.0424065  0.000984394 -0.000211887  -0.00901365  0.00126688 -0.0047673  0.0103816  0.00150344  0.00074285 -0.00146059  1.80699 0.297545 -9.63357 10.1532
-0.162445   1.27905   3.36578   0.242172 -0.0877176 -0.0177565 0.332476 0.298967  1.72313 -0.0034746 -0.0145748   0.042408  0.00334581  0.00217145 -0.00828843   0.00127357 -0.00496424   0.0107154  0.00150241 0.000741611 -0.00146283  1.80699 0.297552 -9.63356 10.1537
-0.0419034    1.18085    3.75738   0.241674 -0.0874586 -0.0170415 0.334403  0.30258  1.72408 -0.0034758 -0.0145695   0.042404 -0.00065757  0.00284173 -0.00374537   0.00111581 -0.00481902   0.0101207  0.00150662 0.000741125 -0.00147453  1.80697 0.297551 -9.63349 10.1546
-0.284327   1.31939   4.05726   0.241844 -0.0879808 -0.0175154 0.330096 0.302159  1.72351 -0.00348065  -0.0145754   0.0424056  0.00199597 -0.00116113 -0.00600832  0.00147223 -0.0050157 0.00967645  0.00150532 0.000743028 -0.00147001  1.80698 0.297543 -9.63351 10.1553
-0.327848   1.12717   3.97045   0.241837 -0.0880237 -0.0175518 0.330042  0.30249  1.72342 -0.00348235  -0.0145754   0.0424058  0.00225966 -0.00133048 -0.00590802   0.00152569 -0.00474836  0.00979967  0.00150573 0.000743006 -0.00147066  1.80698 0.297542 -9.63351 10.1554
-0.174375   1.17722   3.55276   0.242128 -0.0875388 -0.0173972 0.333496 0.299929  1.72354 -0.00348207  -0.0145722   0.0424046   0.0039318  0.00164665 -0.00489565   0.00130276 -0.00481539    0.010366  0.00150498 0.000741444 -0.00147325  1.80698 0.297551  -9.6335 10.156
-0.187627   1.29182   3.37147   0.242175 -0.0876097 -0.0173519 0.332923 0.300106  1.72319 -0.00348242  -0.0145735   0.0424046   0.0043942  0.00130186 -0.00461596    0.0013204 -0.00497549   0.0106312  0.00150541 0.000741777 -0.00147501  1.80698 0.297549 -9.63349 10.1561
-0.103229   1.13504   3.73091   0.242207 -0.0877145 -0.0175584 0.331952 0.300637  1.72343 -0.00348405  -0.0145747   0.0424052  0.00444064 0.000699625 -0.00537711    0.0012035 -0.00474251   0.0101019  0.00150545 0.000742233 -0.00147354  1.80698 0.297547 -9.63349 10.1563
-0.286852   1.42712    4.0394   0.242301 -0.0882753 -0.0172356 0.327835 0.301352  1.72295 -0.00349214  -0.0145799   0.0424051  0.00488518 -0.00268551 -0.00295436   0.00148025 -0.00516236  0.00963957  0.00150679 0.000744301 -0.00147975  1.80698 0.297537 -9.63346 10.1569
-0.18508  1.15862  3.88538   0.242536   -0.08804 -0.0164395 0.329841 0.299206  1.72311 -0.00349071  -0.0145811   0.0424061   0.00637235 -0.000358715  0.000661717   0.00132256 -0.00477741   0.0098576  0.00150778 0.000743468 -0.00148918  1.80697 0.297542 -9.63341 10.1578
-0.116318   0.96706   3.53232   0.242881 -0.0879614 -0.0164595 0.330362   0.2973  1.72273 -0.00349162  -0.0145818   0.0424054  0.00799289 0.000435585 0.000131291   0.00121938 -0.00451236   0.0103539  0.00150671 0.000743136   -0.001488  1.80698 0.297544 -9.63341 10.1582
-0.0289103   0.901538    3.45379   0.243173 -0.0875642 -0.0163168 0.332906 0.295628  1.72312 -0.00349114  -0.0145785   0.0424021  0.00870208  0.00252263 0.000585187   0.00110148 -0.00441722    0.010471  0.00150611 0.000741974 -0.00148914  1.80698  0.29755 -9.63341 10.1587
-0.126918   1.15328   3.70604   0.243074 -0.0877985 -0.0154995 0.331031 0.297302  1.72306 -0.00349357  -0.0145811    0.042404  0.00645824 0.000627726  0.00476394   0.00124022 -0.00477718   0.0100999  0.00150894 0.000743057 -0.00149982  1.80697 0.297544 -9.63335 10.1595
-0.279125   1.33503   3.96553   0.243214 -0.0882026 -0.0154968 0.328075 0.298017  1.72281 -0.00349739  -0.0145834   0.0424032  0.00710226 -0.00177874  0.00353595   0.00148414 -0.00503519  0.00972228  0.00150899 0.000744437 -0.00149883  1.80697 0.297537 -9.63335 10.16
-0.255449   1.00604   4.04302   0.242777 -0.0882006 -0.0158928 0.329065   0.3035  1.72318 -0.00350414  -0.0145755   0.0423991  0.00358322 -0.00144797 0.000701849   0.00144939 -0.00457837   0.0096136  0.00151078 0.000744139 -0.00149383  1.80696 0.297535 -9.63338 10.1605
-0.240156   1.03736   3.56302   0.243387 -0.0884627 -0.0154844 0.327307 0.298787  1.72213 -0.00350133   -0.014577   0.0424031  0.00716618 -0.00290613  0.00257406   0.00140941 -0.00462025   0.0102982  0.00150917 0.000744863 -0.00149746  1.80697 0.297534 -9.63336 10.1613
-0.17461  1.10202  3.39785   0.243703 -0.0884467 -0.0148744 0.327763 0.296676  1.72198 -0.00349981  -0.0145762   0.0424051  0.00830384 -0.00236529  0.00509655  0.00129696 -0.0047066    0.01053  0.00150941 0.000744753 -0.00150393  1.80697 0.297535 -9.63332 10.162
-0.0741377    1.14216    3.74037   0.243025 -0.0881261 -0.0144299 0.330818 0.302659  1.72311 -0.00350305  -0.0145688   0.0423945   0.00280662 -0.000506767   0.00679017   0.00117393 -0.00476554   0.0100395  0.00151356 0.000743796 -0.00151008  1.80694 0.297536 -9.63329 10.1629
-0.180948   1.22793   3.86572   0.243206 -0.0885031 -0.0144702 0.328012 0.302381  1.72269 -0.00350454  -0.0145719   0.0423966  0.00401875 -0.00274511  0.00536836   0.00135082 -0.00488609  0.00985434  0.00151279 0.000744891 -0.00150726  1.80695 0.297531  -9.6333 10.1633
-0.305837   1.01926    3.9724   0.242561 -0.0879605 -0.0151081 0.332516 0.308734  1.72394 -0.0035069 -0.0145582  0.0423906 -0.000290253  0.000879595  0.000982744   0.00151391 -0.00460368  0.00969662  0.00151443 0.000742737 -0.00149946  1.80694 0.297537 -9.63335 10.1644
-0.221766  0.913875   3.65866   0.242587 -0.0879725 -0.0149434 0.332467 0.308368  1.72353 -0.00350709  -0.0145602   0.0423915 -0.000235238   0.00113069   0.00128062   0.00139651 -0.00445954   0.0101387   0.0015147 0.000742783 -0.00150118  1.80694 0.297537 -9.63334 10.1645
-0.112067  0.908983   3.49547   0.242235 -0.0885375 -0.0142542 0.329362 0.310745  1.72274 -0.00350478  -0.0145672   0.0423965 -0.00328304 -0.00224936  0.00449305   0.00121513 -0.00444959   0.0103765  0.00151786 0.000744675 -0.00151022  1.80693 0.297526 -9.63328 10.1655
-0.00974541      1.0701     3.70308    0.24205 -0.0882342 -0.0152068 0.331596 0.312602  1.72347 -0.00350575  -0.0145656   0.0423913   -0.0034363 -0.000716645  -0.00113189   0.00104715 -0.00468107   0.0100631  0.00151628   0.0007436 -0.00149838  1.80693 0.297532 -9.63335 10.1665
-0.170408   1.25316   3.86372   0.241906 -0.0885703 -0.0145941 0.329256 0.312963  1.72323 -0.00350972  -0.0145683   0.0423921 -0.00343934 -0.00267196  0.00185454   0.00125094 -0.00491307   0.0098459  0.00151788 0.000744715 -0.00150643  1.80693 0.297526 -9.63331 10.1672
-0.204291   1.11878   3.85056   0.241549 -0.0882475 -0.0150385 0.331672 0.315647  1.72381 -0.00351027  -0.0145632   0.0423871  -0.00461385 -0.000256248  -0.00111539  0.00129887 -0.0047274 0.00986273  0.00151808 0.000743398 -0.00150096  1.80692 0.297531 -9.63334 10.1679
-0.209963  0.960273   3.51905   0.242064 -0.0883397 -0.0149066 0.330775 0.310857  1.72314 -0.00350836  -0.0145634   0.0423908 -0.000673691 -0.000485716 -0.000746952   0.00128735 -0.00450726   0.0103205  0.00151584 0.000743598 -0.00150126  1.80693 0.297532 -9.63334 10.1684
-0.238855  0.913912   3.37083   0.242855 -0.0878575 -0.0147601 0.333416 0.303927  1.72342 -0.00350571  -0.0145544   0.0423915   0.00423973   0.00265449 -0.000215631   0.00131754 -0.00443674   0.0105351  0.00151234 0.000742129 -0.00150109  1.80695 0.297541 -9.63334 10.1694
-0.189996   1.01601     3.744   0.243231 -0.0877725 -0.0151774 0.333228 0.301704  1.72377 -0.00350612  -0.0145579   0.0423941  0.00650979  0.00264192 -0.00278499   0.00125707 -0.00457879  0.00999503  0.00151007 0.000742095 -0.00149562  1.80696 0.297544 -9.63337 10.1699
-0.173419   1.29878   3.84009   0.243445 -0.0880116 -0.0149078 0.331167  0.30117  1.72344 -0.00350945  -0.0145607   0.0423973  0.00717861 0.000790535 -0.00130898   0.00125122 -0.00497252  0.00985015  0.00151061 0.000743183 -0.00149997  1.80696 0.297539 -9.63334 10.1703
-0.290104   1.02606   3.97903   0.243149 -0.0878116 -0.0143637 0.332711 0.304196  1.72403 -0.00351049  -0.0145556   0.0423953 0.00406282 0.00152011 0.00126557   0.00140944 -0.00458848  0.00964837  0.00151371 0.000742595 -0.00150736  1.80694 0.297539  -9.6333 10.171
-0.294429   1.09533   3.53388   0.243388 -0.0882094 -0.0140245 0.330026 0.302741  1.72291 -0.00351089  -0.0145603   0.0423982   0.00490033 -0.000436243   0.00273352   0.00140311 -0.00468701   0.0102808  0.00151379 0.000743855 -0.00151112  1.80694 0.297534 -9.63328 10.1716
-0.270832   1.16316   3.32242   0.243504 -0.0875781 -0.0136954 0.334224 0.301989   1.7235 -0.00351452  -0.0145576   0.0423968 0.00469938 0.00370807 0.00391629   0.00136423 -0.00478241   0.0105694   0.0015141 0.000742003 -0.00151427  1.80694 0.297542 -9.63326 10.1723
-0.113532     1.124   3.68643    0.24288 -0.0875021 -0.0141808 0.334815 0.308072  1.72415 -0.00351826  -0.0145534   0.0423895 0.000602998  0.00381433 0.000511138  0.00115534 -0.0047292  0.0100513  0.00151608 0.000741955 -0.00150941  1.80693  0.29754 -9.63329 10.1731
-0.115022   1.18797   3.84975   0.242995 -0.0879362 -0.0140743 0.330934 0.307385  1.72346 -0.00352118  -0.0145579   0.0423937  0.00151939 0.000542586 0.000918229   0.00115657 -0.00481162  0.00982506  0.00151606 0.000743635 -0.00151053  1.80693 0.297533 -9.63328 10.1735
-0.271972   1.10887   4.01289   0.242803 -0.0881132 -0.0152155 0.329699 0.310635  1.72353 -0.00352436  -0.0145529   0.0423905   0.00103049 -0.000723935  -0.00560402   0.00138183 -0.00470255  0.00958658  0.00151497 0.000743957 -0.00149735  1.80694  0.29753 -9.63336 10.1747
-0.100864  0.894796   3.67598   0.242588 -0.0878794 -0.0152842 0.331671 0.312292   1.7235 -0.00352719  -0.0145535   0.0423898 -0.000397206  0.000797628   -0.0060978   0.00111513 -0.00439619   0.0100696  0.00151603 0.000743157 -0.00149773  1.80694 0.297533 -9.63335 10.175
0.111921  1.02764  3.48726   0.242132  -0.087809 -0.0151315 0.332541 0.315563  1.72349 -0.0035286 -0.0145531   0.042387  -0.0038492  0.00041178 -0.00475061  0.000810363 -0.00457812   0.0103202  0.00151852 0.000743115 -0.00150215  1.80692 0.297531 -9.63333 10.1755
-0.0398467    1.10336    3.64094   0.241531 -0.0873911 -0.0152629 0.335565 0.319712   1.7244 -0.00353125  -0.0145498   0.0423804 -0.00718068   0.0024159 -0.00526495   0.00103982 -0.00468915   0.0100988  0.00152059 0.000741848 -0.00150268  1.80691 0.297535 -9.63333 10.1763
-0.112838   1.15143   3.76854   0.241408 -0.0877408 -0.0145925 0.332767 0.318447  1.72396 -0.00353276  -0.0145536   0.0423835  -0.0062388 4.35704e-06 -0.00158031   0.00112921 -0.00474809  0.00991845  0.00152196 0.000743265  -0.0015124  1.80691 0.297528 -9.63327 10.177
-0.311402   1.02093   4.08853   0.241569  -0.087643 -0.0146623 0.333066 0.316458  1.72431 -0.00353238   -0.014556    0.042385 -0.00398645 0.000420262 -0.00197373   0.00139542 -0.00456497  0.00947745   0.0015206 0.000742964 -0.00151121  1.80691 0.297531 -9.63328 10.1772
-0.185625   1.01681   3.70957   0.241461 -0.0872995 -0.0147563 0.335502 0.316698  1.72433 -0.00353351  -0.0145542   0.0423832 -0.00436107  0.00246872 -0.00246498     0.001193 -0.00455592   0.0100114   0.0015206 0.000741923 -0.00151049  1.80691 0.297536 -9.63328 10.1776
0.150867 0.981048  3.59245   0.241255 -0.0871479 -0.0144126 0.336456 0.317218  1.72434 -0.00353288  -0.0145527   0.0423826  -0.00537288   0.00241835 -0.000914547  0.000727386 -0.00450495   0.0101649  0.00152189 0.000741778 -0.00151539  1.80691 0.297536 -9.63326 10.178
-0.0812573    1.02425    3.72024   0.241318 -0.0870689 -0.0148898 0.336446 0.316394  1.72453 -0.00353299  -0.0145535    0.042383 -0.00420772  0.00229488  -0.0037688   0.00107755 -0.00456736  0.00997339  0.00152027 0.000741519 -0.00150968  1.80692 0.297538 -9.63329 10.1785
-0.21955  1.06418  4.01067   0.241324 -0.0872762 -0.0142945 0.334475 0.314692  1.72446 -0.0035344 -0.0145584   0.042385  -0.00394401  0.000969323 -0.000495443   0.00127286 -0.00461918  0.00956187  0.00152107 0.000742486 -0.00151776  1.80691 0.297534 -9.63324 10.1792
-0.27873  1.10943   3.9937   0.241006  -0.087355 -0.0141422 0.333606 0.316852  1.72434 -0.00353611  -0.0145575   0.0423831 -0.00545231 0.000691582 8.47318e-05   0.00134975 -0.00467802    0.009584  0.00152245   0.0007428 -0.00152037  1.80691 0.297532 -9.63323 10.1795
-0.34217  1.19164  3.63146   0.240894 -0.0879871 -0.0139471 0.329661 0.317339  1.72312 -0.00353726  -0.0145619   0.0423821 -0.00561279 -0.00241228 0.000747305   0.00142095 -0.00479454   0.0100903   0.0015232 0.000744679 -0.00152301   1.8069 0.297523 -9.63321 10.1802
-0.246749   1.33042   3.38431    0.24106 -0.0874663 -0.0135297 0.333234 0.314519  1.72352 -0.00354062  -0.0145578   0.0423845 -0.00331131  0.00102887  0.00246911   0.00128538 -0.00498195   0.0104145  0.00152272 0.000743116 -0.00152732   1.8069  0.29753 -9.63319 10.1809
-0.249899   1.12293   3.59962   0.241182 -0.0873077 -0.0139575 0.333843  0.31347   1.7239 -0.0035404 -0.0145559  0.0423847  -0.00189355   0.00230393 -0.000267362   0.00129367 -0.00469355    0.010108    0.001521 0.000742635 -0.00152107  1.80691 0.297533 -9.63323 10.1813
-0.148703   1.18968   3.78554   0.241193 -0.0880042 -0.0136435 0.328751 0.313062  1.72303 -0.00354303  -0.0145609   0.0423886 -0.00116413  -0.0017553 0.000774866   0.00116965 -0.00478218  0.00984337  0.00152161 0.000745081 -0.00152504  1.80691 0.297523  -9.6332 10.1821
-0.254272   1.07485   3.98553   0.240977 -0.0881143 -0.0142151 0.328295 0.315302  1.72325 -0.00354541  -0.0145581   0.0423879 -0.00154067 -0.00188951  -0.0027219   0.00130858 -0.00462283  0.00956377  0.00152138 0.000745142 -0.00151836  1.80691 0.297522 -9.63324 10.1827
-0.171045   1.12669   3.64578   0.240623 -0.0887383 -0.0135599 0.324958 0.317675  1.72217 -0.00354791  -0.0145631   0.0423893  -0.0038203 -0.00516535 0.000949156   0.00116968 -0.00469713   0.0100471  0.00152451 0.000746976 -0.00152787   1.8069 0.297512 -9.63319 10.1837
-0.267132   1.18015   3.35414      0.241 -0.0887455 -0.0133721 0.325306 0.313987  1.72189 -0.00354662  -0.0145599   0.0423913 -0.000191913  -0.00440072   0.00141704   0.00128381 -0.00476373   0.0104174  0.00152293 0.000746676 -0.00152899  1.80691 0.297515 -9.63318 10.1841
-0.113026   1.08782   3.64924   0.240966 -0.0887651 -0.0136011 0.325587 0.314383  1.72226 -0.00354702  -0.0145602   0.0423906 0.000238127 -0.00410418 2.49589e-06   0.00106928 -0.00463687   0.0100185  0.00152252 0.000746573 -0.00152589  1.80691 0.297515  -9.6332 10.1844
-0.079493   1.20333   3.84547   0.240706 -0.0891514 -0.0130137 0.323982 0.316164  1.72219 -0.00355021   -0.014559   0.0423904 -0.00146624 -0.00573061   0.0028103   0.00103105 -0.00478905   0.0097506  0.00152493 0.000747573 -0.00153368   1.8069  0.29751 -9.63315 10.1851
-0.315497  0.982056   4.18476   0.240978 -0.0891949 -0.0139406 0.324025 0.314675  1.72263 -0.00355376  -0.0145596   0.0423886  0.00107616 -0.00519719  -0.0029959   0.00136587 -0.00448985  0.00929696  0.00152164 0.000747103 -0.00152077  1.80692 0.297513 -9.63323 10.1861
-0.132974   1.01436   3.70489   0.241365 -0.0886527 -0.0139253  0.32807 0.311222  1.72279 -0.00355282  -0.0145566   0.0423845  0.00348428  -0.0015543 -0.00328423   0.00109114 -0.00453445  0.00996367  0.00151994 0.000745305 -0.00152061  1.80692 0.297522 -9.63323 10.1867
0.0205301   1.22648   3.47294   0.241684 -0.0881981 -0.0140351 0.331206 0.308947   1.7231 -0.00355295   -0.014551   0.0423828  0.00524266 0.000683311 -0.00362528  0.000883531  -0.0048166    0.010267  0.00151856 0.000743936 -0.00151955  1.80693 0.297529 -9.63323 10.1873
0.12275 1.14371 3.60317   0.241342  -0.087286 -0.0151642 0.337278 0.312828  1.72454 -0.00355554  -0.0145488   0.0423714  0.00304084  0.00490373 -0.00933878  0.000740402 -0.00470861   0.0100888   0.0015179 0.000741183 -0.00150717 1.80693 0.29754 -9.6333 10.1888
-0.141099   1.11121   3.82883   0.241568 -0.0871699 -0.0142232 0.337099 0.310404  1.72479 -0.00355501  -0.0145525   0.0423732  0.00402536  0.00434113 -0.00375382   0.00109221 -0.00466194  0.00977273  0.00151957 0.000741336 -0.00152104  1.80692  0.29754 -9.63323 10.1898
-0.236672   1.06196   4.15498   0.241956 -0.0866455  -0.015067 0.339359 0.308511  1.72561 -0.00355201  -0.0145529   0.0423733  0.00640086  0.00641202 -0.00794105   0.00121531 -0.00459558  0.00933891  0.00151664     0.00074 -0.00151127  1.80693 0.297547 -9.63328 10.1908
-0.10594  1.08383  3.79724   0.241723 -0.0864396 -0.0152275 0.340605 0.311128  1.72548 -0.00355484  -0.0145511   0.0423708  0.00443707  0.00688128 -0.00839983   0.00103987 -0.00462821  0.00982187  0.00151801 0.000739601 -0.00151155  1.80693 0.297548 -9.63328 10.1912
-0.0617895    1.16089    3.48589   0.242214 -0.0856806 -0.0150342 0.344522 0.307216  1.72587 -0.00355583  -0.0145457   0.0423703   0.0069563    0.010067 -0.00654988  0.000969838 -0.00472235   0.0102189  0.00151684 0.000737843 -0.00151495  1.80693 0.297556 -9.63326 10.1921
-0.000302595       1.1426      3.59783   0.242007  -0.085696 -0.0152034 0.343654  0.30991  1.72585 -0.00355734  -0.0145471   0.0423694  0.00492385  0.00881256 -0.00720586  0.000894912 -0.00470065   0.0100694  0.00151814 0.000738344 -0.00151492  1.80692 0.297553 -9.63326 10.1924
-0.1458 1.29925 3.77869   0.242151 -0.0859035 -0.0150617 0.340787 0.309668  1.72548 -0.00355988   -0.014551   0.0423706  0.00547908  0.00643426 -0.00602306   0.00108856 -0.00490594  0.00982094  0.00151881 0.000739688 -0.00151906  1.80692 0.297547 -9.63324 10.1927
-0.218087   1.06195   4.01205   0.242405 -0.0861238 -0.0150852 0.338323  0.30904  1.72515 -0.00356303  -0.0145545   0.0423714  0.00663125  0.00442749 -0.00574874   0.00118192 -0.00460495  0.00952338   0.0015188 0.000740859 -0.00152021  1.80692 0.297543 -9.63323 10.193
-0.243129   1.12111   3.63609   0.242132 -0.0872009 -0.0150272 0.331374 0.312613  1.72334 -0.00356501  -0.0145612   0.0423703  0.00421707 -0.00156545 -0.00528677    0.0011884 -0.00467789   0.0100221  0.00152109 0.000744185 -0.00152321  1.80692 0.297528 -9.63321 10.1941
-0.274961   1.14198   3.39448   0.242424 -0.0868927 -0.0147395 0.333492 0.310428  1.72349 -0.00356606  -0.0145605   0.0423717  0.00557309 0.000565052 -0.00338247   0.00120812 -0.00470124   0.0103196  0.00152094 0.000743243 -0.00152743  1.80692 0.297532 -9.63319 10.1946
-0.23343  1.16709   3.6018   0.241905  -0.087373 -0.0149309 0.330711 0.315714  1.72323 -0.00356924  -0.0145627   0.0423686  0.00203891 -0.00188229 -0.00441166   0.00115226 -0.00473119    0.010043  0.00152345 0.000744695 -0.00152739  1.80691 0.297524 -9.63319 10.1954
-0.0580974    1.34547    3.76583   0.241949 -0.0876192 -0.0146619 0.329407 0.315517   1.7231 -0.00357134   -0.014564   0.0423706  0.00288067 -0.00324403  -0.0025203  0.000924602 -0.00496164   0.0098227  0.00152426 0.000745497 -0.00153204   1.8069 0.297521 -9.63316 10.1957
-0.27348  1.03328  4.03954   0.241938 -0.0878829 -0.0154875 0.328104  0.31723  1.72321 -0.00357861  -0.0145602   0.0423687  0.00338018 -0.00423612 -0.00721694   0.00119736 -0.00455063  0.00946439 0.00152331  0.0007458 -0.0015227  1.80691 0.297519 -9.63321 10.1966
-0.167399   1.08007   3.86915   0.242203 -0.0881799 -0.0158916 0.326526 0.315977  1.72263 -0.00357939  -0.0145621   0.0423692  0.00507727 -0.00547289 -0.00910054   0.00104549 -0.00460891  0.00968989  0.00152192 0.000746464  -0.0015188  1.80692 0.297517 -9.63324 10.1972
-0.0686434    1.26372    3.42291   0.242094 -0.0877376 -0.0161951 0.330372 0.317502  1.72293 -0.00358442  -0.0145606    0.042363     0.00418 -0.00273908 -0.00989543  0.000907218 -0.00485226   0.0102696  0.00152243 0.000744915 -0.00151773  1.80692 0.297523 -9.63324 10.1977
-0.101176   1.11733   3.55495    0.24211 -0.0880008 -0.0161603 0.328916 0.317831   1.7228 -0.00358458  -0.0145628   0.0423643  0.00406736  -0.0039215 -0.00926361  0.000951207 -0.00464878     0.01008  0.00152313 0.000745566 -0.00152008  1.80691  0.29752 -9.63323 10.198
-0.121785   1.17154   3.85293   0.242211 -0.0878656 -0.0160195 0.330351 0.317216  1.72342 -0.00358385  -0.0145624   0.0423639  0.00409694 -0.00269242 -0.00760907  0.000995768 -0.00471862  0.00968613  0.00152367 0.000745009 -0.00152445  1.80691 0.297522  -9.6332 10.1982
-0.287566   1.13937   4.18225  0.242318 -0.087555 -0.015745 0.332727 0.316479  1.72431 -0.00358044  -0.0145617   0.0423646    0.0040371 -0.000713642  -0.00548541   0.00122912 -0.00467043  0.00923986  0.00152444 0.000743933  -0.0015302   1.8069 0.297527 -9.63317 10.1986
-0.10013  1.04399  3.78437    0.24253 -0.0877647 -0.0160002  0.33188 0.315561  1.72367 -0.00358223   -0.014564   0.0423645  0.00516916 -0.00188093 -0.00699583  0.000963107 -0.00454269  0.00977736  0.00152358 0.000744458 -0.00152766  1.80691 0.297525 -9.63319 10.199
0.0755781   1.09869   3.46079   0.243089 -0.0871297 -0.0156971 0.336174 0.311082   1.7241 -0.00358215  -0.0145561   0.0423602  0.00812225  0.00137264 -0.00492376  0.000711607 -0.00461194   0.0102079  0.00152228 0.000742656  -0.0015318  1.80691 0.297533 -9.63317 10.1999
-0.0703537    1.06397    3.53245    0.24337 -0.0869741 -0.0154782 0.337114 0.309379  1.72438 -0.00358155  -0.0145556   0.0423604  0.00930652  0.00190502 -0.00377366  0.000884166 -0.00456086    0.010114  0.00152211 0.000742271 -0.00153494  1.80691 0.297535 -9.63315 10.2003
-0.188465   1.16683   3.88841   0.243373 -0.0872453 -0.0148262 0.335183 0.310518  1.72441 -0.00358495  -0.0145578   0.0423599   0.00785865 -0.000227833  0.000119186   0.00106828 -0.00469526  0.00964466  0.00152454 0.000743348 -0.00154453  1.8069 0.29753 -9.6331 10.201
-0.202839   1.13425   3.86758   0.243791 -0.0876721 -0.0143366 0.332419 0.309208  1.72379 -0.0035861 -0.0145627  0.0423619  0.00976309 -0.00237231  0.00196516   0.00109572 -0.00465231   0.0096699   0.0015249 0.000744671 -0.00155013   1.8069 0.297525 -9.63307 10.2018
-0.299741   1.19318   3.67519   0.243485 -0.0875902  -0.014495 0.333581 0.313082  1.72391 -0.00358849  -0.0145611   0.0423586  0.00723004 -0.00165494 0.000873636   0.00121493 -0.00473051  0.00992132   0.0015265 0.000744227 -0.00154904  1.80689 0.297525 -9.63307 10.2021
-0.0941997    1.21647    3.36968   0.243077 -0.0873904 -0.0145359 0.335572 0.317523  1.72401 -0.00359253  -0.0145647   0.0423534   0.00417087 -6.79345e-05   0.00062417  0.000921375 -0.00475892   0.0103237  0.00152879 0.000743643 -0.00154968  1.80689 0.297526 -9.63307 10.2026
-0.142747   1.22643   3.52023   0.242733  -0.087725 -0.0148334 0.333629 0.321319  1.72384 -0.00359407  -0.0145669   0.0423508  0.00225437 -0.00160369 -0.00145737   0.00100653 -0.00477288    0.010134  0.00153002 0.000744548  -0.0015471  1.80688 0.297521 -9.63308 10.2032
-0.123711   1.25053   3.83936   0.242507 -0.0882663 -0.0141349 0.330568 0.323294   1.7236 -0.00359912  -0.0145668   0.0423501 0.000777445 -0.00414896  0.00218213  0.000974531 -0.00480088  0.00970513  0.00153293 0.000746214 -0.00155674  1.80687 0.297513 -9.63303 10.2041
-0.304805  0.999227   4.11563   0.242895 -0.0888071 -0.0139772 0.327251 0.320531  1.72318 -0.00360357  -0.0145743   0.0423501  0.00341005 -0.00629242  0.00197671   0.00120328 -0.00447995  0.00935518  0.00153177 0.000747513 -0.00155687  1.80688  0.29751 -9.63303 10.2048
-0.268355   1.07186   3.86126   0.241705 -0.0892256  -0.014076 0.326324 0.330785  1.72291 -0.00360999  -0.0145669   0.0423486 -0.00493382 -0.00786983  0.00122215   0.00115219 -0.00457961  0.00969087  0.00153698 0.000748272 -0.00155861  1.80686 0.297502 -9.63302 10.206
-0.157572   1.35728   3.37632   0.241865 -0.0885869  -0.013907 0.331451 0.328246   1.7234 -0.00361471    -0.01456   0.0423481 -0.00286431 -0.00345434   0.0019455  0.000973873 -0.00495882   0.0103335  0.00153603 0.000746096  -0.0015599  1.80686  0.29751 -9.63301 10.2067
-0.153215   1.28267   3.43355   0.241424 -0.0884244 -0.0142924 0.333075 0.331719  1.72383 -0.00361661  -0.0145605   0.0423445   -0.0045182  -0.00211944 -0.000594289  0.000945942 -0.00486121   0.0102576  0.00153686 0.000745408 -0.00155581  1.80686 0.297512 -9.63303 10.2073
-0.14871  1.12955  3.86163    0.24098 -0.0884354 -0.0142844 0.333487 0.334338  1.72444 -0.00361845  -0.0145567   0.0423441   -0.0064229   -0.0021841 -0.000585607  0.000932125 -0.00465454  0.00969903  0.00153835  0.00074528 -0.00155678  1.80685 0.297511 -9.63303 10.2078
-0.2882 1.07722 4.10584    0.24117 -0.0892436 -0.0150346 0.328073 0.332769  1.72357 -0.00362527  -0.0145638   0.0423437 -0.00362629 -0.00617483 -0.00517389   0.00112163 -0.00458643  0.00939387  0.00153574 0.000747409 -0.00154741  1.80687 0.297505 -9.63308 10.2089
-0.174265   1.03935   3.97058   0.240827 -0.0883898 -0.0163073 0.33433 0.33544 1.72477 -0.00362309  -0.0145567   0.0423396 -0.00472533 -0.00101022  -0.0117828  0.000967092 -0.00453572  0.00957029  0.00153421 0.000744488 -0.00153375  1.80687 0.297516 -9.63315 10.2104
-0.0071886    1.03484    3.58316   0.240737  -0.088637 -0.0162279 0.333141 0.335329  1.72404 -0.00362277  -0.0145586   0.0423408  -0.0051143 -0.00257774  -0.0103611  0.000720905 -0.00452626   0.0100931  0.00153496 0.000745156 -0.00153748  1.80687 0.297513 -9.63313 10.2107
0.0759267    1.0029   3.57726   0.240991 -0.0884478 -0.0160374 0.334488 0.332211  1.72425 -0.0036208 -0.0145553  0.0423386 -0.00301893  -0.0020176 -0.00901587  0.000594157 -0.00448069   0.0100956  0.00153414 0.000744615 -0.00154075  1.80687 0.297516 -9.63311 10.2111
-0.12692  1.18068  3.95137   0.240406 -0.0885877 -0.0150478 0.334389 0.335167  1.72475 -0.00362482  -0.0145524   0.0423356 -0.00676252 -0.00287692 -0.00289697  0.000868532 -0.00471135  0.00960413   0.0015386 0.000745043 -0.00155631  1.80685 0.297511 -9.63303 10.2122
-0.279881   1.09588   3.97783    0.24047 -0.0885879 -0.0148675 0.334417  0.33278  1.72473 -0.00362398  -0.0145551   0.0423377 -0.00448401  -0.0024207 -0.00223209   0.00105253 -0.00460282  0.00956701  0.00153808 0.000744814 -0.00155877  1.80685 0.297513 -9.63302 10.2124
-0.260411   1.05045   3.84788   0.240636 -0.0878439 -0.0151948 0.339227 0.330636  1.72557 -0.00362191  -0.0145519   0.0423384 -0.00251906  0.00227138 -0.00407455   0.00102581 -0.00454263  0.00973157  0.00153624 0.000742524 -0.00155449  1.80686 0.297522 -9.63304 10.2133
-0.0414669    1.24073    3.47327   0.240044 -0.0875706  -0.015171 0.341277 0.334843  1.72558 -0.0036265  -0.014554   0.042331  -0.0058124  0.00359217 -0.00353198  0.000719666 -0.00480135   0.0102397  0.00153877 0.000742022 -0.00155729  1.80685 0.297523 -9.63303 10.2139
-0.179187   1.18057   3.55694   0.240425 -0.0871179 -0.0148683 0.343372  0.33073  1.72607 -0.0036261 -0.0145516   0.042334  -0.0022931  0.00595161 -0.00214224   0.00091515 -0.00471613   0.0101244  0.00153738 0.000740896 -0.00156036  1.80685 0.297528 -9.63301 10.2146
-0.151689     1.217   3.82283   0.240209 -0.0873235 -0.0144898 0.341258 0.331935  1.72593 -0.00362891  -0.0145526   0.0423332  -0.00305612    0.0041498 -7.69502e-05  0.000904419 -0.00476286  0.00978151  0.00153906 0.000742019 -0.00156602  1.80684 0.297523 -9.63298 10.2151
-0.288305  0.986216   4.08611   0.240854 -0.0870136 -0.0145576  0.34173 0.325899  1.72618 -0.00362795  -0.0145605   0.0423327  0.00255204  0.00519333 -0.00130148   0.00104941 -0.00446964  0.00945228  0.00153573 0.000741523 -0.00156303  1.80686 0.297529   -9.633 10.2158
-0.248078    1.1148    3.8551   0.240498 -0.0875929 -0.0150047 0.337817 0.329994  1.72519 -0.00363199  -0.0145601   0.0423308 5.61444e-05  0.00152582 -0.00363464  0.000992052  -0.0046399  0.00975096  0.00153682 0.000743345 -0.00155923  1.80686  0.29752 -9.63302 10.2166
0.0592254   1.11308   3.54473   0.240724 -0.0875388 -0.0147141 0.338064 0.327855  1.72481 -0.00363049  -0.0145579   0.0423317  0.00167042  0.00134561 -0.00198549  0.000567955 -0.00463673    0.010166  0.00153664 0.000743397  -0.0015631  1.80686 0.297521   -9.633 10.217
-0.124133   1.23244   3.45425   0.240832 -0.0874573 -0.0145729 0.338442 0.327024   1.7248 -0.00363199  -0.0145575   0.0423322  0.00262197  0.00144344 -0.00143357  0.000832894 -0.00479703   0.0102854  0.00153666 0.000743181 -0.00156519  1.80686 0.297521 -9.63299 10.2172
-0.156672    1.1115   3.85095   0.240757 -0.0874154 -0.0143923 0.338494  0.32786  1.72527 -0.00363315  -0.0145567   0.0423319   0.00171564   0.00167095 -0.000401905   0.00087625 -0.00463619  0.00977668  0.00153765 0.000743208 -0.00156802  1.80685 0.297521 -9.63297 10.2174
-0.289717   1.04478   4.04433   0.241185 -0.0876717 -0.0147815 0.335973 0.325377  1.72492 -0.00363504  -0.0145616   0.0423316  0.00481054 6.31038e-05 -0.00325174   0.00104292 -0.00455095  0.00954202  0.00153541 0.000744084 -0.00156257  1.80686 0.297519   -9.633 10.218
-0.196065   1.10716   3.87824   0.240938 -0.0876312 -0.0151389 0.336562 0.328271   1.7249 -0.00363623  -0.0145585     0.04233  0.00273343 0.000449661 -0.00483265  0.000943921  -0.0046328  0.00974694  0.00153617 0.000743897 -0.00155973  1.80686 0.297519 -9.63301 10.2184
-0.0579735     1.0067    3.61374   0.240909   -0.08797 -0.0148869 0.334514 0.328844  1.72417 -0.0036358 -0.0145618  0.0423326  0.00190728 -0.00168415 -0.00350821  0.000761664 -0.00450129   0.0100904  0.00153743 0.000744912 -0.00156421  1.80686 0.297515 -9.63299 10.2189
-0.0450409    1.14863    3.53054   0.241133 -0.0881119 -0.0149657 0.333209 0.327294   1.7238 -0.00363452  -0.0145606   0.0423342  0.00338919 -0.00270321 -0.00388534  0.000752757 -0.00468968   0.0101938  0.00153655 0.000745252 -0.00156359  1.80686 0.297514 -9.63299 10.2191
-0.128264   1.14629   3.85777   0.241239 -0.0879005 -0.0143724 0.334921 0.326053  1.72451 -0.00363459   -0.014561   0.0423342   0.00369054  -0.00142505 -0.000486355  0.000846199 -0.00467929  0.00976023  0.00153765 0.000744619 -0.00157176  1.80685 0.297516 -9.63295 10.2198
-0.304666     1.051   4.24418    0.24163 -0.0885492 -0.0147353 0.330472 0.324464  1.72382 -0.00364169   -0.014568   0.0423333  0.00578128 -0.00470213 -0.00288419    0.0010784 -0.00455913  0.00928534  0.00153594 0.000746437  -0.0015668  1.80686 0.297511 -9.63298 10.2206
-0.166535   1.00901   3.98588  0.241384 -0.088754 -0.014536 0.329832 0.327221  1.72349 -0.00364321  -0.0145654   0.0423329  0.00352806 -0.00548584 -0.00201574  0.000888739 -0.00450399  0.00961759  0.00153797 0.000746784 -0.00157065  1.80685 0.297508 -9.63296 10.221
0.0598918   1.05292   3.50067   0.242451 -0.0881884 -0.0139701 0.333996  0.31813  1.72365 -0.00364218  -0.0145528   0.0423296   0.0103297 -0.00228497 0.000619753  0.000575469 -0.00456263   0.0102706   0.0015348 0.000744984 -0.00157556  1.80686 0.297516 -9.63293 10.2223
-0.01374  1.05788  3.48535   0.242674 -0.0875569 -0.0140543 0.338302 0.317201  1.72454 -0.00364509  -0.0145494   0.0423266   0.0110511   0.0013761 2.31256e-05  0.000663141 -0.00456443   0.0102928  0.00153407 0.000743058 -0.00157405  1.80687 0.297523 -9.63294 10.223
-0.162797   1.19485   3.77026   0.242602 -0.0875435 -0.0136488 0.338381 0.319216  1.72492 -0.0036478 -0.0145501  0.0423243 0.00940959 0.00122274  0.0018524  0.000856908  -0.0047334  0.00993332  0.00153614 0.000743189 -0.00157994  1.80686 0.297522 -9.63291 10.2234
-0.269523  0.967208    4.0306   0.242882 -0.0886151 -0.0136483 0.330817 0.319986  1.72366 -0.00365677  -0.0145545   0.0423224   0.0095355 -0.00468695 0.000966339   0.00100378 -0.00445778  0.00961283  0.00153643 0.000746455 -0.00157925  1.80686  0.29751 -9.63291 10.2245
-0.218456    0.9765   3.86417   0.242522 -0.0889383 -0.0135221 0.329764 0.324345  1.72334 -0.00365889  -0.0145523   0.0423221  0.00531953 -0.00560169  0.00114485  0.000934514  -0.0044703  0.00982071  0.00153903 0.000747103 -0.00158204  1.80685 0.297506  -9.6329 10.225
0.00179027     1.1467    3.51087   0.242314 -0.0889098 -0.0130848 0.331199 0.326399  1.72323 -0.00366257  -0.0145514   0.0423179  0.00266294 -0.00501186  0.00322006  0.000634791 -0.00469411   0.0102905  0.00154123 0.000746854 -0.00158816  1.80684 0.297505 -9.63286 10.2255
0.0652816    1.1038   3.40991   0.242512 -0.0886326 -0.0127982 0.333566 0.324692  1.72358 -0.00366391  -0.0145485   0.0423164  0.00355373 -0.00347474  0.00422533  0.000532996  -0.0046324   0.0104249  0.00154096 0.000745881 -0.00159055  1.80684 0.297508 -9.63285 10.2259
-0.140003   1.11244   3.75855   0.242141 -0.0886917 -0.0130294 0.333783 0.328551   1.7241 -0.00366535  -0.0145457   0.0423136 0.000765236 -0.00386185  0.00218046  0.000801354 -0.00464281  0.00999404  0.00154214 0.000745756 -0.00158794  1.80684 0.297507 -9.63287 10.2264
-0.298864   1.02681   4.13185   0.242325 -0.0898282 -0.0134921  0.32652 0.328513  1.72298 -0.00367646  -0.0145512   0.0423096  0.00203681 -0.00966636 -0.00123494  0.000993552 -0.00453124  0.00954462   0.0015408  0.00074878 -0.00158124  1.80685 0.297498  -9.6329 10.2276
-0.273661  0.984587   4.01952   0.241657 -0.0903559 -0.0144382 0.324766 0.335472  1.72266 -0.00368159  -0.0145414   0.0423068 -0.00243911   -0.011445 -0.00656629   0.00097123 -0.00448081  0.00968224  0.00154204 0.000749541  -0.0015717  1.80685 0.297492 -9.63295 10.2289
-0.0740162   0.981889    3.61375   0.241654 -0.0901923 -0.0143561 0.327441 0.334734  1.72272 -0.00368257  -0.0145409    0.042305 -0.00228167 -0.00927378 -0.00589908  0.000702862 -0.00447803   0.0102144  0.00154227 0.000748517 -0.00157409  1.80685 0.297496 -9.63294 10.2291
0.0440026   1.01411   3.44375   0.241757 -0.0904643 -0.0139646 0.326697 0.333231  1.72233 -0.00368098  -0.0145398   0.0423062 -0.00152491  -0.0103175 -0.00383527  0.000547158 -0.00451756   0.0104454  0.00154274 0.000748967 -0.00157977  1.80684 0.297494 -9.63291 10.2296
-0.129752   1.08676   3.75884    0.24103 -0.0902845 -0.0145066 0.329792 0.339142  1.72346 -0.00368224  -0.0145337   0.0423003 -0.00595906 -0.00835666 -0.00635663  0.000766765 -0.00460646   0.0100485  0.00154457 0.000747669 -0.00157593  1.80684 0.297496 -9.63293 10.2305
-0.187133     1.152   3.98875    0.24098 -0.0913069 -0.0150567 0.324058 0.339398  1.72251 -0.00368744  -0.0145378   0.0423003 -0.00479752  -0.0129741  -0.0086772  0.000852189 -0.00468538  0.00975842  0.00154369 0.000750079  -0.0015712  1.80684 0.297489 -9.63295 10.2317
-0.270072   1.03651   4.01318   0.240794 -0.0910526 -0.0161211 0.327388 0.340637  1.72327 -0.00368571  -0.0145323   0.0422997 -0.00490467 -0.00994924  -0.0137324  0.000937169 -0.00452988  0.00972364  0.00154203 0.000748372 -0.00156017  1.80685 0.297495 -9.63301 10.2328
-0.103221   1.08749   3.54127    0.24111 -0.0906303 -0.0163368 0.331354 0.336933   1.7235 -0.00368727   -0.014529   0.0422993 -0.00217258  -0.0062557  -0.0140589  0.000690779 -0.00459368    0.010343  0.00154026 0.000746642 -0.00155953  1.80685 0.297501 -9.63301 10.2333
-0.0345385    1.20107    3.48131    0.24113 -0.0906849 -0.0163974 0.331746 0.336288   1.7235 -0.00368767  -0.0145279   0.0422995 -0.00166385 -0.00610768  -0.0131565   0.00059263 -0.00473957   0.0104196  0.00154037 0.000746562 -0.00156165  1.80685 0.297502   -9.633 10.2334
-0.137703   1.04316   3.78418    0.24119 -0.0908992 -0.0166952 0.330933 0.335484  1.72367 -0.00368816  -0.0145294   0.0422999 -0.0010561 -0.0065984 -0.0134981  0.000740517 -0.00454534   0.0100416  0.00153991 0.000746812 -0.00156107  1.80686 0.297501   -9.633 10.2338
-0.230835   1.31597    4.2448   0.241135 -0.0926458 -0.0171637 0.320416 0.337112  1.72191 -0.00370911  -0.0145355   0.0422966 -0.000892397    -0.015357   -0.0150301  0.000885298  -0.0048797   0.0094677  0.00154051 0.000751693 -0.00156038  1.80686 0.297485   -9.633 10.2356
-0.300831   1.08583   3.97931   0.241135 -0.0921801 -0.0171939 0.325788 0.336105  1.72276 -0.00370783  -0.0145333   0.0422986 -0.000596766   -0.0110782   -0.0132363  0.000947342 -0.00458613   0.0098092  0.00154072  0.00074928 -0.00156296  1.80686 0.297493 -9.63299 10.2361
-0.222639   1.24956   3.51492   0.241331 -0.0916138 -0.0175353 0.330883 0.334058  1.72329 -0.00371183  -0.0145281    0.042299  0.00142038 -0.00650675  -0.0144759  0.000850455 -0.00479493   0.0103871   0.0015395 0.000747046 -0.00156111 1.80686  0.2975  -9.633 10.2368
-0.121041   1.13074   3.42212   0.241208 -0.0906267 -0.0178033 0.338157 0.335087  1.72473 -0.00371883  -0.0145256   0.0422943  0.000652067 -0.000542274    -0.014807  0.000713043 -0.00463911   0.0105096  0.00153987 0.000743861 -0.00156091 1.80686 0.29751  -9.633 10.2378
-0.144037   1.18557   3.70316    0.24121 -0.0905478 -0.0175085 0.338584 0.334092  1.72509 -0.00371939  -0.0145268   0.0422946  0.000837374 -0.000406868   -0.0119717  0.000749188 -0.00470579   0.0101554  0.00154105 0.000743755 -0.00156822  1.80685 0.297511 -9.63297 10.2381
-0.242025   1.30141   3.93401   0.241357  -0.091774 -0.0182001 0.329959 0.334501  1.72347 -0.00372626  -0.0145323   0.0422958  0.00266022 -0.00725818  -0.0139042   0.00090231 -0.00484242  0.00987044  0.00154031 0.000747333 -0.00156408  1.80686   0.2975 -9.63299 10.2395
-0.313664  0.983274   3.97954   0.241534 -0.0921278 -0.0189324 0.32827 0.33413 1.72316 -0.00373374  -0.0145331   0.0422939  0.00424714 -0.00822848  -0.0169507  0.000982936 -0.00445974  0.00981715  0.00153891 0.000747863  -0.0015573  1.80687 0.297498 -9.63302 10.2403
-0.216385   1.06761   3.54948   0.242145 -0.0915403  -0.018955 0.332903 0.329069  1.72359 -0.00373418  -0.0145285   0.0422918  0.00792551 -0.00355585   -0.016046  0.000836285 -0.00456673   0.0103539  0.00153699  0.00074586 -0.00155909  1.80687 0.297506 -9.63301 10.2412
-0.11373  1.03478  3.42377   0.242769 -0.0910651 -0.0188053  0.33626 0.324395  1.72407 -0.00373336  -0.0145229   0.0422893   0.0109937 3.29152e-05  -0.0141948  0.000693282 -0.00452022   0.0105182  0.00153567 0.000744461 -0.00156291  1.80687 0.297511 -9.63299 10.242
-0.0947895    1.23494    3.67519    0.24209 -0.0910078 -0.0187635 0.337358 0.331392  1.72468 -0.00373684  -0.0145194   0.0422803  0.00515129 0.000111963  -0.0123368  0.000677455 -0.00477146   0.0101991  0.00153995 0.000744425 -0.00156906  1.80686 0.297508 -9.63296 10.2427
-0.250375    1.2583   3.97082   0.242374    -0.0922 -0.0190936 0.329081 0.331203  1.72326 -0.00374571  -0.0145259   0.0422822  0.00692594 -0.00682404  -0.0125997  0.000883622 -0.00479724  0.00985039  0.00153992 0.000747934 -0.00156925  1.80686 0.297497 -9.63296 10.2439
-0.272491    1.0834   4.05429   0.241391 -0.0915521 -0.0197527 0.335154  0.34009  1.72484 -0.00374296  -0.0145078    0.042278 0.000260799  -0.0025133  -0.0151207  0.000898103 -0.00459254  0.00974573  0.00154336 0.000745442 -0.00156655  1.80685 0.297501 -9.63297 10.2453
-0.118719   1.07431   3.64476   0.241569 -0.0909613 -0.0199287 0.339436 0.338211  1.72526 -0.00374318  -0.0145059   0.0422751  0.00135403 0.000944912  -0.0147884  0.000695384  -0.0045783   0.0102404  0.00154275 0.000743681 -0.00156746  1.80685 0.297507 -9.63297 10.2459
0.0301169  0.974414   3.53473   0.241601 -0.0906374 -0.0189556 0.341729 0.336751  1.72559 -0.00373922  -0.0145028   0.0422752 0.000455681  0.00264421 -0.00890637  0.000507582 -0.00445048   0.0103799  0.00154501 0.000742987 -0.00158161  1.80684 0.297508  -9.6329 10.247
-0.133258   1.15138   3.70412   0.241475 -0.0902467 -0.0189034 0.344041 0.337322  1.72629 -0.00373963  -0.0145019   0.0422744 -0.000737474   0.00453624  -0.00800495  0.000723684 -0.00468071   0.0101509   0.0015458 0.000742047 -0.00158461  1.80683  0.29751 -9.63288 10.2474
-0.262057   1.34438   4.16279   0.241437 -0.0915158 -0.0187064 0.334579 0.338478  1.72473 -0.0037558 -0.0145083  0.0422723 -0.00071679 -0.00340211 -0.00620857  0.000858143 -0.00489356  0.00960816  0.00154733 0.000746313 -0.00159025  1.80683 0.297497 -9.63285 10.2487
-0.258035   1.08671   4.00694   0.241154 -0.0916883 -0.0183595 0.334247 0.340297  1.72455 -0.00375829   -0.014507   0.0422722 -0.00248672 -0.00426935 -0.00392373  0.000850242 -0.00458539  0.00979375  0.00154942 0.000746567 -0.00159591  1.80682 0.297494 -9.63282 10.2491
-0.0548902   0.932908     3.6052   0.241841 -0.0901886 -0.0177655 0.344304 0.332758   1.7261 -0.00375864  -0.0144999   0.0422637  0.00235638    0.004163 -0.00105239  0.000585565 -0.00439101   0.0103029  0.00154727 0.000742342 -0.00160141  1.80683 0.297509  -9.6328 10.2509
-0.0485913   0.955396    3.48146    0.24234 -0.0889884 -0.0178487 0.351453 0.328415  1.72743 -0.00376289  -0.0144917   0.0422569  0.00532769   0.0101839 -0.00184702  0.000571042 -0.00441814   0.0104524  0.00154488 0.000739239 -0.00159918  1.80683  0.29752 -9.63281 10.2522
-0.179754   1.13268   3.64227   0.242554 -0.0887139 -0.0177231 0.351904 0.327115  1.72771 -0.00376324  -0.0144926   0.0422591 0.00633023  0.0107299 -0.0012028  0.000732368 -0.00464089   0.0102383  0.00154462 0.000739017 -0.00160099  1.80683 0.297521  -9.6328 10.2526
-0.24917  1.40427  3.90337   0.242806 -0.0892421 -0.0177865 0.346139 0.327207  1.72677 -0.00376824  -0.0144967   0.0422593  0.00781082  0.00688293 -0.00155113  0.000812228 -0.00494512  0.00992999  0.00154458 0.000741529 -0.00160102  1.80684 0.297513  -9.6328 10.2532
-0.276258   1.03323   3.95205   0.242519 -0.0890498 -0.0172217 0.346884 0.329934  1.72696 -0.0037714 -0.0144939  0.0422591 0.00510497 0.00738409 0.00114699  0.00083403 -0.0045013 0.00988136  0.00154761 0.000741359 -0.00160846  1.80682 0.297512 -9.63276 10.2538
-0.345292  0.982643   3.61667   0.242231 -0.0892367 -0.0168654  0.34525 0.332826  1.72631 -0.00377223  -0.0144992     0.04226 0.00233651 0.00614842 0.00240243  0.000898688 -0.00444218   0.0102807  0.00154999 0.000742174 -0.00161353  1.80682 0.297508 -9.63273 10.2543
-0.254031    1.1051   3.41533   0.242159 -0.0890137 -0.0166819 0.346189 0.333584  1.72629 -0.00377334  -0.0145001   0.0422588 0.00146106 0.00709837 0.00320027  0.000788851 -0.00458964   0.0105215  0.00155075  0.00074191 -0.00161559  1.80681 0.297508 -9.63272 10.2546
-0.202654   1.11876   3.80088    0.24172 -0.0891519 -0.0172379 0.345161 0.337997  1.72647 -0.00377698  -0.0144986   0.0422546 -0.00134842  0.00590424  -0.0001156  0.000733936 -0.00460464   0.0100269  0.00155148 0.000742598 -0.00160943  1.80681 0.297505 -9.63275 10.2553
-0.256106   1.40128   4.09668   0.241871 -0.0894508  -0.017486  0.34167 0.337039  1.72602 -0.00378144  -0.0145039   0.0422587 0.000925001    0.003736 -0.00180427  0.000803655 -0.00493604  0.00966324  0.00155042 0.000744017 -0.00160663  1.80682 0.297502 -9.63277 10.2557
-0.296125  0.998624   4.04081   0.241239 -0.0892988 -0.0178496 0.342713 0.342773  1.72635 -0.00378859  -0.0144956   0.0422562  -0.0029492  0.00430427 -0.00405215  0.000853368 -0.00445784  0.00972903   0.0015525 0.000743573 -0.00160347  1.80681 0.297501 -9.63278 10.2565
-0.178127   1.07748   3.65398   0.241335 -0.0889901 -0.0178741 0.344377 0.341462  1.72626 -0.00378974  -0.0144947   0.0422549 -0.00220305  0.00606224 -0.00376256  0.000700373 -0.00455276   0.0101909  0.00155197 0.000742918 -0.00160364  1.80681 0.297503 -9.63278 10.2568
-0.0908779    1.20551    3.34618    0.24181 -0.0880567  -0.017851 0.349681 0.336741    1.727 -0.00379366  -0.0144849    0.042254  0.00192698   0.0106399 -0.00384494  0.000569516 -0.00470953   0.0105828  0.00154984 0.000740646 -0.00160342  1.80682  0.29751 -9.63278 10.2579
-0.128374   1.17673   3.69585   0.241164 -0.0872943 -0.0177506 0.354041 0.341773  1.72837 -0.00379567   -0.014482   0.0422459 -0.00219754   0.0140977 -0.00346158  0.000610644 -0.00466736   0.0101074  0.00155274 0.000739028 -0.00160678  1.80681 0.297513 -9.63277 10.2589
-0.222928   1.31835   4.00141   0.241135 -0.0874574 -0.0173405 0.350096 0.341782  1.72782 -0.00380167  -0.0144854   0.0422469 -0.00137276   0.0106091 -0.00084581  0.000716958 -0.00482727  0.00973805  0.00155386 0.000740787 -0.00161304  1.80681 0.297508 -9.63273 10.2593
-0.319335   1.05089   4.03911   0.240515   -0.08691 -0.0177502 0.352646 0.346827  1.72853 -0.00380366  -0.0144761   0.0422459 -0.00492955   0.0123609  -0.0033089  0.000827694 -0.00451421   0.0096917   0.0015554 0.000739644  -0.0016092   1.8068 0.297509 -9.63275 10.2602
-0.254576  0.901683   3.67692   0.241273 -0.0867571 -0.0173458 0.351897  0.33958  1.72785 -0.00380144  -0.0144779   0.0422428 0.000213313   0.0126126 -0.00151325    0.0007271 -0.00433388   0.0101211  0.00155286 0.000739897 -0.00161242  1.80681  0.29751 -9.63274 10.2611
-0.230199    1.1213   3.40503   0.241623 -0.0866355 -0.0172863 0.351004 0.336769  1.72735 -0.00379994  -0.0144745   0.0422442  0.00240323   0.0122497 -0.00144164  0.000690213 -0.00461059   0.0104685  0.00155166 0.000740255 -0.00161301  1.80681  0.29751 -9.63274 10.2615
-0.0931414    1.08181    3.72155   0.241818 -0.0863316 -0.0171464 0.351687 0.334836   1.7277 -0.00379958  -0.0144756   0.0422451   0.00340615    0.0126057 -0.000530953  0.000516814 -0.00455506   0.0100537  0.00155124 0.000740142 -0.00161449  1.80681 0.297511 -9.63273 10.2619
-0.256902   1.24595   3.91496   0.241936 -0.0864871  -0.016261 0.348318 0.334324  1.72721 -0.00380454  -0.0144801   0.0422466 0.00366127 0.00983568 0.00356129  0.000705077 -0.00474238  0.00982181  0.00155309 0.000741755 -0.00162541  1.80681 0.297506 -9.63267 10.2628
-0.320765   1.07712    3.9403   0.242189 -0.0873005 -0.0159228 0.341524 0.333127  1.72577 -0.00381003  -0.0144859   0.0422477 0.00487225 0.00442834 0.00445825  0.000775602 -0.00453785  0.00978953  0.00155334 0.000744718 -0.00162814  1.80681 0.297497 -9.63266 10.2637
-0.283516   1.09319   3.60341   0.242324 -0.0872309 -0.0159479 0.341627 0.332747  1.72544 -0.00381116  -0.0144866   0.0422475 0.00537974 0.00474587 0.00388282  0.000733352  -0.0045589   0.0101954  0.00155298 0.000744653 -0.00162699  1.80681 0.297497 -9.63267 10.2638
-0.165845   1.03804   3.35703   0.242603 -0.0867064 -0.0156846 0.344379  0.33127  1.72573 -0.00381278  -0.0144846    0.042246 0.00650946 0.00718046 0.00449851  0.000555881 -0.00448421   0.0105065  0.00155255 0.000743519 -0.00162861  1.80681 0.297501 -9.63266 10.2645
-0.163185  0.993033   3.73165   0.242525 -0.0868986 -0.0157624 0.342292 0.333081  1.72571 -0.00381535  -0.0144862   0.0422471 0.00544793 0.00548367  0.0029989  0.000556562 -0.00442203   0.0100209  0.00155312 0.000744404 -0.00162738  1.80681 0.297498 -9.63266 10.2647
-0.275197   1.26067   4.08369   0.242599  -0.087451 -0.0149774 0.337541 0.333519  1.72511 -0.00382483  -0.0144896   0.0422472 0.00515692   0.001628 0.00650318  0.000668699 -0.00472251   0.0096072  0.00155509 0.000746659 -0.00163617   1.8068 0.297491 -9.63262 10.2657
-0.346482   0.99098   4.10187   0.242449 -0.0876191 -0.0155895 0.336345 0.336555  1.72495 -0.00383085  -0.0144847   0.0422452 0.00386125 0.00126153 0.00235378  0.000741826 -0.00440737  0.00959324  0.00155477 0.000746994 -0.00162754  1.80681 0.297489 -9.63266 10.2663
-0.20794 0.950376  3.64448   0.242696 -0.0884033 -0.0154932 0.331225 0.335557  1.72336 -0.00383096  -0.0144885   0.0422471  0.00501055 -0.00295894  0.00236922  0.000568534 -0.00436013   0.0101185  0.00155445 0.000749176 -0.00162805  1.80681 0.297483 -9.63266 10.2672
-0.0223293   0.943716    3.42795   0.242534  -0.088006 -0.0146574 0.334532 0.336568  1.72382 -0.0038317  -0.014489  0.0422449   0.00264997 -0.000970541   0.00645575  0.000346119 -0.00435417    0.010375  0.00155695 0.000748106 -0.00163787   1.8068 0.297485 -9.63261 10.2681
-0.131696   1.01661   3.67594   0.242078 -0.0877072 -0.0156148 0.336787 0.341402  1.72463 -0.00383435  -0.0144872   0.0422404 -9.56648e-05  0.000643144  0.000587289  0.000488503 -0.00444184   0.0100762  0.00155672 0.000747033 -0.00162664   1.8068 0.297488 -9.63266 10.2692
-0.171403   1.21671   3.94275   0.242187 -0.0878468  -0.015371 0.335585 0.340301   1.7246 -0.00383625  -0.0144901   0.0422431  0.000991871 -0.000339504   0.00184506  0.000563875 -0.00467002  0.00976311  0.00155669 0.000747573 -0.00162924   1.8068 0.297487 -9.63265 10.2695
-0.314982   1.06836   4.10618   0.242171 -0.0881736  -0.015878 0.333408 0.341478  1.72437 -0.00383989  -0.0144886   0.0422416  0.00148092 -0.00213006 -0.00148829  0.000734642 -0.00448961  0.00955463  0.00155594 0.000748328 -0.00162284  1.80681 0.297485 -9.63268 10.2701
-0.119883  0.983663   3.77288   0.242296 -0.0882611 -0.0162658 0.333135 0.341038  1.72392 -0.00384205  -0.0144901   0.0422405  0.00248294 -0.00242601 -0.00372942  0.000481027 -0.00438188  0.00996728  0.00155484 0.000748415  -0.0016181  1.80681 0.297485 -9.63271 10.2705
0.0741711  0.959731   3.56742   0.242161  -0.088271 -0.0159713 0.333699 0.342163  1.72382 -0.00384163  -0.0144907   0.0422404 0.000775741 -0.00278808 -0.00233143  0.000229991 -0.00435107   0.0102225  0.00155637 0.000748379 -0.00162296  1.80681 0.297484 -9.63268 10.2708
0.052086  1.03699   3.6752   0.241816 -0.0881283 -0.0166306 0.335164 0.345596  1.72428 -0.00384347  -0.0144912   0.0422362 -0.00153884 -0.00233057 -0.00573987  0.000278845 -0.00444859   0.0100842  0.00155649 0.000747744 -0.00161644  1.80681 0.297486 -9.63271 10.2716
-0.186048   1.18419   3.98878   0.241752 -0.0884886 -0.0158732 0.333204 0.344931  1.72421 -0.00384743  -0.0144949   0.0422374  -0.0017325 -0.00457916 -0.00145058  0.000546385 -0.00461366   0.0097188  0.00155846 0.000748735 -0.00162762   1.8068 0.297483 -9.63266 10.2724
-0.287442   1.05622   4.09825   0.241579 -0.0885096 -0.0157785 0.333783 0.345856  1.72449 -0.00384741  -0.0144933   0.0422374 -0.00243242 -0.00400921 -0.00109247  0.000670919 -0.00446025  0.00958259  0.00155923 0.000748477 -0.00162927   1.8068 0.297483 -9.63265 10.2726
-0.245882   1.03008   3.62726   0.241809 -0.0880675 -0.0156078 0.337037 0.343244  1.72465 -0.00385051  -0.0144932   0.0422392 -0.000704045  -0.00108018 -0.000370281  0.000620485 -0.00442681   0.0101868  0.00155854 0.000747066 -0.00163076   1.8068 0.297487 -9.63264 10.2732
-0.0548599    1.20881     3.3721   0.241513 -0.0873527 -0.0149802 0.342214 0.344618  1.72546 -0.00385812  -0.0144943   0.0422331 -0.00290719  0.00301834  0.00291109  0.000372182 -0.00463575   0.0104789  0.00156087  0.00074531 -0.00163906  1.80679 0.297491  -9.6326 10.2742
0.0310519   1.01794   3.70222   0.241844 -0.0868759 -0.0155399 0.344608 0.341765  1.72622 -0.00385891   -0.014496   0.0422302  -7.3227e-05   0.00518034 -0.000848103  0.000266528  -0.0043982   0.0100749  0.00155793 0.000744109 -0.00163046   1.8068 0.297497 -9.63265 10.275
-0.194355   1.11649   3.81134   0.241775 -0.0870205 -0.0149037 0.34279  0.3418 1.72598 -0.00386072  -0.0144987   0.0422308 -0.000762841   0.00302231   0.00211527   0.00053285 -0.00450866  0.00994826  0.00155962 0.000744976 -0.00163883  1.80679 0.297493  -9.6326 10.2756
-0.322566  0.990734   3.99796   0.241905 -0.0868352 -0.0152688 0.343263 0.340934  1.72629 -0.00386112  -0.0144982   0.0422307 0.000333225  0.00380367 -0.00048551  0.000697578 -0.00436186  0.00973445  0.00155812 0.000744564 -0.00163329   1.8068 0.297495 -9.63263 10.2761
-0.386003   1.03147   3.63515   0.242247 -0.0870457 -0.0152823 0.341378 0.338441   1.7255 -0.00386134  -0.0144992   0.0422303  0.00254687  0.00275426 -0.00100986  0.000765352  -0.0044105    0.010169  0.00155689 0.000745263 -0.00163259   1.8068 0.297494 -9.63263 10.2765
-0.29147  1.15876  3.32469   0.241854 -0.0872567 -0.0149212 0.340058 0.341833  1.72494 -0.00386303  -0.0145072   0.0422272 -0.000788857   0.00168081   0.00115881  0.000637566  -0.0045606   0.0105231  0.00155957 0.000746112 -0.00163854  1.80679 0.297491  -9.6326 10.277
-0.0230304    1.19657    3.57681   0.241493 -0.0863126 -0.0147571 0.346351   0.3439   1.7265 -0.00386445  -0.0145044   0.0422188 -0.00268989   0.0064684  0.00150194  0.000320215  -0.0046071   0.0102079  0.00156088 0.000743793 -0.00164078  1.80679 0.297497 -9.63259 10.2781
-0.217089   1.18067   3.76062   0.241748 -0.0864594 -0.0152872 0.344024 0.341961  1.72614 -0.003864 -0.014507 0.0422212 0.000126733  0.00463808 -0.00158104  0.000541001 -0.00458345  0.00998915  0.00155857 0.000744537 -0.00163346   1.8068 0.297496 -9.63263 10.2787
-0.299579   1.03001   4.12178    0.24164 -0.0863406 -0.0157808 0.343913 0.343308  1.72652 -0.00386591  -0.0145041   0.0422207 -0.000388794   0.00506249  -0.00436678  0.000632944 -0.00440602  0.00956314   0.0015581 0.000744457 -0.00162814   1.8068 0.297496 -9.63266 10.2792
-0.129381     1.071   3.76935   0.241532 -0.0865153 -0.0160744  0.34259 0.344546  1.72588 -0.00386778  -0.0145049   0.0422201 -0.00100027  0.00394428 -0.00574726  0.000420351  -0.0044564  0.00999422  0.00155819 0.000745069  -0.0016258   1.8068 0.297494 -9.63267 10.2795
0.151792  1.14034  3.56074   0.240792 -0.0868973 -0.0158407 0.340409 0.350362  1.72527 -0.0038692 -0.0145073  0.0422209 -0.00554969 0.000861239 -0.00429305  4.73993e-05 -0.00453916   0.0102563  0.00156199 0.000746372 -0.00163198  1.80679 0.297489 -9.63264 10.2804
0.0820848   1.22602    3.5996   0.240814 -0.0862356 -0.0162761 0.344116 0.349508  1.72609 -0.00386897  -0.0145056   0.0422174 -0.00400888  0.00380636 -0.00628538  0.000136208 -0.00464131   0.0102064  0.00156056 0.000744551 -0.00162713  1.80679 0.297495 -9.63266 10.2812
-0.112195   1.23079   3.71989   0.240796  -0.086941 -0.0154032  0.33882 0.348421   1.7251 -0.00387233  -0.0145095   0.0422191  -0.00276225 -0.000920421  -0.00137157  0.000377716 -0.00464554   0.0100676  0.00156266  0.00074692 -0.00163971  1.80679 0.297487  -9.6326 10.2823
-0.305515   1.05992   4.07713   0.240966 -0.0867626 -0.0163135 0.339646 0.347341  1.72563 -0.00387297  -0.0145084    0.042219 -0.000319489  0.000562588  -0.00640145  0.000598037 -0.00443528  0.00964271  0.00155994 0.000746219 -0.00162853   1.8068 0.297491 -9.63265 10.2833
-0.31362  1.04861   3.7925    0.24136 -0.0861878 -0.0163582 0.343131 0.343731  1.72604 -0.00387187  -0.0145081   0.0422199  0.00260556   0.0037424 -0.00652494  0.000598062  -0.0044221  0.00996589  0.00155833 0.000744658 -0.00162805   1.8068 0.297496 -9.63266 10.284
-0.169085   1.11635    3.4422   0.242022 -0.0861851 -0.0160697 0.342416 0.338509  1.72544 -0.00386935  -0.0145035   0.0422206  0.00641669   0.0039987 -0.00465581  0.000420261 -0.00449843   0.0103875  0.00155675 0.000744975 -0.00163155   1.8068 0.297495 -9.63264 10.2847
-0.0247469    1.13945    3.57542   0.242068  -0.086089 -0.0159878 0.342717  0.33875   1.7256 -0.00386932  -0.0145032   0.0422205  0.00637786  0.00352857 -0.00416589  0.000265687 -0.00452595   0.0102339  0.00155725 0.000744964 -0.00163354   1.8068 0.297495 -9.63263 10.2848
-0.220614   1.12829   4.02015   0.242257 -0.0873521 -0.0157397 0.333703 0.339062  1.72415 -0.00388031  -0.0145092   0.0422196  0.00651964 -0.00429482 -0.00231211   0.00048642 -0.00450482  0.00972213  0.00155836 0.000748792  -0.0016381   1.8068 0.297485 -9.63261 10.2861
-0.276616   1.05653   4.04664   0.242787 -0.0886485  -0.015838 0.325987 0.336804  1.72246 -0.00388791  -0.0145168   0.0422183   0.0091619  -0.0105735 -0.00332343  0.000546455 -0.00441722  0.00969471  0.00155726 0.000752103   -0.001637  1.80681 0.297477 -9.63261 10.2875
-0.298083   1.11752   3.81457   0.242542 -0.0892678 -0.0163836 0.322841  0.34068  1.72169 -0.00389054  -0.0145152   0.0422165  0.00697642  -0.0131405 -0.00588285  0.000568255 -0.00449153  0.00998014  0.00155789 0.000753212 -0.00163218  1.80681 0.297473 -9.63263 10.2884
-0.0976507    1.16178    3.47896   0.242126  -0.089455 -0.0163868 0.323851 0.345021  1.72161 -0.00389399    -0.01452   0.0422136  0.00341917  -0.0124959 -0.00514375  0.000314371 -0.00454647   0.0103775  0.00156039 0.000753078 -0.00163501   1.8068 0.297473 -9.63262 10.2888
-0.115181   1.24997   3.49576   0.241812 -0.0893766 -0.0164306 0.326148 0.347786  1.72212 -0.00389707  -0.0145212   0.0422097  0.0012998 -0.0112702 -0.0049344  0.000355252 -0.00465653   0.0103559  0.00156187 0.000752341 -0.00163642   1.8068 0.297474 -9.63261 10.2892
-0.141839   1.23176   3.76821   0.241645 -0.0905378 -0.0164677 0.320326 0.349921  1.72119 -0.00390055  -0.0145232   0.0422103 0.000292143  -0.0160258  -0.0049246  0.000400223 -0.00463429   0.0100327  0.00156314 0.000754831 -0.00163821  1.80679 0.297467  -9.6326 10.2903
-0.269768   1.03703   4.15274   0.241968 -0.0919648 -0.0164835 0.312968 0.348045  1.71999 -0.00391186  -0.0145305   0.0422092  0.00248137   -0.021644 -0.00517605  0.000567807 -0.00441341  0.00959284  0.00156251 0.000757828  -0.0016387  1.8068 0.29746 -9.6326 10.2918
-0.341372   1.08736   3.84642   0.241025 -0.0929706 -0.0171048 0.309519 0.356946  1.71916 -0.00391724  -0.0145247   0.0422086  -0.0043052  -0.0248749 -0.00786752  0.000649844 -0.00447589  0.00994511  0.00156556 0.000759347 -0.00163482  1.80679 0.297453 -9.63262 10.2933
-0.123895   1.00083   3.53608   0.240681 -0.0927256 -0.0171799 0.314663 0.358631  1.71995 -0.00392144   -0.014526   0.0422068 -0.00622897  -0.0205297 -0.00776978  0.000381954 -0.00437752   0.0103038  0.00156674 0.000757383 -0.00163639  1.80679 0.297458 -9.63261 10.2937
-0.164428   1.16082   3.57241   0.240815 -0.0929599 -0.0172665 0.315128 0.356581  1.72004 -0.00392131  -0.0145245   0.0422079 -0.00431646   -0.020132 -0.00766477  0.000443346 -0.00457423   0.0102613   0.0015658  0.00075716 -0.00163639  1.80679 0.297459 -9.63261 10.294
-0.123695   1.20961   3.83483   0.240272 -0.0936278 -0.0168275 0.314063 0.359431  1.72004 -0.00392448   -0.014522   0.0422053 -0.00687934  -0.0212563 -0.00462049   0.00040936 -0.00463457  0.00995017  0.00156901 0.000757834 -0.00164555  1.80678 0.297455 -9.63256 10.295
-0.170783   1.09532   3.83061   0.240456 -0.0952298 -0.0177704  0.30612 0.358178  1.71834 -0.00392842  -0.0145267   0.0422076 -0.00342257  -0.0277305 -0.00958548  0.000473321 -0.00450364  0.00995267  0.00156614 0.000760803 -0.00163401  1.80679 0.297449 -9.63262 10.2969
-0.307444   1.08492   3.88257   0.240333 -0.0940999 -0.0189405 0.316763 0.358583   1.7207 -0.00392359  -0.0145178   0.0422077 -0.0029751 -0.0186647 -0.0152594  0.000619715 -0.00448625  0.00988933  0.00156368 0.000756057 -0.00162111   1.8068 0.297462 -9.63268 10.2985
-0.103235   1.00582   3.60161   0.240376 -0.0940837 -0.0188077  0.31962 0.357109  1.72098 -0.00392378  -0.0145172   0.0422059 -0.00221375  -0.0160715  -0.0131222  0.000366326 -0.00439114   0.0102211  0.00156423 0.000755046 -0.00162654   1.8068 0.297464 -9.63266 10.2986
-0.0388692    1.04093    3.48186   0.241037 -0.0938584 -0.0185838 0.322512 0.350616  1.72139 -0.0039232 -0.0145091  0.0422029 0.00240837 -0.0133902 -0.0110015  0.000280704 -0.00442806   0.0103614  0.00156212 0.000753868 -0.00163005   1.8068 0.297468 -9.63264 10.2994
-0.140683   1.10387    3.8762   0.240795 -0.0946047 -0.0172626 0.320087 0.351477  1.72118 -0.00392631  -0.0145101   0.0422043 0.000177106  -0.0161831 -0.00275958  0.000402509 -0.00449787   0.0099137  0.00156695 0.000755412 -0.00165129  1.80678 0.297461 -9.63254 10.3009
-0.238111   1.13278   3.88653   0.241028 -0.0960898 -0.0171539 0.312342 0.350261  1.71954 -0.00393087  -0.0145156   0.0422056  0.00191616  -0.0223467 -0.00199648  0.000524116 -0.00452774  0.00990173  0.00156677 0.000758612 -0.00165313  1.80678 0.297454 -9.63253 10.3024
-0.17776  1.08174   3.8009   0.240776 -0.0954438 -0.0166863 0.319844 0.351421  1.72107 -0.00392925  -0.0145121   0.0422036 -8.99707e-05    -0.016283  0.000409083  0.000443467 -0.00446545   0.0100009  0.00156878 0.000755711 -0.00166028  1.80677  0.29746 -9.63249 10.3033
-0.113053   1.26991    3.4769   0.240642 -0.0943489 -0.0166325 0.329762 0.351621  1.72284 -0.00393849  -0.0145081   0.0421969 -0.000985381  -0.00807411  0.000739846  0.000353343 -0.00468783   0.0103846  0.00156917 0.000751806 -0.00166135  1.80677 0.297469 -9.63249 10.3044
-0.213812   1.22436   3.38676   0.241406 -0.0939068 -0.0162846 0.333046 0.344486  1.72339 -0.00393988  -0.0145006   0.0422025   0.0042715 -0.00445417  0.00255149  0.000460286 -0.00463022   0.0104932  0.00156663 0.000750256 -0.00166353  1.80678 0.297473 -9.63248 10.3053
-0.222485    1.1302   3.80302   0.241467 -0.0940941 -0.0155623 0.332458 0.344106  1.72365 -0.00394122  -0.0145032   0.0422026   0.0040644 -0.00495731  0.00565852  0.000478402 -0.00451971   0.0100127  0.00156827 0.000750668 -0.00167226  1.80677 0.297472 -9.63244 10.3061
-0.221761   1.15536   3.95359   0.241759 -0.0955181 -0.0159304 0.323738 0.343813  1.72188 -0.00394994   -0.014509   0.0422033 0.00557221 -0.0126692 0.00265621  0.000469457 -0.00454258  0.00983739   0.0015668 0.000754373 -0.00166543  1.80678 0.297464 -9.63247 10.3076
-0.313091  0.955555   3.93268   0.241775 -0.0949524 -0.0156102 0.329323 0.343683  1.72308 -0.00394587  -0.0145066    0.042206  0.00502119 -0.00821161  0.00357931  0.000570765 -0.00430685  0.00985604  0.00156752 0.000752019 -0.00166879  1.80677 0.297469 -9.63246 10.3082
-0.106446  0.988009    3.6095   0.242075  -0.094259 -0.0153462 0.335183 0.341257  1.72394 -0.00394679  -0.0145035   0.0422008  0.00594443 -0.00352667  0.00453164  0.000330759 -0.00434651   0.0102245  0.00156691 0.000749732 -0.00167067  1.80677 0.297475 -9.63245 10.309
-0.164888   1.09846   3.36722   0.241872 -0.0937639 -0.0151012 0.339241 0.343311   1.7246 -0.00395282  -0.0145061   0.0421981   0.00365718 -0.000188137   0.00542824  0.000398465  -0.0044754   0.0105014  0.00156851 0.000748199 -0.00167382  1.80677 0.297478 -9.63243 10.3096
-0.173067   1.12267   3.66846   0.241963 -0.0931471 -0.0144625 0.343466 0.342224  1.72577 -0.00395269  -0.0145057   0.0421974 0.00386693 0.00392162 0.00768438  0.000401296 -0.00450093   0.0101468  0.00156942 0.000746603 -0.00168056  1.80676 0.297482  -9.6324 10.3105
-0.225983   1.15728   4.00349   0.242233 -0.0943363 -0.0146979 0.334231 0.342105  1.72411 -0.00396372   -0.014512   0.0421985  0.00568524 -0.00351793  0.00498587  0.000479421 -0.00453878  0.00976211  0.00156822 0.000750304 -0.00167489  1.80677 0.297474 -9.63243 10.3117
-0.327079  0.981004   3.96559   0.241793 -0.0936681 -0.0159117 0.339491 0.347403  1.72537 -0.00396454  -0.0144993   0.0421973  0.00286785 0.000724574 -0.00217332  0.000593143 -0.00433141  0.00980861  0.00156732 0.000747836 -0.00165918  1.80678 0.297479  -9.6325 10.3132
-0.190595  0.884661   3.64302   0.241962 -0.0935024 -0.0160333 0.340575 0.346491  1.72526 -0.00396586  -0.0145004   0.0421963  0.00362913  0.00151284 -0.00313094  0.000430831 -0.00422353   0.0101854  0.00156673 0.000747381 -0.00165779  1.80678  0.29748 -9.63251 10.3134
-0.0209463     0.8973     3.4669   0.242092 -0.0927506 -0.0158402  0.34567 0.345237  1.72612 -0.00396821  -0.0144973   0.0421906   0.0035625  0.00575218 -0.00221423  0.000220047 -0.00423633   0.0103945  0.00156682 0.000745462  -0.0016607  1.80678 0.297485 -9.63249 10.3142
-0.131676   1.05817   3.72541   0.242003 -0.0925037 -0.0158781 0.346585 0.346373   1.7266 -0.00396892  -0.0144971   0.0421899  0.00222283  0.00672161 -0.00250365  0.000339357 -0.00441548   0.0100955  0.00156739 0.000745123 -0.00166138  1.80678 0.297485 -9.63249 10.3145
-0.228845    1.2702   4.03312   0.242123 -0.0937203 -0.0160346 0.337367 0.347003  1.72492 -0.00398138  -0.0145025   0.0421898  0.00334166 -0.00131314 -0.00357594  0.000433102 -0.00464519  0.00974461  0.00156743 0.000749165 -0.00166042  1.80678 0.297476 -9.63249 10.3157
-0.209777   1.05032   3.93742   0.241888 -0.0932167 -0.0164011 0.341218  0.34947  1.72572 -0.00398145   -0.014498   0.0421868  0.00171764  0.00223842 -0.00547523  0.000417196 -0.00439197  0.00985987  0.00156784 0.000747538 -0.00165693  1.80678 0.297479 -9.63251 10.3164
0.0443233  0.932906   3.59908   0.242683 -0.0919131 -0.0160146 0.349572  0.34186  1.72703 -0.00398252  -0.0144925   0.0421789 0.00685858 0.00894392 -0.0033214  0.000124297 -0.00425729    0.010262   0.0015655 0.000744181 -0.00166075  1.80678 0.297488 -9.63249 10.318
0.00107967    1.03163    3.45533   0.242914 -0.0905894 -0.0163043  0.35752 0.340845  1.72859 -0.00398873  -0.0144886   0.0421731  0.00766189   0.0150089 -0.00451437   0.00018495 -0.00437849   0.0104352  0.00156431 0.000740912 -0.00165746  1.80679 0.297496 -9.63251 10.3193
-0.190536  0.988999   3.71298   0.243359 -0.0911486 -0.0165786 0.351134 0.339118  1.72751 -0.00399057  -0.0144924   0.0421727  0.00991401   0.0100496 -0.00618168  0.000435732 -0.00433254   0.0101336   0.0015629 0.000743377 -0.00165446  1.80679 0.297491 -9.63253 10.3201
-0.219756   1.31654   3.97136   0.243629 -0.0921636 -0.0171578 0.342396 0.340682  1.72592 -0.00399936  -0.0144957   0.0421707   0.0105428  0.00284794 -0.00897211  0.000474566 -0.00469944  0.00982901  0.00156221 0.000747019 -0.00164945   1.8068 0.297483 -9.63255 10.3213
-0.331643  0.970912   3.94396   0.243877 -0.0919217 -0.0164769 0.343734 0.339329  1.72617 -0.00400079  -0.0144983   0.0421742   0.0102127  0.00460624 -0.00475086  0.000594283 -0.00429302  0.00986246  0.00156388 0.000746512 -0.00165956  1.80679 0.297483  -9.6325 10.3221
-0.294669   1.07208   3.51127   0.243981 -0.0916056 -0.0165061 0.345532 0.339804  1.72615 -0.00400341  -0.0144988   0.0421738  0.00942059  0.00632351 -0.00489673  0.000529703 -0.00440976   0.0103669  0.00156433 0.000745853 -0.00166067  1.80679 0.297485 -9.63249 10.3224
-0.209548   1.05572   3.31561   0.244031 -0.0906654 -0.0165042 0.351356 0.340269  1.72718 -0.00401034  -0.0144993   0.0421725 0.00810768  0.0114995 -0.0043398  0.000407392 -0.00438583   0.0106028  0.00156492 0.000743577 -0.00166202  1.80679  0.29749 -9.63249 10.3233
-0.122942   1.14043   3.67796   0.243635 -0.0899924 -0.0163907 0.354839 0.344379  1.72831 -0.00401163  -0.0144962   0.0421665  0.00447289   0.0139563 -0.00357001  0.000308059 -0.00448362   0.0101855  0.00156743 0.000742437 -0.00166605  1.80678 0.297491 -9.63247 10.3241
-0.166509   1.33505   4.00135   0.243785  -0.090893 -0.0169278 0.346013 0.345452   1.7268 -0.00402229  -0.0145004   0.0421682  0.00556733  0.00680341 -0.00631649  0.000349749 -0.00469832  0.00981164  0.00156679    0.000746 -0.00166071  1.80679 0.297483 -9.63249 10.3252
-0.335469   0.90497   4.09224  0.243418 -0.090729 -0.017287 0.346469 0.349732  1.72714 -0.00402812   -0.014491    0.042169  0.00271187  0.00722919 -0.00805977  0.000543784 -0.00422847   0.0097017  0.00156829 0.000745719 -0.00165844  1.80678 0.297482  -9.6325 10.3257
-0.19823  1.07511  3.59858   0.242822 -0.0904431 -0.0176006 0.348363 0.355163  1.72717 -0.00403324  -0.0144908   0.0421641 -0.00142906  0.00849031 -0.00917623  0.000355479 -0.00442403   0.0102639  0.00157049 0.000745202 -0.00165811  1.80678 0.297482  -9.6325 10.3265
-0.189044   1.14896   3.35636   0.243206 -0.0893883 -0.0176612 0.354269 0.351183  1.72816 -0.00403773  -0.0144846   0.0421646  0.00148298   0.0140068 -0.00863884  0.000328666 -0.00450845     0.01055   0.0015689 0.000742747 -0.00165829  1.80678 0.297487  -9.6325 10.3276
0.00461111    1.15693    3.71145   0.242615 -0.0880275 -0.0172026 0.362627 0.354934  1.73029 -0.00403752  -0.0144776   0.0421525 -0.00238642   0.0201086 -0.00575282  0.000116061 -0.00451806   0.0101579  0.00157221 0.000739795  -0.0016671  1.80677 0.297492 -9.63246 10.3291
-0.197018   1.27997   3.96633   0.242565 -0.0886315 -0.0170947 0.354722 0.355512   1.7289 -0.00404771  -0.0144811   0.0421527 -0.00161142   0.0131952  -0.0046185  0.000343933 -0.00465474  0.00986378   0.0015732 0.000743091 -0.00167078  1.80677 0.297484 -9.63244 10.3298
-0.325115   1.11046   4.11446   0.242434 -0.0886836 -0.0173512 0.352388   0.3568  1.72859 -0.0040524 -0.0144791  0.0421516 -0.00145336   0.0111818 -0.00571406  0.000491941 -0.00444705  0.00968749  0.00157341 0.000743975 -0.00166889  1.80677 0.297482 -9.63245 10.3301
-0.196174  0.964282   3.68028   0.243017  -0.088363 -0.0173922 0.353115 0.351649  1.72827 -0.00405356   -0.014479   0.0421483   0.0027494    0.012105 -0.00600104  0.000355001 -0.00428805   0.0101755  0.00157106 0.000743589  -0.0016675  1.80678 0.297484 -9.63246 10.3307
-0.0882425    1.11753    3.39862   0.242947 -0.0874197 -0.0176331 0.358038 0.352427  1.72904 -0.00405813   -0.014478   0.0421438 0.00217486  0.0158047 -0.0068351  0.000230112 -0.00445974   0.0104816  0.00157117 0.000741694  -0.0016663  1.80678 0.297488 -9.63247 10.3317
-0.121051   1.07276   3.64705   0.242998 -0.0872973  -0.017899 0.357175 0.352439  1.72909 -0.00405925  -0.0144793   0.0421437  0.00263409   0.0152178 -0.00794493  0.000274497 -0.00440673   0.0101918  0.00157073 0.000741992 -0.00166417  1.80678 0.297487 -9.63248 10.332
-0.215648   1.25447   3.98399   0.243061 -0.0880083 -0.0170696 0.349388 0.352349  1.72777 -0.00407152  -0.0144848   0.0421439  0.00230867  0.00906314 -0.00267858  0.000379399 -0.00459824  0.00981832  0.00157346 0.000745489 -0.00167774  1.80677 0.297479 -9.63241 10.3331
-0.304566   1.07149   4.02924   0.242659 -0.0878784 -0.0165973 0.349229 0.355613  1.72785 -0.00407249  -0.0144811   0.0421442 -0.00124632  0.00906032 4.43128e-05  0.000464961   -0.004392  0.00976386  0.00157641 0.000745703 -0.00168517  1.80676 0.297476 -9.63237 10.3337
-0.211158  0.909548   3.63612    0.24302 -0.0886476 -0.0165191 0.343182 0.353076   1.7261 -0.0040731  -0.014485  0.0421441   0.00107953   0.00409289 -0.000288781  0.000334667 -0.00420123   0.0102189  0.00157535 0.000748126 -0.00168523  1.80676 0.297472 -9.63237 10.3346
-0.120212   0.86342   3.40563   0.243212   -0.08837 -0.0165965 0.344448  0.35163  1.72612 -0.00407443  -0.0144836    0.042142   0.0013043  0.00542892 -0.00108747  0.000223771 -0.00414437   0.0104829  0.00157449 0.000747607 -0.00168385  1.80677 0.297473 -9.63238 10.3349
-0.186012  0.988239   3.67225   0.243165 -0.0884243 -0.0168276 0.343457 0.352349  1.72618 -0.0040759 -0.0144848  0.0421425 0.000497971  0.00430271 -0.00203965  0.000285767 -0.00428148    0.010185   0.0015743 0.000747983 -0.00168155  1.80677 0.297472 -9.63239 10.3352
-0.203179    1.2232   3.92699   0.243112  -0.089115 -0.0164304 0.338034 0.353505  1.72522 -0.00408267  -0.0144873   0.0421429  0.000289932 -0.000371324 -0.000359406  0.000308999 -0.00452597  0.00991154   0.0015758 0.000750403 -0.00168786  1.80676 0.297466 -9.63236 10.336
-0.299966  0.992811   4.19979   0.242675 -0.0892785 -0.0161112  0.3373 0.35682 1.72541 -0.00408482  -0.0144809    0.042142 -0.00239076 -0.00105542 0.000906206   0.00041905 -0.00427672  0.00961791  0.00157818 0.000750796  -0.0016925  1.80676 0.297464 -9.63234 10.3365
-0.187913  0.921834   3.65473   0.242165 -0.0895623 -0.0158193 0.336161 0.360539  1.72468 -0.0040875 -0.0144867   0.042143 -0.00555952 -0.00241194  0.00210896  0.000267542 -0.00419324   0.0102472  0.00158074 0.000751454 -0.00169704  1.80675 0.297461 -9.63232 10.3372
-0.0802918    1.05084    3.45608   0.241502 -0.0894062 -0.0160731 0.337484    0.365  1.72486 -0.00409065  -0.0144909   0.0421377 -0.00932979 -0.00126854 0.000668657  0.000132019 -0.00434534   0.0104825   0.0015823 0.000750915 -0.00169492  1.80675 0.297462 -9.63233 10.3379
-0.0199367     1.0861    3.67404    0.24096 -0.0884813 -0.0166777 0.343903  0.36823  1.72647 -0.00409124  -0.0144887    0.042129  -0.0112733  0.00351199 -0.00288253  6.79937e-05  -0.0043852   0.0102413  0.00158221 0.000748353  -0.0016881  1.80675 0.297467 -9.63236 10.3391
-0.102438   1.23846   3.76894   0.240606 -0.0883769 -0.0157435 0.344076  0.36769  1.72658 -0.00409418  -0.0144892   0.0421289 -0.0112601 0.00321498 0.00173438  0.000180369 -0.00455466   0.0101378  0.00158448 0.000748541  -0.0017005  1.80674 0.297466  -9.6323 10.3401
-0.338244   1.02205   4.00246   0.240716 -0.0885554 -0.0168011  0.34188 0.366025  1.72635 -0.00409877  -0.0144885   0.0421275 -0.00790819  0.00215444 -0.00415561  0.000454598 -0.00431186  0.00988388  0.00158091 0.000749002 -0.00168632  1.80675 0.297467 -9.63237 10.3412
-0.178208   1.05941   3.74264   0.241053 -0.0883797  -0.017234 0.342581 0.362748  1.72618 -0.0040984 -0.0144879  0.0421281 -0.00462806  0.00341736 -0.00631184   0.00027046 -0.00435325   0.0101749  0.00157843 0.000748595 -0.00168077  1.80676 0.297469 -9.63239 10.3418
-0.219547   1.26017   3.44952   0.241581 -0.0881248 -0.0172482 0.343479 0.357685  1.72609 -0.00409859  -0.0144813   0.0421355 -0.000284349   0.00482092  -0.00617282  0.000293845 -0.00457036   0.0104995   0.0015763 0.000748082 -0.00168076  1.80677  0.29747 -9.63239 10.3424
-0.00578191     1.20617     3.65129   0.241206 -0.0876721 -0.0179495 0.346174 0.361001  1.72684 -0.00409846  -0.0144815   0.0421301  -0.0021685  0.00678404 -0.00921998  5.39108e-05 -0.00450954   0.0102703  0.00157632 0.000747045 -0.00167412  1.80677 0.297472 -9.63242 10.3433
-0.159574   1.11939   3.72587   0.241056 -0.0878119  -0.017005 0.344194 0.360822  1.72653 -0.00409927  -0.0144836   0.0421317 -0.00294801   0.0048155 -0.00336526  0.000237986 -0.00441629   0.0101887  0.00157924 0.000748053 -0.00168868  1.80676 0.297469 -9.63236 10.3443
-0.297953   1.08758    4.1044   0.240891 -0.0873764 -0.0164683 0.346125 0.360741   1.7273 -0.00409757  -0.0144825   0.0421325 -0.00362459  0.00604825 -0.00040949  0.000396068 -0.00437974  0.00978528  0.00158074 0.000747366 -0.00169635  1.80675  0.29747 -9.63232 10.345
-0.104228   1.02562   3.70813   0.240824 -0.0870855  -0.016625  0.34769 0.360882  1.72725 -0.00409969  -0.0144833   0.0421309 -0.00351998  0.00720091 -0.00175585  0.000183197  -0.0043112   0.0102216  0.00158051 0.000746767 -0.00169438  1.80675 0.297471 -9.63233 10.3453
-0.00712509     1.21824     3.44823   0.240866 -0.0862034 -0.0160228 0.352503 0.358984  1.72801 -0.00410448  -0.0144792   0.0421277 -0.00289498   0.0104052  0.00134848  6.44965e-05 -0.00451827   0.0105002  0.00158123  0.00074506 -0.00170173  1.80675 0.297474  -9.6323 10.3464
-0.0119809    1.24899    3.58147   0.240685 -0.0861954 -0.0155341 0.351712 0.359697  1.72798 -0.00410591  -0.0144796   0.0421273 -0.00373251  0.00943633  0.00384246    6.308e-05 -0.00455196    0.010346  0.00158278 0.000745539 -0.00170785  1.80674 0.297472 -9.63227 10.3469
-0.20308  1.17306  3.72112   0.240755 -0.0864377 -0.0154583 0.348632 0.358782  1.72743 -0.00410647  -0.0144816   0.0421274 -0.00209171  0.00680168   0.0036598   0.00027985 -0.00446524   0.0101945  0.00158229 0.000746751 -0.00170747  1.80674  0.29747 -9.63227 10.3472
-0.290091   1.00342   3.96383   0.240963 -0.0860534 -0.0145959 0.349213 0.355578  1.72767 -0.00410437  -0.0144853   0.0421278 -0.000504864   0.00795282   0.00685457   0.00036651 -0.00428498  0.00993594  0.00158276 0.000746419  -0.0017157  1.80674 0.297471 -9.63223 10.3481
-0.368588   1.15483   3.72927   0.240501 -0.0856013 -0.0146897 0.351719 0.359172  1.72808 -0.00410654  -0.0144835   0.0421289 -0.00336394   0.0101678  0.00578076  0.000441864 -0.00445508   0.0101909  0.00158405 0.000745441 -0.00171472  1.80673 0.297472 -9.63224 10.3488
-0.160823   1.19342   3.43532   0.240224 -0.0852711 -0.0142709 0.352884 0.360541  1.72805 -0.00410835  -0.0144858   0.0421279 -0.00483208   0.0112645  0.00744448  0.000184492 -0.00449675    0.010528  0.00158551 0.000745188 -0.00171889  1.80673 0.297472 -9.63222 10.3494
-0.0720989    1.26002    3.48553   0.24043 -0.085309  -0.01413 0.351618 0.358512  1.72778 -0.0041067 -0.0144846  0.0421306 -0.00268468   0.0102767   0.0075527  7.17668e-05 -0.00456848   0.0104687  0.00158457  0.00074575 -0.00171872  1.80673 0.297471 -9.63222 10.3496
-0.104449   1.23929   3.84885   0.240171 -0.0855449 -0.0139035 0.348546 0.360358  1.72749 -0.00410989  -0.0144841   0.0421307 -0.00284763  0.00748226  0.00725542  0.000118015  -0.0045445     0.01007  0.00158555 0.000747044 -0.00171986  1.80673 0.297468 -9.63221 10.3501
-0.311956  0.938227   4.19329    0.24035 -0.0854366 -0.0139231 0.347954 0.358453  1.72752 -0.00411404  -0.0144875   0.0421284  -0.000682 0.00732061 0.00569927  0.000336782 -0.00422769  0.00971141  0.00158418 0.000747254  -0.0017163  1.80674 0.297469 -9.63223 10.3503
-0.123767   1.01114   3.86993   0.240682 -0.0857117  -0.013988 0.345447 0.356115  1.72661 -0.00411562  -0.0144889   0.0421273 0.00174608 0.00537285 0.00466096  0.000115193 -0.00431179   0.0100719  0.00158267 0.000748263 -0.00171374  1.80674 0.297467 -9.63224 10.3507
-0.171919   1.26786   3.41455   0.240955  -0.085483 -0.0135764 0.346296 0.353934  1.72637 -0.00411955  -0.0144866   0.0421282 0.00361564 0.00628479  0.0061077  0.000162083 -0.00461394   0.0106096  0.00158252 0.000747981  -0.0017174  1.80674 0.297468 -9.63222 10.3512
-0.283213   1.29797   3.46476   0.240935 -0.0860581 -0.0130916 0.342096 0.354593  1.72553 -0.00411947  -0.0144905   0.0421264 0.00357296 0.00289006 0.00798828  0.000293306 -0.00464382    0.010557  0.00158379 0.000749769 -0.00172254  1.80673 0.297464  -9.6322 10.352
-0.212465   1.08215    3.7946   0.241102 -0.0857212 -0.0133532 0.343582 0.354191  1.72612 -0.00411962  -0.0144895   0.0421266 0.00482235 0.00491102 0.00549557  0.000211997 -0.00440822   0.0101982  0.00158252 0.000749043 -0.00171686  1.80674 0.297466 -9.63223 10.3525
-0.263428  0.992904   4.05924   0.241293 -0.0858731 -0.0135123 0.341595 0.354258  1.72594 -0.00412258  -0.0144903   0.0421263 0.00555167 0.00359525 0.00338483  0.000281672 -0.00431086  0.00992374  0.00158181 0.000749742 -0.00171319  1.80674 0.297465 -9.63224 10.3527
-0.0212851    1.11879    3.86642    0.24225 -0.0843733 -0.0141986 0.350076 0.346982  1.72737 -0.00411531  -0.0144932   0.0421206   0.0116243   0.0110001 -0.00029758  5.27171e-06 -0.00444562    0.010131  0.00157642 0.000746108 -0.00170172  1.80676 0.297475  -9.6323 10.3547
0.0699853   1.36171   3.43789   0.242257 -0.0847133 -0.0141325 0.346951 0.349061  1.72634 -0.00411576  -0.0144948   0.0421213    0.0106844   0.00783261 -0.000341905  -0.000107627  -0.00471058    0.0105953  0.00157762 0.000747501 -0.00170363  1.80675 0.297472 -9.63229 10.355
-0.0737303    1.32631    3.56781   0.241675 -0.0841701 -0.0141753 0.350096 0.354776  1.72721 -0.00411948  -0.0144963    0.042115   0.00617667    0.0100127 -0.000762171  4.45555e-05 -0.00466952   0.0104568  0.00158028 0.000746373 -0.00170497  1.80675 0.297473 -9.63228 10.3558
-0.187597   1.15895   3.85806   0.241824 -0.0838033 -0.0141287 0.350809  0.35458  1.72764 -0.00411944  -0.0144959   0.0421153   0.00625439    0.0107667 -0.000452072  0.000166337 -0.00449556   0.0101536  0.00158035 0.000746028  -0.0017056  1.80675 0.297474 -9.63228 10.3562
-0.307317   1.04071   4.08112   0.242322 -0.0834356 -0.0141039 0.350793 0.351905  1.72779 -0.00411938  -0.0144999   0.0421137   0.00857049    0.0110506 -0.000839713  0.000291853 -0.00437385  0.00992837  0.00157916 0.000745938 -0.00170509  1.80675 0.297475 -9.63228 10.3568
-0.198451    1.1076    3.7555   0.242252 -0.0837928 -0.0141766 0.347888 0.353929  1.72689 -0.00412162  -0.0145006   0.0421136  0.00716196  0.00820417 -0.00122538  0.000180515 -0.00445009   0.0102789  0.00158005 0.000747191 -0.00170529  1.80675 0.297472 -9.63228 10.3572
0.00200252    1.20336    3.46477   0.241678 -0.0844094 -0.0137776 0.343889 0.359535  1.72581 -0.0041224 -0.0145069  0.0421145 0.00249336 0.00376686 0.00101699  -5.03425e-05   -0.0045628    0.0106056  0.00158382 0.000749119  -0.0017124  1.80674 0.297467 -9.63224 10.3581
-0.0395299    1.14976    3.55546   0.241584 -0.0840607 -0.0139943 0.345772 0.360621  1.72632 -0.00412332  -0.0145071   0.0421138   0.00210851    0.0048385 -0.000635112  9.42272e-06 -0.00450472   0.0104986  0.00158378 0.000748315 -0.00170993  1.80674 0.297469 -9.63226 10.3585
-0.157204   1.13928   3.82372   0.241343 -0.0841392 -0.0137421 0.344504 0.362405   1.7263 -0.00412491   -0.014506   0.0421135 0.000249458  0.00362431 0.000608576  0.000135781 -0.00449169   0.0102089  0.00158547 0.000748823 -0.00171386  1.80674 0.297467 -9.63224 10.3589
-0.244203  0.949843    4.0855   0.241934   -0.08448 -0.0138443 0.341074 0.358097  1.72571 -0.00412973  -0.0145147   0.0421088   0.00452305   0.00161924 -0.000844002  0.000227315 -0.00429142  0.00993487  0.00158314 0.000750076 -0.00171099  1.80674 0.297466 -9.63225 10.3596
-0.132789  0.958028    3.9395   0.241497 -0.0851896 -0.0143304 0.337038 0.362987  1.72479 -0.00413404  -0.0145121   0.0421113  0.00134498 -0.00233013 -0.00292418  0.000112134 -0.00430248   0.0100935  0.00158438  0.00075172 -0.00170711  1.80674 0.297462 -9.63227 10.3606
0.0631569  0.953627    3.5626   0.240985 -0.0855775 -0.0142496 0.335452 0.367366  1.72414 -0.0041344 -0.0145172  0.0421148 -0.00204135 -0.00421958 -0.00228495  -0.000109485  -0.00429911     0.010517  0.00158691 0.000752525 -0.00171027  1.80674  0.29746 -9.63225 10.3612
0.0609088   1.06265   3.62325   0.241215 -0.0857761 -0.0137768 0.334431 0.364885  1.72393 -0.00413379  -0.0145156   0.0421167 3.83008e-05 -0.00579526 5.53043e-05  -9.04799e-05  -0.00442215    0.0104496  0.00158697 0.000753007 -0.00171576  1.80673 0.297459 -9.63223 10.3618
-0.122685   1.14968   3.87893   0.240966 -0.0865093 -0.0137769 0.330398 0.367321  1.72331 -0.00413703  -0.0145154   0.0421142  -0.00125277  -0.00956044 -0.000168086  9.18135e-05 -0.00450453   0.0101805 0.00158812 0.00075453 -0.0017168  1.80673 0.297455 -9.63222 10.3625
-0.259264  0.988154   4.15238   0.241379 -0.0875608  -0.013804 0.324867 0.364203  1.72231 -0.00414379  -0.0145229   0.0421118   0.00160361   -0.0130601 -0.000880829  0.000239353 -0.00433509  0.00989624  0.00158665 0.000756643 -0.00171569  1.80674 0.297453 -9.63223 10.3637
-0.169192   1.08009   3.93211    0.24091 -0.0878146 -0.0145725 0.325095  0.36888  1.72225 -0.00414452  -0.0145183    0.042109 -0.00130396  -0.0132381 -0.00468815  0.000137016 -0.00443414   0.0101308  0.00158701 0.000756557 -0.00170825  1.80674 0.297452 -9.63226 10.3646
-0.067873   1.17301   3.46449   0.241791 -0.0868948 -0.0143415 0.332019 0.360805  1.72323 -0.00414958  -0.0145074    0.042113  0.00471122 -0.00727279 -0.00358453  7.16826e-06 -0.00453762   0.0106505  0.00158403 0.000753682 -0.00170934  1.80675 0.297458 -9.63226 10.3659
0.0283122   1.26368   3.43008   0.241965 -0.0865623 -0.0149959 0.334746 0.360322  1.72378 -0.0041494 -0.0145047  0.0421127   0.0059144 -0.00527497  -0.0066644  -0.000117684  -0.00463238    0.0106879  0.00158229 0.000752474 -0.00170191  1.80675 0.297461 -9.63229 10.3667
-0.0887201    1.09451    3.80348   0.242319 -0.0868233 -0.0157431 0.333467 0.359097  1.72384 -0.00415006  -0.0145061   0.0421129  0.00795647 -0.00661096       -0.01  2.03933e-05 -0.00445339   0.0103039  0.00158024 0.000752743 -0.00169432  1.80676 0.297461 -9.63233 10.3675
-0.31854  1.17901  4.14915    0.24266 -0.0876763 -0.0152549 0.328607  0.35815  1.72304 -0.00415878  -0.0145126   0.0421095  0.00845038  -0.0108622 -0.00618229  0.000256069 -0.00453606  0.00992999  0.00158159 0.000754733 -0.00170338  1.80675 0.297457 -9.63228 10.3686
-0.167039   1.04973   3.92558   0.242573 -0.0879282 -0.0154784 0.328515 0.360128  1.72284 -0.00416072  -0.0145117   0.0421087  0.00712442  -0.0111097 -0.00730449  9.04579e-05 -0.00439324   0.0101764  0.00158223 0.000754818  -0.0017022  1.80675 0.297457 -9.63229 10.3689
-0.112741   1.06187    3.4353   0.242921 -0.0875003 -0.0159723 0.332549 0.358415  1.72325 -0.00416623  -0.0145087    0.042107   0.0088741 -0.00787646 -0.00958823  1.50271e-05  -0.0044033   0.0107049  0.00158057 0.000753127 -0.00169712  1.80676  0.29746 -9.63231 10.3696
0.000102448     1.00296     3.53469   0.242865 -0.0871527 -0.0163741 0.335715 0.359947  1.72402 -0.00416834  -0.0145091   0.0421055  0.00738612 -0.00546205  -0.0109975  -0.000116449  -0.00433807    0.0105993  0.00158069 0.000751891 -0.00169436  1.80676 0.297463 -9.63233 10.3702
-0.087972   1.12905   3.78253   0.242776 -0.0876458 -0.0157535 0.333648 0.360958  1.72376 -0.00417122  -0.0145104   0.0421057  0.00571607 -0.00799475  -0.0072064  -1.22797e-06   -0.0044816    0.0103253  0.00158337 0.000753083 -0.00170516  1.80675 0.297459 -9.63228 10.371
-0.236266   1.16859   3.97853   0.243104 -0.0885279 -0.0157673 0.329169 0.359918  1.72296 -0.0041763 -0.0145143  0.0421049  0.00738257  -0.0114637 -0.00666918  0.000165077 -0.00452067   0.0101172   0.0015834 0.000754883 -0.00170751  1.80675 0.297456 -9.63226 10.3719
-0.332132  0.861785   3.91873   0.243225 -0.0889564 -0.0156667 0.327691 0.359903  1.72259 -0.00418056   -0.014515   0.0421043  0.00744028  -0.0123298 -0.00631355  0.000263315 -0.00417957   0.0101816  0.00158392 0.000755443 -0.00170955  1.80675 0.297455 -9.63226 10.3724
-0.161051  0.985078   3.49911   0.243418 -0.0883451 -0.0157418 0.333148 0.358931  1.72336 -0.00418395  -0.0145133    0.042103  0.00778524 -0.00757524 -0.00651223  6.15177e-05  -0.0043149   0.0106384  0.00158358 0.000753354 -0.00170954  1.80675 0.297459 -9.63226 10.373
-0.162468  0.990947   3.46308   0.243473 -0.0885032 -0.0162074 0.333161 0.359817  1.72336 -0.00418466  -0.0145132   0.0421024   0.0072054 -0.00760364 -0.00828296  4.27854e-05 -0.00431714   0.0106721  0.00158312 0.000753374  -0.0017054  1.80675 0.297459 -9.63227 10.3735
-0.121175   1.14034   3.80297   0.242843 -0.0881283 -0.0150473 0.337193  0.36455  1.72459 -0.00418462  -0.0145072   0.0420958  0.00177606 -0.00473092 -0.00233142  7.53799e-06  -0.0044752   0.0103073  0.00158853 0.000752315 -0.00172285  1.80673 0.297457 -9.63219 10.3749
-0.226875   1.04514   4.02407   0.243066  -0.088475 -0.0146025 0.335246 0.362246  1.72429 -0.00418658  -0.0145109   0.0420973   0.00282432  -0.00618264 -6.15635e-05  0.000112745 -0.00437027   0.0100767  0.00158897 0.000753011 -0.00172846  1.80673 0.297456 -9.63217 10.3755
-0.279553  0.993357    4.0281   0.242485 -0.0886787  -0.015873 0.335194 0.368328  1.72442 -0.00418859  -0.0145003   0.0420936   -0.001007 -0.00655548 -0.00681113  0.000172135 -0.00431119   0.0100702  0.00158886 0.000752855 -0.00171504  1.80674 0.297455 -9.63223 10.3769
-0.0507731    1.15822    3.53874   0.242944  -0.087788 -0.0156124 0.341691 0.363538  1.72528 -0.00419169  -0.0144952   0.0420927  0.00231838 -0.00157995 -0.00521478  -0.000103464  -0.00449471    0.0106181  0.00158756 0.000750371 -0.00171799  1.80674  0.29746 -9.63222 10.3779
-0.0647802    1.28201    3.37215   0.242838 -0.0873613 -0.0155781 0.344725 0.364154  1.72581 -0.00419646  -0.0144959   0.0420887  0.00179278 0.000665439 -0.00474032  -8.12318e-05  -0.00463703    0.0108005  0.00158828 0.000749247 -0.00171959  1.80674 0.297461 -9.63221 10.3784
-0.164089   1.11743   3.75062    0.24269 -0.0869782 -0.0165492 0.347182 0.366228   1.7267 -0.0041964 -0.0144934  0.0420864  0.00148569  0.00286869 -0.00970846  1.24081e-05 -0.00445543   0.0103905   0.0015871 0.000748061 -0.00170946  1.80674 0.297464 -9.63225 10.3794
-0.296123   1.18773   4.04418   0.242698 -0.0871386 -0.0159592 0.345072 0.366017  1.72648 -0.0042007  -0.014496  0.0420856 0.000976213  0.00174396 -0.00554934  0.000159838  -0.0045252   0.0100773  0.00158906 0.000748974 -0.00171985  1.80674 0.297462 -9.63221 10.38
-0.272828   0.99453   3.95966   0.242419 -0.0874564   -0.01632 0.343073 0.368985  1.72602 -0.00420476  -0.0144934   0.0420857 -0.00108241 4.79258e-05 -0.00734973  0.000119001 -0.00430735   0.0101682  0.00158983 0.000749757  -0.0017174  1.80674  0.29746 -9.63222 10.3806
-0.0517325    1.00259    3.50601   0.242997 -0.0871147 -0.0159589 0.345073  0.36339  1.72593 -0.00420481  -0.0144903   0.0420823  0.00244545  0.00189343 -0.00555255  -0.000141791  -0.00431762    0.0106751   0.0015884 0.000749051 -0.00172145  1.80674 0.297461  -9.6322 10.3814
0.102574 0.969213  3.40829   0.242825 -0.0861985 -0.0157277 0.351099 0.364341  1.72712 -0.0042088   -0.01449  0.0420764 0.000391996  0.00604725 -0.00422103  -0.000321748   -0.0042793    0.0107794  0.00158962 0.000746873 -0.00172523  1.80673 0.297464 -9.63218 10.3823
-0.181373   1.01703   3.72226   0.243326 -0.0864216 -0.0161492 0.348054 0.360811  1.72667 -0.00421122  -0.0144962   0.0420759  0.00373342  0.00429631 -0.00618271  4.89349e-06 -0.00433076   0.0104337  0.00158703 0.000747751 -0.00172023  1.80674 0.297464 -9.63221 10.383
-0.225835   1.32803    4.0446   0.243573 -0.0870958 -0.0163247 0.342532 0.360131  1.72575 -0.0042204 -0.0145017  0.0420773  0.00534193 7.94354e-05 -0.00640582   6.0961e-05 -0.00466032   0.0100809  0.00158678 0.000750008 -0.00172061  1.80674 0.297461 -9.63221 10.3838
-0.301635   1.00297   3.97661   0.243576 -0.0872424 -0.0158911 0.341637 0.360628  1.72554 -0.0042243 -0.0145017  0.0420775   0.00484873 -0.000425132  -0.00433448  0.000146149 -0.00429782   0.0101541  0.00158842 0.000750428   -0.001727  1.80674 0.297459 -9.63218 10.3842
-0.264094  0.988479   3.55104   0.243601 -0.0873639 -0.0163341 0.341141 0.361599  1.72507 -0.00422712  -0.0145022   0.0420765   0.0047852 -0.00079028 -0.00642678  9.71863e-05 -0.00428278   0.0106289    0.001588 0.000750575 -0.00172281  1.80674 0.297459 -9.63219 10.3847
-0.259232  0.940109   3.40063   0.243503 -0.0869554 -0.0164713 0.344047 0.362917  1.72559 -0.00423007  -0.0145039   0.0420773 0.00331328 0.00177443 -0.0065855  8.25231e-05 -0.00423225   0.0107819  0.00158859 0.000749432 -0.00172266  1.80674 0.297461  -9.6322 10.3851
-0.170878   1.04299   3.70528   0.243622 -0.0876648 -0.0168274 0.338988  0.36307  1.72476 -0.00423287  -0.0145065   0.0420794  0.00396014 -0.00190015 -0.00837235  -2.04988e-05  -0.00433346     0.010461  0.00158819 0.000751443 -0.00172045  1.80674 0.297458  -9.6322 10.3859
-0.278557   1.32153   3.99863   0.243844 -0.0881796  -0.017419 0.335738 0.362871  1.72434 -0.00423647  -0.0145088   0.0420807 0.00547294 -0.0041804 -0.0101058  8.39596e-05 -0.00461354   0.0101528  0.00158727 0.000752664 -0.00171665  1.80675 0.297457 -9.63222 10.3867
-0.228747  0.992688   3.94154   0.243717 -0.0885296 -0.0177852 0.334171 0.365161    1.724 -0.00424457  -0.0145081   0.0420791  0.00439052 -0.00545541  -0.0115738  2.88764e-05 -0.00425443   0.0102135  0.00158786 0.000753274 -0.00171434  1.80675 0.297455 -9.63223 10.3873
-0.25204  1.10027  3.47969   0.243828 -0.0888017 -0.0178424 0.333093 0.364882  1.72338 -0.00424625  -0.0145099   0.0420792  0.00445716 -0.00617603  -0.0108195  4.15334e-05 -0.00437452    0.010718  0.00158811 0.000753735  -0.0017161  1.80675 0.297454 -9.63222 10.3876
-0.291078    1.2279   3.28579   0.244192 -0.0880685 -0.0178018 0.338366 0.361888  1.72433 -0.00425161  -0.0145059   0.0420824   0.0066478 -0.00113598   -0.010255  7.44221e-05 -0.00450491    0.010913  0.00158734 0.000751622 -0.00171791  1.80675 0.297458 -9.63222 10.3884
-0.218735   1.18753   3.72465   0.243588 -0.0876796 -0.0176753 0.341493  0.36733  1.72545 -0.00425198  -0.0145017   0.0420761  0.00174095   0.0017796 -0.00883409  -1.81163e-05  -0.00445616    0.0104549  0.00159067 0.000750663 -0.00172335  1.80674 0.297458 -9.63219 10.3891
-0.329282   1.27268   3.94383   0.243757 -0.0881734 -0.0175153 0.337696 0.366323  1.72478 -0.00425739  -0.0145055   0.0420768   0.00280769 -0.000895586  -0.00699773   9.0992e-05 -0.00453836   0.0102289  0.00159125 0.000752262  -0.0017282  1.80674 0.297455 -9.63217 10.3897
-0.221033    1.0212   3.93055   0.242806 -0.0883183 -0.0182927 0.337774 0.375325  1.72497 -0.00426317  -0.0144962   0.0420769 -0.00353447 -0.00142219   -0.010519  -3.0349e-05 -0.00426675   0.0102412  0.00159385 0.000752271  -0.0017226  1.80673 0.297453 -9.63219 10.3909
-0.0200563    1.20648    3.58463   0.242968 -0.0872241 -0.0185319 0.345059 0.373025  1.72618 -0.0042637 -0.0144925    0.04207 -0.00165356  0.00439443  -0.0112413  -0.000266885  -0.00446769    0.0106139  0.00159254 0.000749486 -0.00172085  1.80674 0.297458  -9.6322 10.392
0.0825022   1.26261   3.38314   0.243098 -0.0864052 -0.0186517 0.349898 0.371324  1.72702 -0.00426678  -0.0144895   0.0420646 8.56842e-05  0.00782241  -0.0112456  -0.000374463  -0.00452354    0.0108164  0.00159193 0.000747656 -0.00172108  1.80674 0.297461  -9.6322 10.3929
-0.0979303     1.0929    3.76366   0.242903  -0.086506 -0.0189237 0.348237 0.373072  1.72706 -0.00426933  -0.0144898   0.0420646 -0.00108463  0.00631621  -0.0114907  -0.000172289  -0.00434883    0.0104233   0.0015926 0.000748254 -0.00172091 1.80674 0.29746 -9.6322 10.3932
-0.317638   1.25886   4.11015   0.242868 -0.0870154 -0.0186058 0.343492 0.373194  1.72629 -0.00427822  -0.0144934   0.0420619 -0.000831113   0.00240977  -0.00862468  6.77422e-05 -0.00451524   0.0100688  0.00159416 0.000750289 -0.00172896  1.80673 0.297456 -9.63216 10.3938
-0.270391   1.01017   4.08667   0.242832 -0.0872314 -0.0179673 0.341825 0.372724   1.7259 -0.00428078  -0.0144954   0.0420626 -0.000958814  0.000955343  -0.00515045  1.20219e-05 -0.00425361   0.0100913  0.00159587 0.000751101 -0.00173776  1.80672 0.297454 -9.63212 10.3945
-0.0518861   0.934298    3.60341   0.243163 -0.0861671 -0.0177042 0.348491 0.369016  1.72684 -0.00428265  -0.0144945   0.0420559  0.00108294  0.00662685 -0.00384271  -0.000232621  -0.00417253    0.0106108  0.00159497 0.000748571 -0.00174014  1.80673 0.297458 -9.63212 10.3956
0.038705 0.955282  3.42269   0.243337 -0.0854673 -0.0174152  0.35211 0.367151  1.72743 -0.00428375  -0.0144918   0.0420524 0.00194378 0.00932275 -0.0027356  -0.000335829  -0.00419326    0.0107958  0.00159497 0.000747259 -0.00174373 1.80672 0.29746 -9.6321 10.3964
-0.178665   1.01564   3.68361     0.2434 -0.0856296 -0.0174662 0.349857 0.367015  1.72718 -0.00428504   -0.014494   0.0420522  0.00193076  0.00785231 -0.00290702  -0.00010153 -0.00425285   0.0105352  0.00159489 0.000748095 -0.00174391  1.80672 0.297459  -9.6321 10.3966
-0.201959   1.32577   3.91447   0.243498 -0.0859735 -0.0170667 0.346112 0.366576  1.72657 -0.0042916  -0.014497  0.0420525  0.00267186  0.00457333 -0.00075045  -7.29324e-05  -0.00456973    0.0102937  0.00159588 0.000749763 -0.00174991  1.80672 0.297456 -9.63207 10.3971
-0.362473  0.978448   4.11301    0.24328 -0.0863289 -0.0170089 0.343338 0.369008  1.72624 -0.00429831  -0.0144931   0.0420504   0.00116887   0.00228706 -0.000817821  9.80555e-05 -0.00422248   0.0100904  0.00159715 0.000750854 -0.00175094  1.80672 0.297453 -9.63207 10.3975
-0.375907   1.02316   3.60078   0.242727 -0.0863949 -0.0170428 0.343278  0.37371  1.72585 -0.0043016 -0.0144988  0.0420494 -0.00268669  0.00216128 -0.00102397  0.000103574 -0.00427279    0.010641  0.00159939 0.000751002 -0.00175231  1.80671 0.297452 -9.63206 10.3981
-0.416314   1.14204   3.32593   0.242784 -0.0857723 -0.0171784 0.346881 0.372725   1.7264 -0.00430598  -0.0144965   0.0420517 -0.00198177  0.00625043 -0.00191414  0.000141393 -0.00439658   0.0109254  0.00159873 0.000749525 -0.00175071  1.80672 0.297454 -9.63207 10.3987
-0.221128   1.07239   3.67565   0.242539 -0.0854747 -0.0173244 0.348202 0.374331  1.72697 -0.00430679  -0.0144966   0.0420511 -0.00339161  0.00767962 -0.00251053  -3.26506e-05  -0.00432813    0.0105792  0.00159914 0.000749078 -0.00174967  1.80672 0.297455 -9.63207 10.3992
-0.188862   1.22566   3.81474   0.242477 -0.0857074 -0.0170853 0.345257 0.374023  1.72642 -0.0043093  -0.014498  0.0420528 -0.00298925  0.00523883 -0.00140322  -4.32575e-05  -0.00448641    0.0104371  0.00159975 0.000750342 -0.00175349  1.80671 0.297453 -9.63205 10.3995
-0.302443   1.00862   4.12338   0.241977 -0.0851278 -0.0176945 0.348372 0.377687  1.72746 -0.00430836  -0.0144899   0.0420513 -0.00554281  0.00779557 -0.00450619  8.33147e-05 -0.00426643   0.0101213  0.00159998 0.000748987 -0.00174741  1.80672 0.297454 -9.63208 10.4005
-0.00717053     1.04729       3.743   0.241865 -0.0857336 -0.0178335 0.344205 0.378454  1.72621 -0.00430958  -0.0144908   0.0420544  -0.0056982  0.00382814 -0.00516822  -0.000238378  -0.00430751    0.0105273  0.00160023 0.000750705 -0.00174698  1.80672 0.297451 -9.63208 10.4011
0.0367603    1.2144   3.38675    0.24234 -0.0852916 -0.0177419 0.346307 0.373558  1.72631 -0.00431136  -0.0144826   0.0420564 -0.00185197  0.00550894 -0.00456871  -0.000283618   -0.0044768    0.0108842  0.00159845 0.000749828 -0.00174779  1.80672 0.297452 -9.63208 10.4018
0.0930564   1.11164   3.65259   0.241947 -0.0852886 -0.0185742 0.345957 0.377203  1.72651 -0.00431287  -0.0144854   0.0420551 -0.00375993  0.00456099 -0.00847012  -0.000323543  -0.00437349    0.0106056  0.00159831 0.000749877 -0.00173995  1.80672 0.297453 -9.63211 10.4027
-0.194676   1.11079   3.97307   0.241869 -0.0857452 -0.0174146 0.342647 0.375955  1.72606 -0.0043171 -0.0144902  0.0420557 -0.00387099 0.000944898 -0.00190763  -1.03149e-06  -0.00437392    0.0102768   0.0016011 0.000751635 -0.00175618  1.80671 0.297449 -9.63204 10.4039
-0.273541   1.09626   4.14121   0.241864 -0.0856287 -0.0172013 0.343043 0.374989  1.72628 -0.00431672   -0.014492   0.0420562  -0.00300493   0.00166546 -0.000993387  8.70588e-05 -0.00435761   0.0101051 0.00160128 0.00075149  -0.001759  1.80671  0.29745 -9.63203 10.4042
-0.117212    1.0733   3.62112   0.242362 -0.0861716 -0.0171948 0.339386 0.370997  1.72497 -0.00431727   -0.014491   0.0420558 0.000794541 -0.00124528 -0.00110818  -8.50577e-05  -0.00433303    0.0106621  0.00159948 0.000752874 -0.00175796  1.80671 0.297448 -9.63204 10.4049
-0.0301446    1.08738    3.35511   0.242839 -0.0853708 -0.0171602 0.344399 0.366862  1.72578 -0.0043216  -0.014484  0.0420529  0.00396289  0.00299749 -0.00135481  -0.000192688  -0.00434388    0.0109291   0.0015977 0.000750899 -0.00175713  1.80672 0.297451 -9.63204 10.4058
-0.0083622    1.13133    3.67747   0.242744 -0.0849347 -0.0169552 0.346915 0.367541  1.72659 -0.00432293  -0.0144856   0.0420519   0.00302003   0.00449184 -0.000184626  -0.000209784  -0.00439047    0.0105727  0.00159855 0.000750017 -0.00176001  1.80671 0.297452 -9.63203 10.4063
-0.188571   1.17372   3.88371   0.242879 -0.0857864 -0.0161397 0.340617 0.367027  1.72538 -0.00432974  -0.0144903   0.0420503  0.00323691 -0.00104196   0.0035809  -1.86024e-05  -0.00443265    0.0103546   0.0016003 0.000752702 -0.00176979  1.80671 0.297447 -9.63198 10.4075
-0.352578  0.946482   4.16004   0.243026 -0.0860185 -0.0157032    0.339 0.366213  1.72529 -0.00433252  -0.0144928   0.0420495    0.003506 -0.00159213  0.00481704  0.000161136 -0.00420238   0.0100689  0.00160077 0.000753335 -0.00177347  1.80671 0.297446 -9.63197 10.408
-0.186793  0.974888   3.73426   0.243186 -0.0864915 -0.0155666 0.336233 0.365541   1.7243 -0.00433445  -0.0144948   0.0420476   0.0041688 -0.00376399  0.00472537  -5.30974e-06  -0.00423551    0.0105066  0.00160069 0.000754486 -0.00177424  1.80671 0.297445 -9.63196 10.4086
0.0251106    1.0286   3.48171   0.243309 -0.0863062 -0.0153475 0.338026 0.364977  1.72443 -0.00433518  -0.0144943   0.0420462  0.00417201 -0.00318229  0.00521522  -0.000223348  -0.00428793    0.0107488  0.00160073 0.000753891 -0.00177549  1.80671 0.297445 -9.63196 10.4089
0.0384986   1.18545   3.57732   0.242837 -0.0860307 -0.0151526 0.340306 0.368664  1.72503 -0.00433779  -0.0144951   0.0420404 0.000530756 -0.00153104  0.00578424  -0.000241786  -0.00444509     0.010647  0.00160289 0.000753133 -0.00177819   1.8067 0.297446 -9.63195 10.4094
-0.0872564    1.16315     3.7633   0.242972 -0.0866841 -0.0143463 0.336215 0.367722  1.72428 -0.00434042  -0.0144977   0.0420414  0.00200203 -0.00558188  0.00858125  -9.08779e-05  -0.00442526    0.0104483  0.00160399 0.000754815 -0.00178596   1.8067 0.297443 -9.63191 10.4105
-0.287086  0.959427    4.0743   0.243105 -0.0869492   -0.01391 0.335089 0.366812  1.72434 -0.00434263  -0.0144995   0.0420406 0.00245331 -0.0064398 0.00932508  0.000133938 -0.00421723   0.0101283  0.00160411 0.000755209 -0.00178825   1.8067 0.297442  -9.6319 10.411
-0.244417  0.987362   3.70661   0.242655 -0.0867606 -0.0139557 0.337438 0.370812  1.72461 -0.00434464  -0.0144998   0.0420418 -0.000930227  -0.00457065   0.00826035  6.93973e-05 -0.00424575   0.0105125  0.00160558 0.000754346 -0.00178732  1.80669 0.297443 -9.63191 10.4115
-0.173168   1.10663   3.43908   0.242951 -0.0864682 -0.0133664 0.339698 0.367687  1.72483 -0.00434675  -0.0144975   0.0420428 0.000926185 -0.00262839   0.0104547  -8.57223e-06  -0.00437222     0.010793  0.00160531 0.000753538 -0.00179193  1.80669 0.297444 -9.63189 10.4122
-0.172338   1.04977   3.58164   0.242319 -0.0862152  -0.013446 0.341696 0.372556  1.72541 -0.00434855  -0.0144987   0.0420419  -0.00337649 -0.000679186   0.00912204  -1.70302e-05  -0.00431264    0.0106435   0.0016072 0.000752697 -0.00179063  1.80669 0.297444 -9.63189 10.4129
-0.194443   1.04997   3.92696   0.242456 -0.0865692 -0.0140233 0.339192 0.371722  1.72513 -0.00435079  -0.0145007   0.0420418 -0.00147834 -0.00216373  0.00441585  2.64354e-05 -0.00431176   0.0102912  0.00160483 0.000753467  -0.0017809   1.8067 0.297445 -9.63193 10.4136
 -0.3528 0.986304  4.28526   0.242373 -0.0871904 -0.0141727 0.335409 0.372715  1.72466 -0.00435796  -0.0144995   0.0420391 -0.00194315 -0.00509431  0.00291865  0.000206069  -0.0042449  0.00992992  0.00160461 0.000754894 -0.00177803   1.8067 0.297443 -9.63195 10.4143
-0.152608  0.899722   3.90329   0.242938 -0.0858678 -0.0146281 0.344069 0.367462  1.72607 -0.00435625  -0.0145005   0.0420336    0.0020408   0.00250678 -0.000169951  -2.15703e-05  -0.00415014    0.0103371  0.00160087 0.000751325 -0.00176955  1.80671  0.29745 -9.63198 10.4158
-0.0397209    1.10684    3.48025    0.24292 -0.0855084 -0.0144996 0.346294 0.367634  1.72618 -0.00435939  -0.0144993   0.0420314   0.0015588  0.00362219 0.000159263  -0.000134471  -0.00436041    0.0107517  0.00160136 0.000750584 -0.00177141  1.80671  0.29745 -9.63198 10.4161
-0.0635987    1.11623    3.57093   0.242937 -0.0855111 -0.0141516 0.345926 0.367369  1.72617 -0.00435998  -0.0144997   0.0420315 0.00150142 0.00311838 0.00161672  -0.000125884  -0.00436477    0.0106598  0.00160212 0.000750813 -0.00177563  1.80671  0.29745 -9.63196 10.4165
-0.147064   1.08018   3.83901   0.242759 -0.0857787 -0.0136508 0.343342 0.369236   1.7258 -0.00436225  -0.0144995   0.0420306 0.000119976 0.000910616  0.00361463  -4.51062e-05  -0.00432454    0.0103735  0.00160403 0.000751798 -0.00178182   1.8067 0.297447 -9.63193 10.4171
-0.311636  0.931631   4.20018   0.242715 -0.0860223 -0.0134233 0.341467 0.369592  1.72571 -0.00436558  -0.0144993   0.0420298 -0.000607702  -0.00045215   0.00408967   0.00011171 -0.00419085   0.0100379  0.00160451 0.000752524 -0.00178339   1.8067 0.297446 -9.63192 10.4174
-0.27921  1.06472   3.7135   0.242228 -0.0865958 -0.0136362 0.338989 0.374028  1.72494 -0.00437025  -0.0145011   0.0420268 -0.00367737 -0.00286403  0.00244925  7.32075e-05 -0.00432909   0.0105236  0.00160602 0.000753786 -0.00178202   1.8067 0.297443 -9.63193 10.4182
-0.132686   1.11311   3.39998   0.242491 -0.0864141 -0.0135373 0.340362 0.371281  1.72493 -0.00437125  -0.0144977    0.042027 -0.00129924  -0.0013052  0.00233441  -7.98162e-05  -0.00437638    0.0108327  0.00160489 0.000753253 -0.00178175   1.8067 0.297444 -9.63193 10.4185
-0.164465    1.0087   3.62148   0.242489 -0.0862636 -0.0137978 0.341314 0.371276  1.72533 -0.00437185  -0.0144978   0.0420265 -0.00100565 -0.00028624 0.000906851  -3.60964e-05  -0.00426851    0.0106078  0.00160413 0.000752782   -0.001778   1.8067 0.297445 -9.63195 10.4188
-0.180102   1.08145   3.91121   0.242589 -0.0865545 -0.0128842 0.339297 0.369464  1.72509 -0.00437521  -0.0145015   0.0420274 -0.000144475  -0.00229583   0.00493631  -8.8859e-06 -0.00433982   0.0103154  0.00160553 0.000753777 -0.00178844   1.8067 0.297443  -9.6319 10.4198
-0.337741  0.990679   4.11262   0.242932 -0.0868992 -0.0131395 0.337172 0.366796  1.72475 -0.00437799  -0.0145052   0.0420264  0.00212985 -0.00374306  0.00249978  0.000140006  -0.0042501   0.0101104  0.00160357 0.000754463 -0.00178314   1.8067 0.297444 -9.63192 10.4204
-0.216413   1.06878   3.86843   0.241595 -0.0872105 -0.0130511 0.336809 0.377654  1.72466 -0.00438083  -0.0144989   0.0420223 -0.00705575 -0.00464082  0.00256156  1.37883e-05 -0.00433445   0.0103564  0.00160875 0.000754966  -0.0017874 1.80669 0.29744 -9.6319 10.4217
-0.0631593    1.18304    3.50398   0.241068 -0.0873493 -0.0128531 0.336889  0.38076  1.72442 -0.00438287  -0.0145023   0.0420192 -0.00967459 -0.00491877  0.00319696  -0.000155659  -0.00444605    0.0107109  0.00161058 0.000755158 -0.00179036  1.80669 0.297439 -9.63189 10.4223
-0.0602012    1.20851     3.5499   0.240793 -0.0872262 -0.0125887 0.337831  0.38131  1.72467 -0.00438442  -0.0145026   0.0420174  -0.0103188 -0.00390495  0.00426323  -0.000162084  -0.00446919    0.0106655  0.00161141 0.000754728 -0.00179311  1.80669 0.297439 -9.63188 10.4227
-0.11927  1.08053   3.8587   0.240504 -0.0873016 -0.0119828 0.337831  0.38131  1.72467 -0.00438534  -0.0145026   0.0420173   -0.010329 -0.00409105  0.00609733  -0.000100592   -0.0043424    0.0103558  0.00161255 0.000754791 -0.00179905  1.80668 0.297439 -9.63185 10.4234
-0.257431  0.919961   3.96737   0.240574 -0.0873499 -0.0126113 0.337927 0.379307  1.72477 -0.00438722  -0.0145037   0.0420146  -0.0077437 -0.00441944  0.00160311  3.81955e-05 -0.00418392    0.010249  0.00160968 0.000754472 -0.00178879  1.80669 0.297441  -9.6319 10.424
-0.0950004   0.985516    3.95555   0.240071 -0.0866572 -0.0137961 0.343099 0.383061  1.72592 -0.00438446  -0.0145004   0.0420137 -0.00997898 2.03322e-05 -0.00468465  -0.000132713  -0.00424987    0.0102555  0.00160839 0.000752289 -0.00177522   1.8067 0.297444 -9.63195 10.4255
0.0610228  0.869851   3.63261    0.24025 -0.0861959 -0.0134831 0.345911 0.379601  1.72619 -0.00438458  -0.0144988   0.0420086 -0.00793448  0.00163449 -0.00325895  -0.000296731  -0.00413786    0.0105657  0.00160774 0.000751285 -0.00177862   1.8067 0.297446 -9.63194 10.4261
-0.18461 0.969627  3.57838   0.240182  -0.086144 -0.0132627 0.345965 0.378912   1.7262 -0.00438527  -0.0144996   0.0420092 -0.00785501  0.00223751 -0.00251104  -6.26788e-05  -0.00423446    0.0106163  0.00160813 0.000751253 -0.00178192   1.8067 0.297445 -9.63193 10.4263
-0.196499   1.00377   3.93027   0.240179 -0.0859553 -0.0133271 0.346567 0.377312  1.72658 -0.00438564  -0.0145029   0.0420101 -0.00680344  0.00307316  -0.0027516  -3.80408e-05  -0.00426944      0.01024  0.00160735 0.000750988 -0.00178135   1.8067 0.297447 -9.63193 10.4265
-0.269347   1.00232   4.14364   0.240238 -0.0861663 -0.0132302 0.344236 0.375142  1.72621 -0.00438884  -0.0145079   0.0420098 -0.00498394  0.00146351 -0.00232753  3.31736e-05 -0.00426502   0.0100204  0.00160683 0.000751895 -0.00178299   1.8067 0.297446 -9.63192 10.4267
-0.109053   1.02909    3.9494   0.239942 -0.0859946 -0.0142331 0.345539  0.37775  1.72636 -0.00438782  -0.0145065   0.0420083 -0.00591478  0.00264162 -0.00768457  -0.000135318   -0.0042913    0.0102195  0.00160562 0.000751262   -0.001772  1.80671 0.297447 -9.63197 10.4278
0.073764  1.10999  3.49306   0.240856 -0.0859314  -0.014379 0.345099 0.369388  1.72577 -0.00438545  -0.0144958   0.0420136 0.00150945   0.001898 -0.0080191  -0.00033644 -0.00437023   0.0106783  0.00160175 0.000751249 -0.00176947  1.80671 0.297448 -9.63198 10.4287
-0.0393081     1.0792    3.47556    0.24123 -0.0857419 -0.0143868 0.345972  0.36655  1.72594 -0.00438584  -0.0144924   0.0420146 0.00396762 0.00251437 -0.0077782  -0.000231815  -0.00433468    0.0106883   0.0016006 0.000750862 -0.00176971  1.80671 0.297448 -9.63198 10.4292
-0.125896   1.11303   3.79586   0.241252 -0.0860178  -0.013583 0.343735 0.366244  1.72571 -0.00438881  -0.0144952    0.042014  0.00325159 0.000501946 -0.00299358  -0.000127576  -0.00436868    0.0103636  0.00160289 0.000751977 -0.00178165  1.80671 0.297446 -9.63193 10.43
-0.325341  0.964534   4.03849   0.241445 -0.0865118 -0.0134531 0.340219 0.365515  1.72515 -0.00439247  -0.0144976   0.0420117  0.00347416 -0.00191794 -0.00254722  6.32195e-05 -0.00421956    0.010124  0.00160312  0.00075334 -0.00178413  1.80671 0.297444 -9.63192 10.4305
-0.255092  0.963052   3.96424   0.240845  -0.086244 -0.0138041 0.342692 0.370859  1.72573 -0.00439131   -0.014491   0.0420134  -0.00115984 -1.07829e-06   -0.0043289  -2.15331e-05  -0.00421628    0.0101958   0.0016048 0.000752418  -0.0017819   1.8067 0.297444 -9.63193 10.4313
-0.0464726    1.10543    3.49244   0.241704 -0.0857008 -0.0137978 0.345652 0.363455  1.72587 -0.00439185   -0.014483   0.0420151  0.00471186  0.00260459 -0.00428113  -0.000235244  -0.00435612    0.0106608  0.00160162 0.000751183  -0.0017806  1.80671 0.297446 -9.63194 10.4323
0.0992215   1.09351   3.39076   0.242341 -0.0852947  -0.013693 0.347151 0.358475  1.72605 -0.00439229   -0.014476   0.0420147  0.00823796  0.00392837 -0.00368172  -0.000368579  -0.00434598    0.0107588  0.00159974 0.000750377 -0.00178089  1.80671 0.297447 -9.63194 10.4331
-0.139556   1.11124       3.8   0.241807 -0.0850142  -0.013627 0.348872 0.363952  1.72687 -0.00439257  -0.0144712   0.0420121  0.00340586  0.00439981 -0.00334983  -0.000140931  -0.00436238     0.010365  0.00160259 0.000749817 -0.00178437   1.8067 0.297446 -9.63192 10.4337
-0.273573    1.0588   4.21536    0.24217 -0.0854629  -0.013821 0.344787 0.362229  1.72629 -0.00440003  -0.0144775   0.0420095   0.0050348  0.00117969 -0.00433813  -1.47868e-05  -0.00430716   0.00995893  0.00160161 0.000751354 -0.00178282  1.80671 0.297445 -9.63193 10.4343
-0.199261   1.03203   3.99786   0.241703 -0.0852384 -0.0154772   0.3467 0.368029  1.72665 -0.00439946  -0.0144685   0.0420085 0.00201323  0.0025325 -0.0123335  -9.67016e-05  -0.00427821    0.0101712  0.00160036 0.000750369 -0.00176555  1.80672 0.297447   -9.632 10.436
0.0963752  0.975984   3.67658    0.24135 -0.0850041 -0.0156309 0.348349 0.370965  1.72678 -0.0044002 -0.0144704  0.0420086 -0.000521734   0.00326589   -0.0123311  -0.000387766  -0.00422594    0.0104802  0.00160192 0.000749891  -0.0017671  1.80671 0.297447 -9.63199 10.4365
0.0682602   1.05133   3.51149   0.241806 -0.0847704 -0.0151272 0.349277 0.366492   1.7268 -0.00440009  -0.0144655   0.0420088  0.00227704  0.00377477 -0.00908639  -0.000363146  -0.00430228    0.0106529  0.00160152 0.000749602 -0.00177386  1.80671 0.297446 -9.63196 10.4372
-0.0900741    1.07488    3.75976   0.240778 -0.0847748  -0.015939 0.349597  0.37596  1.72724 -0.00440113  -0.0144607   0.0420049 -0.00443084  0.00302546  -0.0125532  -0.000200099  -0.00432488    0.0103835  0.00160429 0.000749507 -0.00176932  1.80671 0.297445 -9.63198 10.4385
-0.257766   1.24622   3.97078   0.240813  -0.085499 -0.0168282 0.343893 0.376184   1.7262 -0.00440512  -0.0144623   0.0420019 -0.00242851 -0.00100542  -0.0152892  -2.26776e-05  -0.00449567    0.0101636  0.00160292 0.000751539 -0.00176345  1.80672 0.297443 -9.63201 10.4396
-0.206807     1.116   3.99406   0.240884 -0.0852434  -0.017405 0.345537 0.375351  1.72654 -0.00440452  -0.0144631    0.042003 -0.000909553   0.00102187   -0.0171682  -8.11869e-05  -0.00436075    0.0101387  0.00160184  0.00075079 -0.00175953  1.80672 0.297445 -9.63202 10.4403
0.149659  1.26674  3.54488   0.240984 -0.0846692 -0.0167699 0.349266  0.37323  1.72695 -0.00440757  -0.0144581    0.042001 0.000104102  0.00337993  -0.0126145  -0.000438447  -0.00450197    0.0105615  0.00160315 0.000749691 -0.00176993  1.80671 0.297445 -9.63198 10.4411
0.183187  1.14757  3.48623   0.241058 -0.0844521 -0.0163818 0.350309 0.372022   1.7271 -0.00440827  -0.0144564   0.0420012 0.00101624 0.00363394 -0.0102857  -0.000485529  -0.00437745    0.0106196  0.00160407 0.000749401 -0.00177649  1.80671 0.297445 -9.63195 10.4416
0.0109993   1.10413   3.75131   0.241247 -0.0843408  -0.016023 0.350375 0.369938  1.72732 -0.00440812  -0.0144584   0.0420013  0.00213218  0.00319653 -0.00758483  -0.000296004  -0.00433383    0.0103517  0.00160441 0.000749404 -0.00178228   1.8067 0.297444 -9.63193 10.442
-0.212184   1.24452   4.01037   0.241429 -0.0850459 -0.0163893 0.345486 0.369857  1.72647 -0.00441458  -0.0144618    0.041997  0.00343485 -0.00171179 -0.00850098  -7.08607e-05  -0.00446804    0.0100919   0.0016039 0.000751459  -0.0017808  1.80671 0.297442 -9.63193 10.4428
-0.291273   1.01357   3.95238    0.24165 -0.0853526 -0.0161449 0.343569 0.368339  1.72602 -0.00441725  -0.0144647   0.0419951  0.00434736 -0.00331076 -0.00685919  9.38588e-06   -0.004252   0.0101436  0.00160419 0.000752229 -0.00178486  1.80671 0.297441 -9.63192 10.4433
-0.132138   0.97721   3.56029    0.24195 -0.0862201 -0.0162342 0.338366 0.366972  1.72455 -0.00441536  -0.0144656    0.041992  0.00566881 -0.00779983 -0.00720506  -0.000146052  -0.00422023    0.0104996  0.00160361 0.000754291 -0.00178495  1.80671 0.297439 -9.63192 10.4442
-0.0205419    1.00594    3.52463   0.241687 -0.0860462 -0.0157796 0.340463 0.368993  1.72499 -0.0044149 -0.0144673  0.0419938  0.00259561 -0.00654297 -0.00445839  -0.000266037  -0.00424547     0.010528  0.00160606 0.000753605 -0.00179252   1.8067 0.297439 -9.63188 10.4448
-0.0654316    1.07811    3.68081   0.242031 -0.0859639 -0.0158611 0.341397 0.366274  1.72527 -0.0044149 -0.0144684  0.0419948  0.00470216 -0.00572146 -0.00453978  -0.000213322   -0.0043179     0.010366  0.00160479 0.000753177 -0.00179163   1.8067  0.29744 -9.63189 10.4451
-0.252673   1.20083   3.98373   0.242257 -0.0868097 -0.0156891 0.336691 0.365939  1.72446 -0.0044209 -0.0144723  0.0419926  0.00557305 -0.00974024 -0.00335609  -2.9479e-05 -0.00443118   0.0100657  0.00160529 0.000755071 -0.00179545   1.8067 0.297437 -9.63187 10.446
-0.314994  0.978981    4.0857   0.242831 -0.0869493 -0.0158456 0.336698 0.362259  1.72446 -0.00442292  -0.0144782    0.041992  0.00894364  -0.0090982 -0.00437888  2.67275e-05  -0.0042129  0.00996363  0.00160339  0.00075492 -0.00179288   1.8067 0.297439 -9.63188 10.4466
-0.249951   1.06182    3.4906    0.24283 -0.0872713 -0.0158347 0.335871 0.363533  1.72384 -0.00442517  -0.0144815   0.0419908  0.00768877 -0.00993849 -0.00385435  -4.76759e-05   -0.0042933    0.0105271  0.00160423 0.000755331 -0.00179442   1.8067 0.297438 -9.63188 10.4469
-0.137909   1.03475   3.43704   0.242833  -0.086733 -0.0159761 0.340302 0.364236  1.72475 -0.00442854  -0.0144818   0.0419899  0.00670815 -0.00565429 -0.00456393  -0.000168622  -0.00426371    0.0105805   0.0016044 0.000753556 -0.00179345   1.8067  0.29744 -9.63188 10.4475
-0.0282843    1.07896    3.69132   0.242554 -0.0866247 -0.0155442 0.341862   0.3667  1.72532 -0.00442831  -0.0144802   0.0419887  0.00419763 -0.00485491 -0.00241527   -0.0002753 -0.00430841   0.0103105  0.00160673 0.000753189  -0.0018002   1.8067  0.29744 -9.63185 10.448
-0.233705   1.20541   3.79745   0.242645 -0.0872084 -0.0152816 0.338451 0.367048   1.7247 -0.00443098  -0.0144818    0.041988   0.00395478  -0.00717055 -0.000789207  -9.38482e-05  -0.00442055    0.0102019  0.00160764 0.000754399 -0.00180448  1.80669 0.297438 -9.63183 10.4487
-0.329077  0.971943   4.12044   0.241845 -0.0868883 -0.0160708 0.342126  0.37457  1.72594 -0.00442969  -0.0144659   0.0419888 -0.00135088 -0.00419383 -0.00502048  5.95589e-06 -0.00419239  0.00988652  0.00160913 0.000752865 -0.00179724  1.80669 0.297438 -9.63186 10.4498
-0.121517   1.04151   3.71432   0.242836 -0.0867034 -0.0159691 0.343137 0.366182  1.72567 -0.00442909  -0.0144643   0.0419897   0.0052241 -0.00286334 -0.00440862  -0.000203991  -0.00426313    0.0102961  0.00160575 0.000752371 -0.00179663   1.8067  0.29744 -9.63187 10.4509
-0.0648774    1.16931    3.44073   0.243291 -0.0867762 -0.0159335 0.342894 0.363269  1.72536 -0.00442877  -0.0144603   0.0419919  0.00776273 -0.00347396  -0.0041262  -0.000267907  -0.00439557    0.0105805  0.00160474 0.000752437 -0.00179729   1.8067 0.297439 -9.63187 10.4513
-0.00283798     1.13985      3.6338   0.242864 -0.0863614 -0.0166666  0.34631 0.368089  1.72631 -0.00442968  -0.0144612    0.041986   0.0045701  -0.0012312 -0.00741361  -0.000316215  -0.00436562    0.0103768  0.00160525 0.000751124 -0.00179068   1.8067 0.297441 -9.63189 10.4523
-0.219636   1.10569    3.8702   0.243167 -0.0866776  -0.015742 0.344301 0.365719  1.72605 -0.00443121  -0.0144655    0.041987  0.00583771 -0.00342259 -0.00226985  -0.000112611  -0.00433123    0.0101403  0.00160699 0.000752066 -0.00180364  1.80669 0.297439 -9.63184 10.4533
-0.308938   1.02771   3.97372   0.242906 -0.0867192 -0.0154669 0.344647 0.368056  1.72626 -0.00443086  -0.0144625   0.0419877  0.00323197 -0.00308746 -0.00114914  -1.43224e-05   -0.0042577    0.0100347  0.00160907 0.000751983 -0.00180834  1.80669 0.297438 -9.63182 10.4537
-0.192275  0.942857   3.60335   0.243271 -0.0875282 -0.0153959 0.339712 0.365919  1.72483 -0.0044315  -0.014465  0.0419867   0.00518492  -0.00677374 -0.000885981  -0.000146322  -0.00416478    0.0104138   0.0016083 0.000753893 -0.00180877  1.80669 0.297436 -9.63182 10.4546
-0.124564   1.10343   3.42013      0.243 -0.0875239 -0.0151634 0.340905 0.368653  1.72498 -0.00443362  -0.0144682   0.0419845   0.0023896 -0.00595441 0.000446585  -0.000224931  -0.00432788    0.0105981  0.00161018 0.000753635 -0.00181278  1.80669 0.297436  -9.6318 10.4549
0.0474897   1.00366   3.73148    0.24313 -0.0870499  -0.015808 0.344066 0.367703  1.72582 -0.00443433  -0.0144721   0.0419805   0.0035067 -0.00297685 -0.00339963  -0.000386931   -0.0042282    0.0102971  0.00160824   0.0007522 -0.00180432  1.80669 0.297439 -9.63184 10.4557
-0.180237   1.13312   3.83538   0.243257 -0.0879017 -0.0150989 0.339087 0.367426  1.72481 -0.00443929  -0.0144752   0.0419813  0.00340615 -0.00768451 0.000597935  -0.000164866  -0.00434867    0.0101985 0.00161003 0.00075431 -0.0018144  1.80669 0.297436 -9.63179 10.4568
-0.324146   1.00172   4.09452   0.242799 -0.0878652 -0.0153733 0.340852 0.371957  1.72552 -0.00443792  -0.0144662   0.0419815 0.000106134 -0.00667239 -0.00133357  -2.20986e-05  -0.00421577   0.00994416  0.00161133 0.000753576 -0.00181207  1.80669 0.297436  -9.6318 10.4574
-0.367729   0.96815   3.75641    0.24249 -0.0883462  -0.015669 0.339183 0.375146  1.72501 -0.00444071  -0.0144672   0.0419812 -0.00207874 -0.00789119 -0.00304901  1.11786e-05 -0.00418033   0.0102844  0.00161209 0.000754387 -0.00180978  1.80669 0.297435 -9.63181 10.458
-0.35542 0.965969  3.34218   0.242784 -0.0879818 -0.0155308 0.342357 0.372014  1.72534 -0.00444481  -0.0144644   0.0419816 -0.000396567  -0.00480243  -0.00223331  -6.72971e-06  -0.00418065    0.0106887  0.00161123 0.000753147 -0.00181111  1.80669 0.297436 -9.63181 10.4585
-0.120942    1.0902   3.59125   0.242532 -0.0871916  -0.015612   0.3481 0.373514  1.72675 -0.0044455 -0.0144643  0.0419776 -0.00197296 0.000175233  -0.0028795  -0.000248727  -0.00429888    0.0104374  0.00161173  0.00075109 -0.00181073  1.80669 0.297438 -9.63181 10.4593
-0.176539   1.15644   3.81475   0.242531 -0.0880295 -0.0147771 0.342425 0.372624   1.7257 -0.00445126  -0.0144671   0.0419807 -0.00172973 -0.00452511  0.00152605  -0.000202718  -0.00435746    0.0102185   0.0016137  0.00075349 -0.00182199  1.80668 0.297435 -9.63176 10.4605
-0.293865  0.929135   4.17102   0.242498 -0.0879765 -0.0154853 0.343286 0.373179  1.72617 -0.00445321  -0.0144654   0.0419797 -0.00145423 -0.00338066  -0.0026837  -9.69404e-05  -0.00413103   0.00987072  0.00161209  0.00075292 -0.00181274  1.80669 0.297436  -9.6318 10.4612
-0.225559   1.03902   3.79729   0.242696 -0.0883468 -0.0156036 0.341201 0.371722   1.7254 -0.00445577  -0.0144668   0.0419799 -0.000171384  -0.00493798  -0.00327743  -0.000166605   -0.0042418    0.0102406  0.00161129 0.000753708 -0.00181164  1.80669 0.297435  -9.6318 10.4617
-0.0944197    1.00063    3.56036   0.241745 -0.0883049 -0.0155041 0.342857 0.379277  1.72566 -0.00445846   -0.014475   0.0419787 -0.00661776 -0.00460044 -0.00264958  -0.000304564   -0.0042045    0.0104794  0.00161523 0.000753325 -0.00181598  1.80668 0.297435 -9.63178 10.4626
-0.0567466    1.07647     3.6427   0.241538 -0.0877327 -0.0155618 0.347103 0.379777  1.72665 -0.00445914  -0.0144742   0.0419748 -0.00712566 -0.00155144 -0.00303469  -0.000359791  -0.00427783    0.0103887  0.00161538 0.000751762 -0.00181578  1.80668 0.297437 -9.63178 10.4632
-0.236647    1.1108   3.89086    0.24126 -0.0886606  -0.015217 0.341564 0.380391   1.7256 -0.00446426  -0.0144761   0.0419742 -0.00787593 -0.00625201 -0.00116233  -0.000200035  -0.00430601    0.0101377  0.00161689 0.000754113 -0.00182165  1.80668 0.297434 -9.63176 10.4643
-0.307107  0.983362   4.21585   0.241456 -0.0889553 -0.0162268 0.340168 0.378178  1.72551 -0.00446783  -0.0144809   0.0419731 -0.00500787 -0.00634661 -0.00657606  -0.000124206  -0.00417671   0.00982377  0.00161343 0.000754327 -0.00180884  1.80669 0.297436 -9.63181 10.4653
-0.123941   1.07922   3.84955   0.241565 -0.0889333 -0.0163135 0.340981 0.376648  1.72535 -0.00446947  -0.0144808   0.0419718 -0.00421312 -0.00568395 -0.00636824  -0.000314748   -0.0042743    0.0101846  0.00161277 0.000754059 -0.00180846  1.80669 0.297436 -9.63182 10.4655
-0.0474551    1.27928     3.4694   0.241511  -0.089054 -0.0160709 0.341134 0.376201  1.72505 -0.0044742   -0.01448  0.0419705 -0.00354874 -0.00609367 -0.00509475  -0.000393169  -0.00447873    0.0105682   0.0016136  0.00075416 -0.00181323  1.80669 0.297435  -9.6318 10.4658
0.0704655   1.23844   3.58723   0.241101  -0.088875 -0.0162106 0.343434 0.378844  1.72563 -0.00447547  -0.0144821   0.0419655 -0.00565145 -0.00505309  -0.0053735  -0.000499416  -0.00443828    0.0104479  0.00161471 0.000753512 -0.00181314  1.80668 0.297436  -9.6318 10.4662
-0.172238   1.21964   3.83657   0.240846 -0.0892382 -0.0157023 0.341964 0.379286  1.72554 -0.00447827  -0.0144834   0.0419647  -0.0058744 -0.00687359 -0.00233853  -0.000269659  -0.00441807    0.0102064   0.0016166 0.000754204 -0.00182149  1.80668 0.297434 -9.63176 10.4669
-0.344532  0.986558   4.14513   0.241034 -0.0894859  -0.015066 0.341006 0.375854   1.7255 -0.00447964  -0.0144899   0.0419632 -0.00386961 -0.00721256 0.000842921  -0.000106556  -0.00419002   0.00990618  0.00161682 0.000754617 -0.00182879  1.80667 0.297434 -9.63173 10.4676
-0.30983  1.00938  3.77143   0.241324 -0.0904759 -0.0151436 0.335191 0.373663  1.72392 -0.00448158  -0.0144908   0.0419584  -0.00165476   -0.0113842 -1.82768e-05  -0.000153009  -0.00421408    0.0102737  0.00161554 0.000756843 -0.00182717  1.80668 0.297432 -9.63174 10.4686
-0.207449   1.16166   3.41838   0.241351 -0.0902783 -0.0143851 0.337963 0.372339  1.72423 -0.00448689   -0.014492   0.0419575 -0.00120763 -0.00898396  0.00340554  -0.000273595  -0.00436587    0.0106265  0.00161697 0.000756027 -0.00183645  1.80667 0.297432  -9.6317 10.4694
-0.0290102    1.18417    3.57122   0.241228 -0.0900408 -0.0150206 0.340402  0.37362  1.72487 -0.00448641  -0.0144929    0.041956  -0.00135875  -0.00694954 -0.000104705  -0.000438334  -0.00438621    0.0104809  0.00161574 0.000755002 -0.00182807  1.80668 0.297434 -9.63173 10.4701
-0.13672  1.13479  3.78961   0.241169 -0.0903334 -0.0141184  0.33963 0.373037  1.72487 -0.00448774  -0.0144935   0.0419562 -0.00107043 -0.00807211  0.00413648  -0.000341002  -0.00433508    0.0102625  0.00161784 0.000755495  -0.0018393  1.80667 0.297432 -9.63169 10.4711
-0.303037  0.909111   3.97296   0.241148 -0.0906377 -0.0141486 0.338911 0.373192  1.72489 -0.00448978  -0.0144929   0.0419564 -0.000981958  -0.00850999   0.00306322  -0.000175115  -0.00411261    0.0100795  0.00161755 0.000755653 -0.00183737  1.80667 0.297432  -9.6317 10.4714
-0.194162   1.03812   3.82489   0.240404 -0.0906377 -0.0147364 0.340444 0.379744  1.72522 -0.00449064  -0.0144878   0.0419582  -0.00557231  -0.00757368 -0.000195097  -0.000285574  -0.00424131    0.0102235  0.00161896 0.000755082 -0.00183177  1.80667 0.297432 -9.63172 10.4723
0.0728717   1.17149   3.48633   0.241022 -0.0894326 -0.0137782 0.348894 0.372188  1.72666 -0.00449693   -0.014477   0.0419506 -0.000823298 -0.000595332   0.00402693  -0.000555855  -0.00437151    0.0105528  0.00161796 0.000752105 -0.00184101  1.80667 0.297434 -9.63168 10.474
0.0108976   1.24237   3.51901    0.24081 -0.0892748 -0.0136801 0.350139 0.373459  1.72697 -0.00449862  -0.0144778   0.0419485 -0.00207388 0.000339312   0.0040137  -0.000499848     -0.00444     0.010519  0.00161878 0.000751698 -0.00184213  1.80667 0.297434 -9.63168 10.4743
-0.155635   1.09675    3.8284   0.240505 -0.0890985 -0.0134118 0.351345 0.375314  1.72753 -0.00449857  -0.0144757    0.041949 -0.00354682  0.00129439  0.00449733  -0.000318341  -0.00430124    0.0102217  0.00162006 0.000751238 -0.00184484  1.80666 0.297434 -9.63167 10.4747
-0.258894   1.01541   4.00534   0.240585 -0.0899347  -0.014433   0.3454 0.375484  1.72641 -0.00450541  -0.0144767    0.041945 -0.00205842 -0.00337278  -0.0016471  -0.000203184  -0.00422205    0.0100441  0.00161721 0.000753252  -0.0018308  1.80668 0.297433 -9.63172 10.476
-0.079785   1.09437   3.82812   0.240357 -0.0890735 -0.0145135 0.351695 0.376588  1.72762 -0.00450323  -0.0144737   0.0419439 -0.00334221  0.00118344 -0.00205444  -0.000378278  -0.00430019    0.0102148  0.00161757 0.000750907  -0.0018303  1.80668 0.297435 -9.63172 10.4769
-0.07423  1.21873  3.51871   0.241215 -0.0883526 -0.0138792 0.355698  0.36803  1.72815 -0.00450646  -0.0144667   0.0419463  0.00280735   0.0044895 0.000867705  -0.000381739  -0.00442331    0.0105153  0.00161545 0.000749344 -0.00183586  1.80667 0.297437  -9.6317 10.4782
-0.0536273    1.20601    3.51828   0.241168 -0.0890734 -0.0142858 0.350637 0.369574  1.72707 -0.00450305  -0.0144681   0.0419476  0.00262397 0.000180731 -0.00138727  -0.000395073  -0.00441222    0.0105148  0.00161508 0.000751195  -0.0018314  1.80668 0.297435 -9.63172 10.479
-0.19274   1.0861  3.83851   0.241463 -0.0887161  -0.013986 0.352641 0.367021  1.72772 -0.00450185   -0.014471   0.0419476   0.0042602  0.00207633 0.000242844  -0.000250394  -0.00429589    0.0102158  0.00161475 0.000750395 -0.00183462  1.80668 0.297436 -9.63171 10.4796
-0.330784  0.912916   4.26037   0.241379 -0.0886681 -0.0139313 0.352269 0.368297  1.72792 -0.00450268  -0.0144664   0.0419495   0.00297445   0.00208001 -0.000298206  -0.000100436  -0.00412599   0.00980313   0.0016156 0.000750384 -0.00183564  1.80667 0.297436  -9.6317 10.4797
-0.100059   1.01758   3.83901   0.241347  -0.088519 -0.0145073 0.353436 0.369379  1.72784 -0.00450445  -0.0144632   0.0419487  0.00280112  0.00267541 -0.00310425  -0.000332058  -0.00423185    0.0102228  0.00161469  0.00074991 -0.00182895  1.80668 0.297436 -9.63173 10.4803
0.154199  1.08951   3.5799   0.241704 -0.0880592 -0.0142398 0.356069 0.366394  1.72813 -0.00450542  -0.0144593   0.0419451  0.00512992  0.00428919 -0.00200261  -0.000582454  -0.00430313    0.0104767  0.00161416 0.000749038 -0.00183198  1.80668 0.297437 -9.63172 10.4809
0.202471   1.0259  3.52953    0.24214 -0.0877472 -0.0139408 0.357973  0.36298  1.72847 -0.00450534  -0.0144556   0.0419422   0.00750361   0.00507626 -0.000591637  -0.000627223  -0.00423864    0.0105232  0.00161338 0.000748534 -0.00183475  1.80668 0.297437 -9.63171 10.4816
-0.145231   1.06655   3.75676   0.242309 -0.0877836 -0.0139077 0.357162 0.363257   1.7285 -0.00450589  -0.0144577   0.0419429   0.00720096   0.00430862 -0.000536891  -0.000296786  -0.00427451    0.0103008  0.00161353  0.00074888 -0.00183562  1.80668 0.297437 -9.63171 10.4817
-0.301338   1.06021   3.89634   0.242605 -0.0878789 -0.0134394 0.355764 0.362198  1.72827 -0.00450744  -0.0144606   0.0419414 0.00752899 0.00366398 0.00137625  -0.000146458  -0.00426242    0.0101656  0.00161429 0.000749596 -0.00184149  1.80667 0.297436 -9.63168 10.4823
-0.316643  0.951408   3.89217   0.242697 -0.0875623 -0.0138914 0.357165 0.362955  1.72857 -0.00450801  -0.0144587   0.0419429  0.00730381  0.00554702 -0.00103041  -0.000141855  -0.00415192    0.0101684  0.00161325 0.000748787 -0.00183544  1.80668 0.297437 -9.63171 10.4829
-0.180797   1.02237   3.52496   0.242853 -0.0867384 -0.0136609 0.361887 0.362265  1.72929 -0.00451119  -0.0144591   0.0419436   0.00711961   0.00962003 -0.000244217  -0.000285067  -0.00422368    0.0105367  0.00161366 0.000747074 -0.00183826  1.80668 0.297438  -9.6317 10.4837
-0.0799684   0.982431    3.51474   0.243216 -0.0861107 -0.0136509  0.36485 0.359867  1.72988 -0.00451225  -0.0144571   0.0419428    0.0086044    0.0118503 -0.000584784  -0.000391534  -0.00418234    0.0105442  0.00161259 0.000745928 -0.00183744 1.80668 0.29744 -9.6317 10.4844
-0.149703   1.05491   3.83141   0.242974 -0.0862846 -0.0134069 0.362288 0.363414  1.72961 -0.00451492  -0.0144547   0.0419405  0.00528867   0.0093228 0.000397466  -0.000302376  -0.00425241    0.0102438  0.00161481 0.000747076 -0.00184195  1.80667 0.297437 -9.63168 10.4848
-0.214178  0.946039   3.89096    0.24353 -0.0860757 -0.0132571 0.361824 0.360191  1.72948 -0.0045154 -0.0144584  0.0419406  0.00783674  0.00868644 0.000667985  -0.000217873  -0.00414948    0.0101857  0.00161358 0.000747277  -0.0018425  1.80667 0.297438 -9.63168 10.4854
-0.172737   1.04136   3.94231    0.24262 -0.0855796 -0.0143207 0.365028 0.369476  1.73037 -0.00451309  -0.0144479   0.0419364  0.00137115   0.0104984 -0.00453666  -0.000259298  -0.00423711    0.0101337  0.00161503 0.000746038 -0.00183238  1.80668 0.297438 -9.63172 10.4869
0.0231591  0.869489   3.65494   0.242573 -0.0858989 -0.0142722 0.361598 0.370106  1.72943 -0.0045129 -0.0144515  0.0419403  0.00063173  0.00772645 -0.00439428  -0.000459633  -0.00406759     0.010416  0.00161578 0.000747266 -0.00183421  1.80668 0.297437 -9.63171 10.4873
0.117796  0.89319  3.57614   0.242879 -0.0860931 -0.0139274 0.359468 0.367442  1.72887 -0.00451034  -0.0144485   0.0419418  0.00229454   0.0051763 -0.00284723  -0.000549124  -0.00409127    0.0104919 0.00161559 0.00074814 -0.0018385  1.80667 0.297436 -9.63169 10.4878
-0.178755   1.08028   3.82246   0.242506 -0.0865883 -0.0138759 0.355712 0.371184  1.72834 -0.00451354  -0.0144483   0.0419372 -0.000764033   0.00161649  -0.00210196  -0.000271815  -0.00426132    0.0102606  0.00161756 0.000749683 -0.00184149  1.80667 0.297433 -9.63168 10.4884
-0.262684   1.01573   3.99002   0.242708 -0.0865113 -0.0137092 0.355664  0.36871  1.72842 -0.00451382  -0.0144512   0.0419388 0.000654753  0.00195098 -0.00158518  -0.000165556  -0.00420111    0.0100982  0.00161718 0.000749681 -0.00184363  1.80667 0.297434 -9.63167 10.4887
-0.030959  0.958917   3.88565    0.24248  -0.086533 -0.0145451 0.355638 0.371461  1.72836 -0.00451503  -0.0144523   0.0419368 -0.000736809   0.00171403  -0.00588036  -0.000371852  -0.00415139    0.0101958  0.00161638 0.000749616 -0.00183437  1.80668 0.297434 -9.63171 10.4895
0.251229  1.15937  3.52556    0.24254 -0.0856493 -0.0138815 0.361311 0.369571  1.72927 -0.00452033  -0.0144447   0.0419313 -0.000522944   0.00566948  -0.00243736  -0.000642114  -0.00433331    0.0105322   0.0016175  0.00074779 -0.00184322  1.80667 0.297434 -9.63167 10.4906
0.223044  1.07749  3.50484   0.242478 -0.0851086 -0.0135492 0.364365 0.369397  1.72993 -0.00452281  -0.0144434   0.0419287  -0.00106264   0.00760416 -0.000829306  -0.000611773  -0.00425506    0.0105515  0.00161835 0.000746718 -0.00184743  1.80667 0.297435 -9.63166 10.4913
-0.12917  1.15611  3.80694   0.242214 -0.0851228 -0.0131991 0.363336 0.370999     1.73 -0.00452479  -0.0144453   0.0419271 -0.00260526  0.00610625 0.000928337  -0.000277279  -0.00432764    0.0102652     0.00162 0.000747172 -0.00185267  1.80666 0.297434 -9.63164 10.4917
-0.287755  0.991588    3.9719   0.242329 -0.0858751 -0.0137754 0.357117 0.370732  1.72878 -0.00453119  -0.0144458   0.0419192 -0.000803922   0.00128289  -0.00276153  -0.000132217  -0.00417026    0.0101136  0.00161836 0.000749418  -0.0018454  1.80667 0.297432 -9.63167 10.4927
-0.161293  0.993813   3.87159   0.242172 -0.0863053 -0.0143702 0.354512 0.372709  1.72816 -0.00453286  -0.0144448   0.0419168 -0.00169584  -0.0013912 -0.00543422  -0.000255475  -0.00417231    0.0102037  0.00161787 0.000750388 -0.00183941  1.80667 0.297432 -9.63169 10.4934
0.0415184   1.23875   3.51116   0.241942  -0.086301 -0.0139194 0.355028 0.373754  1.72804 -0.00453553  -0.0144432   0.0419154 -0.00250751  -0.0017364 -0.00289008  -0.000458369  -0.00439387    0.0105321  0.00161974 0.000750472 -0.00184679  1.80667  0.29743 -9.63166 10.4939
-0.0450777     1.0706    3.40508   0.242284  -0.086157 -0.0135713 0.355501 0.370166  1.72805 -0.00453667  -0.0144407    0.041916 1.39955e-05 -0.00124354 -0.00130926  -0.00037487 -0.00422879   0.0106353   0.0016192 0.000750131 -0.00185026  1.80667  0.29743 -9.63165 10.4944
-0.134283   1.06844    3.7653   0.242192 -0.0858654 -0.0131012 0.357441 0.370057  1.72873 -0.00453623  -0.0144421   0.0419173 -0.000832606  0.000464856   0.00102677  -0.000278934  -0.00422607    0.0102874  0.00162037 0.000749482 -0.00185621  1.80666  0.29743 -9.63162 10.495
-0.321516  0.953631    3.8293   0.242407 -0.0861241 -0.0139678 0.355492 0.369194  1.72838 -0.00453927  -0.0144406   0.0419133  0.000736908 -0.000140099  -0.00399777  -9.69898e-05   -0.0041258     0.010228  0.00161775 0.000749993 -0.00184513  1.80667 0.297431 -9.63167 10.4959
-0.20499 0.927804  3.93121   0.242137 -0.0859487 -0.0146412 0.356856 0.371874  1.72878 -0.00453918  -0.0144375   0.0419147 -0.00139794  0.00101671 -0.00689953  -0.000200304  -0.00410263    0.0101343  0.00161744 0.000749393 -0.00183854  1.80668 0.297432 -9.63169 10.4967
-0.0533187     1.0708    3.52561   0.242574 -0.0861386 -0.0142629 0.355349 0.367927  1.72813 -0.00453837  -0.0144346    0.041915   0.00134144 -0.000179947  -0.00477666  -0.000364991   -0.0042304    0.0105018   0.0016169 0.000750073 -0.00184371  1.80667 0.297431 -9.63167 10.4973
-0.00697031     1.02063     3.46818   0.242771 -0.0853862 -0.0139388 0.359999 0.365741  1.72905 -0.00454051  -0.0144323   0.0419133  0.00230345  0.00327762 -0.00315168  -0.000426039  -0.00417904    0.0105533  0.00161689 0.000748385 -0.00184751  1.80667 0.297432 -9.63166 10.4981
-0.10094  1.06658  3.76392   0.242179 -0.0850416 -0.0139019 0.362203 0.370433  1.72981 -0.00454018  -0.0144286   0.0419125 -0.00199537  0.00470861 -0.00281332  -0.000333898  -0.00422036    0.0102855  0.00161922 0.000747652 -0.00185021  1.80667 0.297431 -9.63165 10.4988
-0.335272    1.0601   3.92649   0.242235 -0.0850668 -0.0143045 0.360939 0.369704  1.72965 -0.00454122  -0.0144291   0.0419116 -0.000797239   0.00400451  -0.00478856  -0.000124819  -0.00421314    0.0101384  0.00161822 0.000747977  -0.0018463  1.80667 0.297431 -9.63166 10.4992
-0.291646   1.00955   3.95653   0.242005 -0.0852898 -0.0154256 0.359252 0.372624  1.72937 -0.00454335  -0.0144253   0.0419099 -0.00165773  0.00289203  -0.0103363  -0.000158846   -0.0041668    0.0101113  0.00161696 0.000748449 -0.00183475  1.80668 0.297432 -9.63171 10.5004
0.0141647  0.986138   3.66494   0.241894 -0.0852286 -0.0155869 0.359562 0.373282  1.72919 -0.00454356  -0.0144263   0.0419095 -0.00219206  0.00278391  -0.0102115  -0.000460159  -0.00414264    0.0103907  0.00161735 0.000748439 -0.00183524  1.80668 0.297432  -9.6317 10.5006
0.228761 0.883691  3.58573   0.242185 -0.0855735 -0.0154515 0.356995 0.370582  1.72852 -0.00454131  -0.0144244    0.041912 -0.000267803 -0.000167743   -0.0090914  -0.000670365  -0.00404112    0.0104672  0.00161689 0.000749457 -0.00183809  1.80668  0.29743 -9.63169 10.501
-0.0740361    1.03622    3.74107   0.241678   -0.08593 -0.0160081 0.355501 0.375006  1.72839 -0.00454302  -0.0144251   0.0419109  -0.0038502 -0.00224233  -0.0112866  -0.000367992  -0.00418814    0.0103127  0.00161798 0.000750149 -0.00183502  1.80668  0.29743 -9.63171 10.5019
-0.290468   1.28759   3.92766   0.241527 -0.0863933 -0.0163641 0.353248 0.375812  1.72802 -0.00454625  -0.0144259   0.0419081 -0.00389802 -0.00443873  -0.0114671  -0.000172932  -0.00440881    0.0101443  0.00161818 0.000751179  -0.0018353  1.80668 0.297429  -9.6317 10.5025
-0.211691   1.03119   3.94086  0.241249 -0.086852 -0.016522 0.351078 0.377598  1.72762 -0.00455052  -0.0144256    0.041906 -0.00497213 -0.00623994  -0.0115481  -0.000234748  -0.00417846    0.0101309  0.00161913  0.00075207 -0.00183629  1.80668 0.297427  -9.6317 10.503
-0.156054    0.9432   3.56867   0.242172 -0.0865415 -0.0167442 0.353118 0.369347  1.72767 -0.00455296  -0.0144203   0.0419043  0.00165875 -0.00371351  -0.0119304  -0.000299107  -0.00409373    0.0104778  0.00161533 0.000751119 -0.00183307  1.80668 0.297429 -9.63171 10.504
-0.029204  0.927684   3.47001    0.24291 -0.0857097 -0.0167206  0.35836 0.362866  1.72864 -0.00455554  -0.0144123   0.0419005  0.00628985 0.000956891  -0.0114577  -0.000425787  -0.00407557    0.0105698  0.00161294 0.000749124 -0.00183343  1.80668  0.29743 -9.63171 10.5052
-0.0873245    1.07669    3.66716   0.242967 -0.0852395 -0.0169901 0.361215  0.36298  1.72938 -0.00455617  -0.0144131    0.041901  0.0058768 0.00345111 -0.0119236  -0.000360206  -0.00421579    0.0103788  0.00161279 0.000748028 -0.00183266  1.80669 0.297431 -9.63172 10.5057
-0.248768   1.40426   3.72799   0.243143 -0.0852768 -0.0168729 0.360224 0.362742  1.72925 -0.00456041  -0.0144149   0.0419006 0.00637067 0.00251634 -0.0095173  -0.000227688  -0.00451357    0.0103219  0.00161396 0.000748561 -0.00183904  1.80668  0.29743 -9.63169 10.5059
-0.315561  0.928579   4.07075   0.242841 -0.0855296 -0.0167459 0.358562 0.365925  1.72926 -0.00457125  -0.0144104   0.0418988   0.0037061 0.000970649 -0.00870305  -0.000155184  -0.00407892    0.0100076  0.00161606 0.000749273 -0.00184264  1.80668 0.297428 -9.63168 10.5063
-0.262214    1.0803   3.64076   0.242892 -0.0860591 -0.0166483 0.355232 0.366132  1.72823 -0.00457224  -0.0144117   0.0418972  0.00324665 -0.00171094 -0.00737665  -0.000202038  -0.00422841    0.0104145   0.0016168 0.000750646 -0.00184604  1.80668 0.297427 -9.63166 10.5069
-0.276111   1.18835   3.34709   0.243298  -0.085769 -0.0165363 0.357112  0.36299   1.7284 -0.00457526  -0.0144078   0.0419008  0.00577293 0.000356055 -0.00641908  -0.000193939  -0.00433668    0.0106993  0.00161608 0.000749902 -0.00184816  1.80668 0.297427 -9.63166 10.5074
-0.079776   1.17509   3.67273   0.242945 -0.0859134 -0.0163872 0.356415 0.366349  1.72849 -0.00457656  -0.0144084   0.0418987   0.00286481 -0.000260899  -0.00545451  -0.000387602  -0.00432219    0.0103654   0.0016182 0.000750388 -0.00185225  1.80667 0.297426 -9.63164 10.5078
-0.244714   1.33727   3.82102    0.24325 -0.0861977 -0.0170994  0.35422 0.365757  1.72807 -0.00457673  -0.0144097   0.0419009  0.00534404 -0.00159286 -0.00821785  -0.000221602  -0.00446912    0.0102263  0.00161648 0.000750955 -0.00184586  1.80668 0.297426 -9.63166 10.5086
-0.181877   0.99728   3.94915   0.242529 -0.0863664 -0.0177788 0.353937 0.372972  1.72831 -0.00458466  -0.0144036    0.041901 0.000285519 -0.00212571  -0.0111607  -0.000258539  -0.00417072     0.010109  0.00161834 0.000751055 -0.00184094  1.80668 0.297426 -9.63168 10.5096
0.00336695    1.07361    3.56125   0.242786 -0.0866197 -0.0178371 0.352564 0.371035  1.72769 -0.00458433  -0.0144025   0.0419016  0.00196677 -0.00362632   -0.010814   -0.0004485 -0.00424049   0.0104698  0.00161779 0.000751623 -0.00184205  1.80668 0.297425 -9.63168 10.51
-0.0781041    1.30473    3.34012   0.243236 -0.0855313  -0.018161 0.359716 0.367243  1.72904 -0.00459215   -0.014396   0.0419027 0.00536533  0.0023723 -0.0115536  -0.00036339 -0.00446682   0.0106838  0.00161583 0.000748804 -0.00183915  1.80668 0.297427 -9.63169 10.5112
-0.0049205    1.12781    3.74453   0.242872  -0.085222 -0.0186073 0.361709 0.370938  1.72981 -0.00459354  -0.0143943   0.0419006 0.00294013 0.00362391 -0.0131298  -0.000434282   -0.0042999    0.0102981   0.0016168 0.000748078 -0.00183678  1.80668 0.297428  -9.6317 10.5119
-0.253371   1.31172   3.87876   0.242965 -0.0854367 -0.0179745  0.35949 0.370292  1.72944 -0.00459796  -0.0143978   0.0419002  0.00365801  0.00159473 -0.00790407  -0.000207339  -0.00446378    0.0101709  0.00161921 0.000749158 -0.00184987  1.80667 0.297426 -9.63165 10.5125
-0.257618   1.03172    3.9374     0.2428 -0.0856448 -0.0180206 0.358088 0.372228  1.72926 -0.00460253  -0.0143961   0.0419005  0.00250502 0.000732834 -0.00783442  -0.000193196   -0.0042176    0.0101146  0.00162029 0.000749717 -0.00185114  1.80667 0.297425 -9.63164 10.5128
-0.0786054    1.02354     3.6977   0.243055 -0.0857482 -0.0176404 0.357343 0.370058  1.72886 -0.00460083  -0.0143966      0.0419  0.00386967 6.83805e-05 -0.00578265  -0.000378527  -0.00420528    0.0103395  0.00162055 0.000750134 -0.00185657  1.80667 0.297424 -9.63162 10.5133
-0.0255197    1.24232    3.48719    0.24299 -0.0855437 -0.0174047 0.358842 0.370773  1.72905 -0.00460295  -0.0143963   0.0418981  0.00280964 0.000865719 -0.00403847  -0.00043614 -0.00441052   0.0105434  0.00162177  0.00074975 -0.00186123  1.80667 0.297423  -9.6316 10.5136
-0.180839   1.02836   3.71857    0.24316  -0.085497 -0.0177362 0.358827 0.370001  1.72927 -0.00460447  -0.0143966    0.041897  0.00390881 0.000886734 -0.00576948  -0.000260748  -0.00420179    0.0103113  0.00162075 0.000749611  -0.0018577  1.80667 0.297424 -9.63162 10.514
-0.311814   1.25754   3.90204   0.243231 -0.0855474 -0.0169283 0.358053 0.369794  1.72922 -0.00460723  -0.0143999   0.0418969   0.00349631  0.000413428 -0.000858908  -0.000138766  -0.00440941    0.0101324  0.00162294 0.000750086 -0.00186966  1.80666 0.297423 -9.63157 10.5148
-0.38088 0.948567  4.01559   0.243179 -0.0855834 -0.0166893 0.357769 0.370554  1.72922 -0.00460978  -0.0143994   0.0418975   0.00287891   0.00065254 -0.000426821  -8.57286e-05  -0.00412422    0.0100218  0.00162389 0.000750216 -0.00187244  1.80666 0.297422 -9.63156 10.515
-0.350773   1.10467   3.58642   0.242875 -0.0863546 -0.0168342 0.353217 0.374054  1.72798  -0.004611 -0.0144021  0.0418944 0.000424068 -0.00308058 -0.00117796  -0.000109156  -0.00427441    0.0104262  0.00162517 0.000752045 -0.00187236  1.80666  0.29742 -9.63156 10.5159
-0.110507   1.03405   3.39431   0.243327 -0.0862413 -0.0167069 0.354047 0.370256  1.72796 -0.00461047  -0.0143976   0.0418931   0.00317847  -0.00182794 -0.000621001  -0.000332773  -0.00420849    0.0106106  0.00162382 0.000751748 -0.00187278  1.80666  0.29742 -9.63156 10.5163
-0.0366255    1.15533    3.67448   0.242904 -0.0862705 -0.0173887 0.354351 0.374748  1.72827 -0.00461155  -0.0143986   0.0418913 0.000435035 -0.00196724 -0.00401478  -0.000405821  -0.00432332    0.0103365  0.00162413 0.000751611 -0.00186604  1.80666 0.297421 -9.63158 10.5172
-0.200286   1.28835   3.69263   0.243024 -0.0863713 -0.0172037 0.353498 0.373926  1.72813 -0.00461268  -0.0143996   0.0418925  0.00208635 -0.00217568 -0.00294916  -0.00025028 -0.00444409   0.0103227  0.00162446 0.000751784 -0.00186968  1.80666 0.297421 -9.63157 10.5174
-0.278876   1.01824   4.02646    0.24233 -0.0858591 -0.0181534 0.357551 0.380443  1.72938 -0.00461387  -0.0143892   0.0418925 -0.00215414 0.000970436 -0.00734556  -0.000174244  -0.00419449    0.0100102  0.00162503 0.000750083 -0.00186001  1.80666 0.297422  -9.6316 10.5187
-0.212276  0.935939   3.71799   0.242531 -0.0860896 -0.0181659 0.355963 0.378698  1.72877 -0.00461468  -0.0143909   0.0418919 -0.000737728 -0.000212414  -0.00710599  -0.000252737  -0.00411532    0.0103022  0.00162448 0.000750685 -0.00186059  1.80666 0.297421  -9.6316 10.519
-0.0351752   0.938693    3.52129   0.242516 -0.0860284 -0.0177281 0.356144 0.377985  1.72867 -0.00461252  -0.0143906   0.0418922 -0.000926705  0.000136524   -0.0052049  -0.000432129  -0.00411534     0.010481  0.00162568 0.000750674 -0.00186753  1.80666 0.297421 -9.63158 10.5194
-0.0135484    1.09881    3.65236   0.241844 -0.0854384 -0.0181341  0.36042 0.383328  1.72976 -0.00461368   -0.014391   0.0418854  -0.0053113  0.00295732 -0.00674584  -0.000458148  -0.00426888    0.0103486  0.00162722 0.000749169 -0.00186517  1.80666 0.297422 -9.63158 10.5204
-0.188912    1.2472   3.70569   0.241855  -0.085707 -0.0175581 0.357916 0.381364  1.72925 -0.00461634  -0.0143933    0.041888 -0.00400479  0.00131397 -0.00351315  -0.00028366 -0.00440261   0.0102956  0.00162833 0.000750234 -0.00187438  1.80665  0.29742 -9.63155 10.521
-0.330175  0.983481   4.04071   0.241513 -0.0853449 -0.0176747 0.360088 0.383189  1.73003 -0.00461672  -0.0143894   0.0418887 -0.00595888  0.00353666 -0.00413695  -0.000148319  -0.00416247   0.00999475  0.00162896 0.000749346 -0.00187386  1.80665 0.297421 -9.63155 10.5216
-0.132801  0.965924   3.70315   0.242002 -0.0865487 -0.0178272 0.351798 0.379496  1.72791 -0.00461792   -0.014392    0.041889 -0.00248455 -0.00306846  -0.0046478  -0.000353217  -0.00413944    0.0103466  0.00162708 0.000752423 -0.00187182  1.80666 0.297419 -9.63156 10.5229
0.118217  1.06978  3.56156   0.241664 -0.0861374 -0.0171883 0.355272 0.380858  1.72853 -0.00461923  -0.0143891   0.0418834 -0.00490841  -0.0014624 -0.00128268  -0.000597011  -0.00424025    0.0104821  0.00162957 0.000751473 -0.00188137  1.80665 0.297418 -9.63152 10.5237
0.0743099   1.12071   3.73036   0.241481  -0.086199 -0.0183146  0.35504 0.382859  1.72861 -0.00461911  -0.0143932   0.0418824 -0.00525465 -0.00235096 -0.00679189  -0.000553176  -0.00428674    0.0103193  0.00162761 0.000751315 -0.00186819  1.80666  0.29742 -9.63157 10.5248
-0.255099    1.1619   3.72106   0.241374 -0.0865534  -0.017335 0.353127 0.381513  1.72823 -0.00462149  -0.0143977   0.0418834 -0.00450658 -0.00476112 -0.00186428  -0.000267989  -0.00432188    0.0103175  0.00163009 0.000752233 -0.00188274  1.80665 0.297418 -9.63152 10.5259
-0.292697     1.012   4.01789   0.241427 -0.0869593 -0.0174814 0.350933 0.380448  1.72795 -0.00462464  -0.0143995   0.0418817  -0.0036428 -0.00598879 -0.00198619  -0.000224944  -0.00418505    0.0100532   0.0016293 0.000753011 -0.00188081  1.80665 0.297418 -9.63152 10.5263
-0.223784  0.920197   3.59632   0.242476 -0.0871936 -0.0172108 0.349285  0.37134  1.72715 -0.00462393  -0.0143967   0.0418777   0.00359172  -0.00642295 -0.000897709  -0.000296447  -0.00409812    0.0104467  0.00162597 0.000753537 -0.00188172  1.80665 0.297418 -9.63152 10.5274
-0.112641   0.97199   3.41438   0.242972 -0.0866289 -0.0168639 0.353471 0.367111  1.72786 -0.00462667  -0.0143911   0.0418766  0.00627863 -0.00241683 0.000287241  -0.000407658  -0.00414552    0.0106189  0.00162505 0.000752013 -0.00188489  1.80665 0.297418 -9.63151 10.5283
-0.156727   1.03249   3.69044   0.242956 -0.0863812 -0.0168839 0.355289 0.367757  1.72845 -0.00462739  -0.0143921   0.0418768    0.0055592 -0.000914417  0.000109639  -0.000356289  -0.00420339    0.0103585  0.00162526 0.000751337  -0.0018848  1.80665 0.297419 -9.63151 10.5285
-0.217955    1.2595   3.68239   0.243194 -0.0866742 -0.0162654 0.353302 0.367239  1.72798 -0.00463039  -0.0143939   0.0418779  0.00681421 -0.00205322  0.00275754  -0.000302103  -0.00439753    0.0103621  0.0016264 0.00075221 -0.0018925  1.80665 0.297418 -9.63148 10.5292
-0.295061   1.04885   3.93296   0.242835 -0.0861746 -0.0164119 0.357158 0.371348  1.72905 -0.00462906  -0.0143879   0.0418776 0.00400137 0.00145748 0.00140358  -0.000246461  -0.00420218    0.0101362  0.00162761 0.000750716  -0.0018905  1.80665 0.297418 -9.63149 10.5299
-0.38183  1.00782  3.63134   0.242733 -0.0859929 -0.0160643 0.358313 0.372265   1.7291 -0.00463006  -0.0143917   0.0418796 0.00283115  0.0027942 0.00257247  -0.000166271  -0.00416465    0.0104184  0.00162894 0.000750328 -0.00189486  1.80664 0.297418 -9.63147 10.5303
-0.413577  0.974542   3.34424   0.243355 -0.0853252 -0.0157934 0.361874 0.367144  1.72963 -0.00463338   -0.014386   0.0418814 0.00612269 0.00697945 0.00347351  -0.000143924  -0.00413282    0.0106805  0.00162726 0.000748904 -0.00189583  1.80665 0.297419 -9.63147 10.5312
-0.134728   1.07417   3.66738   0.242892 -0.0851019 -0.0157679 0.363002 0.371543  1.73013 -0.00463409   -0.014385   0.0418796 0.00221003 0.00773591 0.00310432  -0.000403168  -0.00422139     0.010381  0.00162913 0.000748673 -0.00189684  1.80664 0.297419 -9.63146 10.5317
-0.214051   1.18084   3.64475   0.242781 -0.0850772 -0.0151634 0.361898 0.372499  1.72991 -0.00463556  -0.0143853   0.0418787 0.000693303  0.00681606  0.00534319  -0.000339432  -0.00431584    0.0103936 0.00163087 0.00074925 -0.0019037  1.80664 0.297418 -9.63144 10.5323
-0.268551  0.987048   4.05495   0.242726 -0.0851537  -0.016293 0.360322 0.374524  1.72992 -0.0046413 -0.0143833   0.041877 0.000409679   0.0054905 -0.00106604  -0.000271919  -0.00413636    0.0100139  0.00162858 0.000749563 -0.00188868  1.80665 0.297418 -9.63149 10.5335
-0.150985  0.905692   3.71621   0.242376 -0.0860993 -0.0164136 0.354144 0.378273  1.72846 -0.00464344  -0.0143853   0.0418814  -0.0023381 -0.00013943 -0.00166234  -0.000378679  -0.00405983     0.010336  0.00163002 0.000751892 -0.00188884  1.80665 0.297416 -9.63149 10.5345
0.0219069  0.901792   3.59011   0.241953 -0.0860273 -0.0159711 0.354948 0.380763  1.72856 -0.00464196  -0.0143855   0.0418826  -0.00565229 -0.000100819  0.000835939  -0.000536903  -0.00405806    0.0104532  0.00163237 0.000751789 -0.00189546  1.80664 0.297416 -9.63147 10.5351
-0.0145387   0.999706    3.64745   0.241815 -0.0860813 -0.0161681 0.354675 0.381353  1.72854 -0.00464241  -0.0143859   0.0418827  -0.00603915  -0.00109033 -0.000566436  -0.000492472  -0.00415006    0.0104007  0.00163211 0.000751859 -0.00189325  1.80664 0.297416 -9.63148 10.5354
-0.211282   1.12747   3.81256   0.241639 -0.0863585 -0.0153359 0.352954 0.380873  1.72826 -0.00464499  -0.0143879   0.0418834 -0.00598126 -0.00246503  0.00300376  -0.000313059  -0.00426117    0.0102524  0.00163394 0.000752665 -0.00190371  1.80664 0.297414 -9.63144 10.5363
-0.281312   1.01433   4.08299   0.242022 -0.0865537 -0.0160364 0.351552 0.377606  1.72808 -0.00464776  -0.0143932    0.041884  -0.00182699  -0.00291808 -0.000825393  -0.000252454  -0.00415419    0.0100045  0.00163057 0.000752905 -0.00189319  1.80665 0.297416 -9.63148 10.5371
-0.115764  0.993096   3.73197    0.24212    -0.0865 -0.0162514 0.352234 0.376776  1.72796 -0.00464923  -0.0143933   0.0418828 -0.000615867   -0.0019465  -0.00223271  -0.00041379 -0.00413289   0.0103322  0.00162971 0.000752627 -0.00189037  1.80665 0.297417 -9.63149 10.5373
-0.0718826    1.15461    3.49935   0.242851  -0.085634 -0.0160499  0.3575 0.37015 1.72886 -0.0046524 -0.0143857  0.0418865  0.00461792  0.00284552 -0.00152866  -0.000458855   -0.0042743    0.0105332  0.00162741 0.000750568 -0.00189119  1.80665 0.297418 -9.63149 10.5385
0.0313616   1.09515   3.59595   0.243182 -0.0849901 -0.0162089 0.361101 0.367786  1.72967 -0.0046529 -0.0143848   0.041885  0.00654557  0.00581366 -0.00234721  -0.000539641  -0.00421859    0.0104411  0.00162596 0.000749157 -0.00188844  1.80665 0.297419  -9.6315 10.5392
-0.212596   1.24973   3.84786   0.243126 -0.0850159 -0.0154537 0.360043 0.368854  1.72965 -0.00465663  -0.0143864   0.0418834 0.00509392 0.00517586   0.001574  -0.000317505  -0.00435353    0.0102177  0.00162848 0.000749773 -0.00189896  1.80665 0.297418 -9.63146 10.54
-0.349812  0.977598   4.12988   0.243022 -0.0843534 -0.0151312 0.363423 0.370138  1.73064 -0.00465367  -0.0143829   0.0418877 0.00362495 0.00799249 0.00230538  -0.00018578 -0.00410765  0.00996851  0.00162971 0.000748453 -0.00190228  1.80664 0.297418 -9.63144 10.5407
-0.242807  0.951735   3.82762   0.242537 -0.0852733 -0.0153026  0.35756 0.375195  1.72923 -0.0046565 -0.0143815  0.0418873 -9.66002e-05   0.00268865   0.00126193  -0.000288027  -0.00408494    0.0102487   0.0016315 0.000750765 -0.00190168  1.80664 0.297416 -9.63144 10.5418
-0.208011  0.937079   3.43303   0.242824 -0.0853002 -0.0148081 0.356968 0.372522   1.7288 -0.00465515  -0.0143809   0.0418865 0.00127598 0.00204608 0.00329116  -0.000327373  -0.00407338    0.0105973  0.00163152 0.000751059 -0.00190674  1.80664 0.297415 -9.63143 10.5423
-0.00753204     1.09981     3.57981   0.242528 -0.0850144 -0.0144417 0.358849 0.374594   1.7293 -0.00465634  -0.0143807   0.0418848 -0.00101765  0.00282705  0.00475045  -0.000508701  -0.00422465    0.0104572  0.00163324 0.000750577 -0.00191141  1.80663 0.297415 -9.63141 10.5429
-0.176586   1.04135    3.7689   0.242682 -0.0850346  -0.014076 0.357516 0.372935  1.72913 -0.00465656  -0.0143822   0.0418855 0.000101647  0.00200041    0.005353  -0.000339266  -0.00417187    0.0102764  0.00163308 0.000750858  -0.0019139  1.80663 0.297415  -9.6314 10.5433
-0.352341  0.981844   4.15317   0.242378 -0.0846642 -0.0148569  0.35959 0.376047  1.72993 -0.00465535  -0.0143745   0.0418858  -0.0018076  0.00418668 0.000336358  -0.000169987  -0.00411556   0.00993034  0.00163208 0.000749841 -0.00190346  1.80664 0.297416 -9.63144 10.5442
-0.240586   1.07832   3.69896   0.241961 -0.0846214 -0.0153546 0.359958 0.379789  1.72976 -0.00465797  -0.0143746   0.0418835 -0.00432639  0.00474553 -0.00216099  -0.000289442  -0.00420378    0.0103438  0.00163252 0.000749738 -0.00189869  1.80664 0.297416 -9.63145 10.5449
-0.0872873    1.25644    3.32899   0.241993 -0.0847623 -0.0152907 0.358589    0.379  1.72921 -0.00465779  -0.0143725   0.0418843  -0.0030411   0.0037419 -0.00185873  -0.000432678  -0.00435733     0.010659  0.00163246 0.000750327 -0.00190008  1.80664 0.297415 -9.63145 10.545
-0.063646   1.14496   3.58267   0.241586 -0.0842753 -0.0155156 0.361511 0.381854  1.73004 -0.00465875  -0.0143742   0.0418815 -0.00488309  0.00622122 -0.00309804  -0.00045774 -0.00425447   0.0104318  0.00163323 0.000749238  -0.0018983  1.80664 0.297416 -9.63146 10.5457
-0.194445   1.12351   3.83764   0.241128 -0.0846936 -0.0151933   0.3579 0.384531  1.72949 -0.00466242  -0.0143724   0.0418802 -0.00670863  0.00309536 -0.00110072  -0.000343927   -0.0042332    0.0101913   0.0016355 0.000750753 -0.00190443  1.80664 0.297414 -9.63143 10.5464
-0.356578  0.953543   4.19674   0.241011 -0.0847694 -0.0153514 0.356719 0.384407  1.72949 -0.00466616  -0.0143718    0.041879 -0.00600298  0.00235013 -0.00245735  -0.000199486   -0.0040775   0.00986288   0.0016351  0.00075112 -0.00190257  1.80664 0.297414 -9.63144 10.5466
-0.0556089     0.9804    3.77075   0.241107 -0.0855236 -0.0156392 0.351937 0.383662  1.72813 -0.00466869  -0.0143733   0.0418788 -0.00491926 -0.00186473 -0.00376871  -0.000479042  -0.00410207    0.0102536  0.00163417 0.000752936 -0.00189946  1.80664 0.297413 -9.63145 10.5474
0.138831  1.22993  3.57669   0.241028 -0.0853169 -0.0148433 0.353802 0.382128  1.72836 -0.00467307  -0.0143675   0.0418763 -0.00486349 -0.00140651 0.000534387  -0.000655703  -0.00432402    0.0104225  0.00163596 0.000752623 -0.00191029  1.80663 0.297411 -9.63141 10.5482
0.0930912   1.21418   3.60929   0.241134 -0.0852633 -0.0149725 0.353666 0.380745  1.72835 -0.00467253  -0.0143674   0.0418772  -0.00311575  -0.00153432 -0.000319318  -0.000603061  -0.00431074    0.0103916  0.00163503 0.000752411 -0.00190815  1.80664 0.297412 -9.63142 10.5484
-0.183969   1.17678   3.82575   0.240967 -0.0852252 -0.0144146 0.354558 0.380417  1.72871 -0.00467335  -0.0143685   0.0418778 -0.00341807 -0.00144798   0.0024294  -0.000362365  -0.00426997    0.0101942  0.00163654 0.000752276 -0.00191526  1.80663 0.297411 -9.63139 10.549
-0.305995   1.02315   4.01675   0.241169 -0.0855104 -0.0151252 0.352668 0.379019  1.72843 -0.00467666  -0.0143689   0.0418745 -0.000988021  -0.00238296  -0.00209167  -0.000254156  -0.00413843    0.0100277  0.00163391 0.000752744 -0.00190503  1.80664 0.297412 -9.63143 10.5498
-0.313209    1.2254   3.66973   0.241032 -0.0856638 -0.0150992 0.352129 0.380049   1.7281 -0.00467977  -0.0143689   0.0418738 -0.00171323 -0.00296363 -0.00172954  -0.000253008  -0.00432707    0.0103417  0.00163459 0.000753028 -0.00190651  1.80664 0.297411 -9.63142 10.55
-0.174243   1.35035   3.40967   0.241638 -0.0858938 -0.0143712 0.350632 0.374758  1.72755 -0.00468081  -0.0143634   0.0418772  0.00269712 -0.00374561   0.0020711  -0.000382977  -0.00443891    0.0105721  0.00163405 0.000753685 -0.00191436 1.80663 0.29741 -9.6314 10.551
0.058871  1.21577  3.58167     0.2415 -0.0860206 -0.0147006 0.350305 0.376529  1.72758 -0.00468103   -0.014366   0.0418794  0.00205555 -0.00471814 2.50742e-05  -0.000589218  -0.00431749    0.0104124  0.00163393 0.000753777  -0.0019103  1.80664  0.29741 -9.63141 10.5513
-0.174556   1.10849   3.72965   0.241679  -0.085986 -0.0148802 0.351138 0.375602  1.72788 -0.00468047  -0.0143665   0.0418799  0.00332284 -0.00389314 -0.00123544  -0.000378661  -0.00422176    0.0102776  0.00163308 0.000753315 -0.00190781  1.80664 0.297411 -9.63142 10.5516
-0.336799   0.97073   4.14655   0.241646  -0.086176 -0.0146472 0.350509 0.376338  1.72807 -0.00468166  -0.0143649   0.0418806   0.00237052  -0.00401365 -0.000278727  -0.000227574  -0.00410439   0.00992243  0.00163407 0.000753579 -0.00191128  1.80664  0.29741 -9.63141 10.5519
-0.159212   1.09209   3.84177    0.24178  -0.086981 -0.0144073 0.345969 0.375802  1.72685 -0.00468506  -0.0143644    0.041879  0.00284948 -0.00771071  0.00109608  -0.000390394  -0.00422007    0.0101985  0.00163452 0.000755431 -0.00191463  1.80663 0.297409 -9.63139 10.5528
-0.110641   1.10939   3.56492   0.241531  -0.086202 -0.0140908 0.351977 0.377517  1.72797 -0.00468952  -0.0143673   0.0418784  0.00114168 -0.00269957  0.00229482  -0.000447706  -0.00423673    0.0104553  0.00163615  0.00075331 -0.00191883  1.80663  0.29741 -9.63138 10.5536
0.0633195   1.05959   3.59464   0.241672 -0.0860871 -0.0143391 0.352911 0.376718  1.72816 -0.00468964  -0.0143678   0.0418776  0.00219281 -0.00223105 0.000578206  -0.000606927  -0.00419117    0.0104286  0.00163504 0.000752914 -0.00191478  1.80663 0.297411 -9.63139 10.5539
-0.111757   1.15165   3.85473   0.241576 -0.0863436 -0.0139785 0.351702 0.377688   1.7281 -0.00469131  -0.0143678   0.0418774  0.00148946 -0.00400196  0.00227131  -0.000444381  -0.00427035    0.0102054  0.00163636 0.000753462 -0.00191967  1.80663  0.29741 -9.63138 10.5544
-0.333078  0.991649   4.04962   0.241564 -0.0862195  -0.014445 0.353157 0.378512  1.72863 -0.00469111  -0.0143645    0.041879   0.00158958  -0.00285545 -0.000747201  -0.000238723   -0.0041356     0.010034  0.00163533 0.000752692 -0.00191303 1.80664 0.29741 -9.6314 10.5549
-0.0958391    1.10815    3.76021   0.241679  -0.085792 -0.0149937  0.35627 0.378058  1.72906 -0.00469123   -0.014363    0.041878  0.00253808 0.000182583 -0.00372935  -0.000457896  -0.00424139    0.0102871  0.00163378 0.000751449  -0.0019062  1.80664 0.297412 -9.63143 10.5556
0.0943506   1.00692   3.64101   0.241175 -0.0859514 -0.0147705 0.355744 0.382363  1.72892 -0.0046911 -0.0143655  0.0418818 -0.00105123 -0.00123154 -0.00276686  -0.00063312 -0.00414795   0.0103935  0.00163654 0.000751818  -0.0019114  1.80663 0.297411 -9.63141 10.5562
0.235029 0.909151  3.59949   0.241356 -0.0856453 -0.0143145  0.35772 0.380111  1.72928 -0.00469005  -0.0143622   0.0418784 -0.000401453 -0.000153707 -0.000503044  -0.000771703   -0.0040547    0.0104288  0.00163678 0.000751219  -0.0019167  1.80663 0.297411 -9.63139 10.5567
-0.168671   1.03942   3.85994   0.241531 -0.0857652 -0.0136404 0.356721 0.377717  1.72923 -0.00469101  -0.0143684   0.0418803 -4.78595e-05  -0.00153927   0.00307312  -0.000412951  -0.00416849    0.0102031  0.00163753 0.000751635 -0.00192491  1.80663  0.29741 -9.63136 10.5574
-0.354098  0.952608   4.21897   0.241741 -0.0858029 -0.0137659 0.356335 0.376101  1.72938 -0.00469274  -0.0143715   0.0418794  0.00108784 -0.00126502  0.00117774  -0.000250701  -0.00409045     0.009887  0.00163627 0.000751653 -0.00192168  1.80663 0.297411 -9.63137 10.5577
-0.264993  0.959322   3.81871      0.242  -0.085854 -0.0141774 0.356156 0.374622  1.72904 -0.0046952 -0.0143718  0.0418782  0.00255567 -0.00121003 -0.00104656  -0.00033717 -0.00409596   0.0102484  0.00163453 0.000751607 -0.00191583  1.80663 0.297412 -9.63139 10.5582
-0.0919226   0.963431    3.48601   0.242565 -0.0862324 -0.0141847 0.353695 0.370638  1.72822 -0.00469273  -0.0143669   0.0418777   0.0060323 -0.00330905 -0.00144391  -0.000506609  -0.00409804    0.0105542  0.00163275 0.000752498  -0.0019148  1.80664 0.297411 -9.63139 10.5589
-0.0260357    1.01144    3.59333    0.24272 -0.0855871 -0.0145581 0.358011 0.370001  1.72921 -0.0046943 -0.0143663   0.041877  0.00658606    0.000228 -0.00352002  -0.000561831  -0.00414116    0.0104509  0.00163152 0.000750804 -0.00190986  1.80664 0.297413 -9.63141 10.5596
-0.209504   1.12729   3.81469   0.242683 -0.0858343 -0.0139555  0.35653 0.370392  1.72905 -0.00469722  -0.0143682    0.041875   0.00531875  -0.00142537 -0.000148112  -0.000407743  -0.00423916    0.0102511  0.00163373 0.000751582   -0.001919  1.80663 0.297411 -9.63138 10.5603
-0.341465  0.883375   4.08555   0.243139 -0.0854384 -0.0137896 0.358798 0.367532  1.72971 -0.00469583  -0.0143723    0.041877   0.0073815  0.00160493 5.56049e-05  -0.000278788  -0.00402576    0.0100135  0.00163289 0.000750621 -0.00191987  1.80663 0.297413 -9.63138 10.5609
-0.312571  0.977642   3.81914   0.242393 -0.0858489 -0.0142471 0.356907 0.375065  1.72926 -0.00469792  -0.0143684   0.0418733   0.00169879 -0.000305733  -0.00213553  -0.000311586  -0.00411357    0.0102548  0.00163509 0.000751437 -0.00191688  1.80663 0.297411 -9.63139 10.5619
-0.194916    1.0856   3.47701    0.24275  -0.084929 -0.0141121 0.362542 0.371894  1.73021 -0.00470282  -0.0143654    0.041875    0.003801   0.0048412 -0.00159355  -0.00043545 -0.00421279   0.0105698  0.00163419 0.000749344 -0.00191794  1.80663 0.297412 -9.63138 10.5629
-0.25256  1.12621  3.52039   0.242638 -0.0848643 -0.0138121 0.362594 0.372915  1.73027 -0.00470421  -0.0143675   0.0418738   0.00277641   0.00478517 -0.000184911  -0.000399067  -0.00424432     0.010532  0.00163551  0.00074944 -0.00192246  1.80663 0.297412 -9.63137 10.5632
-0.108632   1.11906   3.70073   0.242407 -0.0846564 -0.0131778 0.363863 0.374752  1.73065 -0.00470592  -0.0143665   0.0418719 0.000768944  0.00501855   0.0028349  -0.000514877  -0.00423642    0.0103706 0.00163789 0.00074942 -0.0019309  1.80663 0.297411 -9.63133 10.5639
-0.33166 0.919316  3.90597   0.242821 -0.0845001 -0.0139095 0.363544 0.372354  1.73068 -0.00470847  -0.0143669   0.0418697   0.0031027  0.00573502 -0.00155158  -0.000336532  -0.00406163    0.0101839  0.00163475 0.000749232 -0.00191981  1.80663 0.297412 -9.63138 10.5647
-0.179149  0.965337    3.8553    0.24175 -0.0846382 -0.0145894 0.363139 0.381954  1.73073 -0.00470907  -0.0143597   0.0418701 -0.00449605  0.00484229  -0.0051366  -0.000475524  -0.00410444    0.0102248  0.00163735 0.000749457 -0.00191492  1.80663 0.297411 -9.63139 10.566
0.0020376  0.853084   3.57711   0.241485 -0.0851976 -0.0143203  0.35936 0.383429  1.72972 -0.00470665  -0.0143619    0.041876 -0.00636595  0.00141666 -0.00375351  -0.000660628    -0.003995     0.010487  0.00163899  0.00075098 -0.00192009  1.80663  0.29741 -9.63137 10.5667
-0.0833366   0.999981    3.58922    0.24155 -0.0852007 -0.0142847 0.359086 0.382014  1.72968 -0.00470701  -0.0143608    0.041877 -0.00566342 0.000932775  -0.0032438  -0.000591751  -0.00412913     0.010479   0.0016386  0.00075108 -0.00192099  1.80663  0.29741 -9.63137 10.5668
-0.180903   1.06786   3.90417   0.241113 -0.0857349 -0.0143623 0.355713 0.384626   1.7292 -0.00471045  -0.0143589   0.0418749 -0.00767115 -0.00246037 -0.00346638  -0.00049506 -0.00418891    0.010201  0.00163976 0.000752423 -0.00192213  1.80663 0.297408 -9.63136 10.5675
-0.312667   1.04188   4.06156   0.241207 -0.0859734   -0.01559 0.354585 0.383964  1.72902 -0.00471079  -0.0143605   0.0418748 -0.00491882 -0.00324846 -0.00968939  -0.000378383  -0.00416529    0.0100646  0.00163638 0.000752607 -0.00190775  1.80664  0.29741 -9.63142 10.5687
-0.135994   1.01826   3.91606   0.240723 -0.0852271  -0.016397   0.3601 0.387428  1.73016 -0.00470751  -0.0143581    0.041872  -0.0071018 0.000928315  -0.0132458  -0.000548246  -0.00414044    0.0101907  0.00163618  0.00075049 -0.00190029  1.80664 0.297411 -9.63144 10.5699
0.107544  1.02673  3.54002   0.241529 -0.0853578 -0.0160583 0.358644 0.379294  1.72948 -0.0047053 -0.0143485  0.0418755 -0.00103884 -0.00045655   -0.010365  -0.000787863  -0.00414379    0.0105353   0.0016341 0.000751057 -0.00190533  1.80664  0.29741 -9.63143 10.5708
0.0401406   1.10033   3.47287   0.241936 -0.0856265 -0.0155945 0.357109 0.375202  1.72907 -0.00470447  -0.0143431   0.0418793  0.00162093 -0.00216686 -0.00735196  -0.000716882  -0.00421197    0.0105967  0.00163397 0.000751826 -0.00191197  1.80664 0.297409  -9.6314 10.5715
-0.231129       1.1   3.83921   0.241736   -0.08585 -0.0155798 0.356034 0.376992  1.72915 -0.00470549  -0.0143433    0.041878 0.000192485 -0.00247657 -0.00704221  -0.000452886  -0.00421323    0.0102696  0.00163524 0.000752271 -0.00191521  1.80664 0.297408 -9.63139 10.5718
-0.341941   1.04528   4.09792   0.242216 -0.0858844 -0.0153271 0.355685 0.372604  1.72915 -0.00470663  -0.0143522    0.041879  0.00331357 -0.00186448 -0.00482107  -0.000376579  -0.00415939    0.0100519  0.00163449 0.000752393 -0.00191942  1.80663 0.297409 -9.63138 10.5723
-0.310298   1.17256   3.79465   0.241503 -0.0859612 -0.0157885 0.355648 0.379155  1.72914 -0.00470756  -0.0143479   0.0418741 -0.00183672 -0.00140257  -0.0068045  -0.000411335  -0.00426762     0.010308  0.00163647 0.000752362 -0.00191696  1.80663 0.297408 -9.63138 10.5732
-0.0802056    1.22803    3.53621   0.241242 -0.0862455 -0.0157668 0.354306 0.381033  1.72869 -0.00470756  -0.0143493    0.041873 -0.00293454 -0.00304801 -0.00632149  -0.000630912  -0.00431393    0.0105398   0.0016377 0.000753032 -0.00191957  1.80663 0.297407 -9.63137 10.5736
0.00991724    1.21812     3.5198   0.241584 -0.0857992 -0.0152768 0.357207 0.377048  1.72926 -0.00470971  -0.0143455   0.0418732 -4.29373e-05  -0.00127141  -0.00351399  -0.000716001  -0.00430449    0.0105521  0.00163745 0.000752047 -0.00192553  1.80663 0.297407 -9.63135 10.5743
-0.124114   1.21912   3.82301   0.241424 -0.0863067 -0.0153597 0.354219 0.378641  1.72886 -0.00471199  -0.0143449   0.0418721 -0.00105118  -0.0041888 -0.00329821  -0.000585715  -0.00430437    0.0102837  0.00163812 0.000753189 -0.00192613  1.80663 0.297406 -9.63135 10.5748
-0.338598  0.971192   3.97948   0.241731 -0.0863751 -0.0154218 0.354238 0.375773  1.72894 -0.00471342  -0.0143478   0.0418696  0.00157073 -0.00384748 -0.00410837  -0.000401687  -0.00408786    0.0101407  0.00163692 0.000753074 -0.00192532  1.80663 0.297407 -9.63135 10.5752
-0.215863   1.06111   3.85876   0.240735 -0.0863838 -0.0156759 0.355428 0.384142  1.72928 -0.00471345  -0.0143415   0.0418737 -0.00534024 -0.00286246 -0.00487008  -0.000512436  -0.00416321    0.0102419  0.00164023 0.000752763   -0.001926  1.80663 0.297406 -9.63135 10.5762
-0.0864918    1.09054    3.60328   0.240114 -0.0863391 -0.0152866 0.356515 0.387936   1.7294 -0.00471459  -0.0143442   0.0418749 -0.00914654 -0.00262124 -0.00221921  -0.000633696   -0.0041908    0.0104716  0.00164323 0.000752588 -0.00193338  1.80662 0.297405 -9.63132 10.5769
0.0200649   1.25007   3.50046   0.240252 -0.0863585  -0.014585 0.356551 0.385017   1.7293 -0.00471614  -0.0143394   0.0418761 -0.00732557 -0.00300559  0.00156191  -0.000736267  -0.00433525    0.0105684  0.00164386 0.000752768  -0.0019419  1.80662 0.297404 -9.63129 10.5776
-0.179872   1.08982   3.78286    0.23992 -0.0863521 -0.0148327 0.357065 0.386657  1.72967 -0.0047163 -0.0143379  0.0418773  -0.00818514  -0.00265866 -4.68224e-05   -0.0005529 -0.00419748   0.0103265  0.00164385 0.000752449 -0.00193884  1.80662 0.297404  -9.6313 10.5781
-0.317817   1.00191    3.8981   0.239917 -0.0865999 -0.0153372 0.355182 0.385137  1.72932 -0.00471828  -0.0143385   0.0418745 -0.00636658 -0.00324139 -0.00335793  -0.000424854  -0.00412181     0.010223  0.00164191 0.000752776 -0.00193206  1.80662 0.297404 -9.63133 10.5786
-0.1822 1.03183 3.89746   0.240085 -0.0856946 -0.0163065 0.361127 0.383252  1.73055 -0.00471529  -0.0143407   0.0418736 -0.00453486   0.0026496  -0.0080418  -0.000551094   -0.0041476    0.0102213  0.00163864 0.000750296 -0.00191945  1.80663 0.297408 -9.63137 10.58
-0.0121096    1.09469    3.61302   0.240439 -0.0853635 -0.0158887 0.362753 0.378985  1.73062 -0.00471559  -0.0143369   0.0418713 -0.00157476  0.00397368 -0.00556564  -0.000718574  -0.00421075    0.0104992  0.00163826 0.000749814 -0.00192532  1.80663 0.297407 -9.63135 10.5806
0.165761  1.02164  3.57582    0.24097 -0.0853829 -0.0161302 0.361932 0.374669  1.73034 -0.00471454  -0.0143357   0.0418697  0.00235546  0.00318144 -0.00676688  -0.000870267  -0.00414536    0.0105326  0.00163587 0.000750033 -0.00192165  1.80663 0.297408 -9.63137 10.5812
-0.116751   1.13127   3.82421   0.240809 -0.0855285 -0.0155525 0.360652 0.375721  1.73029 -0.00471668  -0.0143365   0.0418699 0.000648501  0.00120382 -0.00291711  -0.000624781  -0.00424018    0.0103124  0.00163827 0.000750681 -0.00193145  1.80663 0.297406 -9.63133 10.5818
-0.381599   1.05094    4.0306   0.240637 -0.0859065 -0.0156167 0.358013 0.377696  1.72992 -0.00471949   -0.014334   0.0418674 -6.75337e-05   -0.0011912  -0.00329113  -0.000398959  -0.00416928    0.0101327  0.00163924 0.000751676 -0.00193268  1.80662 0.297405 -9.63133 10.5822
-0.169781   1.05165   3.88664   0.240545 -0.0854137 -0.0162012 0.361489 0.378634  1.73058 -0.00471809  -0.0143336   0.0418682 -0.00033824  0.00178356 -0.00605791  -0.000601046  -0.00416668    0.0102566  0.00163822 0.000750289 -0.00192583  1.80663 0.297407 -9.63135 10.583
0.0344386   1.02415   3.45832   0.241256  -0.085688 -0.0159197 0.359177 0.372626   1.7297 -0.00471456  -0.0143264   0.0418675    0.0046509 -0.000239481  -0.00471618  -0.000788067  -0.00414219    0.0106169  0.00163654  0.00075118 -0.00192897  1.80663 0.297405 -9.63134 10.5838
0.0526918   1.08142   3.47058     0.2415 -0.0853997  -0.015879 0.360575 0.370579     1.73 -0.00471553   -0.014324   0.0418668  0.00602361 0.000964245 -0.00441829  -0.000813481  -0.00418633    0.0106069    0.001636 0.000750541 -0.00192961  1.80663 0.297406 -9.63134 10.5842
-0.196643   1.18962    3.7868   0.241393 -0.0854493 -0.0152931 0.360171 0.371716  1.73015 -0.00471811  -0.0143264   0.0418659   0.00433544  0.000366376 -0.000724908  -0.000595537  -0.00427587    0.0103399  0.00163826 0.000750866 -0.00193871  1.80662 0.297405 -9.63131 10.5848
-0.359122   1.09781     4.036   0.241964 -0.0855103 -0.0154071  0.35917 0.368481  1.73004 -0.00471975  -0.0143321   0.0418658  0.00794819  0.00040562 -0.00167827  -0.000460325  -0.00419357    0.0101276  0.00163664 0.000751106  -0.0019366  1.80662 0.297405 -9.63132 10.5854
-0.257582   1.03762   3.86642   0.241827 -0.0858647 -0.0157109 0.357154 0.370763  1.72955 -0.0047218 -0.0143304  0.0418641  0.00645248 -0.00109793 -0.00326296  -0.000560033    -0.004137    0.0102754  0.00163702 0.000751876 -0.00193383  1.80663 0.297405 -9.63132 10.5858
-0.0920485    1.24112    3.49133   0.241845 -0.0851366 -0.0154581 0.362105 0.370923  1.73039 -0.00472597  -0.0143296   0.0418627  0.00561688  0.00327063 -0.00174409   -0.0007146 -0.00431041   0.0105901  0.00163794 0.000750204 -0.00193783  1.80662 0.297405 -9.63131 10.5866
-0.0564061    1.09913    3.47891   0.242257  -0.085486 -0.0145768 0.359831 0.367769  1.72983 -0.00472384  -0.0143274   0.0418642  0.00756314 0.000981994  0.00253025  -0.000756441   -0.0041848    0.0106004  0.00163878 0.000751377 -0.00194803  1.80662 0.297403 -9.63127 10.5877
-0.147432   1.13145   3.77302   0.241612 -0.0852291 -0.0144079 0.361917 0.373768  1.73058 -0.00472303  -0.0143217    0.041863 0.00214054 0.00219561 0.00319011  -0.000677257  -0.00421148    0.0103513  0.00164171 0.000750733 -0.00195144  1.80661 0.297403 -9.63126 10.5884
-0.344021   1.01445    3.9582   0.242183 -0.0849937   -0.01411  0.36241 0.369318  1.73074 -0.00472273  -0.0143284   0.0418621 0.00535568 0.00300758 0.00358582  -0.00051277  -0.0041087   0.0101964  0.00164024 0.000750448 -0.00195231  1.80661 0.297404 -9.63126 10.5891
-0.250356  0.951386   4.07705   0.241202 -0.0851053 -0.0149888 0.362327 0.378823    1.731 -0.00472437  -0.0143129   0.0418666 -0.00138223  0.00226229 -0.00110417  -0.000586202  -0.00405425     0.010093   0.0016421 0.000750414 -0.00194393  1.80662 0.297402 -9.63129 10.5904
-0.121564   1.08701   3.58053   0.241485 -0.0848696 -0.0146496 0.363538 0.375934  1.73091 -0.00472587  -0.0143096   0.0418662 0.000456726  0.00290516 0.000720389  -0.000714335  -0.00417497    0.0105363  0.00164175 0.000750044 -0.00194748  1.80662 0.297402 -9.63127 10.5909
0.00658583    1.10982    3.39891   0.241864 -0.0849008 -0.0145556   0.3629 0.372979  1.73061 -0.00472444  -0.0143047   0.0418673  0.00330713  0.00239573 0.000676286  -0.000835213  -0.00419522    0.0107015  0.00164064 0.000750266 -0.00194756  1.80662 0.297402 -9.63128 10.5913
-0.143519   1.10629   3.73464   0.241798 -0.0851633 -0.0151286 0.360961 0.374711  1.73044 -0.00472568  -0.0143055   0.0418664   0.0029428 0.000496747 -0.00223849  -0.000711822  -0.00418644    0.0104223  0.00163997 0.000750847  -0.0019412  1.80662 0.297402  -9.6313 10.5919
-0.29744  1.01233  3.92628   0.242127 -0.0855545 -0.0156092 0.358221 0.373144  1.72992 -0.00472882   -0.014307   0.0418641  0.00512815 -0.00121171 -0.00501157  -0.00058268 -0.00410097   0.0102521  0.00163847 0.000751795 -0.00193613  1.80662 0.297402 -9.63132 10.5926
-0.208194    1.0569   3.87945    0.24221 -0.0853364 -0.0161775 0.359488 0.373002  1.73016 -0.00472776  -0.0143065   0.0418642  0.00531944 0.000302546 -0.00727245  -0.000657829  -0.00413676    0.0102898   0.0016374 0.000751118  -0.0019303  1.80663 0.297403 -9.63134 10.5932
-0.152316   1.14662   3.55702   0.242689 -0.0856102 -0.0161188 0.357563 0.369937  1.72949 -0.00472774  -0.0143044   0.0418653   0.00791207 -0.000959194  -0.00638211  -0.000709085  -0.00421815      0.01058 0.00163654 0.00075183 -0.0019318  1.80663 0.297402 -9.63133 10.5938
-0.0475446    1.15089    3.45365   0.242696 -0.0860707 -0.0160952 0.354866 0.371051  1.72884 -0.00472592  -0.0143057   0.0418664  0.00777636 -0.00280934 -0.00629516  -0.000807246  -0.00422107    0.0106717  0.00163735 0.000752906 -0.00193381  1.80663 0.297402 -9.63132 10.5942
-0.212349   1.13096   3.70798   0.243072 -0.0863214 -0.0166024 0.353628  0.36964   1.7287 -0.00472629  -0.0143071   0.0418663  0.00953193 -0.00357607   -0.008029  -0.000657875  -0.00420051    0.0104573  0.00163585 0.000753306 -0.00192903  1.80663 0.297402 -9.63134 10.5949
-0.344769   1.16812   3.78683   0.243453   -0.08661 -0.0165751 0.351803 0.368994  1.72837 -0.00472754  -0.0143088   0.0418657   0.0105754 -0.00434717 -0.00716577  -0.000527907  -0.00423245    0.0103857  0.00163613 0.000753843 -0.00193218  1.80663 0.297402 -9.63133 10.5954
-0.442208  0.952888   3.93548   0.243296 -0.0860996 -0.0171929 0.355687   0.3718  1.72938 -0.00472737  -0.0143031   0.0418703   0.00831068 -0.000581778  -0.00978029  -0.000445424  -0.00405394    0.0102573  0.00163611 0.000752222 -0.00192653  1.80663 0.297403 -9.63135 10.5962
-0.370319   1.10451    3.3831   0.243639 -0.0863932 -0.0175017 0.353959 0.370726  1.72867 -0.00472758  -0.0143012    0.041869  0.00930024 -0.00135142  -0.0104815  -0.000521707  -0.00418389    0.0107162  0.00163535 0.000752858 -0.00192509  1.80663 0.297402 -9.63136 10.5968
-0.438625   1.03336   3.44789   0.243928 -0.0861788 -0.0178199 0.355231 0.369439  1.72898 -0.00472861  -0.0142996   0.0418692   0.0105691 0.000826289  -0.0119324  -0.000459712  -0.00411952    0.0106588  0.00163434 0.000752286 -0.00192239  1.80663 0.297403 -9.63137 10.5972
-0.186768   1.10023   3.71909   0.243362 -0.0862001 -0.0178178 0.355536 0.375293  1.72929 -0.00472914  -0.0142953   0.0418686  0.00507663 0.000575863  -0.0105496  -0.000673141  -0.00417429     0.010419 0.00163743 0.00075242 -0.0019269  1.80663 0.297402 -9.63135 10.5978
-0.38569  1.10974   3.9272   0.243686 -0.0863536 -0.0177063 0.353766 0.373745  1.72903 -0.00473109  -0.0142986   0.0418691  0.00639944 7.42126e-05  -0.0093988  -0.000510178  -0.00418064    0.0102423  0.00163779 0.000752992 -0.00193175  1.80663 0.297401 -9.63133 10.5982
-0.286555   1.00592   3.97146   0.242802 -0.0869624 -0.0180969 0.350759 0.382223  1.72857 -0.00473477  -0.0142876   0.0418708 -0.000209063  -0.00309672   -0.0104212  -0.000594179  -0.00409386    0.0102078  0.00164096 0.000754236 -0.00193166  1.80663 0.297399 -9.63133 10.5993
-0.14095  1.08733  3.56316   0.242783 -0.0862025 -0.0177143 0.355996 0.381374  1.72942 -0.00473759  -0.0142875   0.0418658 -0.000748691   0.00099822  -0.00769536  -0.000722881  -0.00416562    0.0105647  0.00164198 0.000752486  -0.0019378  1.80662 0.297399 -9.63131 10.6002
-0.131113   1.26157    3.4723   0.242772 -0.0861892 -0.0176701 0.355996 0.381374  1.72942 -0.00473859  -0.0142866   0.0418658 -7.4345e-05  0.00100834 -0.00731452  -0.000733326  -0.00431903    0.0106415  0.00164238 0.000752554 -0.00194003  1.80662 0.297399  -9.6313 10.6002
-0.142193   1.16099   3.80124   0.242197 -0.0858631 -0.0172526 0.357934 0.384828  1.73008 -0.00473815  -0.0142814   0.0418621 -0.00360209  0.00288081 -0.00474692  -0.000719226  -0.00422932    0.0103573  0.00164539 0.000751933 -0.00194775  1.80661 0.297398 -9.63127 10.601
-0.358892   1.13782   3.97118    0.24231 -0.0860286 -0.0173943 0.355857 0.383345  1.72976 -0.00474037  -0.0142843    0.041862 -0.000985089   0.00181594  -0.00498806  -0.00054456  -0.0042076   0.0102056  0.00164477 0.000752606 -0.00194764  1.80662 0.297398 -9.63127 10.6012
-0.240479   1.08087   3.95388   0.241986 -0.0865793 -0.0179073 0.352513 0.386664  1.72908 -0.00474399  -0.0142822   0.0418623  -0.00270404 -0.000919921  -0.00720922  -0.000651511  -0.00415567     0.010217  0.00164515 0.000753843 -0.00194341  1.80662 0.297397 -9.63129 10.6021
-0.0279393   0.952298    3.65833   0.241751 -0.0867574 -0.0178516  0.35175 0.388085  1.72873 -0.00474386  -0.0142843   0.0418652 -0.00393482 -0.00196763 -0.00662685  -0.000833946  -0.00404923    0.0104588  0.00164627 0.000754213 -0.00194599  1.80662 0.297397 -9.63128 10.6024
0.165103 0.908969  3.54951   0.241969 -0.0865822 -0.0170087 0.352948 0.384734  1.72887 -0.00474035  -0.0142771    0.041862 -0.00251733 -0.00155206 -0.00258237  -0.00100521 -0.00400947   0.0105505  0.00164703 0.000754003 -0.00195602  1.80661 0.297395 -9.63124 10.6033
-0.140107   1.08623   3.81845   0.241735 -0.0866102  -0.017819 0.352884 0.386471  1.72907 -0.00474152  -0.0142789   0.0418624 -0.00362211 -0.00163628 -0.00610315  -0.000730313  -0.00417005    0.0102943  0.00164619 0.000753781   -0.001948  1.80661 0.297396 -9.63127 10.6041
-0.366483   1.18456   4.03312   0.241799 -0.0869616 -0.0182688 0.350671  0.38538  1.72874 -0.00474392  -0.0142813   0.0418619 -0.00191943 -0.00294786 -0.00770475  -0.000553192   -0.0042436    0.0101082  0.00164518 0.000754502 -0.00194519  1.80662 0.297397 -9.63128 10.6047
-0.172893   1.09296   3.96093   0.241645 -0.0869861 -0.0187607 0.351043 0.386746  1.72877 -0.00474448  -0.0142815   0.0418609 -0.00243509 -0.00272715  -0.0098383  -0.00073406 -0.00415944   0.0101687  0.00164482 0.000754341 -0.00194085  1.80662 0.297397  -9.6313 10.6052
0.0160168   1.07806   3.59791   0.242625 -0.0866597 -0.0184193 0.352827 0.377754  1.72879 -0.00474476  -0.0142732   0.0418615  0.00414305 -0.00103165 -0.00778792  -0.000895369  -0.00414684    0.0104658  0.00164208 0.000753649 -0.00194382  1.80662 0.297397 -9.63129 10.6063
-0.0190665    1.11747    3.47987   0.243109 -0.0864183 -0.0186341 0.354239  0.37432  1.72899 -0.00474601  -0.0142687   0.0418622   0.00684271 -2.40102e-05  -0.00829075  -0.00086263 -0.00418127   0.0105703  0.00164036 0.000753021 -0.00194168  1.80662 0.297397  -9.6313 10.6069
-0.226765   1.13519   3.66614   0.243347 -0.0866868 -0.0193551 0.352494 0.374074  1.72873 -0.00474631  -0.0142688   0.0418611   0.0078651 -0.00114409   -0.011349  -0.000675043  -0.00419438    0.0103986  0.00163881 0.000753545  -0.0019349  1.80663 0.297397 -9.63132 10.6077
-0.318605   1.25987   3.88266   0.243693  -0.087148 -0.0191424 0.349457 0.373018  1.72817 -0.00475016  -0.0142716   0.0418592  0.00850664 -0.00295822 -0.00854858  -0.000604057  -0.00429239    0.0102117  0.00163983 0.000754832 -0.00194191  1.80662 0.297396 -9.63129 10.6083
-0.345839   1.10364   3.84784   0.243184 -0.0870277 -0.0196204 0.351059 0.378561   1.7286 -0.00475073  -0.0142669   0.0418593  0.00479382 -0.00152483   -0.010641  -0.00058243 -0.00415305   0.0102443   0.0016414  0.00075422 -0.00193922  1.80662 0.297396  -9.6313 10.609
-0.346688   1.15841   3.47536  0.243455 -0.087093 -0.019858 0.350753 0.377191  1.72829 -0.00475162   -0.014266   0.0418592  0.00614744 -0.00120702  -0.0109001  -0.000586215  -0.00419993     0.010549  0.00164068 0.000754294 -0.00193818  1.80662 0.297396 -9.63131 10.6094
-0.254969   1.22372   3.37319   0.243664  -0.086535 -0.0196427 0.354378 0.375641  1.72898 -0.00475499  -0.0142649   0.0418609  0.00705546  0.00234434 -0.00903795  -0.00066892 -0.00425816   0.0106393  0.00164103 0.000753034  -0.0019424  1.80662 0.297396 -9.63129 10.61
-0.198633   1.18088   3.66229   0.243106 -0.0862756 -0.0194191 0.356229 0.380496  1.72964 -0.00475526  -0.0142633   0.0418595  0.00320653  0.00354242 -0.00778002  -0.000718918  -0.00421856    0.0103879  0.00164404 0.000752534 -0.00194806  1.80662 0.297396 -9.63127 10.6106
-0.357471   1.28038   3.76004   0.243209 -0.0861944 -0.0189431 0.355819 0.379896  1.72962 -0.00475695  -0.0142654   0.0418597  0.00392576  0.00385319 -0.00421049  -0.000599576  -0.00429748    0.0102994  0.00164562 0.000752843 -0.00195689  1.80661 0.297395 -9.63124 10.6111
-0.319946   1.02427    3.9287   0.242167 -0.0859784 -0.0193877 0.357643 0.389258  1.73031 -0.00475843  -0.0142526   0.0418651 -0.00294516  0.00539322 -0.00640609  -0.000635476  -0.00406543    0.0101482  0.00164874 0.000752178 -0.00195461  1.80661 0.297394 -9.63125 10.6123
-0.252792   1.07681   3.54535   0.242791 -0.0853893 -0.0187607  0.36045 0.382834  1.73058 -0.00475808  -0.0142512   0.0418635  0.00131962  0.00836158 -0.00291341  -0.000691016  -0.00411259    0.0104797  0.00164778 0.000751203 -0.00196134  1.80661 0.297394 -9.63122 10.6134
-0.170531   1.22663   3.34318   0.243329 -0.0854151 -0.0182123 0.359017 0.378158  1.73006 -0.00475657  -0.0142444   0.0418669   0.00515061   0.00771122 -0.000132748  -0.000759699   -0.0042432    0.0106504  0.00164725 0.000751803 -0.00196742   1.8066 0.297393  -9.6312 10.6141
-0.155934   1.07035   3.71679   0.243191 -0.0851454 -0.0186238 0.360074 0.380207  1.73058 -0.00475878  -0.0142451   0.0418662   0.0042902  0.00878926 -0.00243079  -0.000753948  -0.00410252    0.0103086  0.00164707 0.000751344 -0.00196287  1.80661 0.297393 -9.63122 10.6146
-0.351989    1.1377   3.80415   0.243579 -0.0848718 -0.0181263 0.359169 0.377474  1.73039 -0.00475926  -0.0142495   0.0418667   0.00599393   0.00909948 -7.04143e-05  -0.000590343  -0.00415454    0.0102407   0.0016474 0.000751605  -0.0019694   1.8066 0.297393  -9.6312 10.6153
-0.304587   1.04553   4.01783   0.243226 -0.0852004 -0.0179133 0.356245 0.381413  1.72996 -0.00476286  -0.0142428   0.0418674  0.00293684  0.00704029 0.000503086  -0.000635765  -0.00407014    0.0100537  0.00164963 0.000752833 -0.00197309   1.8066 0.297391 -9.63118 10.6158
-0.0596796   0.949366    3.63661    0.24391 -0.0848968 -0.0173329 0.357167 0.375453  1.72982 -0.00476159  -0.0142429   0.0418625 0.00670344 0.00766341 0.00315071  -0.000839525  -0.00399386     0.010375  0.00164843 0.000752572 -0.00197792   1.8066 0.297391 -9.63117 10.6168
0.0753951  0.985835   3.39888   0.244564 -0.0840575 -0.0172222 0.361442 0.370663  1.73052 -0.00476483  -0.0142366   0.0418541 0.00984416  0.0102209 0.00277236  -0.000959327  -0.00402287    0.0105832  0.00164642 0.000751008 -0.00197675   1.8066 0.297391 -9.63117 10.6179
-0.16331   0.9724  3.67518    0.24457 -0.0843291 -0.0171944 0.358349 0.372171  1.73006 -0.00476667  -0.0142376    0.041854 0.00865946 0.00781555 0.00237416  -0.000752668  -0.00400842    0.0103399  0.00164703  0.00075203 -0.00197726   1.8066 0.297391 -9.63117 10.6181
-0.297918    1.2985   3.73039    0.24489 -0.0844474  -0.017134 0.355765 0.372431  1.72956 -0.00476915  -0.0142387   0.0418543  0.0093685 0.00619759 0.00217027  -0.000641582  -0.00427868    0.0102883  0.00164692 0.000752958 -0.00197748   1.8066  0.29739 -9.63117 10.6185
-0.387651  0.914973   3.94569   0.244469 -0.0844489 -0.0169456 0.355245 0.377418  1.72971 -0.00477418  -0.0142319   0.0418549  0.0053307 0.00621883 0.00220223  -0.000558542  -0.00394314    0.0101039  0.00164938 0.000753205 -0.00197997   1.8066 0.297389 -9.63116 10.6189
-0.347344   1.02143   3.54773   0.244475 -0.0852888 -0.0171771 0.349581 0.379037  1.72832 -0.00477445  -0.0142319   0.0418508  0.00473718  0.00173423 0.000901259  -0.000604181  -0.00403837    0.0104536  0.00164934 0.000755387 -0.00197766   1.8066 0.297388 -9.63117 10.6198
-0.287458  0.907303   3.41623   0.244832  -0.085152 -0.0171739 0.350091  0.37684  1.72831 -0.00477509  -0.0142303   0.0418505 0.00615788 0.00267616 0.00051194  -0.000662386  -0.00393517    0.0105704  0.00164833 0.000755151 -0.00197664   1.8066 0.297388 -9.63117 10.6202
-0.131281    1.0214    3.7026   0.244272 -0.0851173 -0.0176037 0.350518 0.382604  1.72866 -0.0047763 -0.0142281  0.0418481  0.00180066  0.00246083 -0.00174779  -0.000797716  -0.00403432     0.010319  0.00164972 0.000755068 -0.00197304   1.8066 0.297388 -9.63118 10.6209
-0.291192   1.28167   3.88481  0.244644 -0.085355 -0.018266 0.348176 0.380857  1.72827 -0.00477742  -0.0142319   0.0418534  0.00484828  0.00117927 -0.00490895  -0.000670219   -0.0042433    0.0101617  0.00164753 0.000755708 -0.00196567  1.80661 0.297389 -9.63121 10.6217
-0.347833  0.955617   4.12219   0.244003 -0.0853639 -0.0188114 0.348465 0.387412  1.72864 -0.00478105  -0.0142187    0.041851 0.000499182  0.00180737 -0.00749729  -0.000620466  -0.00396501   0.00996165  0.00164918 0.000755579 -0.00196165  1.80661 0.297388 -9.63122 10.6225
-0.278927  0.925177   3.64681   0.244075 -0.0858866  -0.018952  0.34507 0.387334   1.7276 -0.00478348    -0.01422   0.0418504   0.00081163 -0.000641129  -0.00781861  -0.000689315  -0.00393874    0.0103751  0.00164907 0.000756861  -0.0019613  1.80661 0.297387 -9.63122 10.6231
-0.0643332   0.829152    3.47588    0.24391  -0.085794 -0.0187456 0.345918  0.38836  1.72767 -0.00478252  -0.0142231   0.0418521 -0.000918561 -0.000182823  -0.00642714  -0.000887744  -0.00385155    0.0105249   0.0016504 0.000756672 -0.00196568  1.80661 0.297387 -9.63121 10.6234
-0.0063073    1.06525     3.6233   0.24331 -0.085657 -0.019508 0.347255 0.393752  1.72813 -0.00478353  -0.0142251   0.0418456 -0.00447385 0.000425734 -0.00986724  -0.00094146 -0.00405761   0.0103946 0.00165105 0.00075621 -0.0019593  1.80661 0.297388 -9.63123 10.6243
-0.244665   1.23818   3.85266   0.243179 -0.0859874 -0.0191646 0.345027  0.39374  1.72776 -0.00478781  -0.0142276   0.0418462 -0.00431881 -0.00187901 -0.00685699  -0.000721223  -0.00420073    0.0102035  0.00165245  0.00075722 -0.00196732   1.8066 0.297387  -9.6312 10.6248
-0.347764   1.03256   4.12176   0.242414 -0.0856895 -0.0191792 0.347674 0.398777   1.7286 -0.00478458   -0.014217   0.0418445  -0.0086408 4.29389e-06 -0.00624719  -0.00064137 -0.00402664  0.00997921   0.0016549 0.000756317 -0.00197011   1.8066 0.297386 -9.63119 10.6257
-0.0673369     1.0257    3.67528   0.242591 -0.0859894  -0.019078 0.345798 0.396376  1.72785 -0.00478588  -0.0142165   0.0418451 -0.00669621 -0.00178816 -0.00569037  -0.000889061  -0.00402104    0.0103676  0.00165434 0.000757069 -0.00197159   1.8066 0.297385 -9.63119 10.626
0.192197  1.03747  3.60058   0.242176 -0.0860157 -0.0183838 0.346212 0.398216  1.72791 -0.00478459   -0.014214   0.0418451 -0.00885369 -0.00262613 -0.00228794  -0.00111945 -0.00403057   0.0104294  0.00165702 0.000757232 -0.00198186  1.80659 0.297384 -9.63115 10.6268
0.0757465   1.14591   3.63158   0.242207 -0.0864765  -0.018867 0.343366 0.397491  1.72734 -0.00478388   -0.014215   0.0418485 -0.00746377  -0.0053636 -0.00439072  -0.00103335  -0.0041222   0.0103969  0.00165561  0.00075812 -0.00197645   1.8066 0.297384 -9.63117 10.6275
-0.278483   1.16378    3.8688   0.242074  -0.086866 -0.0178867 0.342144 0.395924  1.72719 -0.00478664  -0.0142204   0.0418497 -0.00694845 -0.00683152  0.00102247  -0.000739162  -0.00413298    0.0101983  0.00165766 0.000758919 -0.00198961  1.80659 0.297383 -9.63112 10.6286
-0.383099   1.00283   3.99945   0.241695 -0.0866593  -0.018147 0.344298 0.397549  1.72778 -0.00478553  -0.0142167   0.0418526  -0.00825615  -0.00416298 -0.000864174  -0.000646424  -0.00399984    0.0100932  0.00165773 0.000757908 -0.00198644  1.80659 0.297384 -9.63113 10.6291
-0.263205  0.920052   3.62281   0.242221 -0.0871862 -0.0176338 0.340985 0.392071   1.7267 -0.00478436  -0.0142173   0.0418481 -0.00443352 -0.00628938  0.00136962  -0.000755641  -0.00392772    0.0104179  0.00165662 0.000759207 -0.00199116  1.80659 0.297383 -9.63112 10.63
-0.226354  0.869783   3.37535    0.24292 -0.0865947 -0.0171361 0.344959 0.384918  1.72733 -0.00478719  -0.0142078   0.0418442 -0.000163693  -0.00201789    0.0034189  -0.000784291  -0.00388735    0.0106205  0.00165466 0.000757747  -0.0019944  1.80659 0.297383 -9.63111 10.631
-0.135715   1.12073   3.65456   0.242418 -0.0860975 -0.0171149 0.348672 0.388618  1.72834 -0.00478867  -0.0142084   0.0418428 -0.00322604 0.000608306  0.00330895  -0.000863041  -0.00410289    0.0103726  0.00165621 0.000756507 -0.00199534  1.80659 0.297383 -9.63111 10.6317
-0.207899   1.20686   3.85195   0.242357  -0.086248 -0.0159909 0.347422 0.387353  1.72817 -0.00479242   -0.014211   0.0418441  -0.00249668 -0.000280828    0.0077904  -0.000787755  -0.00417467    0.0102068  0.00165828 0.000757211 -0.00200773  1.80658 0.297382 -9.63106 10.6329
-0.320294  0.977652   4.02734   0.242398 -0.0862861 -0.0157804 0.347046 0.386525  1.72816 -0.00479523  -0.0142119   0.0418436  -0.00158741 -0.000116749    0.0075007  -0.000700422  -0.00396818    0.0100551  0.00165797 0.000757296 -0.00200751  1.80658 0.297382 -9.63106 10.6331
-0.179046   1.01406   3.71828   0.241832 -0.0877936 -0.0159044 0.338048 0.392073   1.7261 -0.00479615  -0.0142126   0.0418429  -0.0049413 -0.00788536  0.00648054  -0.000820441   -0.0040026     0.010322  0.00165986 0.000760744 -0.00200704  1.80658  0.29738 -9.63106 10.6347
0.0476108  0.885937    3.5716   0.241427 -0.0873233 -0.0152722 0.342231  0.39377  1.72694 -0.00479652  -0.0142143   0.0418428 -0.00732558 -0.00508051  0.00859297  -0.00100569 -0.00389916   0.0104379  0.00166195 0.000759392 -0.00201365  1.80658  0.29738 -9.63104 10.6356
0.0536007   1.05636   3.65569   0.240966 -0.0869424 -0.0149519 0.345438 0.396184   1.7277 -0.00479736  -0.0142135   0.0418393  -0.0095707 -0.00347978  0.00948416  -0.00100754 -0.00404484   0.0103623   0.0016635 0.000758354 -0.00201693  1.80657  0.29738 -9.63103 10.6363
-0.178491   1.14542   3.85727   0.240979 -0.0873607 -0.0142535 0.343082 0.393577  1.72731 -0.00479981  -0.0142175   0.0418418  -0.0074094 -0.00553315   0.0113763  -0.000833499  -0.00411066     0.010195  0.00166351 0.000759238 -0.00202169  1.80657  0.29738 -9.63101 10.6371
-0.355108  0.984561   4.18251   0.240453 -0.0872667 -0.0148957 0.344709 0.397096    1.728 -0.00479903  -0.0142082   0.0418419  -0.0095115 -0.00353448  0.00659268  -0.000664027  -0.00398028   0.00992971  0.00166266 0.000758397 -0.00201131  1.80658  0.29738 -9.63105 10.6379
-0.119024   1.01304   3.82075   0.240799 -0.0870006 -0.0148599 0.346588 0.393076  1.72808 -0.0047997 -0.0142098   0.041841 -0.00654742   -0.001656  0.00624814  -0.000877027  -0.00400259    0.0102387  0.00166077  0.00075766 -0.00200915  1.80658 0.297381 -9.63106 10.6383
-0.0843751     1.2308    3.39384   0.241324 -0.0868456 -0.0146946 0.347484 0.387821  1.72799 -0.00480166  -0.0141991   0.0418468  -0.00217584 -0.000313123   0.00623388  -0.000919672  -0.00417958    0.0105877  0.00165864 0.000757231 -0.00200837  1.80658  0.29738 -9.63106 10.6389
0.0883478   1.16349   3.62378   0.241226  -0.086838 -0.0149972 0.347635 0.388703  1.72815 -0.00480121   -0.014201   0.0418467  -0.00210771 -0.000908726   0.00404774  -0.00106178 -0.00411871   0.0103863  0.00165802 0.000757121 -0.00200374  1.80658 0.297381 -9.63108 10.6392
-0.177949   1.12228   3.84235   0.241138 -0.0869702 -0.0149788 0.346937 0.389083  1.72817 -0.00480135  -0.0142012   0.0418469 -0.00236576 -0.00192878  0.00362962  -0.000844008  -0.00408396    0.0102068  0.00165798 0.000757298 -0.00200286  1.80658 0.297381 -9.63108 10.6394
-0.303061   1.04066   4.13951   0.241102 -0.0869414 -0.0156787 0.347335 0.389625  1.72847 -0.0048015  -0.014199  0.0418468  -0.00197125  -0.00119922 -0.000749577  -0.000730666  -0.00401194   0.00995479   0.0016562 0.000756923 -0.00199329  1.80659 0.297382 -9.63111 10.6401
-0.195025   1.07922   3.67912   0.241634  -0.087041 -0.0158439 0.346622 0.385423  1.72797 -0.00480303  -0.0141977    0.041845   0.0017367 -0.00156045  -0.0015795  -0.000824495  -0.00404709    0.0103441  0.00165401 0.000757093 -0.00199015  1.80659 0.297382 -9.63112 10.6407
0.055171  1.06146  3.48281   0.242563 -0.0862483 -0.0154901  0.35124 0.377487  1.72872 -0.00480502  -0.0141881   0.0418398   0.00758171   0.00284306 -0.000154257   -0.0010445 -0.00403125   0.0105043  0.00165142 0.000755428  -0.0019919  1.80659 0.297382 -9.63112 10.6419
-0.0217847     1.0307     3.6516   0.242645 -0.0861589 -0.0161202 0.351534 0.378208   1.7289 -0.00480595   -0.014189   0.0418394  0.00773134  0.00280518 -0.00348844  -0.000984656  -0.00400253    0.0103613  0.00165014 0.000755154 -0.00198432   1.8066 0.297383 -9.63114 10.6426
-0.187274    1.1447   3.88743   0.242666 -0.0863325 -0.0156159 0.350273 0.379711  1.72873 -0.00480812  -0.0141895   0.0418386   0.00675815  0.000970709 -0.000680599  -0.000842655  -0.00409468    0.0101712  0.00165209 0.000755866 -0.00199219  1.80659 0.297382 -9.63112 10.6431
-0.334887  0.963155    4.1749   0.243148 -0.0864341  -0.015479  0.34909 0.377721  1.72858 -0.00481077  -0.0141945   0.0418365   0.00915089  0.000135375 -0.000433153  -0.00070955  -0.0039398   0.0099324  0.00165141 0.000756244 -0.00199314  1.80659 0.297382 -9.63111 10.6436
-0.332816   1.01485   3.80726  0.242777 -0.086604  -0.01595 0.348548  0.38216  1.72833 -0.00481284   -0.014191    0.041837   0.00623831 -0.000652091  -0.00277688  -0.000719798  -0.00398353    0.0102376   0.0016522 0.000756428 -0.00198895  1.80659 0.297382 -9.63113 10.6442
-0.296151     1.079   3.40724   0.243206 -0.0862009    -0.0156 0.350947  0.37918  1.72858 -0.00481609  -0.0141893   0.0418379  0.00819099  0.00250966 -0.00122259  -0.000761343  -0.00403472    0.0105562  0.00165199 0.000755602 -0.00199309  1.80659 0.297382 -9.63111 10.6449
0.0934552   1.13664   3.55824   0.243009 -0.0868731 -0.0155425 0.346867 0.381925  1.72779 -0.00481386  -0.0141909   0.0418435    0.0063491  -0.00185245 -0.000897087  -0.00108216 -0.00408087   0.0104292   0.0016534 0.000757239 -0.00199509  1.80659 0.297381 -9.63111 10.6456
-0.139224   1.19758   3.73188   0.243138 -0.0869853 -0.0153705 0.346399 0.382014  1.72782 -0.00481467  -0.0141917   0.0418438  0.00621317 -0.00197857 0.000151304  -0.000896957  -0.00412734    0.0102867  0.00165395 0.000757421 -0.00199768  1.80659 0.297381  -9.6311 10.6459
-0.31935  1.01561  4.02308   0.242731 -0.0872819  -0.015726  0.34529 0.387226  1.72787 -0.00481679  -0.0141818   0.0418449  0.00245174 -0.00281167 -0.00216105  -0.000748663   -0.0039724    0.0100468  0.00165531 0.000757768 -0.00199481  1.80659  0.29738 -9.63111 10.6465
-0.209375  0.989187   3.88942   0.242996  -0.087177 -0.0159124 0.346229 0.385628  1.72794 -0.00481687  -0.0141834   0.0418437  0.00386222 -0.00205113 -0.00305675  -0.000847014  -0.00395024    0.0101579   0.0016541 0.000757432 -0.00199213  1.80659 0.297381 -9.63112 10.6468
-0.0050674   0.886814    3.53902    0.24258 -0.0872047 -0.0157198 0.346762 0.389267  1.72788 -0.0048166 -0.0141897  0.0418489 0.000120421 -0.00242999 -0.00210262  -0.00102084 -0.00386913   0.0104354  0.00165643 0.000757357 -0.00199644  1.80659 0.297381  -9.6311 10.6473
-0.0276862    1.01684    3.52247    0.24275 -0.0874167 -0.0158577 0.345557   0.3881  1.72758 -0.00481621  -0.0141881   0.0418495  0.00114321 -0.00392857 -0.00271102  -0.000991543  -0.00398088    0.0104496  0.00165564 0.000757761 -0.00199491  1.80659 0.297381 -9.63111 10.6476
-0.235432   1.05549   3.83152   0.242571  -0.087333 -0.0157875 0.346787 0.389434  1.72808 -0.00481573   -0.014188     0.04185 -0.00030543 -0.00299979 -0.00229931  -0.000814215  -0.00401255     0.010195  0.00165659 0.000757326 -0.00199721  1.80659 0.297381  -9.6311 10.6478
-0.329594   1.03614   4.14074   0.242322 -0.0873427 -0.0158829 0.347316 0.391352  1.72843 -0.00481518  -0.0141837   0.0418497  -0.0019126 -0.00227852 -0.00309313  -0.00073669  -0.0039928  0.00993764  0.00165736  0.00075714 -0.00199754 1.80659 0.29738 -9.6311 10.6481
-0.136888    1.1223   3.78968   0.241686 -0.0873188 -0.0163411 0.348357 0.396566  1.72852 -0.00481547  -0.0141798   0.0418456 -0.00570675 -0.00181847 -0.00517487  -0.00090511 -0.00406891   0.0102331  0.00165861 0.000756849 -0.00199422  1.80659  0.29738 -9.63111 10.6489
-0.006073   1.11716    3.4813   0.242364 -0.0870338 -0.0159747 0.349902 0.389728  1.72857 -0.00481632  -0.0141724   0.0418473  -0.00023316 -6.73071e-05  -0.00345426  -0.00102317 -0.00406402   0.0104838  0.00165677 0.000756276 -0.00199762  1.80659 0.297379  -9.6311 10.6497
-0.0159994    1.04238    3.51427   0.242852 -0.0870298 -0.0158122 0.349578 0.385592  1.72848 -0.00481578  -0.0141693   0.0418471    0.0030431 -0.000337953  -0.00265699   -0.0010038 -0.00399948   0.0104562  0.00165544 0.000756359 -0.00199872  1.80659 0.297379 -9.63109 10.6502
-0.242146   1.10599   3.82548   0.242877 -0.0869916  -0.015538 0.349797 0.385569  1.72874 -0.00481615  -0.0141717   0.0418479   0.00301507 -7.57022e-05  -0.00113939  -0.000811428  -0.00405196    0.0101963  0.00165631 0.000756327 -0.00200307  1.80659 0.297379 -9.63108 10.6505
-0.337826   1.03575   3.98069   0.243392 -0.0868399 -0.0152563 0.350311 0.381705  1.72886 -0.00481599  -0.0141785   0.0418485  0.00594799 0.000881626 0.000117414  -0.000736644  -0.00398998    0.0100695  0.00165541 0.000756101 -0.00200556  1.80658  0.29738 -9.63107 10.6511
-0.311575   1.16707   3.80174   0.242615 -0.0872267 -0.0159265  0.34858 0.389613  1.72855 -0.00481665   -0.014171   0.0418425  0.000723933 -0.000777788  -0.00324985  -0.000766983  -0.00410185    0.0102146  0.00165717 0.000756815  -0.0020002  1.80659 0.297379 -9.63109 10.6522
-0.251354   1.33974   3.39444   0.242194 -0.0876254 -0.0156525 0.346561 0.393158  1.72793 -0.00481976  -0.0141774   0.0418356 -0.00195741 -0.00229988 -0.00142628  -0.000826286  -0.00424191    0.0105384  0.00165963 0.000757834 -0.00200596  1.80658 0.297378 -9.63107 10.6528
-0.115783   1.23918   3.47637   0.242399 -0.0872456 -0.0158186 0.348954 0.391177  1.72847 -0.00481997  -0.0141764   0.0418363 -0.000117964  0.000143366  -0.00236951  -0.000934256  -0.00415531    0.0104716  0.00165834 0.000756874 -0.00200311  1.80659 0.297378 -9.63108 10.6533
-0.214168    1.1467   3.83047    0.24198 -0.0871195  -0.015863 0.350395 0.394337    1.729 -0.00481963  -0.0141724   0.0418368 -0.00284737 0.000899405 -0.00223516   -0.0008639 -0.00407607   0.0101855  0.00165983 0.000756518 -0.00200431  1.80658 0.297378 -9.63107 10.6537
-0.382927  0.959975   4.09084   0.242401  -0.086921 -0.0161496 0.350948 0.390318  1.72922 -0.00482078  -0.0141803    0.041832  0.00076312  0.00182998 -0.00454461  -0.000715035  -0.00391956   0.00996835  0.00165744 0.000756152 -0.00199991  1.80659 0.297379 -9.63109 10.6543
-0.324183  0.999941   3.93113   0.242066 -0.0876344 -0.0166356 0.346634 0.393965  1.72828 -0.0048254 -0.0141758  0.0418326  -0.0019153 -0.00161483 -0.00663253  -0.00077541  -0.0039516   0.0101044  0.00165802 0.000757757 -0.00199623  1.80659 0.297378  -9.6311 10.6552
-0.0363497    0.98292    3.61106   0.241722 -0.0875218 -0.0163725 0.347902 0.396038  1.72839 -0.00482486  -0.0141771   0.0418344 -0.00453145 -0.00114471 -0.00475855   -0.0010312 -0.00393682   0.0103538  0.00165993 0.000757489 -0.00200174  1.80659 0.297378 -9.63108 10.6556
-0.0633698    1.11708    3.48723   0.241951 -0.0876316 -0.0151263 0.347108  0.39252  1.72811 -0.00482541  -0.0141721   0.0418349 -0.00325003 -0.00186265  0.00180218  -0.000999881  -0.00405253    0.0104573  0.00166183 0.000758078 -0.00201751  1.80658 0.297376 -9.63103 10.6569
-0.112964   1.10662   3.76807   0.241358 -0.0878613 -0.0151969 0.346239 0.397098  1.72817 -0.00482641  -0.0141693   0.0418345 -0.00666579 -0.00309532  0.00127257  -0.000954345  -0.00404374    0.0102318  0.00166358 0.000758458 -0.00201786  1.80658 0.297375 -9.63103 10.6575
-0.344578   1.11255   4.08655   0.241395 -0.0883608 -0.0158323 0.34332 0.39594 1.72771 -0.00483017   -0.014172   0.0418329 -0.00427095  -0.0045278 -0.00221095  -0.000779835  -0.00404169   0.00997961  0.00166135 0.000759316 -0.00200916  1.80658 0.297376 -9.63106 10.6584
-0.28583  1.03023  4.03186   0.241197 -0.0879232 -0.0165743 0.346733 0.397344  1.72845 -0.00482769  -0.0141697   0.0418341 -0.00471896 -0.00142664 -0.00588182  -0.000830939   -0.0039741    0.0100232  0.00166009 0.000757866 -0.00200031  1.80659 0.297377 -9.63109 10.6592
-0.0555215    1.14857     3.5649    0.24157 -0.0871132 -0.0161063 0.351937 0.392694  1.72922 -0.00483159  -0.0141644   0.0418314 -0.00142312   0.0030149 -0.00358954  -0.00103552 -0.00407227   0.0104208  0.00165957 0.000756086 -0.00200586  1.80658 0.297377 -9.63107 10.6602
-0.0467113    1.34494    3.43283   0.241651 -0.0871127 -0.0161908 0.351618 0.391969  1.72906 -0.00483188  -0.0141623    0.041833 -0.000122458    0.0026815  -0.00361132  -0.00104621 -0.00424022   0.0105335  0.00165921 0.000756202 -0.00200552  1.80658 0.297377 -9.63107 10.6604
-0.175477  0.976162   3.73649   0.241813 -0.0871015 -0.0172314 0.351213 0.391606  1.72914 -0.00483661  -0.0141618   0.0418318  0.00160538  0.00276497 -0.00895471  -0.000943307  -0.00393981    0.0102877  0.00165654  0.00075604 -0.00199279  1.80659 0.297378 -9.63111 10.6614
-0.309174   1.21447   3.85653   0.241901 -0.0870218 -0.0173676 0.350644 0.391445  1.72907 -0.00483795   -0.014163    0.041832  0.00196691  0.00321713 -0.00845967  -0.000838133  -0.00412923    0.0101874   0.0016568 0.000756177 -0.00199502  1.80659 0.297378  -9.6311 10.6616
-0.211974   1.08513   3.93057  0.241693  -0.08681 -0.017523 0.351843 0.393259   1.7294 -0.00483803  -0.0141617   0.0418324 0.000566595  0.00430061 -0.00894741  -0.000919645  -0.00402576    0.0101264  0.00165752 0.000755763 -0.00199505  1.80659 0.297378  -9.6311 10.6619
-0.0852714    1.16835    3.57806   0.241999 -0.0867246 -0.0177698 0.351851 0.390992  1.72916 -0.00483836  -0.0141597   0.0418325  0.00250243  0.00431292 -0.00941016  -0.00103461 -0.00409523   0.0104264  0.00165632  0.00075573 -0.00199333  1.80659 0.297378 -9.63111 10.6623
0.061607  1.18996  3.49694   0.241751 -0.0867545 -0.0178504 0.351503 0.393355  1.72904 -0.00483819  -0.0141618   0.0418321 0.000730947  0.00331065 -0.00935981  -0.00116138 -0.00411326   0.0104974  0.00165755 0.000755961   -0.001995  1.80659 0.297378  -9.6311 10.6626
-0.104138   1.17845   3.74001   0.241863 -0.0870305 -0.0177875 0.349231 0.392454  1.72869 -0.00483959  -0.0141636    0.041832  0.00147294  0.00101128 -0.00809579  -0.00103214  -0.0040997   0.0103036  0.00165774 0.000756811 -0.00199757  1.80659 0.297377  -9.6311 10.6629
-0.351302   1.22935   3.83427   0.242122 -0.0871196 -0.0175205   0.3482 0.390319   1.7285 -0.00484114  -0.0141675   0.0418321  0.00321597 0.000376108 -0.00587321  -0.000819306   -0.0041407    0.0102283  0.00165819 0.000757243 -0.00200368  1.80659 0.297377 -9.63108 10.6633
-0.290394  0.978081   3.94596   0.241765 -0.0868862 -0.0179617 0.349939 0.393804  1.72902 -0.00484392  -0.0141645   0.0418354 0.000725497  0.00196982 -0.00778783  -0.000866645  -0.00394115    0.0101372  0.00165882 0.000756535 -0.00200007  1.80659 0.297377 -9.63109 10.6639
-0.137789   1.09123   3.58833   0.241814 -0.0875122 -0.0181878 0.345898  0.39404  1.72792 -0.00484293  -0.0141638   0.0418347 0.000906637   -0.001343 -0.00807215  -0.000996416  -0.00403941    0.0104378  0.00165867 0.000758052 -0.00199919  1.80659 0.297377 -9.63109 10.6646
-0.0497005     1.1488    3.47822   0.241869 -0.0877486 -0.0182706  0.34455 0.393836  1.72756 -0.00484168  -0.0141631   0.0418353  0.00158749 -0.00223874 -0.00825145  -0.00108162 -0.00408888   0.0105316   0.0016587 0.000758581 -0.00199985  1.80659 0.297376 -9.63109 10.6648
-0.0734997    1.15013    3.77584    0.24171 -0.0878364 -0.0179107 0.344288 0.394806  1.72769 -0.0048423 -0.0141624   0.041835 0.000758724 -0.00297778 -0.00620364  -0.00106788 -0.00408523    0.010294  0.00166041 0.000758824  -0.0020063  1.80658 0.297376 -9.63107 10.6652
-0.262248   1.25825   3.82546   0.241859 -0.0881983 -0.0177378 0.342207 0.393615  1.72727 -0.00484444  -0.0141644   0.0418347  0.00247595  -0.0040689 -0.00457356  -0.000934002  -0.00416655    0.0102502  0.00166092 0.000759596 -0.00201085  1.80658 0.297375 -9.63105 10.6657
 -0.3143 0.994975  4.00249   0.240807 -0.0877398 -0.0190147 0.346452 0.403324   1.7285 -0.00484688  -0.0141499   0.0418404  -0.00381946 -0.000600673   -0.0108015  -0.00089118 -0.00396523   0.0101123  0.00166211 0.000757807 -0.00199863  1.80659 0.297375 -9.63109 10.6674
-0.189663   1.03653    3.6326   0.241399 -0.0875047 -0.0186522 0.347682  0.39751  1.72846 -0.00484675  -0.0141479   0.0418387 0.000312323 0.000723974 -0.00839219  -0.000998317  -0.00399934     0.010424   0.0016609 0.000757401 -0.00200317  1.80659 0.297375 -9.63108 10.6681
0.052829  1.35152  3.38545   0.241935   -0.08722 -0.0187345 0.349219 0.393072  1.72855 -0.00484826  -0.0141379    0.041845  0.00443675   0.0021493 -0.00808915  -0.00120985 -0.00427334   0.0106383   0.0016592 0.000756812 -0.00200289  1.80659 0.297375 -9.63108 10.6687
0.03661  1.1701 3.66167   0.241518  -0.086853 -0.0195339 0.351659 0.397452  1.72931 -0.00484978  -0.0141405   0.0418411 0.00196278 0.00344432 -0.0116481  -0.00119009 -0.00411806   0.0103978  0.00165934 0.000755818 -0.00199555  1.80659 0.297376  -9.6311 10.6697
-0.246911   1.24838   3.85789   0.241792 -0.0868011  -0.018784 0.351009 0.394573  1.72925 -0.00485186  -0.0141461   0.0418427  0.00320405  0.00267265 -0.00599719  -0.000957635  -0.00417463    0.0102438  0.00166098 0.000756226 -0.00200873  1.80658 0.297375 -9.63106 10.6705
-0.28769  1.03373  3.95755   0.241633 -0.0862042 -0.0189331 0.354622 0.395993  1.73014 -0.00485033  -0.0141435   0.0418458  0.00191214  0.00582997 -0.00685788  -0.00092529 -0.00400161   0.0101649  0.00166148 0.000754827 -0.00200821  1.80658 0.297375 -9.63106 10.6711
-0.0522839    0.98274    3.61987   0.242583 -0.0863245  -0.018767 0.352836 0.388395   1.7294 -0.00484977  -0.0141414   0.0418398  0.00748245  0.00481815 -0.00562197  -0.00113212 -0.00395651    0.010445  0.00165875 0.000755495 -0.00200897  1.80658 0.297375 -9.63106 10.6721
-0.0328368      1.186    3.46011   0.243214 -0.0858414 -0.0186812 0.354989 0.384113  1.72975 -0.00485129  -0.0141361   0.0418415   0.0105641  0.00658031 -0.00473157  -0.00115557 -0.00411891   0.0105723  0.00165741  0.00075469 -0.00201021  1.80658 0.297375 -9.63106 10.6729
-0.0110562     1.1809    3.67125   0.243367 -0.0854005  -0.018359  0.35714 0.383433  1.73032 -0.00485171  -0.0141367    0.041841   0.0107144  0.00781647 -0.00286673  -0.00117009 -0.00411431   0.0103909  0.00165811 0.000753996 -0.00201478  1.80658 0.297375 -9.63104 10.6735
-0.24342  1.22495  3.65421   0.243772 -0.0853445 -0.0176484 0.355978 0.381992  1.73007 -0.00485317  -0.0141397   0.0418417   0.0119226  0.00665661 0.000684597  -0.000994099  -0.00414804    0.0103981  0.00165954 0.000754553 -0.00202429  1.80658 0.297374 -9.63101 10.6743
-0.36502  1.01763  4.00272   0.243645 -0.0853909 -0.0175198 0.354912 0.385234  1.73012 -0.00485547  -0.0141343    0.041842 0.00955748 0.00593677 0.00106822  -0.000891495  -0.00398327     0.010115  0.00166119 0.000754997 -0.00202636  1.80657 0.297373   -9.631 10.6745
-0.38374 0.991329  3.62253   0.244062  -0.085914 -0.0173826 0.350969 0.383697  1.72905 -0.00485612  -0.0141364   0.0418372  0.0110593 0.00353609 0.00162744  -0.000879428  -0.00396328    0.0104294  0.00166063 0.000756495 -0.00202739  1.80657 0.297372   -9.631 10.6752
-0.118276  0.904675   3.34932   0.244435  -0.086195 -0.0173065 0.348747 0.382571  1.72836 -0.00485338  -0.0141358   0.0418371   0.012038 0.00211501 0.00128309  -0.00110212  -0.0038914   0.0106592  0.00166025 0.000757344 -0.00202759  1.80657 0.297372   -9.631 10.6756
-0.146538   1.04624   3.69968   0.244291 -0.0861349 -0.0176901 0.349055 0.385418  1.72867 -0.00485555  -0.0141376   0.0418383   0.0102321  0.00233763 -0.00115765  -0.00107708 -0.00400606   0.0103655  0.00166049 0.000757179 -0.00202368  1.80658 0.297373 -9.63101 10.676
-0.249773   1.25713   3.72288   0.244457 -0.0864106 -0.0165975 0.346648 0.386141  1.72822 -0.00486034  -0.0141393    0.041836  0.00940351 0.000366095  0.00432862  -0.00100515   -0.004168   0.0103426  0.00166364 0.000758327 -0.00203813  1.80657 0.297371 -9.63096 10.6772
-0.35557 0.939326  4.06825   0.244072 -0.0864663 -0.0163938 0.346615  0.39074  1.72853 -0.00486327  -0.0141295   0.0418371  0.00575623 0.000165179  0.00453618  -0.000915728  -0.00391203    0.0100628  0.00166588 0.000758398 -0.00204045  1.80657  0.29737 -9.63096 10.6776
-0.242657  0.937361   3.68923   0.243834 -0.0867694 -0.0161563 0.345037 0.393304    1.728 -0.00486435  -0.0141313   0.0418372  0.00327773 -0.00117644  0.00511784  -0.00101328 -0.00391143   0.0103713  0.00166749 0.000759111 -0.00204361  1.80656 0.297369 -9.63094 10.6781
-0.0741433    1.04583     3.4807   0.243519 -0.0866686 -0.0154655 0.346159 0.395667  1.72815 -0.0048646 -0.0141336   0.041835  0.000262533 -0.000698356   0.00785636  -0.0011668 -0.0040049   0.010552   0.0016701  0.00075897 -0.00205201  1.80656 0.297368 -9.63092 10.6788
0.00043625    1.05133    3.65304   0.243103 -0.0866877 -0.0158455 0.346397 0.399555  1.72835  -0.004865 -0.0141352  0.0418327 -0.00246299 -0.00097526  0.00536976   -0.0012384 -0.00400606    0.010403  0.00167051 0.000758857 -0.00204701  1.80656 0.297369 -9.63093 10.6794
-0.211534   1.14191   3.83795   0.242945 -0.0869787 -0.0156951 0.344686 0.400415  1.72811 -0.00486664  -0.0141352   0.0418317 -0.00334062  -0.0025225  0.00537854  -0.00105441 -0.00408103   0.0102457  0.00167091 0.000759487 -0.00204757  1.80656 0.297369 -9.63093 10.6798
-0.338395  0.980636   4.06113   0.243011 -0.0869247 -0.0161067 0.345212 0.399696  1.72839 -0.00486757  -0.0141356   0.0418319 -0.00193063  -0.0017293  0.00214023  -0.000936937  -0.00395014    0.0100636  0.00166917 0.000759088 -0.00204038  1.80656  0.29737 -9.63095 10.6802
-0.269873  0.877852   3.81172   0.243309 -0.0865315 -0.0161563 0.347752 0.396818  1.72875 -0.00486867  -0.0141371   0.0418308 -6.31644e-05  0.000816595   0.00144024  -0.00100176 -0.00386153   0.0102739  0.00166769 0.000758067 -0.00203805  1.80657  0.29737 -9.63096 10.6807
0.0519153  0.962218   3.57941   0.243102 -0.0872292 -0.0155868 0.343509 0.398356  1.72769 -0.00486491  -0.0141361    0.041836 -0.00208353 -0.00361721  0.00440201  -0.00128304 -0.00393429   0.0104743  0.00166982  0.00075985 -0.00204583  1.80656 0.297369 -9.63094 10.6816
0.0606491   1.06519   3.66592   0.242869 -0.0873532 -0.0156463 0.343202 0.400155   1.7277 -0.00486513  -0.0141367   0.0418353 -0.00307987 -0.00441323  0.00332966  -0.00129779 -0.00401955   0.0104003  0.00167031 0.000759992 -0.00204505  1.80656 0.297369 -9.63094 10.6819
-0.27038   1.0493  3.85542   0.242714 -0.0876012 -0.0153927 0.342359 0.400613  1.72766 -0.00486566  -0.0141377   0.0418354 -0.00373965 -0.00527902   0.0039107  -0.00102266 -0.00400511   0.0102435  0.00167097 0.000760284  -0.0020475  1.80656 0.297369 -9.63093 10.6823
-0.325584   1.01514   4.18653   0.242555 -0.0879649 -0.0158051 0.341001  0.40209  1.72751 -0.00486811  -0.0141354   0.0418334 -0.00391979 -0.00600856 0.000925973  -0.000972817  -0.00397728    0.0099734  0.00167017 0.000760775 -0.00204154  1.80656 0.297369 -9.63095 10.6828
-0.250438  0.908731   3.79899   0.242658 -0.0878637 -0.0158441 0.342251 0.400657  1.72755 -0.00487008  -0.0141357    0.041833 -0.00277205 -0.00473249 0.000207516  -0.00103494 -0.00389105   0.0102919  0.00166942 0.000760263 -0.00204011  1.80657 0.297369 -9.63095 10.683
-0.105232  0.818613   3.46344   0.243157 -0.0878599 -0.0157245 0.34251  0.3961 1.72734 -0.00487043  -0.0141301   0.0418295 0.000227949 -0.00409363 0.000505747  -0.00115894  -0.0038144   0.0105729  0.00166767 0.000760151 -0.00203982  1.80657 0.297369 -9.63096 10.6835
-0.147941   1.00483   3.59806    0.24312 -0.0873065 -0.0156872 0.346424 0.395958  1.72829 -0.00487312  -0.0141304   0.0418307 -0.000123604  -0.00106425  0.000453535  -0.00113275  -0.0039702   0.0104531  0.00166774 0.000758724 -0.00204023  1.80657 0.297369 -9.63095 10.6841
-0.226241   1.07311   3.82605   0.242872 -0.0872963 -0.0155195  0.34676 0.397741  1.72853 -0.00487353  -0.0141298    0.041829  -0.00190173 -0.000307497  0.000820069  -0.00106347 -0.00402362   0.0102605  0.00166895 0.000758684 -0.00204301  1.80656 0.297369 -9.63095 10.6844
-0.371894  0.954794   4.11647   0.242961 -0.0873501 -0.0155454 0.346173 0.396622  1.72857 -0.00487491  -0.0141315   0.0418289  -0.0011423 0.000198693 0.000153924  -0.00094743 -0.00393041   0.0100331   0.0016683 0.000758826 -0.00204186  1.80657 0.297369 -9.63095 10.6845
-0.270868  0.932103   3.88481   0.242256 -0.0877778 -0.0155657 0.344092 0.402497  1.72808 -0.00487607  -0.0141282   0.0418275  -0.00575859  -0.00191525 -0.000112497  -0.00103047 -0.00391298   0.0102195  0.00167084 0.000759747 -0.00204367  1.80656 0.297368 -9.63094 10.6853
-0.0366973    1.05815    3.59053   0.242082 -0.0877287 -0.0153143 0.344821 0.402771  1.72807 -0.00487696  -0.0141274   0.0418263 -0.00648816  -0.0017287  0.00114413  -0.00123934 -0.00401941   0.0104738  0.00167166  0.00075964 -0.00204717  1.80656 0.297368 -9.63093 10.6856
0.00355254    1.09845    3.54181   0.242033 -0.0874936 -0.0150283 0.346123 0.401838  1.72833 -0.00487875   -0.014126   0.0418253 -0.00612591 -0.00100828  0.00234685  -0.00128251 -0.00405105   0.0105111  0.00167207 0.000759104 -0.00205041  1.80656 0.297367 -9.63092 10.686
-0.170836   1.11662   3.82226   0.241714 -0.0876048 -0.0148776 0.345654 0.403076  1.72842 -0.0048795 -0.0141259  0.0418241 -0.00716909 -0.00196194   0.0026597  -0.00113261 -0.00406457   0.0102796  0.00167286 0.000759306 -0.00205213  1.80656 0.297367 -9.63091 10.6863
-0.343794  0.936479   3.98024   0.240975  -0.087696 -0.0157387 0.345781 0.408411  1.72867 -0.00488096  -0.0141176   0.0418249  -0.0110055 -0.00154366 -0.00264744  -0.000992232   -0.0039298    0.0101542  0.00167269  0.00075905 -0.00204166  1.80656 0.297367 -9.63095 10.6875
-0.226602   1.05798   3.87195   0.241232 -0.0877012 -0.0164055  0.34562 0.405667   1.7285 -0.00488023  -0.0141184   0.0418257  -0.00812746 -0.000933487  -0.00611231  -0.00108645 -0.00402974   0.0102422  0.00166983  0.00075892 -0.00203277  1.80657 0.297368 -9.63098 10.6882
0.0560705   1.03628   3.65241   0.240625 -0.0877126 -0.0162003 0.346113  0.40909   1.7285 -0.00488055    -0.01412    0.041826  -0.0115053 -0.00131976 -0.00453849  -0.00133415 -0.00400935   0.0104332  0.00167223 0.000758949 -0.00203803  1.80657 0.297368 -9.63096 10.6888
0.143228  1.13036  3.56642   0.240504 -0.0873063 -0.0164698 0.348863 0.408773  1.72902 -0.00488204  -0.0141203   0.0418227  -0.0111248 0.000506226 -0.00572024  -0.00140383 -0.00409121    0.010509  0.00167153 0.000757931 -0.00203513  1.80657 0.297368 -9.63097 10.6893
-0.169352   1.07306   3.83185   0.240269 -0.0875071   -0.01596  0.34688 0.408086  1.72874 -0.00488358  -0.0141225   0.0418226  -0.0108958 -0.00148945 -0.00251706  -0.00113317 -0.00404512   0.0102972  0.00167291 0.000758567 -0.00204351  1.80656 0.297367 -9.63094 10.6899
-0.326997   1.06212   3.89855   0.239931 -0.0876792 -0.0159913 0.345586 0.408469  1.72852 -0.00488416  -0.0141225   0.0418219  -0.0108484  -0.0020367 -0.00249807  -0.00101552 -0.00403407   0.0102391  0.00167316 0.000758884 -0.00204419  1.80656 0.297367 -9.63094 10.6903
-0.0683163    1.09128    3.84872   0.239955 -0.0872488 -0.0166422 0.348286 0.407175  1.72905 -0.0048822 -0.0141249  0.0418218 -0.00902064 0.000663644 -0.00577767  -0.00123831  -0.0040555   0.0102784  0.00167102 0.000757676 -0.00203564  1.80657 0.297369 -9.63097 10.6911
0.171693  1.10803  3.55761   0.241307 -0.0863422 -0.0159332 0.352967 0.393621  1.72969 -0.0048842 -0.0141102   0.041818  0.00136038    0.004725 -0.00227278  -0.00143251 -0.00406936   0.0105118  0.00166717 0.000755981  -0.0020412  1.80657 0.297368 -9.63095 10.6929
0.0165105    1.2108   3.49643   0.241863 -0.0861708 -0.0155114 0.353248 0.388821   1.7297  -0.004886 -0.0141051  0.0418213   0.00521791   0.00518541 -0.000383947  -0.00130031 -0.00415305   0.0105604   0.0016663 0.000755864 -0.00204559  1.80656 0.297367 -9.63094 10.6936
-0.183394   1.17914   3.83003   0.241665 -0.0859039 -0.0144908 0.354318 0.390303  1.73017 -0.00488776  -0.0141052   0.0418212  0.0032407 0.00562381 0.00462502  -0.00113922 -0.00412496    0.010285  0.00166969 0.000755735 -0.00205927  1.80656 0.297366 -9.63089 10.6947
-0.366883  0.964028   4.17042   0.242013 -0.0858334 -0.0146443  0.35336 0.388584  1.73019 -0.00489122  -0.0141082   0.0418179 0.00502716 0.00559315 0.00264167  -0.000975481  -0.00395792    0.0100193  0.00166812 0.000755948  -0.0020548  1.80656 0.297366 -9.63091 10.695
-0.287576  0.930647   3.83393   0.242246 -0.0860464 -0.0145258 0.351488 0.387346  1.72957 -0.00489255  -0.0141092   0.0418146 0.00537997 0.00442124 0.00309252  -0.00104595  -0.0039306   0.0102876  0.00166778 0.000756675 -0.00205539  1.80656 0.297366 -9.63091 10.6954
-0.290786  0.990944   3.44502   0.242882 -0.0851147 -0.0141794  0.35653 0.382358  1.73039 -0.00489723  -0.0141049    0.041815  0.0082235 0.00908649 0.00415267  -0.00105751 -0.00397886   0.0106009  0.00166638 0.000754801 -0.00205723  1.80656 0.297366  -9.6309 10.6966
-0.388651  0.979239   3.55137   0.243065 -0.0849964 -0.0139425 0.356286 0.381657   1.7304 -0.00489715   -0.014106   0.0418147 0.00836435 0.00962671 0.00461442  -0.000976771  -0.00396728    0.0105178  0.00166654 0.000754905 -0.00205932  1.80656 0.297366  -9.6309 10.6969
-0.172892   1.10819   3.77222   0.242868 -0.0852072 -0.0138971 0.353826 0.385071     1.73 -0.00489909  -0.0141038   0.0418144 0.00555664 0.00720469 0.00441459  -0.00113364 -0.00406709   0.0103432  0.00166785 0.000755936 -0.00205979  1.80656 0.297365 -9.63089 10.6972
-0.323217    1.0195   4.06953   0.243717 -0.0849728 -0.0138998 0.353178 0.379642  1.72991  -0.004901 -0.0141147  0.0418141  0.0102223 0.00760292 0.00324066  -0.00102655 -0.00399384   0.0101149  0.00166515 0.000755997 -0.00205622  1.80656 0.297367 -9.63091 10.6981
-0.17899 0.973101   3.9066   0.242982 -0.0848124 -0.0144117 0.354327 0.387225  1.73023 -0.00490094  -0.0141075   0.0418151  0.00460857  0.00778709 0.000215161  -0.00113682 -0.00395735   0.0102458  0.00166703  0.00075559 -0.00205159  1.80656 0.297367 -9.63092 10.699
0.0577735  0.966265   3.60026   0.242453 -0.0854158 -0.0143596 0.350226 0.392538  1.72924 -0.00489918  -0.0141116   0.0418216 0.000398628  0.00344821 0.000252551  -0.00133727 -0.00395064    0.010505  0.00166959 0.000757219 -0.00205436  1.80656 0.297366 -9.63091 10.6998
0.114851  1.07656  3.51419   0.242547 -0.0852801 -0.0139612 0.350775 0.391385  1.72928 -0.00489964  -0.0141082   0.0418213 0.000799223  0.00335535  0.00198772  -0.00137674 -0.00404612   0.0105746 0.00167013 0.00075713 -0.0020591  1.80656 0.297365 -9.63089 10.7002
-0.13433  1.02907  3.74139   0.242082 -0.0855045 -0.0141136 0.349154 0.395714  1.72914 -0.0049004 -0.0141061  0.0418206 -0.00242388  0.00195783 0.000849699  -0.00118429 -0.00400706   0.0103919  0.00167154  0.00075771 -0.00205823  1.80656 0.297365  -9.6309 10.7007
-0.336509   1.02539    3.9017   0.242178 -0.0855977 -0.0140999  0.34793 0.394391  1.72895 -0.00490154  -0.0141078   0.0418199 -0.00138138  0.00171896 0.000453544  -0.00101628 -0.00400308   0.0102653  0.00167095 0.000758114 -0.00205779  1.80656 0.297365  -9.6309 10.7009
-0.284278  0.966551   3.96032   0.242376 -0.0849806 -0.0145054 0.351492   0.3926  1.72972 -0.00489928  -0.0141097   0.0418216 0.000458999  0.00512156 -0.00191025  -0.00105462 -0.00395505   0.0102134  0.00166907 0.000756636 -0.00205165  1.80656 0.297366 -9.63092 10.7016
-0.144029   1.05477   3.49416   0.243321 -0.0849359 -0.0142503 0.350737 0.384838   1.7292 -0.00489869  -0.0141003   0.0418236    0.0067442   0.00496157 -0.000717107  -0.00118169 -0.00402795    0.010605 0.00166641 0.00075685 -0.0020528  1.80656 0.297366 -9.63092 10.7026
-0.00125348     1.01006     3.54225   0.243346 -0.0850511  -0.014635 0.349721 0.386082  1.72899 -0.0048982  -0.014102  0.0418246   0.0064935  0.00359587 -0.00292606  -0.00128757 -0.00399043   0.0105674  0.00166591 0.000757192 -0.00204844  1.80656 0.297366 -9.63093 10.703
-0.0813425    1.04228    3.80062   0.243289 -0.0853481  -0.014865 0.347437 0.387991  1.72868 -0.00489996  -0.0141015   0.0418243  0.00497145  0.00111588 -0.00372125  -0.00122152 -0.00401497   0.0103624  0.00166632 0.000758026 -0.00204712  1.80656 0.297366 -9.63093 10.7034
-0.364888   1.12752   3.90922   0.243618 -0.0855772 -0.0150198  0.34519 0.386763  1.72825 -0.00490194  -0.0141041   0.0418238   0.00631476 -2.50468e-05  -0.00442906  -0.000991881  -0.00408172    0.0102691  0.00166568 0.000758675 -0.00204648  1.80657 0.297366 -9.63094 10.7038
-0.249778  0.945152   3.88832   0.243436 -0.0858643 -0.0151211 0.343644 0.389288  1.72792 -0.00490484  -0.0141032   0.0418234  0.00417877 -0.00116511 -0.00465884  -0.00109242 -0.00393148    0.010285  0.00166667 0.000759297 -0.00204661  1.80657 0.297366 -9.63093 10.7042
-0.00964729     1.12152     3.49033   0.243434  -0.085752 -0.0148923 0.344718 0.389525  1.72793 -0.00490587  -0.0141014   0.0418223   0.00368575 -0.000646103  -0.00336064  -0.00130155 -0.00408149   0.0106221  0.00166762  0.00075907 -0.00205072  1.80656 0.297365 -9.63092 10.7044
-0.0613611    1.04095    3.43203   0.243407 -0.0854829 -0.0146967 0.346433 0.390149  1.72827 -0.00490772  -0.0141028   0.0418222  0.00304045 0.000626075 -0.00239733  -0.00126949 -0.00401157   0.0106689  0.00166839 0.000758452 -0.00205374  1.80656 0.297365 -9.63091 10.7048
-0.124369   1.06855   3.75638   0.243265 -0.0857009 -0.0135624 0.344995  0.39064  1.72815 -0.00490962  -0.0141026   0.0418217  0.00134886 -0.00113379  0.00321321  -0.00121586 -0.00403277   0.0104195  0.00167164 0.000759309 -0.00206872  1.80655 0.297363 -9.63086 10.7059
-0.299906   1.01497   3.82656   0.243531 -0.0858132 -0.0136642 0.344284 0.389182  1.72804 -0.00491053  -0.0141041   0.0418212  0.00271495 -0.00157583  0.00211459  -0.00106918 -0.00398731   0.0103637  0.00167043 0.000759462  -0.0020658  1.80655 0.297364 -9.63087 10.7062
-0.201562  0.894445   3.96773   0.242767 -0.0861817 -0.0145349 0.342796  0.39691  1.72795 -0.00491498  -0.0140945   0.0418241 -0.00283981 -0.00282951 -0.00266689   -0.0011475 -0.00388933   0.0102449  0.00167144 0.000759924 -0.00205677  1.80656 0.297363  -9.6309 10.7075
-0.0812482    1.02415    3.61326   0.242603 -0.0863717 -0.0144177 0.342079 0.397808  1.72761 -0.00491545  -0.0140947   0.0418237 -0.00377227  -0.0034061 -0.00233616  -0.00125218 -0.00399913   0.0105456  0.00167232 0.000760298  -0.0020594  1.80656 0.297363 -9.63089 10.7077
0.0827672   1.04353   3.51142   0.242862 -0.0861321 -0.0142492 0.343823 0.394839  1.72788 -0.00491579  -0.0140914   0.0418228 -0.00188101 -0.00216494 -0.00141212  -0.00138038 -0.00401303   0.0106248  0.00167153 0.000759696 -0.00206082  1.80656 0.297363 -9.63089 10.7081
-0.0429319    1.12066    3.75688    0.24192 -0.0862705 -0.0142227 0.343865 0.402295  1.72815 -0.00491653  -0.0140867   0.0418165 -0.00773515 -0.00316459 -0.00127105  -0.00128574 -0.00407612   0.0104214  0.00167489  0.00075987 -0.00206401  1.80655 0.297362 -9.63088 10.7091
-0.350838   1.10028   3.82961   0.241902 -0.0866162 -0.0151105 0.342076  0.40166  1.72782 -0.00491677  -0.0140848   0.0418157 -0.00551073 -0.00453948 -0.00576544  -0.00104153 -0.00405682   0.0103649  0.00167243 0.000760241 -0.00205342  1.80656 0.297362 -9.63091 10.71
-0.284138  0.993133   3.89274   0.241925 -0.0871214 -0.0161034 0.339268 0.401844  1.72725 -0.00492091  -0.0140845   0.0418124  -0.0040818 -0.00663964  -0.0102833  -0.00109179 -0.00396804   0.0103151  0.00167016 0.000761086 -0.00204214  1.80657 0.297363 -9.63095 10.7112
-0.139727   1.00637   3.61382   0.242012 -0.0866502 -0.0160339 0.343031 0.399998  1.72788 -0.00492215  -0.0140843   0.0418123 -0.00299008 -0.00333595 -0.00969215  -0.00120497 -0.00397994   0.0105461  0.00167005 0.000759747 -0.00204444  1.80657 0.297363 -9.63094 10.7116
-0.101712    1.2145   3.47964   0.242189 -0.0866487 -0.0161138 0.343303 0.398017  1.72784 -0.00492302  -0.0140806   0.0418154 -0.00148449 -0.00326458 -0.00874744  -0.00124791 -0.00414472   0.0106504  0.00166941 0.000759644 -0.00204492  1.80657 0.297363 -9.63094 10.7118
-0.125015   1.00588   3.77104    0.24182 -0.0869557 -0.0166829 0.341871 0.401468  1.72777 -0.00492548  -0.0140786   0.0418162 -0.00349764 -0.00452619  -0.0113152  -0.00121553  -0.0039792   0.0104178  0.00166987 0.000760097 -0.00204092  1.80657 0.297363 -9.63095 10.7126
-0.342322   1.13879   3.95296   0.241754 -0.0872373 -0.0170662 0.340513 0.401423  1.72758 -0.00492721  -0.0140797   0.0418152 -0.00373669  -0.0046753  -0.0119155  -0.00105116 -0.00407947   0.0102658  0.00166968 0.000760511 -0.00204048  1.80657 0.297363 -9.63095 10.7131
-0.289252  0.992246   3.97397   0.241776 -0.0877489 -0.0171445 0.337295 0.400636  1.72688 -0.00493121  -0.0140817    0.041813 -0.00352907 -0.00637171  -0.0114063  -0.00108816 -0.00395834   0.0102489  0.00166973 0.000761631 -0.00204194  1.80657 0.297363 -9.63095 10.7136
-0.15421 0.829601  3.57017   0.242729  -0.087385 -0.0170143 0.339836 0.391487  1.72707 -0.00493306  -0.0140766   0.0418019   0.0026194 -0.00349848   -0.010249   -0.0012084 -0.00382092   0.0105906  0.00166652 0.000760682 -0.00204273  1.80657 0.297362 -9.63095 10.7146
-0.0884731    0.75162    3.48115   0.242762 -0.0864663 -0.0170124 0.346291  0.39078  1.72841 -0.00493745  -0.0140767   0.0417997  0.00177596  0.00147302 -0.00973921  -0.00126658 -0.00375979   0.0106591  0.00166667 0.000758356 -0.00204424  1.80657 0.297363 -9.63094 10.7155
-0.0474357    1.09782    3.69673   0.242922 -0.0862024 -0.0173021 0.347717 0.389532  1.72883 -0.00494011  -0.0140795   0.0418059 0.00276518 0.00241666 -0.0108407  -0.00130584  -0.0040397   0.0104792  0.00166592 0.000757793 -0.00204275  1.80657 0.297363 -9.63095 10.7159
-0.226038    1.3323   3.73477   0.243204 -0.0863864 -0.0183136 0.345838 0.388831  1.72848 -0.00493805  -0.0140798   0.0418095  0.00519544 0.000862473  -0.0136377  -0.00118066 -0.00421572   0.0104464  0.00166389 0.000758255 -0.00203439  1.80658 0.297364 -9.63097 10.717
-0.315622  0.967344   3.98754    0.24281 -0.0854706 -0.0183709 0.352113 0.392043  1.73008 -0.00493872  -0.0140732   0.0418113 0.00252369 0.00588708 -0.0134478  -0.00110714  -0.0039148   0.0102452  0.00166566  0.00075596 -0.00203666  1.80657 0.297364 -9.63096 10.718
-0.265313   0.99052    3.6323    0.24285 -0.0861786 -0.0187197 0.346951 0.392774  1.72877 -0.00493887  -0.0140742    0.041809   0.002637 0.00179986 -0.0143394  -0.00114588 -0.00393541    0.010538  0.00166564 0.000757871 -0.00203547  1.80657 0.297363 -9.63097 10.7188
-0.177389   1.12892   3.38281   0.243309 -0.0860893 -0.0189327  0.34713 0.389324  1.72863 -0.00493902  -0.0140679   0.0418125 0.00565351  0.0023865  -0.014227  -0.00121739 -0.00404358   0.0107292  0.00166426 0.000757754 -0.00203496  1.80657 0.297363 -9.63097 10.7193
-0.159384   1.14856   3.67956   0.243025 -0.0864419 -0.0184874 0.344686 0.392109   1.7283 -0.00494074   -0.014068     0.04181  0.00332114 0.000120865  -0.0105642  -0.00123377 -0.00405394   0.0105017  0.00166743 0.000758934 -0.00204548  1.80657 0.297362 -9.63094 10.7199
-0.29008   1.2509  3.68012   0.243291 -0.0865074 -0.0182138 0.343974 0.390172  1.72812 -0.00494243  -0.0140703   0.0418123  0.00460969 0.000408175 -0.00780352  -0.00113294 -0.00412957   0.0104995  0.00166817 0.000759287 -0.00205254  1.80656 0.297361 -9.63092 10.7203
-0.242264     1.028   3.97836   0.243351  -0.086429 -0.0186022 0.344382  0.39054  1.72835 -0.00494659  -0.0140716   0.0418114  0.00465714  0.00139624 -0.00981701  -0.00118046 -0.00394021   0.0102612  0.00166763 0.000759073 -0.00204896  1.80657 0.297362 -9.63093 10.7207
-0.134319    1.1475   3.57504    0.24342 -0.0859983 -0.0183833  0.34695 0.390252  1.72871 -0.0049485 -0.0140707  0.0418103   0.0041327   0.0037591 -0.00794116  -0.00126775 -0.00403899   0.0105875  0.00166845 0.000758173 -0.00205366  1.80656 0.297361 -9.63091 10.7212
-0.0847925    1.26352     3.3302   0.243832 -0.0859912 -0.0184617 0.346428 0.387472  1.72843 -0.00494821  -0.0140652   0.0418136  0.00635185  0.00344849 -0.00729022  -0.00131081 -0.00412784   0.0107758  0.00166742 0.000758327 -0.00205367  1.80656 0.297361 -9.63091 10.7216
-0.128903   1.12509   3.68366   0.243261 -0.0857325 -0.0184446 0.348152 0.392829  1.72907 -0.00494848  -0.0140626   0.0418128  0.00197318  0.00426039 -0.00691679  -0.00127939 -0.00401928   0.0105018  0.00167018 0.000757806  -0.0020573  1.80656 0.297361  -9.6309 10.7223
-0.237363   1.24032   3.73932   0.243475 -0.0860232 -0.0182732 0.345271 0.391488  1.72847 -0.00495079  -0.0140645   0.0418129  0.00340722  0.00137069 -0.00518467  -0.00120061 -0.00410624   0.0104518  0.00167062 0.000758942 -0.00206201  1.80656  0.29736 -9.63089 10.7227
-0.248183   1.05432   3.95216   0.243129 -0.0859868 -0.0183072  0.34591 0.394571  1.72874 -0.00495155  -0.0140596   0.0418146 0.000937012  0.00148061 -0.00491141  -0.00119357 -0.00396283   0.0102882  0.00167217 0.000758863 -0.00206353  1.80656 0.297359 -9.63088 10.723
-0.12408  1.09276   3.6008   0.243748 -0.0858257 -0.0178996 0.346493 0.389217  1.72858 -0.00495122  -0.0140585   0.0418128   0.0050573  0.00241341 -0.00291614  -0.00129659 -0.00399472    0.010567  0.00167111   0.0007587 -0.00206793  1.80656 0.297359 -9.63087 10.7238
-0.0668279    1.27602    3.44859   0.243698 -0.0859639 -0.0180551 0.345506 0.390662   1.7283 -0.00495131  -0.0140593    0.041812  0.00475533  0.00127929 -0.00356879   -0.0013436 -0.00413359   0.0106839  0.00167149 0.000759107 -0.00206738  1.80656 0.297359 -9.63087 10.724
-0.0516599    1.13871    3.71415   0.243367 -0.0862641 -0.0183998 0.343681 0.394542   1.7281 -0.00495322   -0.014058   0.0418134   0.00267048 -0.000616347  -0.00505143  -0.00135346 -0.00403105   0.0104822 0.00167247 0.00075976 -0.0020651  1.80656 0.297359 -9.63088 10.7246
-0.359822   1.26062   3.92935   0.243486 -0.0866648 -0.0184968 0.341082 0.394558  1.72768 -0.00495652  -0.0140593   0.0418112  0.00382358 -0.00262698 -0.00481888  -0.00110905 -0.00412206   0.0103178  0.00167261 0.000760712 -0.00206605  1.80656 0.297359 -9.63087 10.725
-0.219203   1.04497   3.91085   0.243111 -0.0869172 -0.0183975 0.340229 0.397745  1.72755 -0.00495855  -0.0140565   0.0418136  0.00122858 -0.00340368 -0.00411498  -0.00121343 -0.00395816   0.0103318  0.00167459 0.000761141 -0.00206915  1.80655 0.297358 -9.63086 10.7254
-0.139625  0.894187   3.55667   0.243866  -0.086884 -0.0183871 0.340359 0.391922  1.72726 -0.00496037  -0.0140548   0.0418048  0.00619905  -0.0027613 -0.00442558  -0.00128227 -0.00383741   0.0106097  0.00167217 0.000761068 -0.00206788  1.80656 0.297358 -9.63087 10.7262
-0.0640475   0.807568    3.41885   0.244021 -0.0862196 -0.0185012 0.344838 0.391272  1.72814 -0.0049646 -0.0140549  0.0418022  0.00546368  0.00124427 -0.00477845  -0.00134706 -0.00376692   0.0107129  0.00167182 0.000759434 -0.00206699  1.80656 0.297358 -9.63087 10.7269
-0.122233   1.01052   3.71558   0.244009 -0.0865012 -0.0192687 0.342922   0.3929  1.72789 -0.00496897   -0.014057   0.0418034   0.00479752 -0.000428775  -0.00825102  -0.00129244 -0.00392103    0.010488  0.00167079 0.000760006  -0.0020593  1.80656 0.297359 -9.63089 10.7277
-0.287852   1.27757   3.72654   0.244091 -0.0868545 -0.0184426  0.34076 0.392506  1.72741 -0.00497433  -0.0140605   0.0418021  0.00429842 -0.00228187 -0.00312264  -0.00115799 -0.00412354   0.0104793  0.00167335 0.000761099 -0.00207264  1.80656 0.297357 -9.63085 10.7286
-0.293124  0.965368   4.05465   0.243692 -0.0873519 -0.0181783 0.338244 0.396176  1.72718 -0.00497995  -0.0140547      0.0418 0.000992258  -0.0044758 -0.00202069    -0.001141 -0.00388657   0.0102309  0.00167566 0.000762174 -0.00207729  1.80655 0.297356 -9.63084 10.7293
-0.238403  0.885384   3.77457   0.243382 -0.0882532 -0.0184898 0.333386 0.399484  1.72605 -0.00498351  -0.0140552   0.0417994 -0.00149809 -0.00900258 -0.00355792  -0.00118087  -0.0038232   0.0104574  0.00167642 0.000763966 -0.00207503  1.80655 0.297356 -9.63084 10.7303
-0.115765  0.902525   3.48124   0.243351 -0.0883668 -0.0187324 0.333805 0.399967  1.72601 -0.00498507  -0.0140563   0.0417986 -0.00191963 -0.00867189 -0.00499773  -0.00127013 -0.00383758   0.0106912  0.00167613 0.000763768 -0.00207298  1.80655 0.297356 -9.63085 10.7306
-0.171515   1.02859   3.69013   0.243101 -0.0881377 -0.0192668 0.336092 0.401889  1.72663 -0.00498634  -0.0140574   0.0417979 -0.00349865 -0.00681512 -0.00733393  -0.00121793 -0.00393798   0.0105214  0.00167578  0.00076285 -0.00206794  1.80656 0.297357 -9.63086 10.7312
-0.173255   1.26994   3.65404   0.242993 -0.0884732 -0.0179571 0.335303 0.400392  1.72638 -0.00499251  -0.0140582   0.0417992 -0.00356633 -0.00810962 7.86761e-05  -0.00120273  -0.0041295   0.0105481  0.00167906 0.000763549  -0.0020865  1.80655 0.297355 -9.63081 10.7326
-0.332523  0.969111   4.02063   0.242291 -0.0880908  -0.017981 0.339123 0.404932  1.72756 -0.0049913 -0.0140498  0.0417992 -0.00737884 -0.00474595 -0.00039861  -0.0010695 -0.0038995  0.0102635  0.00168084  0.00076215 -0.00208693  1.80655 0.297354 -9.63081 10.7334
-0.137783  0.966433    3.7809    0.24286 -0.0879789 -0.0179372 0.339887 0.399496  1.72747 -0.0049915 -0.0140501  0.0418002 -0.00280543 -0.00377285 -0.00051512  -0.00123774 -0.00389631   0.0104584   0.0016786 0.000761799 -0.00208569  1.80655 0.297355 -9.63081 10.7339
-0.0844986     1.2466    3.46141   0.242845 -0.0875418 -0.0180533 0.343124 0.399083  1.72802 -0.00499605  -0.0140481   0.0417993  -0.00241323 -0.000880591 -0.000979433  -0.00129068 -0.00411072   0.0106985  0.00167819 0.000760631  -0.0020844  1.80655 0.297355 -9.63081 10.7344
-0.0126393    1.10795    3.64731   0.242293 -0.0877972 -0.0182097 0.341959 0.403495  1.72791 -0.00499647    -0.01405    0.041797 -0.00562171 -0.00267128 -0.00182646  -0.00135257 -0.00400166   0.0105536  0.00167975 0.000761115 -0.00208398  1.80655 0.297355 -9.63081 10.735
-0.275359   1.11383   3.86042   0.242018  -0.087812 -0.0167834 0.342399 0.403191  1.72813 -0.00499756  -0.0140536   0.0417979 -0.00664284 -0.00247003  0.00521752  -0.0011488  -0.004005  0.0103782  0.00168331  0.00076131 -0.00210237  1.80654 0.297354 -9.63076 10.7365
-0.274674  0.974771   3.97592   0.241579 -0.0878674  -0.016985 0.342588  0.40585  1.72829 -0.00499836  -0.0140502   0.0417985 -0.00861588 -0.00197264  0.00341598  -0.00114847 -0.00389672   0.0102841  0.00168363 0.000761188 -0.00209903  1.80654 0.297354 -9.63077 10.737
-0.0740806    1.09298    3.56505   0.241922  -0.087775 -0.0172787 0.343236 0.402442  1.72815     -0.005 -0.0140467   0.041798 -0.00533379 -0.00141969  0.00157895  -0.00132254 -0.00399346   0.0106197  0.00168127 0.000760847 -0.00209373  1.80654 0.297354 -9.63079 10.7374
-0.0913619    1.18089    3.39418   0.242375 -0.0871504 -0.0170878 0.347262 0.397404  1.72888 -0.00500385  -0.0140393   0.0418005 -0.00130519  0.00199087  0.00211006  -0.00131644 -0.00406096    0.010752  0.00167953 0.000759398 -0.00209399  1.80654 0.297354 -9.63079 10.7382
-0.0818409    1.13779     3.6416   0.242279 -0.0869684 -0.0170318 0.348216 0.397854  1.72922 -0.00500491  -0.0140407   0.0417998 -0.00159035  0.00265439  0.00210089  -0.00133151 -0.00402375   0.0105492  0.00167981 0.000759069 -0.00209437  1.80654 0.297354 -9.63078 10.7384
-0.254646   1.11461   3.85315   0.242335  -0.086827 -0.0156146  0.34816 0.395436  1.72928 -0.00500622   -0.014046   0.0418003 -0.000827638   0.00285518   0.00862598  -0.00119755 -0.00400196   0.0103824  0.00168241 0.000759256 -0.00211093  1.80654 0.297353 -9.63073 10.7399
-0.339556  0.938151   4.08412   0.242566 -0.0861779 -0.0156164 0.351558 0.393159  1.73009 -0.00500307  -0.0140496   0.0418013 0.00102765 0.00605667 0.00729545  -0.00113354 -0.00386113   0.0102014  0.00168085 0.000757841 -0.00210713  1.80654 0.297354 -9.63075 10.7406
-0.28052 0.953109  3.70236   0.242466 -0.0866139 -0.0156226 0.348458 0.394581  1.72924 -0.00500497  -0.0140509   0.0418002 0.000259209  0.00361784  0.00642248  -0.00118304 -0.00387298   0.0105089  0.00168124 0.000759012 -0.00210652  1.80654 0.297354 -9.63075 10.741
0.0339313   1.07611   3.52464   0.242091 -0.0864625 -0.0149134 0.349392 0.397044  1.72939 -0.00500538  -0.0140513   0.0417993 -0.00277494  0.00386116  0.00962281  -0.00143084 -0.00396573   0.0106392  0.00168389 0.000758969 -0.00211502  1.80653 0.297353 -9.63072 10.7418
-0.0814863    1.15089    3.62227   0.241549 -0.0863527  -0.014863 0.350084 0.401204  1.72965 -0.00500624  -0.0140524   0.0417966  -0.005943 0.00427817 0.00912342  -0.00133184 -0.00402777   0.0105564   0.0016855 0.000758776 -0.00211549  1.80653 0.297353 -9.63072 10.7424
-0.155712   1.10358   3.87213   0.241568 -0.0861849 -0.0146344 0.350138 0.399583  1.72977 -0.00500624  -0.0140546    0.041797 -0.00443899  0.00446243  0.00859801  -0.00127451 -0.00398415   0.0103576  0.00168471 0.000758688 -0.00211449  1.80653 0.297353 -9.63072 10.7427
-0.306479   1.00212   4.15459   0.241572 -0.0864798  -0.014665  0.34733 0.399139  1.72931 -0.00501135  -0.0140556   0.0417944 -0.00387278   0.0024327  0.00712272  -0.00115799 -0.00390287   0.0101354  0.00168388 0.000759643 -0.00211127  1.80654 0.297353 -9.63073 10.743
-0.146789   1.04585   3.90897   0.241623  -0.086152 -0.0147814 0.349281 0.398344  1.72958 -0.00501077  -0.0140558   0.0417938 -0.00315134  0.00399796  0.00573029  -0.00128992 -0.00393684   0.0103265  0.00168299 0.000758891 -0.00210831  1.80654 0.297354 -9.63074 10.7433
0.059465  1.29124  3.53377   0.241726 -0.0852488 -0.0142513 0.354624 0.396224  1.73052 -0.00501768  -0.0140506   0.0417905 -0.00215551  0.00768553  0.00789403  -0.00145632 -0.00411535   0.0106009  0.00168321 0.000757119 -0.00211295  1.80654 0.297353 -9.63073 10.7444
0.101149  1.30379  3.47995   0.241479 -0.0849652 -0.0144111 0.355957 0.398206   1.7308 -0.0050179 -0.0140538  0.0417875 -0.00289565  0.00796741  0.00655463  -0.00149235 -0.00412357   0.0106407  0.00168335 0.000756622 -0.00211004  1.80654 0.297353 -9.63074 10.7448
-0.211513   1.04027   3.85571   0.241601 -0.0851638  -0.015267 0.353213  0.39787  1.73038 -0.00502011  -0.0140514    0.041786 -0.00087332  0.00575728  0.00123949  -0.00125581 -0.00391679   0.0103417  0.00168055 0.000757286 -0.00209697  1.80654 0.297354 -9.63078 10.7456
-0.347526   1.01249    4.1587   0.241842 -0.0849062 -0.0157825 0.353477 0.396127  1.73057 -0.00502045  -0.0140538   0.0417845 0.00128994 0.00659251 -0.0020308  -0.00116182 -0.00389032   0.0101018  0.00167834 0.000756987 -0.00208922  1.80655 0.297355  -9.6308 10.7463
-0.0699234    1.12181    3.78122   0.241653 -0.0841872 -0.0158561 0.35776 0.39718 1.73136 -0.0050211 -0.0140519  0.0417836 1.15313e-05   0.0100213 -0.00220949  -0.00139585 -0.00397648    0.010399  0.00167887 0.000755503 -0.00208918  1.80655 0.297355  -9.6308 10.747
0.113592  1.21556  3.53532   0.241729 -0.0839773 -0.0158217 0.357969 0.396537  1.73126 -0.0050215 -0.0140502  0.0417833  0.00113451  0.00971753 -0.00220887  -0.00153807 -0.00404805   0.0105802   0.0016788 0.000755484 -0.00209005  1.80655 0.297355  -9.6308 10.7472
0.090262   1.1963  3.51141   0.242016 -0.0835396 -0.0151569 0.359658 0.393559  1.73159 -0.00502403  -0.0140464   0.0417816 0.00300535  0.0108721 0.00106566  -0.00151633 -0.00403345   0.0105946  0.00167935 0.000755015 -0.00209796  1.80654 0.297354 -9.63077 10.7481
-0.16497  1.18111  3.87405   0.242093 -0.0841598 -0.0154708 0.353982 0.394318  1.73058 -0.00502832  -0.0140469   0.0417772  0.00375935  0.00626486 -0.00074825  -0.00132492 -0.00401926   0.0103141  0.00167882 0.000757028 -0.00209422  1.80655 0.297354 -9.63078 10.7488
-0.421301  0.974908   4.23619   0.242484 -0.0843172 -0.0158215 0.351315 0.392543  1.73017 -0.00503521    -0.01405   0.0417702  0.00550773  0.00484505 -0.00278996  -0.00113605 -0.00386133   0.0100387  0.00167712 0.000757888 -0.00208907  1.80655 0.297354  -9.6308 10.7493
-0.290549  0.968363   3.85228   0.242834 -0.0846644 -0.0158914 0.348652 0.390672  1.72934 -0.0050384 -0.0140511  0.0417644  0.00700308  0.00319691 -0.00331683  -0.00124481 -0.00385732   0.0103379  0.00167618 0.000758897 -0.00208807  1.80655 0.297354  -9.6308 10.7498
-0.140544  0.922482   3.48046   0.243673 -0.0845359 -0.0159603 0.348702 0.384977  1.72909 -0.00503873  -0.0140437   0.0417567   0.0112898  0.00358595 -0.00391314  -0.00135463 -0.00382505   0.0106197   0.0016736 0.000758835 -0.00208584  1.80655 0.297354 -9.63081 10.7507
-0.0629243   0.924514    3.66999   0.243938 -0.0844994 -0.0158391 0.348686 0.383593  1.72914 -0.00503841  -0.0140444   0.0417566   0.0115204  0.00316146 -0.00306363  -0.00142103 -0.00382474   0.0104624  0.00167359 0.000758967 -0.00208773  1.80655 0.297354 -9.63081 10.751
-0.159702   1.12326   3.83708   0.243804 -0.0846751 -0.0155103 0.347403 0.386435    1.729 -0.00504064  -0.0140431   0.0417547  0.00859344  0.00142896 -0.00101637  -0.00133957 -0.00398206   0.0103273  0.00167589 0.000759629 -0.00209406  1.80655 0.297353 -9.63079 10.7514
-0.315888   1.05903   4.02176   0.244385 -0.0849565 -0.0153957 0.344975 0.383976  1.72853 -0.00504347  -0.0140471   0.0417539    0.0110613 -0.000431635 -0.000952093  -0.00123045 -0.00393077   0.0101845  0.00167522 0.000760494  -0.0020952  1.80655 0.297353 -9.63078 10.752
-0.182582   1.12583   3.90906   0.243356 -0.0853006 -0.0158231  0.34395 0.394003  1.72842 -0.0050437 -0.0140386  0.0417468  0.00365552 -0.00212667 -0.00262473  -0.00133192 -0.00398406   0.0102699  0.00167848  0.00076106 -0.00209346  1.80655 0.297351 -9.63079 10.7532
-0.00787118     1.32267     3.47997   0.243352 -0.0843752 -0.0158936 0.350187 0.394134  1.72954 -0.00505081  -0.0140374   0.0417423  0.00402711  0.00291992 -0.00283719   -0.0014686 -0.00413456   0.0105863  0.00167854  0.00075886 -0.00209305  1.80655 0.297352 -9.63079 10.7541
-0.0201288    1.38811    3.39801   0.243169 -0.0842135 -0.0153436 0.351153 0.395527  1.72974 -0.00505619  -0.0140402   0.0417374  0.00306472  0.00320236 8.08641e-05   -0.0014712 -0.00418536   0.0106529  0.00168071 0.000758752 -0.00210105  1.80655 0.297351 -9.63076 10.7547
-0.130412   1.15594   3.79381   0.243026 -0.0840877 -0.0146328 0.351499 0.396607  1.73009 -0.00505846  -0.0140378   0.0417378  0.0021483 0.00382028 0.00329094  -0.00136299 -0.00399857   0.0103255    0.001683 0.000758797 -0.00211022  1.80654  0.29735 -9.63074 10.7555
-0.363454  0.982288   4.13955   0.243398 -0.0842862 -0.0151469 0.349033 0.394971  1.72974 -0.00506467  -0.0140408   0.0417322   0.00428434   0.00311094 -0.000325816  -0.00117933 -0.00386767   0.0100649  0.00168064 0.000759509 -0.00210184  1.80655 0.297351 -9.63076 10.7561
0.0141996    1.1022   3.94571   0.242336 -0.0837641 -0.0161337 0.353211 0.404566  1.73071 -0.00506116  -0.0140313    0.041733 -0.00259924  0.00578332 -0.00526089  -0.00147714 -0.00396272   0.0102123  0.00168232 0.000757984 -0.00209275  1.80655  0.29735 -9.63079 10.7577
0.13267 1.23289 3.51898   0.242517 -0.0833869 -0.0158069 0.354874  0.40223  1.73082 -0.00506414  -0.0140268   0.0417313 -0.00112413  0.00646163 -0.00311281  -0.00158162 -0.00406118   0.0105463  0.00168243  0.00075751 -0.00209743  1.80655  0.29735 -9.63077 10.7582
0.206951  1.18402  3.50349   0.242707 -0.0836568 -0.0159445 0.352629 0.401371  1.73031 -0.00506183  -0.0140259    0.041734 0.000504289  0.00367346 -0.00369623  -0.00163893 -0.00402211   0.0105608  0.00168159 0.000758303 -0.00209584  1.80655  0.29735 -9.63078 10.7586
-0.142207   1.08752   3.83852   0.242537 -0.0839691 -0.0154681 0.350177 0.402449  1.72998 -0.0050638 -0.0140273  0.0417332 -0.000718545  0.000984666  -0.00134145  -0.00135867 -0.00394383   0.0102868  0.00168355 0.000759303 -0.00210346  1.80655 0.297349 -9.63075 10.7592
-0.310647   1.14239   3.86701   0.242766 -0.0847742 -0.0158115 0.344671 0.401271   1.7288 -0.00506763  -0.0140283   0.0417254  0.00127553 -0.00380303 -0.00281182  -0.00122524 -0.00398657   0.0102615  0.00168221 0.000761279 -0.00209951  1.80655 0.297349 -9.63077 10.7601
-0.170846    1.0794   3.79948   0.242446 -0.0845527 -0.0162216 0.346867 0.404222  1.72929 -0.00506732  -0.0140269   0.0417282 -0.000606896   -0.0022642  -0.00465832  -0.00134948 -0.00392972   0.0103151  0.00168255 0.000760427 -0.00209565  1.80655 0.297349 -9.63078 10.7606
-0.168097   1.00009   3.39236   0.242744 -0.0844571 -0.0165268 0.347666 0.401973  1.72922 -0.00507013  -0.0140254   0.0417263  0.00144993 -0.00148937 -0.00605713  -0.00136128 -0.00386784   0.0106339  0.00168101 0.000760038 -0.00209205  1.80655 0.297349 -9.63079 10.7611
-0.114241   0.82926   3.47441   0.243282 -0.0845757 -0.0164539 0.346646 0.397687  1.72898 -0.00506964  -0.0140224   0.0417182  0.00441511 -0.00194703 -0.00577696  -0.00139771 -0.00373383   0.0105663  0.00167944 0.000760443 -0.00209238  1.80655 0.297349 -9.63079 10.7616
-0.119107   1.03102   3.79175   0.243388 -0.0848747 -0.0158903 0.344796 0.396795  1.72872 -0.0050724 -0.0140264  0.0417206  0.00400519 -0.00327375 -0.00268346  -0.00138717  -0.0038973   0.0103015  0.00168088 0.000761304 -0.00210103  1.80655 0.297348 -9.63076 10.7623
-0.311669   1.12034   3.95229   0.243794  -0.085592 -0.0159333 0.340248 0.395068  1.72777 -0.00507875  -0.0140315   0.0417182   0.0057707  -0.0063443 -0.00247754  -0.00123817 -0.00396488   0.0101706  0.00168013 0.000762907 -0.00210116  1.80655 0.297348 -9.63076 10.7631
-0.304541  0.943522   4.02393   0.242979 -0.0868143 -0.0164215 0.333915  0.40374  1.72663 -0.00508829  -0.0140161    0.041714 -0.000177865   -0.0116086  -0.00511982  -0.00123721 -0.00381858   0.0101111  0.00168267 0.000765339 -0.00209825  1.80655 0.297346 -9.63077 10.7646
-0.0274741   0.980085    3.68132   0.242613  -0.087528 -0.0162225 0.330963 0.406723  1.72585 -0.00508716  -0.0140164   0.0417153 -0.00290495  -0.0142879  -0.0038909  -0.00145751 -0.00384845   0.0103652   0.0016847 0.000766611   -0.002103  1.80655 0.297346 -9.63075 10.7655
0.0633037   1.09501   3.58002   0.242022 -0.0876225 -0.0159689 0.332346 0.410802  1.72617 -0.00508786  -0.0140175   0.0417104 -0.00662113  -0.0140312 -0.00221004  -0.00153892 -0.00393892   0.0104479  0.00168728 0.000766341 -0.00210834  1.80655 0.297345 -9.63074 10.7661
-0.0893532    1.07238    3.85755   0.241406  -0.087949 -0.0153134 0.332335 0.414096  1.72637 -0.00508822  -0.0140139   0.0417075 -0.00962102  -0.0147274 0.000671627  -0.00141341  -0.0039198   0.0102178  0.00169055 0.000766583 -0.00211845  1.80654 0.297343 -9.63071 10.7671
-0.336207   1.09834   3.97504   0.241264 -0.0888154 -0.0158217 0.329391 0.413726  1.72581 -0.0050908 -0.0140136  0.0417051 -0.00833101  -0.0173493 -0.00202936   -0.0012191 -0.00393877   0.0101271  0.00168899 0.000767504 -0.00211178  1.80654 0.297344 -9.63073 10.7681
-0.219616  0.936767   3.98593   0.241015 -0.0886438 -0.0163357 0.332725 0.414655  1.72659 -0.0050907 -0.0140136  0.0417061 -0.0088613 -0.0148262 -0.0047442  -0.00130877 -0.00380405   0.0101189  0.00168808 0.000766148  -0.0021054  1.80655 0.297345 -9.63075 10.7687
0.00583659    1.04793    3.65163   0.241111 -0.0888859 -0.0160269 0.333183 0.412593  1.72648 -0.00509065  -0.0140107   0.0417067 -0.00759717  -0.0151929 -0.00278155  -0.00147845 -0.00389108   0.0103646  0.00168807 0.000766185 -0.00210977  1.80654 0.297344 -9.63073 10.7691
-0.116035   1.24505   3.43643   0.241197 -0.0891376 -0.0159673 0.332839 0.411012  1.72632 -0.00509277  -0.0140084   0.0417096 -0.00606867  -0.0155928 -0.00236346  -0.00139533 -0.00404195   0.0105315   0.0016877 0.000766292 -0.00211086  1.80654 0.297344 -9.63073 10.7694
-0.131168   1.05371    3.7236   0.241144 -0.0892177 -0.0162939  0.33417 0.410563  1.72676 -0.00509352  -0.0140088   0.0417093 -0.00516419  -0.0143465 -0.00419456  -0.00137599 -0.00388583   0.0103007  0.00168675 0.000765691  -0.0021069  1.80655 0.297344 -9.63074 10.7697
-0.267503   1.15993   3.85205   0.241188 -0.0900345 -0.0171344 0.331247 0.409948  1.72619 -0.00509408  -0.0140085   0.0417085 -0.00325076  -0.0161279 -0.00792357  -0.00125448  -0.0039709   0.0101941  0.00168458 0.000766557 -0.00209782  1.80655 0.297345 -9.63077 10.7709
-0.200827   1.01461   3.90567   0.241827 -0.0906051 -0.0182397 0.328986 0.405209  1.72562 -0.00509823  -0.0140139   0.0417061 0.00192281 -0.0168108 -0.0126627   -0.0013014 -0.00385452   0.0101524  0.00167995 0.000767053 -0.00208375  1.80656 0.297347 -9.63081 10.7723
0.043932  1.11962  3.51756   0.241904  -0.090374 -0.0181941 0.332591 0.404302  1.72616 -0.00510148  -0.0140124    0.041703 0.00210802 -0.0141322 -0.0115985  -0.00148688 -0.00393368   0.0104419  0.00168032 0.000765868 -0.00208679  1.80656 0.297346  -9.6308 10.7725
0.136382  1.15289  3.45212   0.241908 -0.0901657 -0.0178674 0.335546 0.403802  1.72675 -0.00510446  -0.0140103   0.0416998 0.00199012 -0.0123846 -0.0092215  -0.00155181 -0.00396019   0.0104908  0.00168147 0.000764967  -0.0020931  1.80656 0.297346 -9.63078 10.7729
-0.0411162    1.16629    3.66909   0.242013 -0.0898962 -0.0182955 0.338532 0.403103  1.72751 -0.00510399  -0.0140121      0.0417  0.0028549 -0.0098269 -0.0109055  -0.00141232 -0.00396897   0.0103139  0.00168046 0.000763743 -0.00208933  1.80656 0.297347  -9.6308 10.7734
-0.24129  1.27353  3.78479   0.242212 -0.0905495 -0.0184558 0.336218 0.402247  1.72708 -0.00510641  -0.0140141   0.0416989 0.00384496  -0.011514 -0.0101616  -0.00126939 -0.00404664   0.0102204  0.00168054  0.00076473 -0.00209145  1.80656 0.297346 -9.63079 10.7741
-0.393945  0.907875   3.99424   0.242636 -0.0906532 -0.0181967 0.336605 0.398662  1.72721 -0.00511033  -0.0140197    0.041696  0.00582498  -0.0111884 -0.00787243  -0.00115074 -0.00376446   0.0100584  0.00168008 0.000764594 -0.00209525  1.80656 0.297347 -9.63078 10.7746
-0.30561 0.941872  3.60018   0.242618 -0.0912053 -0.0178521 0.334205 0.399275  1.72649 -0.00510945  -0.0140228    0.041695  0.00477371  -0.0128063 -0.00651637  -0.00122081 -0.00379266   0.0103481  0.00168159 0.000765629  -0.0021016  1.80655 0.297346 -9.63076 10.7753
-0.176137   1.14008   3.44252   0.242509 -0.0914319 -0.0174042 0.334522 0.400341  1.72648 -0.00511064  -0.0140241   0.0416945  0.00299453  -0.0120849 -0.00366623   -0.0013246 -0.00394585     0.01047  0.00168362 0.000765743  -0.0021096  1.80655 0.297345 -9.63074 10.7758
-0.068774   1.17908   3.60299   0.242284 -0.0914686 -0.0175663  0.33586 0.402624  1.72687 -0.00511066  -0.0140243   0.0416924  0.00153788  -0.0116784 -0.00399032  -0.00140925 -0.00397598   0.0103401  0.00168431 0.000765309 -0.00210893  1.80655 0.297345 -9.63074 10.7761
-0.208249   1.25713   3.78545   0.242243 -0.0919713 -0.0182603 0.334526 0.403877  1.72668 -0.00511002  -0.0140232   0.0416912  0.00186364  -0.0128815 -0.00708286  -0.00130515   -0.004033   0.0101972  0.00168342 0.000765584 -0.00210219  1.80655 0.297346 -9.63076 10.7769
-0.344293    1.0309   4.05911   0.241992 -0.0916092  -0.018638 0.339241 0.405605  1.72785 -0.00510604  -0.0140171   0.0416943 0.000286112 -0.00931514 -0.00832871  -0.00119351  -0.0038386  0.00997694  0.00168369 0.000763845 -0.00209937  1.80655 0.297346 -9.63077 10.7775
-0.251288   1.00173   3.70032   0.241984 -0.0917183 -0.0188647 0.339469 0.405849  1.72771 -0.00510814  -0.0140176   0.0416937 0.000359254  -0.0086863 -0.00948186  -0.00127649 -0.00381676   0.0102753  0.00168352 0.000763749 -0.00209796  1.80655 0.297346 -9.63077 10.7778
-0.047559   1.09782    3.5175   0.241878 -0.0917803 -0.0185646 0.340245 0.406276  1.72779 -0.00510777  -0.0140171    0.041693 -0.000393335  -0.00792457  -0.00728733  -0.0014472 -0.0038927  0.0104149  0.00168495 0.000763658 -0.00210421  1.80655 0.297345 -9.63075 10.7781
-0.0466473    1.18161     3.6224   0.241484 -0.0912926 -0.0189602 0.344501 0.409442  1.72883 -0.00510804  -0.0140182   0.0416875 -0.00283201 -0.00463935   -0.008672  -0.00145515 -0.00395732   0.0103311  0.00168551 0.000762122 -0.00210123  1.80655 0.297346 -9.63076 10.7788
-0.222512   1.19867   3.83238   0.241023 -0.0916376 -0.0178402 0.343333 0.411329  1.72872 -0.00511081   -0.014017   0.0416854 -0.00497241 -0.00594457 -0.00275476  -0.00131401 -0.00396995   0.0101735  0.00169001 0.000762956 -0.00211982  1.80654 0.297344  -9.6307 10.7801
-0.303064   1.05056   4.09938   0.240969 -0.0916363 -0.0179695 0.344039 0.410862  1.72903 -0.00511085  -0.0140173   0.0416859 -0.00446674 -0.00520741 -0.00295885  -0.00123984 -0.00385732  0.00997307  0.00168956 0.000762628 -0.00211851  1.80654 0.297344 -9.63071 10.7802
-0.0173266    1.17029    3.75389   0.241094 -0.0913997 -0.0184166 0.346428 0.410025  1.72936 -0.00511125  -0.0140159    0.041684 -0.00281625 -0.00366743 -0.00508558  -0.00147206  -0.0039493   0.0102412  0.00168793 0.000761799 -0.00211278  1.80655 0.297345 -9.63073 10.7808
-0.0425745    1.25958    3.52243   0.241638  -0.090708 -0.0181576 0.351075 0.404352  1.73021 -0.00511544  -0.0140091   0.0416858  0.00146076 1.66074e-05 -0.00359218  -0.00145811 -0.00402105   0.0104295  0.00168646 0.000760082 -0.00211544  1.80655 0.297344 -9.63072 10.7817
0.0489564   1.15802    3.5805   0.241557    -0.0901 -0.0182691 0.355148 0.404933  1.73113 -0.00511731  -0.0140103   0.0416827  0.00115772  0.00284604 -0.00439438  -0.00153775 -0.00393559   0.0103818  0.00168651 0.000758608 -0.00211437  1.80655 0.297345 -9.63072 10.7823
-0.183183   1.16247   3.83225   0.241446  -0.090234 -0.0179801 0.354072 0.405867  1.73102 -0.00511837  -0.0140107   0.0416825 0.000377815  0.00145515  -0.0025922  -0.00134978 -0.00393729    0.010186  0.00168799 0.000759185 -0.00212011  1.80654 0.297344  -9.6307 10.7826
-0.393372   1.01295   4.14672   0.241571 -0.0901105 -0.0173645  0.35431 0.404098  1.73119 -0.00511727  -0.0140151   0.0416827 0.000812258  0.00173277  0.00064953  -0.00119142 -0.00381569  0.00994602  0.00168904 0.000759174 -0.00212821  1.80654 0.297344 -9.63068 10.7833
-0.39614  1.06491  3.71801   0.241624 -0.0903562 -0.0177435 0.352707 0.404378  1.73064 -0.00512103   -0.014013   0.0416806  0.00118265 0.000664169 -0.00132862  -0.00119713 -0.00385876   0.0102834  0.00168814 0.000759695 -0.00212347  1.80654 0.297344  -9.6307 10.7837
-0.158065   1.11944   3.51448   0.241335 -0.0899755  -0.017566 0.355397   0.4066  1.73114 -0.00512324   -0.014017   0.0416803 -0.000770375   0.00262159 -0.000583973  -0.00139346  -0.0039036   0.0104477  0.00168969 0.000758859 -0.00212672  1.80654 0.297344 -9.63069 10.7842
-0.122273  0.956161   3.66016   0.241885 -0.0897373 -0.0175911 0.356227 0.401823  1.73133 -0.00512406  -0.0140161   0.0416743   0.0031326  0.00349286 -0.00112636  -0.00141428 -0.00377182   0.0103262  0.00168746 0.000758509 -0.00212453  1.80654 0.297344 -9.63069 10.7848
-0.223654   1.12624   3.86929   0.241506 -0.0895809 -0.0160355 0.357068 0.403792  1.73162 -0.00512516  -0.0140157   0.0416742 -0.000690917   0.00408084   0.00652172  -0.00132694 -0.00390021   0.0101667  0.00169264 0.000758782 -0.00214598  1.80653 0.297342 -9.63063 10.7864
-0.299014  0.984359   4.08047   0.241739 -0.0898682 -0.0159518 0.354213 0.402071  1.73107 -0.00512967  -0.0140187   0.0416722 0.00108838 0.00268855  0.0056845  -0.00126675 -0.00378732   0.0100096  0.00169168  0.00075977 -0.00214439  1.80653 0.297342 -9.63063 10.7868
-0.22369  1.04757  3.67751   0.241983 -0.0897226  -0.015961 0.354845 0.400297  1.73097 -0.00513212  -0.0140181   0.0416711 0.00244931 0.00344355 0.00539889  -0.00133127 -0.00383878   0.0103284  0.00169071 0.000759502 -0.00214271  1.80653 0.297342 -9.63064 10.7871
-0.0967278    1.12711    3.51502   0.241923 -0.0895562 -0.0154542 0.355675  0.40073  1.73106 -0.00513352  -0.0140188     0.04167 0.00187534 0.00393921 0.00716772  -0.00143142 -0.00390365   0.0104582  0.00169206 0.000759365 -0.00214839  1.80653 0.297342 -9.63062 10.7876
-0.151205   1.16053    3.5825   0.241482 -0.0892696 -0.0151527  0.35748 0.404323  1.73153 -0.00513523  -0.0140219    0.041667 -0.000974564   0.00478396    0.0081843   -0.0013844 -0.00392953    0.010403  0.00169416 0.000758839 -0.00215211  1.80653 0.297342 -9.63061 10.7883
-0.252528   1.10673   3.85456   0.241695 -0.0891223 -0.0148886 0.357251 0.402291   1.7316 -0.00513551  -0.0140243   0.0416674 0.00110732   0.005257 0.00795007  -0.00129559  -0.0038879   0.0102003  0.00169337  0.00075887 -0.00215198  1.80653 0.297342 -9.63061 10.7886
-0.38125 0.915247  4.27731   0.241511 -0.0887926 -0.0149416 0.358556 0.404035  1.73214 -0.00513537   -0.014019   0.0416689 -0.000356438    0.0069953   0.00638065  -0.00119578 -0.00373738  0.00987711  0.00169342 0.000758295 -0.00214901  1.80653 0.297342 -9.63062 10.789
-0.207835  0.967625    3.8493   0.242294 -0.0880956 -0.0148307 0.361937 0.397291  1.73253 -0.00513678   -0.014022   0.0416639 0.00458792  0.0103011 0.00626716  -0.00133556  -0.0037768    0.010199  0.00169052 0.000756978 -0.00214674  1.80653 0.297343 -9.63063 10.7901
-0.147436   1.15162   3.44581   0.242505 -0.0877848 -0.0147942 0.362819 0.396317   1.7325 -0.00514014  -0.0140197   0.0416633 0.00556804  0.0111726 0.00571498  -0.00138877  -0.0039186   0.0105116  0.00168996 0.000756658 -0.00214569  1.80653 0.297342 -9.63063 10.7904
-0.077898     1.021   3.54103   0.242441 -0.0872269 -0.0150339 0.365401 0.397658  1.73313 -0.00514222  -0.0140216   0.0416623 0.00474763  0.0129239 0.00359736  -0.00144174 -0.00381498   0.0104333  0.00168964 0.000755652 -0.00214151  1.80653 0.297343 -9.63064 10.791
-0.22699  1.08929    3.968   0.242668 -0.0868752 -0.0142562 0.364668 0.395918   1.7331 -0.00514481  -0.0140269   0.0416624 0.00489514  0.0124236 0.00714986  -0.00132378 -0.00386557    0.010106   0.0016908  0.00075589 -0.00215007  1.80653 0.297343 -9.63062 10.7919
-0.397523  0.953537   4.30302   0.242967 -0.0863083 -0.0146853 0.365969 0.394827  1.73355 -0.0051441 -0.0140285  0.0416623 0.00617982  0.0141798 0.00326565  -0.00119317 -0.00375972  0.00984727  0.00168863 0.000755174 -0.00214134  1.80654 0.297344 -9.63064 10.7927
-0.213398  0.988795   3.80705   0.243514 -0.0865384 -0.0150916 0.363121 0.391811  1.73263 -0.0051489 -0.0140284  0.0416597 0.00905473  0.0122126 0.00121455  -0.00133382 -0.00379056   0.0102301  0.00168612  0.00075608 -0.00213448  1.80654 0.297344 -9.63066 10.7934
-0.0320591   0.977601    3.51503   0.243781 -0.0865522 -0.0151066 0.361567 0.391265  1.73212 -0.00514807   -0.014028   0.0416604 0.00952476  0.0108988 0.00056806  -0.00147566 -0.00378219   0.0104583  0.00168581 0.000756649 -0.00213392  1.80654 0.297344 -9.63067 10.7937
-0.121702  0.910174   3.63237   0.243958 -0.0860902 -0.0154877 0.363495 0.391029  1.73261 -0.00514991  -0.0140281   0.0416591  0.00951065   0.0125164 -0.00125697  -0.00140688 -0.00372852   0.0103628  0.00168461 0.000755816 -0.00212839  1.80654 0.297345 -9.63068 10.7943
-0.207947   1.05978   3.79953   0.243897 -0.0858482 -0.0146672 0.363034 0.392787   1.7326 -0.00515204  -0.0140293   0.0416579 0.00686903   0.012111 0.00254453   -0.0013317 -0.00384198   0.0102386  0.00168778 0.000756284 -0.00214079  1.80654 0.297344 -9.63065 10.7952
-0.343574  0.956233   4.04886    0.24409 -0.0852653 -0.0150655  0.36466 0.392896  1.73312 -0.00515089  -0.0140277   0.0416589  0.00674141   0.0138449 3.57046e-05   -0.0012146 -0.00376417   0.0100519  0.00168648 0.000755508 -0.00213437  1.80654 0.297344 -9.63066 10.7959
-0.295379    1.0679   3.71153   0.243231 -0.0858712 -0.0159663 0.360409 0.402151  1.73216 -0.0051516 -0.0140249  0.0416512 0.000611623  0.00981306 -0.00437112  -0.00125617  -0.0038554   0.0103114  0.00168804   0.0007571 -0.00212584  1.80654 0.297344 -9.63069 10.7973
-0.195354  0.965423    3.4589   0.243633 -0.0856909 -0.0157161 0.360144 0.398696  1.73194 -0.00515141  -0.0140226   0.0416514  0.00309721  0.00985365 -0.00308726  -0.00133425  -0.0037757   0.0105063  0.00168746 0.000757225 -0.00212908  1.80654 0.297343 -9.63068 10.7978
-0.16016  1.10925  3.55148   0.243495 -0.0859229  -0.015561 0.357819 0.400184   1.7315 -0.00515152  -0.0140235    0.041651  0.00159254  0.00818792 -0.00189988  -0.00136162 -0.00388571   0.0104307  0.00168869 0.000758191 -0.00213261  1.80654 0.297343 -9.63067 10.7981
-0.243848   1.09713   3.83814     0.2432 -0.0856238 -0.0148681  0.35855 0.402191  1.73185 -0.00515317  -0.0140219   0.0416489 -0.000650301   0.00892261   0.00145202  -0.00128444 -0.00387765   0.0102128  0.00169163 0.000758183 -0.00214348  1.80653 0.297342 -9.63064 10.7989
-0.303931  0.952509   3.86984   0.243222 -0.0854935 -0.0156006 0.357779 0.402672  1.73171 -0.00515516  -0.0140203    0.041648 -0.000308975   0.00893414  -0.00253325  -0.00124024 -0.00376872   0.0101868  0.00168965 0.000758243 -0.00213296  1.80654 0.297342 -9.63067 10.7997
-0.189903  0.979034   3.89382   0.242757 -0.0850694 -0.0157429 0.360111 0.406372  1.73229 -0.00515307  -0.0140157   0.0416481 -0.00315626   0.0106988 -0.00364957  -0.00133149 -0.00378801   0.0101689  0.00169099 0.000757454 -0.00213288  1.80654 0.297342 -9.63067 10.8003
-0.0102971    1.12886    3.51966   0.242914 -0.0846156 -0.0156454 0.361887 0.404898  1.73249 -0.00515554  -0.0140123   0.0416473  -0.0017422   0.0118482 -0.00278857  -0.00148159 -0.00390102   0.0104515  0.00169059 0.000756882 -0.00213446  1.80654 0.297342 -9.63066 10.8008
0.0387037   1.14267   3.53063   0.242769 -0.0846118 -0.0158476 0.360818  0.40614  1.73227 -0.00515437  -0.0140135   0.0416478  -0.0023222     0.01076 -0.00367637  -0.00152328 -0.00390993     0.01044  0.00169069 0.000757257 -0.00213279  1.80654 0.297342 -9.63067 10.801
-0.203521   1.12816   3.87877   0.242381 -0.0843574 -0.0151974 0.360787 0.408114  1.73248 -0.00515698  -0.0140112   0.0416456  -0.0045919   0.0105128 0.000221709  -0.00134954 -0.00389324   0.0101644  0.00169368 0.000757487 -0.00214359  1.80653 0.297341 -9.63064 10.8018
-0.320662   1.05252   4.01372   0.242406 -0.0844967 -0.0156808 0.357905 0.407419  1.73189 -0.00516049  -0.0140117   0.0416429 -0.00348822  0.00862484 -0.00271086  -0.00126056 -0.00383385   0.0100575  0.00169212  0.00075842 -0.00213686  1.80654 0.297341 -9.63065 10.8023
-0.0964623   0.999799    3.92042   0.241789  -0.084485 -0.0159576 0.357753 0.412339  1.73189 -0.00516086  -0.0140078   0.0416443 -0.00715221  0.00792398 -0.00426556  -0.00142743  -0.0037952   0.0101297  0.00169363 0.000758535 -0.00213538  1.80654 0.297341 -9.63066 10.803
0.173552  1.01269  3.62713   0.241845 -0.0851309 -0.0157028 0.352663 0.410925  1.73061 -0.00515808   -0.014005   0.0416502 -0.00609818  0.00254262 -0.00231191  -0.00164421  -0.0038038   0.0103551  0.00169394 0.000760472 -0.00213968  1.80654  0.29734 -9.63065 10.8037
0.0306799  0.905804   3.61539   0.242075 -0.0853691 -0.0155848 0.350638 0.408335  1.73015 -0.00515727  -0.0140033   0.0416484 -0.00446141 0.000761297 -0.00164767  -0.00153484 -0.00372173    0.010363  0.00169319 0.000761182 -0.00214077  1.80654  0.29734 -9.63064 10.8041
-0.119685     1.095   3.81692   0.241972 -0.0856769 -0.0149116 0.348433 0.407841  1.72976 -0.00516059  -0.0140053    0.041649 -0.00476557 -0.00129903  0.00157187  -0.00141058 -0.00386281   0.0102069  0.00169498 0.000762174 -0.00215055  1.80653 0.297339 -9.63062 10.8048
-0.284099   1.07842   3.77396   0.242064  -0.085967 -0.0152486 0.346507 0.406689   1.7293 -0.0051608 -0.0140045  0.0416476  -0.00270441  -0.00229797 -0.000573465  -0.00130853 -0.00384771    0.010236  0.00169329 0.000762709 -0.00214498  1.80653 0.297339 -9.63063 10.8053
-0.213889   1.05171   3.81944   0.241501 -0.0865451 -0.0150505 0.343429 0.411121  1.72871 -0.00516189  -0.0140026   0.0416444 -0.00626351 -0.00488101 0.000467704  -0.00135999 -0.00382829      0.0102  0.00169578 0.000764024 -0.00214938  1.80653 0.297338 -9.63062 10.8061
-0.192735   1.15566   3.49391   0.242033 -0.0864977 -0.0153402 0.343987 0.406037  1.72864 -0.00516211  -0.0139952    0.041648 -0.00141668 -0.00404942 -0.00141816  -0.00137893 -0.00390805   0.0104477  0.00169276  0.00076362 -0.00214371  1.80654 0.297338 -9.63064 10.8067
-0.0629454    1.14829    3.41927   0.242242 -0.0867342 -0.0155081 0.343098 0.404167  1.72839 -0.00515986  -0.0139924   0.0416491 0.000472521 -0.00510945 -0.00226645  -0.00148693 -0.00389991   0.0105024  0.00169161 0.000764033 -0.00214115  1.80654 0.297338 -9.63064 10.8071
-0.0801088    1.17008    3.72355   0.241899 -0.0870305 -0.0145489 0.342016  0.40612  1.72833 -0.00516289  -0.0139909   0.0416475 -0.00171895 -0.00643154  0.00274559  -0.00146296 -0.00391648   0.0102736  0.00169522 0.000764773 -0.00215536  1.80653 0.297337  -9.6306 10.8081
-0.31502  1.06035  3.94362   0.242031 -0.0873617 -0.0143093 0.340827 0.404865  1.72817 -0.00516447  -0.0139936   0.0416464 -0.00040441  -0.0068298  0.00343419    -0.001285 -0.00383172   0.0101061  0.00169489 0.000765123 -0.00215662  1.80653 0.297337  -9.6306 10.8086
-0.211168  0.982028   3.98793   0.241376 -0.0873405 -0.0145486 0.342177 0.410339  1.72861 -0.00516354  -0.0139853   0.0416503 -0.00495967 -0.00589574  0.00177868   -0.0013566 -0.00377315   0.0100679  0.00169646 0.000764637 -0.00215443  1.80653 0.297336  -9.6306 10.8093
0.0726573   1.05366   3.68417   0.240703 -0.0874319 -0.0143494 0.342916 0.414862  1.72869 -0.00516306  -0.0139848   0.0416506 -0.00927763 -0.00638364    0.002653  -0.00159508 -0.00382642   0.0103045   0.0016989 0.000764572 -0.00215825  1.80653 0.297336 -9.63059 10.81
0.069961   1.1178  3.52731   0.241118 -0.0877431 -0.0134518 0.341152 0.409659   1.7282 -0.00516188  -0.0139766   0.0416529 -0.00590153 -0.00808725  0.00700113  -0.00160129 -0.00387681   0.0104268  0.00169898 0.000765351 -0.00216813  1.80652 0.297334 -9.63057 10.811
-0.0723691    1.08871    3.82372   0.240321 -0.0874313 -0.0134612 0.344747 0.415122  1.72921 -0.00515949  -0.0139719   0.0416532  -0.0100561 -0.00651427  0.00621768   -0.0014954 -0.00385353   0.0102094  0.00170094 0.000764051 -0.00216788  1.80652 0.297334 -9.63057 10.8119
-0.341518  0.992389   3.98425  0.240177 -0.087992 -0.014003 0.342367 0.414535  1.72878 -0.00516343  -0.0139704   0.0416492 -0.00841188 -0.00809372  0.00186527  -0.00130034 -0.00377711   0.0100934  0.00169865 0.000764688 -0.00215796  1.80653 0.297335 -9.63059 10.8126
-0.171188    0.9558   4.05794   0.239982 -0.0880973 -0.0150146 0.342656 0.416073   1.7289 -0.00516564  -0.0139706   0.0416487 -0.00834301 -0.00773427  -0.0037247  -0.00142228 -0.00375001   0.0100377  0.00169651 0.000764364 -0.00214479  1.80653 0.297336 -9.63063 10.8137
0.0268312   1.01183    3.6069   0.240941 -0.0872014 -0.0144836 0.348604 0.405925   1.7298 -0.0051684 -0.0139596  0.0416429  -0.00152942  -0.00238249 -0.000956492  -0.00157053 -0.00379447   0.0103856  0.00169368 0.000762202 -0.00214866  1.80653 0.297335 -9.63062 10.8151
0.0338787    1.1702   3.53072   0.240838 -0.0875707 -0.0144907 0.346568 0.406757  1.72933 -0.00516752  -0.0139594   0.0416432 -0.00229642 -0.00423282 -0.00080996  -0.00157904 -0.00391697   0.0104415  0.00169408 0.000762979 -0.00214936  1.80653 0.297335 -9.63062 10.8155
-0.0967154    1.10939    3.82974  0.240571 -0.087635  -0.01485 0.346914 0.408573  1.72956 -0.00516741  -0.0139587   0.0416425 -0.00326085 -0.00405752 -0.00298048  -0.00147536 -0.00387283   0.0102305  0.00169407 0.000762803 -0.00214568  1.80653 0.297335 -9.63063 10.8159
-0.308855   1.08375   3.89673   0.240822  -0.088024 -0.0153135 0.344986 0.406717  1.72917 -0.00516856  -0.0139594   0.0416406 -0.000470794  -0.00536025  -0.00501187  -0.00130785 -0.00385528   0.0101813  0.00169207 0.000763389 -0.00214016  1.80654 0.297336 -9.63065 10.8166
-0.0897729    1.07389    3.86582    0.24077 -0.0876257   -0.01586 0.348428 0.407207  1.72989 -0.00516722  -0.0139602    0.041641 -0.00020287 -0.00291921 -0.00752995  -0.00146629 -0.00384826   0.0102007  0.00169105 0.000762114  -0.0021341  1.80654 0.297336 -9.63066 10.8173
0.0384341   1.13331    3.4578   0.241563 -0.0871234 -0.0158612 0.351583 0.400467  1.73028 -0.00517028    -0.01395   0.0416409  0.00539066 8.34846e-06  -0.0073429  -0.00156787 -0.00388998   0.0105022  0.00168853 0.000760906 -0.00213367  1.80654 0.297336 -9.63066 10.8182
0.0422233   1.09565   3.54733   0.241808 -0.0865863 -0.0159382 0.354585 0.398369  1.73096 -0.005172 -0.013949 0.0416398  0.00643464  0.00258467 -0.00718959  -0.00156126 -0.00386334   0.0104329  0.00168778 0.000759703 -0.00213304  1.80654 0.297336 -9.63067 10.8188
-0.104274   1.14761   3.78115   0.241932 -0.0864192 -0.0156899 0.355253 0.397864  1.73122 -0.00517236  -0.0139508   0.0416406   0.0066735  0.00282881 -0.00560184  -0.00144555   -0.003903    0.010253  0.00168862 0.000759535 -0.00213805  1.80654 0.297336 -9.63065 10.8191
-0.330588   1.05061   3.84594   0.242305 -0.0865916 -0.0160852 0.353454 0.396906   1.7309 -0.00517401  -0.0139507   0.0416382  0.00801913  0.00128208 -0.00681242  -0.00126566 -0.00383321   0.0102024  0.00168756 0.000760086 -0.00213473  1.80654 0.297336 -9.63066 10.8197
-0.16382  1.01019  3.86189   0.241952 -0.0862918 -0.0164557 0.355624 0.400896  1.73145 -0.00517296  -0.0139475   0.0416411  0.00497334  0.00287209 -0.00845326  -0.00138287 -0.00380505   0.0101892  0.00168865   0.0007593 -0.00213274  1.80654 0.297336 -9.63067 10.8203
0.00963213    1.11028    3.53298   0.242453 -0.0865263 -0.0161826 0.353695 0.397477  1.73082 -0.00517157  -0.0139434   0.0416417  0.00750986  0.00100441 -0.00610946  -0.00151551 -0.00387468   0.0104191  0.00168828 0.000760091 -0.00213734  1.80654 0.297335 -9.63066 10.8209
0.110379  1.19497  3.44983   0.242489 -0.0862737 -0.0161234 0.355138 0.397468  1.73109 -0.00517299  -0.0139429   0.0416403  0.00714016  0.00196742 -0.00524767  -0.00159633 -0.00393689   0.0104826  0.00168876 0.000759594 -0.00213919  1.80654 0.297335 -9.63065 10.8212
-0.0810793    1.17658    3.72731   0.242242 -0.0858932 -0.0161637 0.357693 0.400099  1.73182 -0.0051721 -0.0139417  0.0416398  0.00515632  0.00376706 -0.00539037  -0.00144822 -0.00392406   0.0102715  0.00169014  0.00075876 -0.00214093  1.80654 0.297335 -9.63064 10.8216
-0.279378   1.09522   3.80339   0.242573 -0.0856804 -0.0166574 0.358133 0.398946  1.73195 -0.00517206  -0.0139419   0.0416403  0.00662857  0.00441931 -0.00715713  -0.00130748   -0.003865   0.0102169  0.00168875 0.000758436 -0.00213619  1.80654 0.297335 -9.63066 10.8223
-0.188928   1.04919    3.9008   0.242098 -0.0856673 -0.0171664  0.35817 0.404121  1.73211 -0.00517225   -0.013935   0.0416421  0.00286558  0.00449076 -0.00935341  -0.00136198 -0.00383613   0.0101488     0.00169 0.000758423 -0.00213309  1.80654 0.297335 -9.63067 10.823
-0.0848422    1.13555    3.50957    0.24215 -0.0858025 -0.0173462 0.356939 0.404367  1.73166 -0.0051723 -0.0139357  0.0416414  0.00309841  0.00320455 -0.00944615  -0.00144695 -0.00389655   0.0104235   0.0016901 0.000758909 -0.00213329  1.80654 0.297335 -9.63067 10.8232
-0.0423873    1.35685    3.40808   0.242344 -0.0860466 -0.0173669 0.355075 0.403289  1.73121 -0.00517218  -0.0139333   0.0416436  0.00464579  0.00151347 -0.00878159  -0.00148034 -0.00406602    0.010501  0.00168996  0.00075962 -0.00213475  1.80654 0.297334 -9.63066 10.8235
-0.0476198    1.15225    3.71065   0.242064 -0.0857051 -0.0176744 0.357734 0.406186  1.73196 -0.00517233  -0.0139311   0.0416439  0.00290133   0.0029237 -0.00966848  -0.00146257 -0.00391759   0.0102744   0.0016908 0.000758811 -0.00213361  1.80654 0.297334 -9.63066 10.824
-0.364394   1.20663   3.82677   0.242123 -0.0859419 -0.0174249 0.355522 0.406201  1.73156 -0.00517541   -0.013934    0.041641  0.00326172  0.00125233 -0.00726074  -0.00123849 -0.00395185    0.010191  0.00169221 0.000759741  -0.0021406  1.80654 0.297334 -9.63064 10.8244
-0.216852   1.04727   3.97653   0.242181 -0.0861817 -0.0180532  0.35386 0.406935  1.73129 -0.00518031   -0.013935   0.0416395   0.0036231 0.000325254 -0.00990751  -0.00133661 -0.00383748   0.0100856  0.00169123 0.000760263 -0.00213443  1.80654 0.297334 -9.63066 10.8251
0.054789  1.09145  3.63626   0.241794 -0.0862207 -0.0179792 0.354112 0.410361  1.73122 -0.00518044  -0.0139352   0.0416405  0.000770102 -0.000532665  -0.00878352  -0.00154245 -0.00386752    0.010326  0.00169337 0.000760361 -0.00213873  1.80654 0.297334 -9.63065 10.8255
0.148142  1.10774  3.48528   0.241977 -0.0862073 -0.0177305 0.354249 0.408653  1.73116 -0.00517997  -0.0139325   0.0416398   0.0019267 -0.00119134 -0.00711018  -0.00162145 -0.00387635   0.0104424  0.00169362 0.000760413 -0.00214308  1.80654 0.297333 -9.63064 10.8258
0.00987878    1.12881    3.68054   0.241838 -0.0863142 -0.0178214 0.353742 0.410002  1.73117 -0.00518063   -0.013933   0.0416398 0.000805476 -0.00219181 -0.00713119  -0.00150502 -0.00389422   0.0102895  0.00169428 0.000760611 -0.00214402  1.80654 0.297333 -9.63063 10.826
-0.280687   1.19686   3.71306   0.241905 -0.0866578 -0.0180182 0.351422 0.409923  1.73071 -0.00518166  -0.0139339   0.0416382  0.00118497 -0.00395174 -0.00697933  -0.00129622 -0.00394139    0.010265  0.00169425  0.00076126 -0.00214433  1.80654 0.297333 -9.63063 10.8264
-0.186799    1.0595   3.87963   0.242075 -0.0866214 -0.0179809 0.351982 0.408447  1.73088 -0.00518219  -0.0139366    0.041638  0.00229444 -0.00287984 -0.00666422  -0.00135932 -0.00384284   0.0101426    0.001694 0.000761077 -0.00214564  1.80654 0.297333 -9.63063 10.8265
-0.130653  0.950712   3.57006   0.242788 -0.0863141 -0.0180243 0.353833 0.402847  1.73102 -0.00518452  -0.0139349   0.0416329   0.00674705 -0.000983075  -0.00669924  -0.00141351 -0.00375755   0.0103761 0.00169168 0.00076034 -0.0021443  1.80654 0.297333 -9.63063 10.8273
0.00350183   0.790141    3.46099   0.243559 -0.0860714 -0.0176915 0.355068 0.396963  1.73112 -0.00518316  -0.0139284   0.0416227    0.010346 0.000290196 -0.00481226  -0.00152175 -0.00363445   0.0104608  0.00169013 0.000759973  -0.0021475  1.80654 0.297332 -9.63063 10.8282
-0.0897957    1.06447    3.67332   0.244074 -0.0859782 -0.0179954 0.355295 0.394301  1.73125 -0.0051858 -0.0139321  0.0416273    0.012774 0.000342937 -0.00595626  -0.00145464 -0.00383527   0.0103077  0.00168849 0.000759788 -0.00214422  1.80654 0.297333 -9.63064 10.8288
-0.275539   1.32447   3.78824   0.244403 -0.0861361 -0.0173829 0.354084 0.394371  1.73104 -0.00519161  -0.0139356   0.0416259   0.0129517 -0.00104077 -0.00196508  -0.00131772  -0.0040214   0.0102181  0.00169045 0.000760424 -0.00215432  1.80653 0.297332 -9.63061 10.8295
-0.279148  0.913828   3.95532   0.244292 -0.0867503 -0.0174619 0.350606 0.397909  1.73039 -0.00520309  -0.0139312    0.041622    0.010856 -0.00359657 -0.00293072   -0.0013182 -0.00372413    0.010095  0.00169178 0.000761779 -0.00215424  1.80653 0.297331 -9.63061 10.8301
-0.133551   0.96731   3.67651   0.244348 -0.0870738 -0.0172573 0.349112 0.398752  1.72995 -0.00520218  -0.0139311   0.0416218  0.00984842 -0.00503784 -0.00177087  -0.00143378 -0.00376252    0.010296  0.00169282  0.00076245 -0.00215798  1.80653 0.297331  -9.6306 10.8305
-0.0778081    1.10381    3.47296   0.244725   -0.08712 -0.0168889 0.349268 0.396707  1.72988 -0.00520253  -0.0139283   0.0416237   0.0111464 -0.00491713 0.000562106  -0.00148128 -0.00386731    0.010452  0.00169299 0.000762473 -0.00216253  1.80653  0.29733 -9.63058 10.8311
-0.0905482    1.08203    3.67166   0.244415 -0.0872999 -0.0169806 0.348985 0.400881  1.72997 -0.00520289  -0.0139278   0.0416198   0.00814102  -0.00557743 -0.000279162  -0.00146668 -0.00385006   0.0103019  0.00169452  0.00076265 -0.00216264  1.80653  0.29733 -9.63058 10.8314
-0.255629   1.22094   3.80637   0.244673 -0.0877531 -0.0168759 0.346988 0.400964   1.7296 -0.00520489  -0.0139286   0.0416186   0.0084153 -0.00677438 9.32223e-05  -0.00133309 -0.00395178    0.010199  0.00169491 0.000763363 -0.00216453  1.80653  0.29733 -9.63058 10.832
-0.220845   1.01746   4.03331   0.244025 -0.0874793 -0.0172561  0.35017 0.407485  1.73052 -0.00520321  -0.0139178   0.0416168  0.00324027 -0.00391152 -0.00226602  -0.00136257 -0.00380421   0.0100365  0.00169663 0.000762208 -0.00216123  1.80653 0.297329 -9.63059 10.8328
-0.132425  0.863151   3.73464   0.243763 -0.0874494 -0.0173585 0.351053 0.409991  1.73063 -0.00520561  -0.0139209   0.0416194 0.000562171 -0.00345595 -0.00228842  -0.00142031  -0.0036945   0.0102559  0.00169762 0.000761887 -0.00216103  1.80653  0.29733 -9.63059 10.833
0.141707 0.879648  3.55093   0.243645  -0.087188 -0.0167989 0.353346 0.410214  1.73102 -0.00520348  -0.0139191    0.041618 -0.000880529  -0.00252381  9.82778e-05  -0.00161935 -0.00371021   0.0103995  0.00169933 0.000761264 -0.00216871  1.80653 0.297329 -9.63057 10.8337
0.0118468   0.95408   3.72584   0.243112 -0.0871685 -0.0173422 0.354057 0.414927  1.73131 -0.00520517  -0.0139206   0.0416158  -0.0044739 -0.00262139 -0.00297274   -0.0015109 -0.00376712   0.0102626  0.00169995 0.000760944 -0.00216348  1.80653 0.297329 -9.63058 10.8344
-0.222727   1.20308   3.77493   0.243205 -0.0875411 -0.0168332 0.352021  0.41241  1.73089 -0.00520863  -0.0139241   0.0416199 -0.00277231  -0.0045642 0.000187521  -0.00133985 -0.00395018   0.0102185  0.00170053 0.000761759 -0.00217076  1.80653 0.297329 -9.63056 10.8351
-0.257355   1.00991   3.94172   0.242831  -0.088307 -0.0167131 0.347916 0.415251  1.73016 -0.00521288  -0.0139217   0.0416154 -0.00483309 -0.00799835 0.000550984  -0.00130448 -0.00380959   0.0100913  0.00170198 0.000763377 -0.00217296  1.80652 0.297328 -9.63055 10.8359
-0.175621  0.994253   3.54992   0.242832 -0.0879954 -0.0164221 0.350666 0.414252  1.73054 -0.00521653  -0.0139249   0.0416164 -0.00456843 -0.00557815  0.00171368   -0.0013755 -0.00379732   0.0103882  0.00170236 0.000762427 -0.00217613  1.80652 0.297328 -9.63054 10.8364
-0.0442743   0.995828     3.4754   0.242817 -0.0880808 -0.0162093 0.350785 0.413498  1.73051 -0.00521607   -0.013924   0.0416168 -0.00415883 -0.00565255  0.00217583  -0.00146722 -0.00379861   0.0104434  0.00170253 0.000762437 -0.00217822  1.80652 0.297328 -9.63054 10.8366
-0.115732  0.984706   3.77153   0.242388 -0.0877529 -0.0164279   0.3537 0.416302  1.73133 -0.00521546  -0.0139233   0.0416156 -0.00667301 -0.00352957     0.00101  -0.00140561 -0.00379001   0.0102097  0.00170302 0.000761346 -0.00217571  1.80652 0.297328 -9.63054 10.8372
-0.246687   1.13763   3.84531   0.242163 -0.0881529 -0.0158583 0.351685 0.416555  1.73094 -0.00521824  -0.0139248   0.0416148 -0.00688067 -0.00510486  0.00329476  -0.00131173 -0.00389863   0.0101542   0.0017044 0.000762205 -0.00218289  1.80652 0.297328 -9.63053 10.8379
-0.327617  0.937802   4.00773   0.241709 -0.0882246 -0.0155889 0.352082 0.418702  1.73115 -0.00521872  -0.0139216   0.0416154 -0.00918164 -0.00445532  0.00394511  -0.00124886 -0.00375116   0.0100349   0.0017058 0.000762113 -0.00218573  1.80652 0.297327 -9.63052 10.8384
-0.235811   1.09088   3.65283   0.241851 -0.0888936 -0.0154294 0.348199 0.416845  1.73015 -0.00521951  -0.0139195   0.0416156 -0.00752665 -0.00745819  0.00470715   -0.0013302 -0.00386729   0.0103052  0.00170528 0.000763571 -0.00218695  1.80652 0.297327 -9.63051 10.8391
-0.318948   1.14899    3.4635   0.242058 -0.0884148 -0.0154277 0.351857 0.413846  1.73085 -0.00522329  -0.0139156   0.0416207   -0.005052 -0.00350657  0.00400624  -0.00126628 -0.00391286   0.0104471  0.00170382 0.000762108 -0.00218478  1.80652 0.297327 -9.63052 10.8397
-0.0470538    1.10126    3.69622   0.241787  -0.088465 -0.0151019 0.352042 0.415081  1.73099 -0.00522416  -0.0139155   0.0416211 -0.00612287 -0.00389075  0.00501725   -0.0014701 -0.00387602   0.0102685  0.00170503 0.000762183 -0.00218845  1.80652 0.297326 -9.63051 10.8401
-0.216179   1.18579   3.88149   0.241738 -0.0887458 -0.0153322 0.350833 0.414784  1.73079 -0.00522429  -0.0139168    0.041622 -0.00475151 -0.00482034  0.00324091  -0.00133614 -0.00393712   0.0101301  0.00170379 0.000762491 -0.00218362  1.80652 0.297327 -9.63052 10.8404
-0.314696  0.901741   4.02092   0.241495  -0.088372 -0.0162006 0.353965 0.416543  1.73164 -0.00522801  -0.0139122   0.0416221 -0.00526118 -0.00190618 -0.00203983  -0.00125955 -0.00372872   0.0100252  0.00170195  0.00076108 -0.00217126  1.80653 0.297328 -9.63056 10.8414
-0.240637  0.800402   3.69725   0.242162 -0.0880189 -0.0159683 0.355924 0.410102  1.73181 -0.00522868   -0.013912   0.0416138 -0.00108902 0.000211437 -0.00096149  -0.00132272 -0.00365075   0.0102718  0.00169979 0.000760357 -0.00217216  1.80653 0.297328 -9.63056 10.8422
-0.100335  0.988757    3.5634   0.241933 -0.0879598 -0.0154463 0.356475 0.411203  1.73185 -0.00522858  -0.0139123   0.0416136 -0.00313066 0.000482201  0.00143614   -0.0014275 -0.00379352   0.0103689  0.00170177  0.00076037 -0.00217987  1.80652 0.297327 -9.63053 10.8428
-0.0585229   0.992977    3.70759   0.241706 -0.0873402 -0.0158905 0.360756 0.413135  1.73286 -0.00522869  -0.0139134   0.0416098   -0.0043657   0.00346808 -0.000960288  -0.00145006 -0.00379702   0.0102593  0.00170113 0.000758811 -0.00217404  1.80653 0.297328 -9.63055 10.8436
-0.271602   1.08628   3.87058   0.241939 -0.0877603 -0.0156456 0.35705 0.41017 1.73209  -0.005232 -0.0139178  0.0416117 -0.00206786 0.000493023 0.000321244   -0.0013026 -0.00385955   0.0101398  0.00170061 0.000760174   -0.002177  1.80652 0.297328 -9.63054 10.8441
-0.261907   1.02939   3.92628   0.241894 -0.0878452 -0.0166794 0.356383 0.410978  1.73198 -0.00523221  -0.0139164    0.041611 -0.00167855  0.00069122 -0.00517669  -0.00130887 -0.00381888   0.0100947  0.00169829 0.000760141 -0.00216378  1.80653 0.297329 -9.63058 10.8452
-0.0480469    1.03369    3.54376   0.242486 -0.0875498 -0.0167666 0.357951 0.405877  1.73206 -0.00523458  -0.0139124     0.04161  0.00228307  0.00243608 -0.00534085  -0.00146983 -0.00382254   0.0103825  0.00169609 0.000759495 -0.00216188  1.80653 0.297329 -9.63058 10.8458
-0.0350932    1.11538    3.45691   0.242916  -0.087121 -0.0169673 0.360135 0.402652  1.73246 -0.00523602  -0.0139083   0.0416108  0.00513399  0.00473026 -0.00614983  -0.00148844 -0.00387869   0.0104488  0.00169443 0.000758627 -0.00215948  1.80653 0.297329 -9.63059 10.8465
-0.0122383    1.11994    3.70457   0.243109 -0.0868531   -0.01698 0.361259 0.401408  1.73279 -0.00523659    -0.01391   0.0416108  0.00618396  0.00544877 -0.00576944  -0.00150336 -0.00388033   0.0102653  0.0016941 0.00075822   -0.00216  1.80653 0.297329 -9.63059 10.8468
-0.213339   1.24815    3.7063   0.243431 -0.0870426  -0.016643 0.358965 0.400023  1.73229 -0.00523981  -0.0139124   0.0416116  0.00825206  0.00260754 -0.00346133  -0.00135921 -0.00397058   0.0102618  0.00169489 0.000759151 -0.00216641  1.80653 0.297328 -9.63057 10.8473
-0.336385   1.07615    3.9773   0.243264 -0.0872535 -0.0166309 0.357361 0.403064  1.73209 -0.00524284  -0.0139072   0.0416096  0.00601703  0.00203042 -0.00276606   -0.0012869 -0.00384545   0.0100674   0.0016964 0.000759807 -0.00216825  1.80653 0.297328 -9.63057 10.8476
-0.384653   1.08137   3.55057   0.243336 -0.0888157 -0.0168769 0.347391  0.40452  1.72973 -0.00524074  -0.0139096   0.0416008  0.00626821 -0.00624493 -0.00379789  -0.00125192 -0.00385016   0.0103889  0.00169639 0.000763485 -0.00216656  1.80653 0.297327 -9.63057 10.8492
-0.195855   1.12729   3.44188   0.243364  -0.088983 -0.0166695 0.347108 0.404975  1.72962 -0.00524044  -0.0139107   0.0416008  0.00555147 -0.00544009  -0.0025708  -0.00138912  -0.0038826   0.0104674  0.00169736 0.000763712 -0.00217044  1.80653 0.297327 -9.63056 10.8494
-0.105128   1.13775    3.6384   0.243485 -0.0883936 -0.0171572 0.351309 0.404639  1.73059 -0.00523973  -0.0139118   0.0415991  0.00631999 -0.00198452 -0.00509897  -0.00144913 -0.00389002   0.0103202  0.00169596 0.000762075  -0.0021642  1.80653 0.297328 -9.63058 10.8502
-0.120994   1.34488   3.54672   0.243686 -0.0888245 -0.0177646 0.348993 0.405218  1.73004 -0.00523785  -0.0139116   0.0416004  0.00739648 -0.00451395 -0.00720579  -0.00143201 -0.00403454   0.0103876  0.00169498 0.000762816 -0.00215869  1.80654 0.297328 -9.63059 10.851
-0.29135  1.03345  3.90356   0.243834 -0.0886244 -0.0177877 0.350818 0.405134  1.73068 -0.00523915  -0.0139101   0.0416013   0.0076711 -0.00279549 -0.00746034  -0.00129479 -0.00381347   0.0101349  0.00169526 0.000762115 -0.00216009  1.80653 0.297328 -9.63059 10.8512
-0.0230687    1.05476    3.62536   0.243827 -0.0883723 -0.0180388 0.352948   0.4061  1.73102 -0.00523986  -0.0139108   0.0415993  0.00662218 -0.00140333 -0.00803418  -0.00150556 -0.00382774   0.0103413  0.00169532 0.000761385 -0.00215853  1.80654 0.297328 -9.63059 10.8516
0.0174201   1.12644   3.45254   0.244248 -0.0876113   -0.01808 0.357776 0.403106  1.73194 -0.00524359  -0.0139075   0.0415949  0.00855152  0.00250724 -0.00776103  -0.00153481 -0.00388439   0.0104719   0.0016943 0.000759639 -0.00215859  1.80654 0.297328 -9.63059 10.8524
0.00338935    1.11081    3.60792   0.244094 -0.0868321 -0.0181362 0.362693 0.404808   1.7331 -0.00524326  -0.0139073    0.041592  0.00665962  0.00616736 -0.00749154   -0.0015202 -0.00387372   0.0103522  0.00169515 0.000757906 -0.00215963  1.80654 0.297328 -9.63059 10.8532
-0.220171    1.1834   3.74864   0.244131 -0.0866903 -0.0174133 0.362021 0.405187  1.73307 -0.00524407  -0.0139085   0.0415921  0.00548933  0.00582039 -0.00301192  -0.00136029 -0.00392543   0.0102506  0.00169782 0.000758211 -0.00217209  1.80653 0.297327 -9.63056 10.854
-0.360196   1.01218   4.04436   0.243724 -0.0868224 -0.0171932 0.360576   0.4095  1.73303 -0.00524573  -0.0138989   0.0415936  0.00208198  0.00430443 -0.00172306  -0.00124419 -0.00380187   0.0100364  0.00170044 0.000758868 -0.00217727  1.80653 0.297326 -9.63054 10.8545
-0.0799085   0.933702    3.78431   0.243475 -0.0868822 -0.0176124 0.360185 0.412214  1.73286 -0.00524869  -0.0138999   0.0415945 0.000486381  0.00396584 -0.00374023  -0.00145818 -0.00374255    0.010232 0.00170061 0.00075899  -0.002173  1.80653 0.297326 -9.63055 10.8549
0.148986 0.982365  3.59526   0.243336 -0.0876361 -0.0176071 0.355186 0.413843  1.73169 -0.0052464 -0.0138999  0.0416008 -0.000349646  -0.00135855  -0.00363116  -0.00162375 -0.00377942   0.0103721  0.00170161 0.000760866 -0.00217504  1.80653 0.297326 -9.63055 10.8557
0.0180101   1.06013    3.6106   0.243207 -0.0874975 -0.0179005  0.35579 0.414972  1.73185 -0.00524736   -0.013901   0.0416006 -0.000975501 -0.000800224  -0.00479081  -0.00152452 -0.00383479   0.0103624  0.00170146 0.000760416 -0.00217234  1.80653 0.297326 -9.63055 10.8561
-0.230944   1.13095   3.82453      0.243 -0.0876271 -0.0170408 0.355152 0.415474  1.73183 -0.00524864  -0.0139028   0.0415998 -0.00245495 -0.00152459 7.98964e-05  -0.00133894 -0.00388568    0.010206  0.00170431 0.000760903 -0.00218539  1.80652 0.297325 -9.63052 10.857
-0.363417   1.00077   4.09653    0.24273 -0.0874666 -0.0162746 0.356384 0.416192  1.73225 -0.00524589  -0.0139016   0.0416026  -0.00412593 -4.96505e-05   0.00343464  -0.00123936  -0.0037873   0.0100088  0.00170666 0.000760609 -0.00219541  1.80652 0.297324 -9.63049 10.8578
-0.20295  1.08105  3.70823   0.242257 -0.0877503 -0.0164236 0.355109 0.419876  1.73186 -0.00524854   -0.013901   0.0415992  -0.00703053 -0.000984262   0.00262181  -0.00136073 -0.00384806   0.0102938  0.00170777 0.000761176 -0.00219434  1.80652 0.297324 -9.63049 10.8584
-0.0914067    1.09316    3.51835   0.241759 -0.0880588 -0.0164408 0.353621 0.423079  1.73149 -0.00524806  -0.0139052   0.0415981 -0.00929768 -0.00278652  0.00225505   -0.0014434 -0.00385712   0.0104272  0.00170901 0.000761788 -0.00219468  1.80652 0.297324 -9.63049 10.8589
-0.0502637    1.17553    3.59676   0.241767 -0.0878812 -0.0169735 0.354872 0.422378  1.73178 -0.00524728  -0.0139053   0.0415996  -0.00788219  -0.00179037 -0.000784667  -0.00147538 -0.00391639   0.0103675  0.00170719 0.000761162 -0.00218708  1.80652 0.297325 -9.63051 10.8595
-0.230421   1.11902   3.93077   0.241262 -0.0875844 -0.0153687 0.357231  0.42275  1.73246 -0.00524635  -0.0139056   0.0416005  -0.00989341 -0.000231117   0.00738229  -0.00134371 -0.00387437   0.0101249  0.00171172 0.000760712 -0.00220826  1.80651 0.297324 -9.63046 10.8612
-0.348907  0.936589   4.06111   0.241366 -0.0875958 -0.0152554 0.356712 0.419713  1.73232 -0.0052486 -0.0139095  0.0415981  -0.00752271 -0.000247284   0.00675116  -0.00126679 -0.00374006   0.0100325  0.00171032 0.000760753 -0.00220613  1.80651 0.297324 -9.63046 10.8614
-0.269184   1.01421   3.71449   0.241688 -0.0876894 -0.0152373 0.355926 0.416429  1.73194 -0.00524997  -0.0139082    0.041596  -0.00463203 -0.000284356    0.0062132  -0.00132849  -0.0037995   0.0102907  0.00170867 0.000760984 -0.00220405  1.80651 0.297324 -9.63047 10.8617
-0.200311   1.09641   3.52086   0.241451 -0.0878334 -0.0152491 0.355207 0.417912   1.7317 -0.00524992  -0.0139095   0.0415953  -0.00543397 -0.000638672   0.00544986  -0.00137347 -0.00385854   0.0104224  0.00170904 0.000761262 -0.00220321  1.80651 0.297324 -9.63047 10.862
-0.129987   1.12489   3.55973   0.241719 -0.0870916 -0.0152943 0.359421 0.415079   1.7326 -0.00525129  -0.0139069   0.0415961 -0.00294683   0.0033594  0.00471952  -0.00142645  -0.0038794   0.0103893  0.00170732 0.000759549 -0.00220019  1.80652 0.297324 -9.63048 10.8628
-0.242404   1.07064   3.98952   0.241361 -0.0870655 -0.0148585 0.359097 0.417051  1.73278 -0.00525236  -0.0139037   0.0415955 -0.00459943  0.00290882  0.00603213  -0.00132724 -0.00383898   0.0100667  0.00170894 0.000759782 -0.00220481  1.80651 0.297324 -9.63047 10.8633
-0.338082  0.945438   4.18346   0.241103 -0.0868148 -0.0154863 0.359976 0.418726  1.73311 -0.00525219  -0.0138987   0.0415965 -0.00558332  0.00431462   0.0018453  -0.00124484 -0.00374886  0.00992304   0.0017076 0.000759139  -0.0021952  1.80652 0.297324 -9.63049 10.8641
-0.112144  0.922342   3.80377   0.241808 -0.0867098 -0.0151849 0.359828 0.412166  1.73276 -0.00525325  -0.0139004   0.0415908 -0.000841453   0.00455301   0.00300593  -0.00141551 -0.00373184   0.0102035  0.00170544 0.000759201 -0.00219633  1.80652 0.297324 -9.63049 10.8648
0.0137649  0.824297    3.5538   0.241156 -0.0868951 -0.0149562 0.358705  0.41729  1.73246 -0.00525202  -0.0139095   0.0416001 -0.00565256  0.00255015  0.00397431  -0.00150848 -0.00366266   0.0103748  0.00170829 0.000759699 -0.00220069  1.80651 0.297325 -9.63048 10.8655
-0.00201784      1.0582     3.70814   0.241297  -0.086354 -0.0145236 0.361696 0.414697  1.73311 -0.00525366  -0.0139093   0.0416022 -0.00457484  0.00499804   0.0058038  -0.00149266  -0.0038331   0.0102567   0.0017082 0.000758674 -0.00220481  1.80651 0.297324 -9.63047 10.8663
-0.237937   1.07542    3.8436   0.241115 -0.0866307 -0.0146626  0.35904 0.415659  1.73263 -0.0052546 -0.0139088  0.0416009 -0.00482346  0.00300141  0.00379383   -0.0013268 -0.00384378   0.0101514  0.00170786  0.00075956 -0.00220162  1.80651 0.297325 -9.63048 10.8666
-0.320909  0.967084   4.06407   0.241222  -0.086648 -0.0155847 0.358181 0.414833  1.73253 -0.00525678   -0.013908   0.0415999 -0.00288046  0.00277079 -0.00129742  -0.00127145 -0.00376672  0.00999126  0.00170475 0.000759567 -0.00218788  1.80652 0.297326 -9.63051 10.8675
-0.0738821    1.07368    3.73615   0.241312  -0.086404 -0.0155607 0.359609 0.413691  1.73267 -0.00525871  -0.0139065   0.0415984 -0.00190539  0.00394573 -0.00113728  -0.00146072 -0.00384432   0.0102312 0.00170439 0.00075911 -0.0021882  1.80652 0.297325 -9.63051 10.8678
0.0858883   1.11729   3.56985    0.24142  -0.086668 -0.0153834 0.357514 0.412567  1.73211 -0.00525763  -0.0139042   0.0416009 -0.000479011   0.00137784 -0.000490352  -0.00157667 -0.00387523   0.0103472  0.00170447 0.000759925 -0.00219068  1.80652 0.297325  -9.6305 10.8681
0.116748  1.09983   3.6437   0.241554 -0.0866845 -0.0157375 0.357546 0.411951  1.73213 -0.00525681  -0.0139055   0.0416019 0.000775638 0.000657051 -0.00238818  -0.00159167 -0.00386347   0.0102923  0.00170319 0.000759922 -0.00218586  1.80652 0.297326 -9.63052 10.8685
-0.171412   1.09888   3.79555   0.241721 -0.0865543 -0.0150275 0.358064  0.40983  1.73231  -0.005258 -0.0139086  0.0416035  0.00152199 0.000705627  0.00140991  -0.00137564 -0.00386283   0.0101802  0.00170438  0.00075985 -0.00219533  1.80652 0.297325 -9.63049 10.8693
-0.367806  0.974488   4.02306   0.241687 -0.0862768 -0.0147027 0.359579 0.409923  1.73277 -0.00525668  -0.0139087   0.0416061 0.00063545 0.00216041 0.00250298  -0.00123313 -0.00377546   0.0100172  0.00170517 0.000759308  -0.0021989  1.80652 0.297325 -9.63048 10.8697
-0.372683   1.11012   3.65405   0.241923 -0.0873397 -0.0148099 0.352805 0.408896  1.73114 -0.00525711  -0.0139056   0.0415989  0.00203229 -0.00304349  0.00189656  -0.00123155 -0.00387831   0.0102868  0.00170433 0.000761798 -0.00219729  1.80652 0.297324 -9.63049 10.8708
-0.212359   1.06341   3.46521   0.242647 -0.0870141 -0.0145839 0.354744  0.40309  1.73139 -0.00525823  -0.0138985   0.0415992   0.00665817 -0.000522773   0.00257068  -0.00135312 -0.00384331   0.0104248  0.00170227 0.000761054  -0.0021975  1.80652 0.297324 -9.63049 10.8716
-0.192867   1.16888   3.48865   0.242833 -0.0873734 -0.0144584 0.352496 0.402424  1.73092 -0.00525709  -0.0138975   0.0415998  0.00740328 -0.00199043  0.00305164  -0.00137516 -0.00392072   0.0104012  0.00170224 0.000761909 -0.00219871  1.80652 0.297324 -9.63049 10.872
-0.175178   1.08916   3.77357   0.242776 -0.0874224 -0.0129881 0.352496 0.402424  1.73092 -0.00525941  -0.0138967   0.0415995  0.00547676 -0.00190678  0.00979885  -0.00138027 -0.00386349   0.0101892  0.00170622 0.000762298 -0.00221707  1.80651 0.297322 -9.63044 10.8735
-0.331082  0.919344   4.14257    0.24283  -0.086859 -0.0136319 0.356295 0.403701  1.73196 -0.00525604   -0.013892   0.0416017 0.00494787 0.00203208 0.00457457  -0.00126818 -0.00374353  0.00992774  0.00170424 0.000760612 -0.00220507  1.80651 0.297323 -9.63047 10.8744
-0.144583   1.04456   3.79061   0.243162 -0.0865361 -0.0136629 0.358088  0.40162  1.73212 -0.00525684   -0.013892   0.0416001 0.00643831 0.00346258 0.00389296  -0.00141066  -0.0038373   0.0101924  0.00170315 0.000759945 -0.00220325  1.80651 0.297323 -9.63047 10.8748
-0.0330461    1.14951    3.45386   0.243227  -0.086149 -0.0136607 0.360332 0.401933  1.73245 -0.0052604 -0.0138926  0.0415975 0.00631883 0.00482115 0.00374065  -0.00150713 -0.00391686   0.0104482  0.00170314 0.000759173 -0.00220254  1.80652 0.297323 -9.63048 10.8752
-0.0697003    1.23965     3.4215   0.243264  -0.086578 -0.0135675 0.357441 0.402579  1.73182 -0.00525848  -0.0138931   0.0415984 0.00624495 0.00175007 0.00381633  -0.00147451 -0.00398317   0.0104709  0.00170359 0.000760327 -0.00220361  1.80651 0.297323 -9.63047 10.8757
-0.200456   1.03023   3.86034   0.243427 -0.0867006 -0.0133769 0.356232 0.402461  1.73174 -0.00526086   -0.013893   0.0415979  0.0064402 0.00116711 0.00352649  -0.00138559 -0.00383179   0.0101612  0.00170387 0.000760764 -0.00220495  1.80651 0.297323 -9.63047 10.8759
-0.357205  0.914359   4.16259    0.24362 -0.0865279 -0.0130102 0.356882 0.401966  1.73203 -0.00525959   -0.013894   0.0415983 0.00570399 0.00256916  0.0049296  -0.00127459 -0.00375239  0.00995186  0.00170434 0.000760547 -0.00220805  1.80651 0.297323 -9.63046 10.8764
-0.224973  0.840139    3.8154   0.243868 -0.0862876   -0.01346 0.358218 0.401015  1.73216 -0.00526337  -0.0138952   0.0415953 0.00672101 0.00402028 0.00200822  -0.00137017 -0.00369804    0.010203   0.0017025 0.000759921 -0.00220055  1.80652 0.297324 -9.63048 10.877
0.0832285  0.782778   3.63416    0.24346 -0.0872261 -0.0135137 0.352365 0.405984  1.73084 -0.00526213  -0.0138989   0.0416102  0.00275683 -0.00211112  0.00132735  -0.00159735 -0.00365579   0.0103441  0.00170461 0.000762065 -0.00220169  1.80652 0.297324 -9.63048 10.878
0.178991 0.664176  3.64174   0.243481 -0.0870681  -0.013279 0.353623 0.405773  1.73112 -0.0052611 -0.0138986  0.0416095  0.00184985 -0.00189646  0.00183888  -0.00166896  -0.0035671   0.0103367   0.0017051 0.000761667 -0.00220433  1.80651 0.297324 -9.63047 10.8783
-0.180365   1.09881   3.88691     0.2434 -0.0874747 -0.0130467 0.351297 0.406692  1.73073 -0.00526757  -0.0139032   0.0416129 0.000674878 -0.00462488  0.00299441  -0.00140241 -0.00387616   0.0101625  0.00170613 0.000762565 -0.00220792  1.80651 0.297324 -9.63046 10.8787
-0.261652  0.938827   4.08886   0.243394 -0.0876742 -0.0135974 0.350852 0.407555  1.73075 -0.00526924  -0.0139007   0.0416118  0.000680071  -0.00452071 -0.000593116  -0.00134137 -0.00376585   0.0100203   0.0017047 0.000762549 -0.00219941  1.80652 0.297324 -9.63048 10.8793
-0.177114   1.02484   3.70043   0.243234 -0.0873785 -0.0140279 0.353447 0.409216  1.73116 -0.00527148  -0.0139007   0.0416105 -0.000443031  -0.00230614  -0.00287894  -0.00140537 -0.00382873    0.010301  0.00170433 0.000761554 -0.00219447  1.80652 0.297324 -9.63049 10.8799
-0.00812367     1.20185     3.53402   0.242569 -0.0878741 -0.0141535 0.351151 0.414916  1.73066 -0.00527105  -0.0139051   0.0416007 -0.00458902 -0.00477364 -0.00334473  -0.00153736 -0.00396161   0.0104222  0.00170662 0.000762608 -0.00219588  1.80652 0.297324 -9.63049 10.8807
-0.0173844    1.13009    3.54352   0.242419 -0.0872899 -0.0142907 0.355312 0.415872  1.73159 -0.00527322   -0.013906   0.0415987 -0.00517307 -0.00118696 -0.00391296  -0.00151932 -0.00390705   0.0104136  0.00170654 0.000761064 -0.00219447  1.80652 0.297324 -9.63049 10.8813
-0.177833   1.10607   3.82175   0.242068 -0.0877813 -0.0133505 0.352429 0.417015  1.73112 -0.00527791  -0.0139069   0.0415951 -0.00710576 -0.00417383  0.00129737  -0.00139616 -0.00389125   0.0102124  0.00170988 0.000762446 -0.00220878  1.80651 0.297323 -9.63046 10.8824
-0.370628  0.897281   4.09923   0.242313 -0.0881033 -0.0138654 0.350639 0.413883  1.73081  -0.005284 -0.0139116  0.0415894 -0.00403199 -0.00477633 -0.00210528  -0.00126092 -0.00374228   0.0100182  0.00170692  0.00076289 -0.00220001  1.80652 0.297324 -9.63048 10.8831
-0.353207   1.06468   3.78913   0.241923 -0.0885657 -0.0143602 0.348545 0.417323  1.73029 -0.00528633  -0.0139079    0.041586 -0.00627487 -0.00647577 -0.00439162  -0.00127921 -0.00386522   0.0102393   0.0017072 0.000763662 -0.00219557  1.80652 0.297324 -9.63049 10.8839
-0.140224  0.944241   3.55914   0.241763 -0.0885782 -0.0143183  0.34929 0.417643  1.73034 -0.0052868 -0.0139108  0.0415875 -0.00667731  -0.0060664 -0.00404276  -0.00144507 -0.00377339   0.0104145  0.00170769 0.000763434  -0.0021971  1.80652 0.297324 -9.63049 10.884
-0.123447   1.07436    3.5203   0.241761 -0.0881974 -0.0139114 0.352195 0.416131  1.73096 -0.00528987  -0.0139093   0.0415875 -0.00635055 -0.00338025 -0.00182868  -0.00147042 -0.00386695   0.0104425  0.00170834 0.000762499  -0.0022028  1.80652 0.297323 -9.63047 10.8846
-0.135342   1.08577    3.8078   0.241251   -0.08845 -0.0137274 0.351341 0.418895  1.73094 -0.00529139  -0.0139068   0.0415861 -0.00829774 -0.00425105 -0.00118707   -0.0014498 -0.00387739   0.0102322  0.00171016 0.000762952 -0.00220694  1.80651 0.297323 -9.63046 10.8852
-0.288762  0.920348   3.93623   0.241284 -0.0886033 -0.0145947 0.350281 0.417462  1.73073 -0.00529446  -0.0139069   0.0415835 -0.00653037   -0.004184 -0.00543021  -0.00134176 -0.00376037   0.0101439  0.00170725  0.00076287 -0.00219515  1.80652 0.297324 -9.63049 10.8861
-0.126453   1.00753   3.92095   0.241281 -0.0881694 -0.0155697  0.35344 0.417241  1.73137 -0.00529163  -0.0139089   0.0415826  -0.0054253 -0.00113897  -0.0101557  -0.00146493 -0.00382366   0.0101534   0.0017047 0.000761498 -0.00218317  1.80653 0.297325 -9.63052 10.8872
0.0798555   0.86931   3.65313   0.241558 -0.0876441 -0.0152493 0.356762 0.413488  1.73189 -0.00529194  -0.0139077   0.0415772  -0.0034043    0.001294 -0.00810465  -0.00163769 -0.00371266    0.010361  0.00170435 0.000760403 -0.00218802  1.80653 0.297324 -9.63051 10.8878
0.24602 1.01195 3.55404   0.241515 -0.0875571 -0.0154483 0.356762 0.413488  1.73189 -0.00529227  -0.0139071   0.0415762 -0.00342961 0.000525821 -0.00865372  -0.00175004 -0.00381602   0.0104322  0.00170414 0.000760233 -0.00218709  1.80653 0.297324 -9.63051 10.888
-0.164478   1.13341   3.87025   0.241405 -0.0876915 -0.0150019 0.355714  0.41304  1.73183 -0.00529606  -0.0139117   0.0415766  -0.00376279 -0.000971507  -0.00505713  -0.00145112  -0.0039028    0.010199  0.00170581 0.000760734 -0.00219597  1.80652 0.297324 -9.63049 10.8885
-0.342788   1.01546   4.12494   0.241533 -0.0876241  -0.016151 0.355953 0.411732  1.73199 -0.00529618  -0.0139111   0.0415767 -0.00157832 0.000269835  -0.0111249   -0.0013185 -0.00382272   0.0100162  0.00170266 0.000760313  -0.0021823  1.80653 0.297325 -9.63053 10.8897
-0.0888541    1.07983    3.80829   0.241426 -0.0875925 -0.0174551 0.356423 0.413497  1.73197 -0.0052952  -0.013911  0.0415753 -0.00163911 0.000753529  -0.0166364  -0.00151015 -0.00386813   0.0102406  0.00170037 0.000759917 -0.00216804  1.80653 0.297326 -9.63056 10.891
0.0928487   1.09951   3.55908   0.242287 -0.0868431 -0.0171597 0.360528 0.405323  1.73263 -0.00529831  -0.0139014   0.0415753 0.00409666 0.00405662 -0.0137005  -0.00163881 -0.00388717   0.0104305  0.00169852  0.00075845 -0.00217315  1.80653 0.297325 -9.63055 10.8922
0.0394079   1.10749   3.50229    0.24281 -0.0868929 -0.0166116  0.35953 0.400893  1.73237 -0.0052981 -0.0138954  0.0415769   0.007104 0.00300475 -0.0104528  -0.00160068 -0.00389321    0.010472  0.00169859 0.000758919 -0.00218146  1.80653 0.297324 -9.63053 10.8929
-0.155366   1.17216   3.80839   0.242647 -0.0868756 -0.0161057 0.359395 0.402799  1.73251 -0.00530019  -0.0138957   0.0415754  0.00492098  0.00204939 -0.00682148  -0.00144735 -0.00394153   0.0102461  0.00170146 0.000759204 -0.00219217  1.80652 0.297323  -9.6305 10.8935
-0.385381   1.02016   4.10893    0.24314 -0.0863855 -0.0160261 0.361667 0.399376  1.73311 -0.00529774  -0.0139031   0.0415786  0.00750618  0.00451847 -0.00597338  -0.00128182 -0.00383525   0.0100326   0.0017007 0.000758293 -0.00219426  1.80652 0.297324  -9.6305 10.8942
-0.381121   1.08729    3.8362   0.242627 -0.0866191 -0.0164516 0.360342 0.405032  1.73279 -0.00529916  -0.0138981   0.0415766  0.00341796  0.00337045 -0.00754963  -0.00128371  -0.0038832   0.0102188  0.00170231 0.000758833 -0.00219215  1.80652 0.297323  -9.6305 10.8949
-0.2116 1.04044  3.5823   0.242812 -0.0867605 -0.0166463 0.359016 0.404247  1.73237 -0.00529874   -0.013898   0.0415755  0.00423121   0.0028764 -0.00789817  -0.00141059 -0.00384851   0.0104046  0.00170181 0.000759316 -0.00219114  1.80652 0.297323  -9.6305 10.8952
-0.170102   1.04816   3.66441   0.242804 -0.0866756 -0.0164654 0.359313 0.404475  1.73247 -0.00529844  -0.0138986   0.0415762  0.00366887  0.00326115 -0.00678028  -0.00144888 -0.00385177   0.0103407  0.00170276   0.0007593 -0.00219527  1.80652 0.297323 -9.63049 10.8954
-0.156403   1.16829   3.87767   0.242522  -0.086924 -0.0161473 0.357392 0.407326  1.73215 -0.00530123  -0.0138955   0.0415746  0.00137953  0.00146773 -0.00442769  -0.00145568 -0.00393541   0.0101886  0.00170524 0.000760189 -0.00220265  1.80652 0.297322 -9.63047 10.8959
-0.29279  1.05756  3.92852   0.242893   -0.08697 -0.0168775 0.356386 0.405541  1.73195 -0.00530298  -0.0138965   0.0415731  0.00390689  0.00117759 -0.00747863  -0.00135575 -0.00385769   0.0101474  0.00170267 0.000760301 -0.00219378  1.80652 0.297323  -9.6305 10.8967
-0.213979   1.06142   3.93774   0.242217 -0.0862568 -0.0176406 0.361335 0.412138  1.73314 -0.00529976  -0.0138909   0.0415746 -0.000512483   0.00512067   -0.0111282  -0.00141153 -0.00386021   0.0101387  0.00170357 0.000758388 -0.00218712  1.80653 0.297323 -9.63051 10.8979
-0.0641726    1.24915    3.48156   0.242387 -0.0855544 -0.0177524  0.36524 0.410343  1.73378 -0.00530591  -0.0138865   0.0415734 0.00101421 0.00841587 -0.0109535  -0.00153146 -0.00399628   0.0104667  0.00170308 0.000757016 -0.00218775  1.80653 0.297323 -9.63051 10.8987
-0.0964897     1.3794    3.36474   0.242439 -0.0852928 -0.0176281 0.365931 0.409901  1.73389 -0.00530985  -0.0138854   0.0415734  0.00175067  0.00902532 -0.00950536  -0.00150086 -0.00409623   0.0105527  0.00170367 0.000756773 -0.00219149  1.80652 0.297322  -9.6305 10.899
-0.21175  1.20191   3.7777    0.24245 -0.0854603 -0.0172954 0.363464 0.409827  1.73354 -0.00531326  -0.0138863   0.0415722   0.0021463  0.00728723 -0.00680025  -0.00141983 -0.00396953   0.0102669  0.00170513  0.00075781 -0.00219861  1.80652 0.297322 -9.63048 10.8993
-0.32798  1.06132  3.98887   0.242808 -0.0854961 -0.0174382 0.361252 0.407463  1.73312 -0.00531646    -0.01389   0.0415688   0.0046308  0.00611933 -0.00675717   -0.0013289 -0.00387046   0.0101195  0.00170437 0.000758554 -0.00219874  1.80652 0.297322 -9.63048 10.8997
-0.166211  0.913892   3.95402   0.242736 -0.0851551 -0.0177385 0.363047 0.408555  1.73352 -0.00531732  -0.0138905     0.04157  0.00386729  0.00774689 -0.00822812   -0.0014454 -0.00376173   0.0101449  0.00170426 0.000757853   -0.002196  1.80652 0.297322 -9.63049 10.9002
-0.0942252    0.95699    3.56412   0.243265 -0.0847519 -0.0174213  0.36447 0.404345   1.7336 -0.0053176 -0.0138875  0.0415642  0.00649472  0.00875168 -0.00595482  -0.00149568 -0.00379454   0.0104354  0.00170373 0.000757423 -0.00220074  1.80652 0.297321 -9.63048 10.9009
-0.103431   0.92221   3.54281   0.243588 -0.0855523 -0.0175823 0.358481 0.403058  1.73228 -0.00531419  -0.0138858   0.0415636  0.00778756  0.00382086 -0.00637697  -0.00148886 -0.00376881   0.0104511  0.00170292 0.000759568 -0.00219952  1.80652 0.297321 -9.63048 10.9018
-0.187459   1.06916   3.88417   0.243328 -0.0855634 -0.0161819 0.358105  0.40482  1.73236 -0.00531483  -0.0138844   0.0415652 0.00391921 0.00298448 0.00123453  -0.00142406 -0.00386946   0.0102109  0.00170786 0.000760155 -0.00222052  1.80651 0.297319 -9.63043 10.9032
-0.396001   1.07418   4.10021    0.24334 -0.0857683 -0.0158022 0.355605  0.40545   1.7319 -0.00531807  -0.0138839    0.041563 0.00267777 0.00184646  0.0026832   -0.0012707 -0.00387251   0.0100587  0.00170913 0.000761009 -0.00222543  1.80651 0.297319 -9.63042 10.9036
-0.241013   1.03489   3.83895   0.242867  -0.086167 -0.0163151 0.353471 0.410343  1.73142 -0.00532035  -0.0138803   0.0415612 -0.000818498  0.000195838 -0.000193922  -0.00138388 -0.00384498   0.0102449  0.00170975 0.000761778 -0.00221983  1.80651 0.297319 -9.63043 10.9045
-0.0419874     1.1289    3.53224   0.242544 -0.0865738 -0.0161531 0.351223 0.412884  1.73082 -0.00531921  -0.0138821   0.0415609 -0.00304629 -0.00222134 0.000541088  -0.00152865 -0.00391228   0.0104605  0.00171135  0.00076274 -0.00222318  1.80651 0.297318 -9.63042 10.905
-0.233709   1.07967   3.43117   0.243156 -0.0868111 -0.0162376 0.349449 0.407851  1.73037 -0.0053177 -0.0138738  0.0415613  0.00118046 -0.00338093 0.000151449   -0.0014008 -0.00387696   0.0105281  0.00170886 0.000763235 -0.00222026  1.80651 0.297318 -9.63043 10.9057
-0.20991  1.09083  3.82348   0.242568 -0.0869944  -0.015251 0.349101 0.411842  1.73051 -0.00531902  -0.0138696   0.0415596 -0.00307005 -0.00441697  0.00480253  -0.00140884 -0.00388696   0.0102563  0.00171327 0.000763746 -0.00223472  1.80651 0.297316 -9.63039 10.9068
-0.386792  0.971155   4.03047   0.242688 -0.0869768  -0.014873 0.349531 0.409637  1.73066 -0.00531799  -0.0138738   0.0415598 -0.00155229 -0.00338711  0.00569435   -0.0012875 -0.00380068   0.0101037  0.00171293 0.000763444 -0.00223672   1.8065 0.297317 -9.63039 10.9072
-0.239571  0.908965   4.01708   0.242514 -0.0873748 -0.0148988 0.347539 0.411176  1.73024 -0.00532102  -0.0138724   0.0415602 -0.00244927 -0.00508272  0.00485478  -0.00139657 -0.00375381   0.0101091  0.00171327 0.000764198 -0.00223566   1.8065 0.297317 -9.63039 10.9077
0.0321117  0.922588   3.72415   0.241896 -0.0877747  -0.014576 0.346095  0.41577  1.72988 -0.00531981   -0.013872   0.0415648 -0.00639941 -0.00669699  0.00588502  -0.00160073   -0.003764   0.0103166  0.00171599  0.00076491 -0.00224074   1.8065 0.297316 -9.63037 10.9085
0.128117 0.974677  3.55889   0.242233  -0.087497 -0.0138789 0.348327 0.411424  1.73024 -0.00532013  -0.0138634   0.0415613 -0.00395977 -0.00515628  0.00882005  -0.00167369 -0.00380167   0.0104362  0.00171571 0.000764235  -0.0022471   1.8065 0.297315 -9.63036 10.9093
-0.0897635    1.07922    3.84422   0.241466 -0.0873937 -0.0133955 0.350034 0.416644  1.73085 -0.00532007  -0.0138593   0.0415565 -0.00853842 -0.00379794   0.0100194  -0.00152268 -0.00387441   0.0102378  0.00171886 0.000763809 -0.00225328   1.8065 0.297314 -9.63034 10.9102
-0.293847  0.972815   3.91773   0.241628  -0.087605 -0.0137933 0.348905 0.413349   1.7306 -0.00532171  -0.0138606   0.0415559 -0.00549532 -0.00390197  0.00642525  -0.00137973 -0.00379837   0.0101852  0.00171558 0.000763852 -0.00224255   1.8065 0.297315 -9.63037 10.9107
-0.167683   1.05687   3.94562   0.240751 -0.0873249  -0.014485 0.351827 0.420305  1.73134 -0.00531874  -0.0138538   0.0415529  -0.0104817 -0.00210852   0.0022814   -0.0014635 -0.00385995   0.0101634  0.00171645 0.000762749 -0.00223458   1.8065 0.297315 -9.63039 10.9118
-0.0554984    1.18159    3.57839   0.241258 -0.0873283 -0.0142826 0.351694 0.414579  1.73108 -0.00531942  -0.0138448   0.0415599 -0.00562067 -0.00199383  0.00267275  -0.00154638 -0.00395204   0.0104298  0.00171448 0.000762702 -0.00223499   1.8065 0.297314 -9.63039 10.9124
-0.0208343    1.30822    3.45306   0.241276  -0.087367 -0.0140814 0.351639 0.413633  1.73101 -0.00532058  -0.0138423   0.0415614 -0.00457123 -0.00226164  0.00358793  -0.00157438 -0.00404415     0.01052  0.00171452 0.000762758  -0.0022369   1.8065 0.297314 -9.63038 10.9126
-0.093991   1.06021   3.69429   0.241118 -0.0875855 -0.0148707 0.350505 0.415218  1.73087 -0.00532145   -0.013842   0.0415625  -0.00456644  -0.00312027 -0.000851961  -0.00152354 -0.00387094   0.0103506  0.00171291  0.00076293 -0.00222611  1.80651 0.297315 -9.63041 10.9134
-0.312869   1.09631   3.84285   0.241038 -0.0878942 -0.0148501 0.348858 0.414771   1.7306 -0.00532268  -0.0138431   0.0415609  -0.00412153  -0.00415071 -0.000946321  -0.00135258  -0.0038986   0.0102429  0.00171286 0.000763476 -0.00222685  1.80651 0.297315 -9.63041 10.9137
-0.176082   0.99314    3.9358   0.241666 -0.0874502 -0.0149203 0.351618  0.40877  1.73111 -0.00532156  -0.0138515   0.0415582 0.000696953 -0.00130955 -0.00184402  -0.00144801  -0.0038253   0.0101803  0.00171003  0.00076235 -0.00222355  1.80651 0.297316 -9.63042 10.9145
-0.0462482    1.09816    3.50775   0.241738  -0.086923 -0.0147457  0.35525 0.407821   1.7317 -0.00532631  -0.0138507   0.0415564  0.000956862   0.00115843 -0.000767182  -0.00154914 -0.00390002   0.0104928  0.00171022 0.000761114 -0.00222581  1.80651 0.297316 -9.63041 10.9151
-0.0325222    1.01838    3.53804   0.241762 -0.0866137 -0.0143563 0.357105 0.407158  1.73212 -0.00532693  -0.0138503   0.0415561 0.000733369  0.00215095  0.00128231  -0.00155345 -0.00384183   0.0104714    0.001711 0.000760528  -0.0022306  1.80651 0.297315  -9.6304 10.9156
-0.119232    1.0653    3.8079    0.24161 -0.0866985  -0.014087 0.356336 0.408265  1.73208 -0.00532807  -0.0138503    0.041556 -0.000620095   0.00118928   0.00217431  -0.00148272 -0.00387476   0.0102801  0.00171214 0.000760897 -0.00223433  1.80651 0.297315 -9.63039 10.9159
-0.315882   1.08143   3.86239   0.241737 -0.0869132 -0.0147672 0.354457 0.408051  1.73171 -0.00532891  -0.0138489   0.0415545 0.000471673 0.000678721 -0.00177229  -0.00134106  -0.0038849   0.0102384  0.00171005 0.000761329 -0.00222488  1.80651 0.297315 -9.63042 10.9166
-0.301354   0.96927   3.99507   0.241258 -0.0876774 -0.0149798 0.349881  0.41263  1.73086 -0.00533464  -0.0138424   0.0415521 -0.00306199 -0.00276403 -0.00286001  -0.00134908 -0.00380821   0.0101487  0.00171153 0.000763069 -0.00222412  1.80651 0.297315 -9.63042 10.9175
-0.279115  0.928809   3.65377   0.241401  -0.088242 -0.0149779 0.346497 0.411429  1.72994 -0.00533492  -0.0138443   0.0415489 -0.00219308 -0.00515289 -0.00258385  -0.00136872 -0.00377917   0.0103992  0.00171112 0.000764311 -0.00222448  1.80651 0.297315 -9.63042 10.9181
-0.0538288    1.03253     3.4951    0.24169 -0.0877305 -0.0144477 0.350175 0.407885  1.73062 -0.00533724  -0.0138384   0.0415471 -0.000184161  -0.00220666    3.782e-05  -0.00153596 -0.00385625   0.0105151  0.00171109  0.00076312 -0.00223045  1.80651 0.297314  -9.6304 10.9189
-0.114514    1.0241   3.76447     0.2418 -0.0877564 -0.0144252  0.35014 0.406842  1.73071 -0.00533774  -0.0138404   0.0415473   0.00091581  -0.00255079 -4.54979e-05  -0.00148233 -0.00385056   0.0103206  0.00171069 0.000763117 -0.00223046  1.80651 0.297314  -9.6304 10.919
-0.303515   1.12583   3.91182    0.24195 -0.0879755 -0.0151409 0.349099 0.406756  1.73055 -0.00533754  -0.0138399   0.0415475  0.00271691 -0.00323137 -0.00358643  -0.00135066 -0.00391755   0.0102199  0.00170877 0.000763285  -0.0022215  1.80651 0.297315 -9.63042 10.9198
-0.27778 0.986346  3.95414   0.241354 -0.0872332 -0.0159187 0.354778 0.412152  1.73194 -0.00533405  -0.0138325   0.0415499 -0.000920152   0.00133005  -0.00733705  -0.00136157 -0.00382438     0.01019  0.00170915  0.00076108 -0.00221357  1.80652 0.297315 -9.63044 10.921
-0.169643  0.880778   3.65329   0.241874 -0.0873726 -0.0156666 0.353441 0.407604  1.73143 -0.00533367  -0.0138324   0.0415475  0.00226577  0.00074122 -0.00578167  -0.00144581 -0.00374602    0.010406  0.00170812 0.000761598 -0.00221669  1.80651 0.297315 -9.63044 10.9216
-0.00984759    0.895832     3.57026   0.241999 -0.0878813 -0.0153768 0.350078 0.406756  1.73065 -0.00532963  -0.0138303   0.0415506  0.00218702 -0.00212567  -0.0041455  -0.00156256 -0.00375495   0.0104616   0.0017088 0.000762918 -0.00222172  1.80651 0.297314 -9.63042 10.9222
-0.114911    1.0334   3.78014   0.241845 -0.0876065 -0.0159914 0.35217 0.40808 1.73119 -0.00532932  -0.0138311   0.0415496 0.000626289  -0.0002245 -0.00679865  -0.00148421 -0.00385464    0.010303  0.00170818 0.000762025 -0.00221548  1.80652 0.297315 -9.63044 10.9229
-0.364521    1.1045   3.92366   0.242014 -0.0879176 -0.0166004 0.350008 0.407567  1.73078 -0.00533081  -0.0138316    0.041549  0.00122898 -0.00170916 -0.00899492  -0.00131633 -0.00389872   0.0102057  0.00170679 0.000762684 -0.00221018  1.80652 0.297315 -9.63045 10.9236
-0.210828   1.04153   3.90363   0.242194   -0.08759 -0.0173014 0.352217  0.40672  1.73124 -0.00532963  -0.0138336   0.0415501  0.00207639 0.000584914  -0.0118502  -0.00141588 -0.00385968   0.0102176   0.0017049 0.000761694 -0.00220268  1.80652 0.297316 -9.63047 10.9244
0.0158091  0.970253   3.64669   0.241767 -0.0875601 -0.0172902 0.352845 0.410288   1.7313 -0.00532976  -0.0138359   0.0415496 -0.00128284 8.76784e-05  -0.0112986  -0.00157508 -0.00381077   0.0103919  0.00170707 0.000761628 -0.00220675  1.80652 0.297316 -9.63046 10.9248
0.0318482  0.942159   3.52469   0.241874 -0.0879015 -0.0168869 0.350594   0.4088  1.73074 -0.00532642   -0.013833   0.0415521 -0.000941801  -0.00232941  -0.00855508   -0.0015871 -0.00378972   0.0104737  0.00170803 0.000762564 -0.00221417  1.80652 0.297315 -9.63044 10.9254
-0.0371096    1.01524    3.74623    0.24184 -0.0880863 -0.0176423 0.349672 0.409566  1.73064 -0.00532759  -0.0138353   0.0415519 -0.00105973 -0.00402291  -0.0112661  -0.00153243 -0.00384505   0.0103051  0.00170675 0.000762751 -0.00220671  1.80652 0.297316 -9.63046 10.9261
-0.302573   1.30768   3.76658   0.241859 -0.0884929 -0.0179224 0.347769 0.409328  1.73031 -0.00533055  -0.0138375   0.0415513 -1.92816e-05  -0.00570447    -0.011167  -0.00136351 -0.00404553   0.0102862  0.00170697 0.000763468 -0.00220835  1.80652 0.297316 -9.63046 10.9266
-0.247045   1.02292   3.94222   0.241643 -0.0881042 -0.0177717 0.350976 0.410347  1.73115 -0.00533174  -0.0138372   0.0415527 -0.00125042 -0.00294102 -0.00964228  -0.00139789 -0.00383162    0.010158  0.00170823 0.000762366 -0.00221226  1.80652 0.297315 -9.63045 10.9271
-0.0979472    1.16877    3.53433   0.241929 -0.0894435 -0.0182551  0.34284 0.408995  1.72917 -0.00532725  -0.0138334   0.0415546  0.00111392 -0.00977445  -0.0111155  -0.00150365 -0.00393143   0.0104384  0.00170679 0.000765244 -0.00220831  1.80652 0.297315 -9.63046 10.9286
-0.000965777      1.10345      3.52156   0.241985 -0.0895692 -0.0179771 0.343041 0.408207  1.72918 -0.00532695  -0.0138322   0.0415555  0.00132076 -0.00956679 -0.00900875  -0.00157239  -0.0038828   0.0104468  0.00170768 0.000765288 -0.00221392  1.80652 0.297315 -9.63044 10.9289
-0.161196   1.16133   3.67398   0.241666 -0.0893017 -0.0178359 0.345984  0.41038  1.72994 -0.0053268  -0.013833  0.0415551 -0.000687012  -0.00732129    -0.007797  -0.00145483 -0.00392733   0.0103257  0.00170944 0.000764316 -0.00221848  1.80651 0.297314 -9.63043 10.9293
-0.283049   1.27601   3.76104    0.24175 -0.0896203 -0.0179171 0.345239 0.409762  1.72982 -0.00532797  -0.0138344   0.0415555 0.000902202 -0.00697429  -0.0068987  -0.00138093 -0.00400262   0.0102567  0.00170957 0.000764608 -0.00222067  1.80651 0.297314 -9.63043 10.9296
-0.301237   0.94524   3.90544   0.241724 -0.0890669 -0.0178781   0.3497 0.409306  1.73089 -0.00532975  -0.0138351   0.0415587 0.000719834 -0.00262976 -0.00683447  -0.00135881  -0.0037582   0.0101545  0.00170977 0.000763004 -0.00222169  1.80651 0.297315 -9.63042 10.9302
-0.0896694    1.11973    3.62787   0.242205 -0.0885641 -0.0181087 0.352893  0.40534  1.73138 -0.00532999  -0.0138323   0.0415598  0.00395496 0.000656051 -0.00766747  -0.00152004 -0.00388391   0.0103531  0.00170771 0.000761763 -0.00221861  1.80651 0.297315 -9.63043 10.9309
-0.071927   1.16609   3.48729   0.242919 -0.0882804 -0.0179034 0.354227  0.39966  1.73154 -0.00533095  -0.0138257   0.0415621  0.00829166  0.00183702 -0.00599399  -0.00152748 -0.00391858   0.0104557  0.00170617 0.000761253 -0.00222105  1.80651 0.297314 -9.63043 10.9317
-0.125314   1.13268   3.75237   0.242564 -0.0875644 -0.0181602 0.358995 0.403326  1.73275 -0.0053287 -0.0138236  0.0415614  0.00553283  0.00544912 -0.00696326  -0.00148393 -0.00389371   0.0102578  0.00170728 0.000759516  -0.0022199  1.80651 0.297314 -9.63043 10.9326
-0.239247   1.31969    3.9171   0.242825  -0.087698 -0.0180207 0.356836 0.402586  1.73231 -0.00533295  -0.0138256   0.0415609  0.00650351  0.00353607 -0.00521574  -0.00138799 -0.00402012   0.0101443  0.00170797 0.000760409 -0.00222479  1.80651 0.297314 -9.63042 10.9329
-0.307308   1.06249   4.00295   0.241983 -0.0872644 -0.0185243 0.359999 0.410595   1.7332 -0.00533312  -0.0138113   0.0415655 0.000524768   0.0058172 -0.00758192  -0.00134128 -0.00382966   0.0100844  0.00171027  0.00075922 -0.00222151  1.80651 0.297313 -9.63042 10.934
-0.155294   1.01815   3.70394   0.242051 -0.0870155  -0.018301 0.361096 0.409674  1.73329 -0.00533237  -0.0138131   0.0415655 0.000621769  0.00680456 -0.00601383  -0.00146199 -0.00379617   0.0103057  0.00171077 0.000758904 -0.00222536  1.80651 0.297313 -9.63041 10.9343
0.0134174  0.963309   3.49807   0.242165 -0.0867218 -0.0180122 0.362167 0.408338   1.7334 -0.00533115  -0.0138119   0.0415645 0.000744444  0.00700963 -0.00423061  -0.00158488 -0.00375962   0.0104519  0.00171126 0.000758616 -0.00223002  1.80651 0.297313  -9.6304 10.9347
-0.0867152    1.10602    3.67585    0.24238 -0.0864266   -0.01862 0.363225 0.406984  1.73368 -0.00533332  -0.0138143   0.0415656  0.00220243  0.00813065 -0.00722167  -0.00150897 -0.00385851    0.010327  0.00170922 0.000758054 -0.00222257  1.80651 0.297313 -9.63042 10.9354
-0.263361   1.19662   3.85331    0.24246  -0.086442 -0.0179324 0.361404 0.406297  1.73335 -0.00533586  -0.0138174    0.041565  0.00222934  0.00683004 -0.00301662  -0.00139838 -0.00391651   0.0102032  0.00171131 0.000758932 -0.00223426  1.80651 0.297313 -9.63039 10.9361
-0.363329  0.995665   3.96753   0.242312 -0.0865885 -0.0179957 0.359694 0.408515  1.73302 -0.00533918  -0.0138146   0.0415638 0.000946663  0.00582527  -0.0033475    -0.001337 -0.00377341   0.0101231   0.0017121  0.00075966 -0.00223468  1.80651 0.297312 -9.63039 10.9364
-0.330757   1.11022   3.55196   0.242269 -0.0869072 -0.0179362 0.357195  0.40922  1.73229 -0.00534016  -0.0138172   0.0415613 0.000444189   0.0042525 -0.00276625  -0.00136132 -0.00385382   0.0104081  0.00171276 0.000760658 -0.00223681  1.80651 0.297312 -9.63039 10.9367
-0.217624   1.14866    3.3672   0.242455 -0.0874026 -0.0177857  0.35343 0.407942  1.73136 -0.00533548  -0.0138152   0.0415617  0.00188591  0.00136494 -0.00169672  -0.00144321 -0.00388166   0.0105412  0.00171275 0.000762079 -0.00223932   1.8065 0.297312 -9.63038 10.9372
-0.201439   1.02288   3.74824   0.242686 -0.0868174 -0.0185964 0.356827 0.406631  1.73226 -0.00533678  -0.0138183   0.0415596  0.00372716   0.0048004 -0.00587038  -0.00144552  -0.0037877   0.0102614  0.00170996 0.000760602 -0.00222813  1.80651 0.297313 -9.63041 10.9383
-0.224743   1.19444    3.9559   0.242818 -0.0872938 -0.0174255 0.352588 0.405666  1.73132 -0.00534531  -0.0138203   0.0415598  0.00408359     0.00106 0.000805778  -0.00141159 -0.00391029   0.0101114  0.00171318 0.000762523  -0.0022458   1.8065 0.297311 -9.63036 10.9395
-0.317012   1.03929    4.0935   0.242841  -0.087719 -0.0174036 0.349666 0.406494  1.73074 -0.00535076  -0.0138186   0.0415589   0.00397701 -0.000943955   0.00060439  -0.00135275 -0.00379889   0.0100109  0.00171355 0.000763611 -0.00224606   1.8065 0.297311 -9.63036 10.94
-0.299596   1.08681   3.60727   0.243193 -0.0875069 -0.0169321 0.350984 0.403643  1.73079 -0.00535321   -0.013821    0.041559  0.00575233 0.000598464  0.00281881  -0.00137302  -0.0038333   0.0103494   0.0017136 0.000763196  -0.0022512   1.8065 0.297311 -9.63035 10.9406
-0.0584209    1.08876     3.4071   0.243892 -0.0865857 -0.0167689  0.35653 0.398362  1.73184 -0.00535813  -0.0138131   0.0415531 0.00957564 0.00559694 0.00303066  -0.00154822 -0.00383309   0.0104848  0.00171152 0.000761194  -0.0022503   1.8065  0.29731 -9.63035 10.9417
-0.0508085     1.0499    3.71086     0.2432 -0.0864668 -0.0172167 0.357359 0.405536  1.73224 -0.00535945  -0.0138108   0.0415535  0.00410958  0.00570707 0.000570736  -0.00155591 -0.00380433   0.0102715  0.00171335 0.000760873 -0.00224631   1.8065 0.297311 -9.63036 10.9426
-0.170327   1.23872   3.88522   0.243479 -0.0866062 -0.0164054 0.355183 0.403672  1.73181 -0.00536443  -0.0138145   0.0415556 0.00535502 0.00324095 0.00431208  -0.00146607 -0.00393213   0.0101532   0.0017147 0.000761847 -0.00225622   1.8065  0.29731 -9.63034 10.9434
-0.337843   1.00592   4.07908   0.243274 -0.0859363 -0.0167978 0.359205 0.406293  1.73282 -0.00536154  -0.0138064    0.041558 0.00351858 0.00659595 0.00155379  -0.00135029 -0.00376957   0.0100136  0.00171448 0.000760231 -0.00225031   1.8065  0.29731 -9.63035 10.9443
-0.119074  0.926562   3.73985   0.243145 -0.0859345  -0.016744 0.358727 0.407282  1.73261 -0.00536292  -0.0138073   0.0415584 0.00206715 0.00619874  0.0015047  -0.00150793 -0.00371297   0.0102547   0.0017152 0.000760386 -0.00225112   1.8065  0.29731 -9.63035 10.9444
0.0588075  0.824431   3.58559   0.243029 -0.0864377  -0.016695 0.354979 0.408831  1.73173 -0.0053607 -0.0138103   0.041566 0.000414864  0.00239017   0.0013461  -0.00163694 -0.00363902   0.0103676  0.00171597 0.000761744 -0.00225206   1.8065  0.29731 -9.63035 10.9449
0.051262  1.07762  3.68938   0.242638 -0.0862806 -0.0171791 0.356052   0.4124  1.73204 -0.00536185  -0.0138118   0.0415632 -0.00223018  0.00274931 -0.00120756  -0.00163069  -0.0038206   0.0102924  0.00171618 0.000761326 -0.00224693   1.8065 0.297311 -9.63036 10.9456
-0.21107  1.09335  3.90628   0.242717 -0.0863546 -0.0160826 0.354861 0.410099  1.73186 -0.00536391  -0.0138172   0.0415651 -0.00149781  0.00111099  0.00411915  -0.00145632  -0.0038285    0.010151  0.00171829  0.00076198 -0.00226113   1.8065  0.29731 -9.63033 10.9467
-0.336795   1.03451   4.16086   0.242616 -0.0857733 -0.0165219 0.358348 0.410797  1.73276 -0.0053589 -0.0138138   0.041568 -0.00167339  0.00439342  0.00138959  -0.00136606 -0.00378786  0.00997221  0.00171715 0.000760521 -0.00225426   1.8065  0.29731 -9.63034 10.9474
-0.191119   1.02347   3.69749    0.24262 -0.0865175 -0.0168518  0.35353 0.411444  1.73153 -0.00536366  -0.0138119   0.0415638 -0.00122814 0.000188335 -0.00052714  -0.00148532 -0.00377585   0.0103302  0.00171643 0.000762262 -0.00224999   1.8065  0.29731 -9.63035 10.9482
-0.279957  0.983574   3.45607   0.243278 -0.0865485 -0.0168316 0.352884 0.405999  1.73125 -0.00536399  -0.0138021    0.041563    0.0035266  0.000486806 -0.000946841   -0.0014198 -0.00374332   0.0105039  0.00171412 0.000762399 -0.00224853   1.8065  0.29731 -9.63036 10.9489
-0.146022   1.00933   3.62625   0.243163 -0.0864991  -0.017003 0.353284 0.407697  1.73141 -0.00536442  -0.0138026    0.041563  0.00216365 0.000899039 -0.00153945  -0.00150786 -0.00376165   0.0103797   0.0017143  0.00076227 -0.00224691   1.8065  0.29731 -9.63036 10.9491
-0.216879   1.17162   3.93932   0.243195 -0.0869013 -0.0157904 0.350315 0.406874   1.7309 -0.00537286  -0.0138067   0.0415628  0.00178493 -0.00136568  0.00436124  -0.00146272 -0.00386965   0.0101684  0.00171748 0.000763723 -0.00226374   1.8065 0.297309 -9.63032 10.9504
-0.312556  0.997384    4.0599   0.242945  -0.086967 -0.0162067 0.350283 0.409799  1.73105 -0.00537428  -0.0137998   0.0415617 8.93712e-05 -0.00141338  0.00163055  -0.00138409 -0.00374932   0.0100855  0.00171724 0.000763626 -0.00225745   1.8065 0.297309 -9.63034 10.9508
-0.372993   1.13462   3.68877   0.242539 -0.0868519 -0.0165197  0.35156 0.413417   1.7312 -0.00537687  -0.0137998   0.0415597  -0.00241062 -0.000473075  3.45566e-05  -0.00133504 -0.00385292   0.0103499    0.001718 0.000763153 -0.00225447   1.8065 0.297309 -9.63034 10.9514
-0.234706   1.03708   3.43726   0.243159 -0.0864854 -0.0164285  0.35359 0.407828  1.73148 -0.00537932  -0.0137919   0.0415603 0.00241823 0.00165612 8.4134e-05  -0.00143567   -0.003784   0.0105233  0.00171578 0.000762341 -0.00225337   1.8065 0.297308 -9.63035 10.9521
-0.219632   1.20601   3.55959   0.242571 -0.0858627 -0.0164645 0.357864 0.412641  1.73247 -0.00538233  -0.0137956   0.0415541   -0.0013178   0.00514071 -1.64477e-05  -0.00143568 -0.00390843   0.0104294  0.00171779 0.000760919 -0.00225461   1.8065 0.297308 -9.63034 10.953
-0.207483   1.13149    3.9496   0.242515 -0.0855781 -0.0157868 0.358632 0.412057  1.73279 -0.00538339  -0.0137965   0.0415543 -0.00124007  0.00620972  0.00317738  -0.00144077 -0.00385481   0.0101666  0.00171942 0.000760818 -0.00226348   1.8065 0.297308 -9.63032 10.9537
-0.342226  0.987442   4.23119   0.242018 -0.0851054  -0.016004 0.360932 0.415843  1.73355 -0.00537976  -0.0137846   0.0415562 -0.0043867 0.00841916 0.00138742  -0.00132783 -0.00375553  0.00997439 0.00172015 0.00075991 -0.0022605   1.8065 0.297307 -9.63033 10.9544
-0.251501   1.00553   3.73445   0.242339  -0.085734 -0.0158116 0.356001 0.413125  1.73221 -0.00538301  -0.0137877   0.0415547 -0.00228666  0.00440881  0.00237322   -0.0014019 -0.00376928   0.0103334  0.00171947 0.000761729 -0.00226226   1.8065 0.297307 -9.63032 10.9551
-0.134133  0.937167   3.54414   0.242145 -0.0861334 -0.0157296 0.353138 0.414613  1.73152 -0.00538093  -0.0137908   0.0415582 -0.00359176  0.00190089  0.00217015  -0.00148014 -0.00372469   0.0104602  0.00172029 0.000762792 -0.00226354   1.8065 0.297307 -9.63032 10.9556
-0.0940753    1.08722    3.63355   0.242104 -0.0860145 -0.0160109 0.353741 0.414707  1.73169 -0.0053812 -0.0137906  0.0415585 -0.00345124  0.00203379 0.000453722  -0.00150869 -0.00383127   0.0103921  0.00171946 0.000762503 -0.00225944   1.8065 0.297307 -9.63033 10.9559
-0.233684   1.09631   3.84055   0.241973 -0.0864029 -0.0158235  0.35084 0.415033  1.73116 -0.00538342  -0.0137911   0.0415582  -0.00399276 -0.000317211   0.00132626  -0.00141929 -0.00383532   0.0102426  0.00172012 0.000763609 -0.00226207   1.8065 0.297307 -9.63032 10.9563
-0.367493  0.967393   4.17465   0.241572 -0.0861704 -0.0161935 0.352228 0.417884  1.73164 -0.00538192  -0.0137829   0.0415598 -0.00612074  0.00156876  -0.0010027  -0.00132142 -0.00374681   0.0100156  0.00172014 0.000762901 -0.00225742   1.8065 0.297307 -9.63033 10.9569
-0.0818353    1.00751    3.76471   0.241436 -0.0864902 -0.0163986 0.350366 0.418728  1.73107 -0.00538435   -0.013784   0.0415588  -0.00650124 -4.71424e-05  -0.00197355  -0.00153356 -0.00377565   0.0103054  0.00171999 0.000763605 -0.00225531   1.8065 0.297307 -9.63034 10.9573
0.106254  1.13598  3.56546   0.241278 -0.0867846 -0.0158968 0.348669 0.418695  1.73062 -0.00538451  -0.0137804   0.0415607 -0.00654321 -0.00216787 0.000518303  -0.00166758 -0.00386492   0.0104399  0.00172152 0.000764414 -0.00226292   1.8065 0.297306 -9.63032 10.9579
0.111664  1.18357  3.56528    0.24162 -0.0859046 -0.0162648 0.354165 0.414997  1.73177 -0.00538633  -0.0137786    0.041558 -0.00297019  0.00212302 -0.00147272  -0.00167758 -0.00389712   0.0104387  0.00171882 0.000762256  -0.0022562   1.8065 0.297307 -9.63034 10.959
-0.200153   1.14896   3.76535   0.241488 -0.0860723 -0.0157645 0.352847 0.415044  1.73158 -0.00538777  -0.0137802   0.0415577 -0.00266519 0.000226283 0.000988496  -0.00145161 -0.00387363   0.0103033  0.00172036 0.000762887 -0.00226362   1.8065 0.297306 -9.63032 10.9595
-0.289479  0.981834   3.96078   0.241721 -0.0867787 -0.0159496 0.348045 0.413311  1.73058 -0.00539403  -0.0137823   0.0415515 -0.000555405  -0.00324302 -0.000455166  -0.00138707 -0.00375341   0.0101712  0.00171897 0.000764575 -0.00226013   1.8065 0.297306 -9.63033 10.9603
-0.282445   1.07345   3.70274   0.241475 -0.0875157 -0.0162357 0.343985 0.415966  1.72965 -0.00539488  -0.0137814   0.0415483 -0.00208006 -0.00647922 -0.00203295  -0.00139744 -0.00382042    0.010354  0.00171937 0.000766075 -0.00225777   1.8065 0.297306 -9.63033 10.9611
-0.0999698   0.912368    3.47601   0.242333  -0.086867 -0.0158071  0.34824 0.407923  1.73035 -0.00539709  -0.0137733   0.0415398   0.00331867  -0.00223511 -0.000124695  -0.00152917 -0.00370771   0.0105082  0.00171701 0.000764578 -0.00226053   1.8065 0.297305 -9.63033 10.9623
-0.159942  0.989167   3.54833   0.242856 -0.0868012 -0.0155582 0.348851 0.403875  1.73047 -0.00539692  -0.0137711   0.0415382  0.00610269 -0.00165532  0.00126525    -0.001492 -0.00376147   0.0104544  0.00171585 0.000764514 -0.00226242   1.8065 0.297305 -9.63032 10.9628
-0.202251   1.18587   3.79032   0.242747 -0.0868263  -0.014331 0.349073   0.4048  1.73062 -0.00540137  -0.0137717    0.041537  0.00439825 -0.00167992  0.00674073  -0.00145365 -0.00389207   0.0102921  0.00171952 0.000764823 -0.00227864  1.80649 0.297304 -9.63028 10.9641
-0.300424  0.996992   3.93574    0.24307 -0.0867936 -0.0144397 0.349131 0.403584  1.73065 -0.00540295  -0.0137729   0.0415367   0.00582124 -0.000812502   0.00522358  -0.00138327 -0.00375892   0.0101909  0.00171808  0.00076458 -0.00227388  1.80649 0.297304  -9.6303 10.9644
-0.277054  0.977696    3.8454   0.242511 -0.0872703 -0.0145715  0.34627 0.409121  1.73012 -0.00540434  -0.0137678   0.0415369  0.00169338 -0.00310439  0.00415988  -0.00140176 -0.00374693   0.0102512  0.00171994 0.000765491 -0.00227331  1.80649 0.297304  -9.6303 10.9652
-0.0565735   0.981115    3.56877   0.242187 -0.0874742   -0.01404 0.345678 0.411583  1.72993 -0.00540313  -0.0137707   0.0415384 -0.000802096  -0.00376588   0.00604139  -0.00155897  -0.0037497   0.0104443  0.00172234 0.000765912 -0.00228049  1.80649 0.297303 -9.63028 10.9658
0.0150576   1.03288   3.56179   0.242346 -0.0875898 -0.0137945 0.345242 0.410063   1.7298 -0.00540258  -0.0137688   0.0415392 0.000127384 -0.00471533  0.00694047  -0.00160671 -0.00378426   0.0104503  0.00172208 0.000766099 -0.00228201  1.80649 0.297303 -9.63028 10.9661
-0.198859   1.02508   3.92865   0.242209 -0.0878467 -0.0136417 0.343904  0.41102  1.72965 -0.00540365  -0.0137676   0.0415386 -0.000931417   -0.0055969   0.00629895  -0.00146048 -0.00377729   0.0102057  0.00172254 0.000766396 -0.00228228  1.80649 0.297303 -9.63027 10.9665
-0.333557  0.916058   4.00095   0.242297 -0.0885112 -0.0146149 0.340611 0.411543  1.72897 -0.00541053  -0.0137649   0.0415341  -0.00044961  -0.00759997 -9.79616e-05  -0.00137331 -0.00369884   0.0101543  0.00171962 0.000767307 -0.00226728   1.8065 0.297304 -9.63031 10.9676
-0.173456   1.11036   3.81976   0.242603  -0.087698 -0.0153712 0.346014  0.40954  1.73002 -0.00540731  -0.0137645   0.0415381  0.00184032 -0.00264268 -0.00408883  -0.00148745 -0.00383531   0.0102804  0.00171658 0.000764986 -0.00225643   1.8065 0.297305 -9.63034 10.9688
0.0747426  0.864604   3.62125   0.242673 -0.0878732 -0.0149457  0.34527 0.408827  1.72974 -0.00540583  -0.0137649   0.0415419  0.00140083 -0.00357384 -0.00168531  -0.00165862 -0.00366966   0.0104126  0.00171766 0.000765372 -0.00226271   1.8065 0.297304 -9.63032 10.9693
-0.0400664   0.899489    3.53449   0.243292 -0.0883088 -0.0149626 0.342426 0.404134  1.72905 -0.00540357  -0.0137589   0.0415394  0.00476711 -0.00594193 -0.00151825  -0.00157644 -0.00369529   0.0104733  0.00171557 0.000766328 -0.00226125   1.8065 0.297304 -9.63033 10.97
-0.170768   1.06312   3.85722   0.243013 -0.0883917 -0.0138195 0.34298 0.40599 1.72936 -0.00540688  -0.0137592   0.0415386  0.00149726 -0.00596664  0.00397889  -0.00148909 -0.00380995   0.0102379  0.00171971 0.000766507 -0.00227793  1.80649 0.297303 -9.63029 10.9712
-0.326977   1.00362   4.06168   0.242857 -0.0886311 -0.0138272 0.342657  0.40778  1.72943 -0.00540726  -0.0137551   0.0415376 8.35479e-05 -0.00603652  0.00320939  -0.00137831  -0.0037684   0.0100918  0.00172012 0.000766609  -0.0022768  1.80649 0.297302 -9.63029 10.9715
-0.118709   1.01079   3.78026   0.242623 -0.0882013 -0.0144052 0.346242 0.409975  1.73013 -0.00540643  -0.0137542   0.0415364 -0.000964795   -0.0029527 -0.000160646  -0.00152964  -0.0037736   0.0102889  0.00171935 0.000765202 -0.00226901   1.8065 0.297303 -9.63031 10.9722
-0.0268862    1.00037    3.46377   0.243413 -0.0877542 -0.0142122 0.348974 0.403021  1.73052 -0.00540925   -0.013745   0.0415364   0.00457359 -0.000549481  0.000659751  -0.00158898 -0.00376876   0.0104996  0.00171684 0.000764133 -0.00226885   1.8065 0.297302 -9.63031 10.9732
0.017727 0.958948  3.54526   0.243385   -0.08772 -0.0144249 0.349317 0.403933  1.73062 -0.00540974  -0.0137462   0.0415363    0.0043548 -0.000669855 -0.000704846  -0.00163202 -0.00373552   0.0104374  0.00171663 0.000763967 -0.00226613   1.8065 0.297303 -9.63031 10.9734
-0.181997   1.07451   3.81339   0.243283 -0.0878366 -0.0143613 0.348766 0.405518  1.73063 -0.00541047  -0.0137465   0.0415356   0.00286712  -0.00106076 -0.000243752  -0.00147873 -0.00381687   0.0102487  0.00171754 0.000764209 -0.00226797   1.8065 0.297302 -9.63031 10.9736
-0.360625  0.985627   4.05077   0.243575 -0.0876157 -0.0139971 0.349855 0.402911  1.73091 -0.00540916  -0.0137522   0.0415382  0.00429298 0.000685016  0.00101201  -0.00134905 -0.00375277   0.0100805  0.00171757 0.000763752   -0.002272   1.8065 0.297303  -9.6303 10.9741
-0.305391  0.984865   3.85777   0.243534 -0.0872976 -0.0144583 0.351984 0.404052  1.73131 -0.00540805  -0.0137496   0.0415397 0.00354684 0.00281514 -0.0014746  -0.00139427 -0.00375039    0.010217  0.00171676 0.000762858  -0.0022659   1.8065 0.297303 -9.63032 10.9746
-0.131403  0.917472    3.5771   0.242956 -0.0874912 -0.0141591 0.350973 0.409041  1.73104 -0.00540711  -0.0137553   0.0415427 -0.00130999  0.00141039 7.42945e-05  -0.00151728 -0.00370617   0.0104037  0.00171991 0.000763417 -0.00227223  1.80649 0.297303  -9.6303 10.9753
-0.0108787   0.858383    3.47305   0.243232 -0.0872491 -0.0140154 0.352243 0.406388  1.73124 -0.00540785  -0.0137526   0.0415403 -5.09737e-05   0.00235009  0.000506725  -0.00160169 -0.00366352   0.0104787  0.00171911 0.000762976 -0.00227296  1.80649 0.297303  -9.6303 10.9757
-0.161122   1.06304   3.75192   0.242419 -0.0871054 -0.0140266 0.353398 0.412844  1.73173 -0.00540752  -0.0137483    0.041535 -0.00631909   0.0027708 7.77367e-06  -0.00150433 -0.00379977   0.0102859  0.00172186 0.000762695 -0.00227509  1.80649 0.297302 -9.63029 10.9765
-0.308945    1.0215   4.03141   0.242831 -0.0870274 -0.0148984 0.352371 0.408779  1.73154 -0.00540862  -0.0137574    0.041537 -0.00251941  0.00279397 -0.00444032  -0.00139879 -0.00376734   0.0100813  0.00171769 0.000762541 -0.00226201   1.8065 0.297304 -9.63032 10.9775
-0.130416   1.09097   3.88085   0.242182 -0.0870246 -0.0161135 0.352781 0.414921   1.7317 -0.00540543  -0.0137511   0.0415314 -0.00611264  0.00273654    -0.01022  -0.00153866 -0.00381628   0.0101872  0.00171715 0.000762268 -0.00224896  1.80651 0.297304 -9.63035 10.9789
0.0900973  0.995409   3.63642   0.241791  -0.086742 -0.0160178 0.354654 0.416871  1.73203 -0.0054063 -0.0137516    0.04153 -0.00799884  0.00341489 -0.00921761  -0.00163564  -0.0037826   0.0102866  0.00171877 0.000761744 -0.00225315   1.8065 0.297304 -9.63034 10.9794
0.150665 0.909781  3.53697   0.242028 -0.0865557 -0.0158607  0.35535 0.413603   1.7321 -0.0054062 -0.0137478  0.0415279 -0.00612636    0.003426 -0.00791605  -0.00166989 -0.00373248   0.0103482   0.0017181 0.000761527 -0.00225565   1.8065 0.297303 -9.63034 10.9797
-0.0809213     1.0667    3.74726   0.241391 -0.0864026 -0.0161465  0.35628 0.417951  1.73249 -0.00540637  -0.0137466   0.0415255 -0.00991552  0.00334341 -0.00851092  -0.00153414 -0.00383072   0.0102106  0.00171966 0.000761225 -0.00225559   1.8065 0.297303 -9.63034 10.9804
-0.360847   1.06461   3.93303   0.241193 -0.0867432 -0.0164442 0.352999 0.417159  1.73185 -0.0054098  -0.013748  0.0415211 -0.00861647  0.00121602 -0.00898407   -0.0013473 -0.00382979   0.0100838  0.00171935 0.000762378 -0.00225543   1.8065 0.297303 -9.63034 10.9809
-0.172363   1.07311   3.91677   0.241254 -0.0869092 -0.0175981  0.35173 0.416607  1.73153 -0.00540969  -0.0137503   0.0415201 -0.00630068  0.00104052  -0.0144324  -0.00148027 -0.00383374   0.0100928  0.00171635 0.000762582 -0.00224199  1.80651 0.297304 -9.63037 10.9821
0.0545006   1.12994   3.64583   0.241304 -0.0866634 -0.0174928 0.353228 0.414952  1.73172 -0.00541063  -0.0137479   0.0415203 -0.00488553  0.00190747  -0.0125743  -0.00164813 -0.00387217   0.0102786  0.00171655 0.000762139 -0.00224583  1.80651 0.297304 -9.63036 10.9824
0.130105 0.975647   3.5365   0.241209  -0.086846 -0.0172794  0.35194 0.414828  1.73141 -0.00540936  -0.0137476    0.041523 -0.00488951 0.000178942  -0.0105572  -0.00169975 -0.00376013   0.0103569  0.00171764 0.000762695 -0.00225121   1.8065 0.297303 -9.63035 10.9827
-0.142713   1.13236   3.72704   0.241628 -0.0869721 -0.0180687 0.350603 0.411314  1.73117 -0.00540967  -0.0137517   0.0415261 -0.000833724 -0.000455649   -0.0136531  -0.00151097 -0.00386669   0.0102207  0.00171455   0.0007629 -0.00224245  1.80651 0.297305 -9.63037 10.9836
-0.350172    1.3413   3.82861   0.241632  -0.087576 -0.0193192 0.346804 0.412502  1.73043 -0.00540804  -0.0137482   0.0415201 0.000546978 -0.00270127  -0.0179544  -0.00137444 -0.00400233   0.0101463  0.00171272 0.000764143 -0.00223213  1.80651 0.297305 -9.63039 10.9849
-0.187366   1.13287   3.86311   0.241644  -0.087854 -0.0193908 0.345383 0.412362  1.73013 -0.00541162  -0.0137503   0.0415187  0.00080164 -0.00342326  -0.0169344  -0.00148084 -0.00386052    0.010123  0.00171333 0.000764749 -0.00223521  1.80651 0.297305 -9.63039 10.9852
0.0114147   1.01845   3.64895   0.242454 -0.0876187 -0.0194761 0.346798 0.405743  1.73025 -0.00541301  -0.0137489   0.0415149  0.00584872 -0.00214509   -0.016117  -0.00162176 -0.00377932   0.0102718  0.00171097 0.000764206  -0.0022354  1.80651 0.297305 -9.63039 10.9861
0.105757 0.909318  3.51364   0.243042 -0.0867044 -0.0195067 0.352488 0.401127  1.73137 -0.00541761  -0.0137442   0.0415062 0.00867307  0.0021485 -0.0155376  -0.00169823 -0.00369777   0.0103721   0.0017095 0.000762176 -0.00223622  1.80651 0.297304 -9.63039 10.9872
-0.0331084    1.08101    3.66482   0.243265 -0.0868673 -0.0197657 0.350677  0.40034  1.73104 -0.00541873  -0.0137457    0.041507  0.00896432 0.000102351  -0.0154227  -0.00159948 -0.00381525   0.0102679  0.00170927 0.000762652 -0.00223629  1.80651 0.297304 -9.63039 10.9875
-0.223052   1.39397   3.65637   0.243546 -0.0871504 -0.0191352 0.348848 0.399501  1.73066 -0.00542627    -0.01375   0.0415055   0.0090326 -0.00232742 -0.00991524  -0.00147166  -0.0040263   0.0102706  0.00171192 0.000763626 -0.00225067  1.80651 0.297303 -9.63035 10.9883
-0.342194   1.01463   3.90146   0.243354 -0.0869986 -0.0195384  0.35027 0.402418  1.73117 -0.00543312  -0.0137445   0.0415063   0.00702999 -0.000919314   -0.0113424  -0.00138769 -0.00377615   0.0101068  0.00171252 0.000763058 -0.00224808  1.80651 0.297303 -9.63036 10.9888
-0.305176   1.20018   3.57267   0.243286 -0.0874776 -0.0195778 0.347544  0.40401  1.73049 -0.0054344  -0.013746  0.0415012  0.00565463 -0.00319448   -0.010252  -0.00141958 -0.00391032    0.010338  0.00171356 0.000764179 -0.00225068  1.80651 0.297303 -9.63035 10.9892
-0.149799   1.25969   3.45752   0.243817 -0.0869655 -0.0197905 0.350897  0.40036  1.73113 -0.00543683  -0.0137411   0.0415058  0.00922142 0.000270661  -0.0108459  -0.00154002 -0.00395393   0.0104188  0.00171193 0.000762881 -0.00224896  1.80651 0.297302 -9.63036 10.99
0.0184466   1.16226   3.64607   0.243286 -0.0867976 -0.0201648 0.352416 0.405914  1.73162 -0.00543729  -0.0137411   0.0415045 0.00519446 0.00113265 -0.0120588  -0.00165648 -0.00388688   0.0102884  0.00171379 0.000762397 -0.00224806  1.80651 0.297303 -9.63036 10.9907
-0.198333    1.2993   3.76303   0.243532 -0.0869807 -0.0190442 0.350847 0.404038  1.73128 -0.00544102  -0.0137441    0.041505  0.00610329 0.000167334 -0.00461537  -0.00149734 -0.00397942   0.0102124  0.00171694 0.000763326 -0.00226669   1.8065 0.297301 -9.63031 10.9918
-0.340338  0.997812   4.08094   0.243065 -0.0868215  -0.018324 0.352126 0.407724  1.73183 -0.00543827  -0.0137346   0.0415112   0.00237774   0.00127652 -0.000905159   -0.0013947 -0.00377662   0.0100019  0.00172055 0.000763037 -0.00227757   1.8065   0.2973 -9.63029 10.9927
-0.179639   1.01089   3.69168   0.243216 -0.0868547 -0.0183618 0.351861 0.406905  1.73159 -0.00543997  -0.0137354   0.0415095  0.00322879  0.00120734 -0.00112166  -0.00151207 -0.00378651   0.0102796  0.00172018 0.000763144 -0.00227709   1.8065   0.2973 -9.63029 10.9929
-0.17428  1.18454  3.39033   0.243618 -0.0865858 -0.0183964 0.353249 0.404126  1.73176 -0.00544258  -0.0137295     0.04151  0.00575336  0.00301808 -0.00131769  -0.00152416 -0.00391354   0.0105007  0.00171896 0.000762605 -0.00227611   1.8065   0.2973 -9.63029 10.9934
-0.0498926    1.10055    3.65747   0.243439 -0.0864079 -0.0189478 0.354274 0.406696   1.7321 -0.00544429  -0.0137311   0.0415099  0.00453724  0.00341807 -0.00402947  -0.00161789 -0.00385349   0.0103166   0.0017187 0.000762146 -0.00227001   1.8065   0.2973 -9.63031 10.994
-0.195578   1.28059   3.63824   0.243816 -0.0863943 -0.0180286 0.353388 0.404215  1.73191 -0.0054469 -0.0137335  0.0415127  0.00666467  0.00279972 0.000799175  -0.00152944 -0.00397385    0.010329   0.0017202 0.000762632 -0.00228254  1.80649 0.297299 -9.63028 10.995
-0.243053   1.06904   3.89826   0.243728 -0.0863259 -0.0185701 0.353617 0.406656   1.7321 -0.00545056  -0.0137302   0.0415125   0.0055903  0.00283171 -0.00205701  -0.00149568 -0.00383055   0.0101482   0.0017197 0.000762428 -0.00227561   1.8065   0.2973 -9.63029 10.9955
-0.0596878   0.941587    3.60801   0.243879 -0.0860601 -0.0184846 0.355118 0.405812   1.7323 -0.00545153  -0.0137314   0.0415109  0.00603719  0.00383387 -0.00195148  -0.00162603 -0.00374029   0.0103528  0.00171965 0.000761915 -0.00227659   1.8065   0.2973 -9.63029 10.9958
0.0635088   1.09069   3.52141   0.243686 -0.0862183 -0.0186534 0.353968 0.408626  1.73204 -0.00545124   -0.013733   0.0415118  0.00388791  0.00211031 -0.00268036    -0.001713 -0.00384115   0.0104099  0.00172057  0.00076238 -0.00227617   1.8065   0.2973 -9.63029 10.9961
0.040687  1.15299  3.65277   0.243059 -0.0857658 -0.0179124 0.357156 0.413193  1.73283 -0.00545078  -0.0137296   0.0415058 -0.000920487   0.00390255   0.00135607  -0.00169331 -0.00388513   0.0103166  0.00172464 0.000761559 -0.00228794  1.80649 0.297299 -9.63026 10.9972
-0.209199   1.29367    3.8155   0.243537 -0.0858881 -0.0178117  0.35517 0.409027  1.73241 -0.00545318  -0.0137368   0.0415126 0.00309305   0.002372 0.00128006  -0.00152038 -0.00397934    0.010205  0.00172309 0.000762154 -0.00228774  1.80649 0.297299 -9.63026 10.9977
-0.310863   0.99998   4.01144   0.243506 -0.0858491 -0.0179354 0.355078 0.410021  1.73248 -0.00545738  -0.0137339    0.041512  0.00276352  0.00244752 0.000240646  -0.00145217 -0.00378165   0.0100718  0.00172301 0.000762132  -0.0022854  1.80649 0.297299 -9.63027 10.9978
-0.327602   1.05297    3.6127    0.24389 -0.0867293 -0.0176113 0.349058 0.407519  1.73099 -0.00545777  -0.0137366   0.0415064  0.00457982 -0.00198409  0.00186309  -0.00144629 -0.00381966   0.0103498  0.00172279 0.000764406 -0.00228928  1.80649 0.297299 -9.63026 10.9989
-0.20563 0.919921  3.41724   0.243816 -0.0871688  -0.017885 0.346629  0.40937  1.73043 -0.00545763  -0.0137398   0.0415081   0.00340634  -0.00358342 -4.98291e-05  -0.00152665 -0.00372582   0.0104899  0.00172278 0.000765225 -0.00228584  1.80649 0.297299 -9.63027 10.9994
-0.118702   1.10469   3.59886   0.243634 -0.0871258 -0.0176602 0.347375 0.410935  1.73063 -0.00545899  -0.0137409   0.0415095  0.00181257 -0.00308917  0.00106916  -0.00158228 -0.00385944   0.0103577  0.00172412 0.000765074 -0.00228964  1.80649 0.297299 -9.63026 10.9997
-0.163867    1.2061   3.62844   0.243479 -0.0875174 -0.0169189 0.345051 0.412421  1.73013 -0.00546094  -0.0137416   0.0415075 0.000686514 -0.00481913  0.00456073  -0.00153567 -0.00393144   0.0103368  0.00172663 0.000765995 -0.00229972  1.80649 0.297298 -9.63023 11.0005
-0.299649   1.00396   4.01205    0.24355 -0.0876509 -0.0169417 0.344766 0.412153  1.73025 -0.00546375  -0.0137413   0.0415071  0.00134521 -0.00480809  0.00371225  -0.00143419 -0.00379057   0.0100722  0.00172606 0.000766025 -0.00229748  1.80649 0.297299 -9.63024 11.0007
-0.249153  0.925543    3.7289   0.243787  -0.088308 -0.0168511 0.340942 0.410728  1.72925 -0.00546619   -0.013743   0.0415053  0.00256727 -0.00775047  0.00386745  -0.00147932 -0.00373221    0.010277  0.00172551  0.00076742 -0.00229755  1.80649 0.297299 -9.63024 11.0014
-0.122957  0.818752   3.55988   0.243253  -0.088755 -0.0167325 0.339397 0.415664  1.72891 -0.00546504  -0.0137491   0.0415136 -0.00158137 -0.00964592  0.00372188  -0.00157565 -0.00365136    0.010403  0.00172789 0.000768037 -0.00230008  1.80649 0.297299 -9.63023 11.0021
-0.0683044   0.990553     3.6464   0.243369 -0.0882048 -0.0171218 0.343778 0.414461  1.72986 -0.00546654  -0.0137493   0.0415117 -0.000592401  -0.00613531   0.00144057  -0.00161503 -0.00377365   0.0103424  0.00172613 0.000766332 -0.00229358  1.80649   0.2973 -9.63025 11.0028
-0.250133   1.10916   3.87876   0.243373 -0.0885634 -0.0163487 0.342009 0.413707  1.72955 -0.00546968  -0.0137524   0.0415124 -0.000573688  -0.00724869   0.00479021  -0.00148754 -0.00385367   0.0101778  0.00172785 0.000767016 -0.00230346  1.80649 0.297299 -9.63023 11.0036
-0.339076   1.00273   4.23261   0.243051  -0.088612 -0.0167073 0.343095 0.416209  1.72995 -0.00546847   -0.013743   0.0415113 -0.00250668 -0.00616406  0.00224226   -0.0014167 -0.00377944  0.00993229  0.00172775 0.000766572 -0.00229785  1.80649 0.297299 -9.63024 11.0041
-0.265231  0.961928   3.73597   0.243426 -0.0886955 -0.0165242 0.342983 0.412678  1.72968 -0.00547202   -0.013745   0.0415112 -0.000171584  -0.00576105   0.00294366  -0.00146881 -0.00375179   0.0102848  0.00172671 0.000766575 -0.00229865  1.80649 0.297299 -9.63024 11.0045
-0.171139    1.0923   3.41751   0.244044 -0.0884624 -0.0164599 0.344891 0.407354  1.72991 -0.00547438  -0.0137336   0.0415153  0.00387513 -0.00359616  0.00262765  -0.00154597 -0.00384375   0.0105116  0.00172443 0.000765789 -0.00229694  1.80649 0.297298 -9.63024 11.0052
-0.122316   1.04764   3.59101   0.244072 -0.0883101 -0.0165366 0.346503 0.407241   1.7303 -0.00547494  -0.0137343   0.0415146  0.00368437 -0.00247416  0.00192996  -0.00158036 -0.00380967   0.0103887  0.00172417 0.000765286 -0.00229528  1.80649 0.297298 -9.63025 11.0054
-0.202767   1.10227   3.86057   0.243788 -0.0881726 -0.0154755 0.348029 0.409173  1.73077 -0.00547569  -0.0137326   0.0415121  0.00049926 -0.00158642   0.0069808  -0.00151435 -0.00384917   0.0101984   0.0017278 0.000765073 -0.00230961  1.80648 0.297297 -9.63021 11.0065
-0.330287  0.969139   3.95907   0.243711 -0.0883974 -0.0149238 0.346804 0.409624  1.73057 -0.00547692  -0.0137326   0.0415122 -0.000500249  -0.00255991   0.00883695  -0.00142422 -0.00375781   0.0101318  0.00172903 0.000765605 -0.00231475  1.80648 0.297297  -9.6302 11.0071
-0.364281  0.974635   3.70343   0.243476 -0.0881852 -0.0146794 0.348608 0.411212  1.73089 -0.0054776  -0.013734  0.0415137  -0.00235872 -0.000882018   0.00936235  -0.00139978 -0.00376349   0.0103119   0.0017301 0.000764991 -0.00231688  1.80648 0.297297 -9.63019 11.0075
-0.153849  0.820154   3.45398   0.244083 -0.0878072 -0.0145253  0.35079 0.405726  1.73117 -0.00548045  -0.0137282   0.0415071  0.00143552 0.000792177  0.00892401  -0.00155679 -0.00365166    0.010489  0.00172757 0.000764152 -0.00231423  1.80648 0.297296  -9.6302 11.0082
-0.161101  0.934353    3.6308   0.244008 -0.0879527 -0.0146174 0.349815 0.406761  1.73106 -0.00548144  -0.0137289    0.041508 0.000693812  2.8443e-05  0.00783977  -0.00156052 -0.00373124   0.0103601  0.00172743 0.000764469 -0.00231172  1.80648 0.297297 -9.63021 11.0084
-0.167892   1.09948   3.79026   0.243899 -0.0879327 -0.0142003 0.349984 0.407516  1.73116 -0.00548241  -0.0137286   0.0415076 -3.90286e-05  0.000220933   0.00887736  -0.00154984 -0.00384396   0.0102473  0.00172836 0.000764503 -0.00231502  1.80648 0.297296  -9.6302 11.0088
-0.317743  0.852197   4.04878   0.244166 -0.0877027 -0.0136154 0.351057 0.404791  1.73144 -0.00548224  -0.0137328    0.041508 0.00151071 0.00145366  0.0102557  -0.00145297 -0.00367712    0.010076  0.00172808 0.000764097 -0.00231818  1.80648 0.297297 -9.63019 11.0095
-0.153006  0.973275   3.79283   0.243845  -0.088356 -0.0140354 0.347211 0.408567  1.73058 -0.00548443  -0.0137296   0.0415078 -0.000437833  -0.00213168   0.00749396  -0.00156483 -0.00376039   0.0102493  0.00172819 0.000765463 -0.00231233  1.80648 0.297296 -9.63021 11.0104
0.126314   1.0702  3.48134   0.244036 -0.0877653  -0.013559 0.351236 0.406282  1.73128 -0.00548856  -0.0137252   0.0415029 0.000558101  0.00113759  0.00895879  -0.00176175 -0.00382812   0.0104777  0.00172818 0.000764153 -0.00231594  1.80648 0.297296  -9.6302 11.0111
0.108758  1.18811  3.46113   0.243854 -0.0878437 -0.0131746 0.350771 0.407507  1.73117 -0.00549074  -0.0137254   0.0415007 -0.000309314 -2.21482e-05    0.0103523  -0.00174204 -0.00391453    0.010496  0.00172955 0.000764452  -0.0023202  1.80648 0.297295 -9.63019 11.0116
-0.141875   1.08376   3.73084   0.243571 -0.0877034 -0.0130167  0.35193 0.409789  1.73157 -0.00548998   -0.013724   0.0415001 -0.00194905 0.000245612  0.00963004  -0.00157252 -0.00383926    0.010306  0.00173028 0.000763994 -0.00231961  1.80648 0.297295 -9.63019 11.0119
-0.386309  0.910111   3.98033   0.243301 -0.0878652 -0.0135682 0.350961  0.41242  1.73151 -0.00549298  -0.0137155   0.0414995    -0.003559 -6.46542e-05   0.00504255  -0.00142102 -0.00372585   0.0101426  0.00172911 0.000764123 -0.00230933  1.80649 0.297295 -9.63021 11.0126
-0.227877  0.892127   3.90682   0.242907 -0.0868271 -0.0143115 0.358001 0.415293  1.73307 -0.00548793  -0.0137123   0.0415049  -0.0060262  0.00603942 0.000615467  -0.00153815 -0.00371052   0.0101896  0.00172808 0.000761349 -0.00229891  1.80649 0.297296 -9.63024 11.0139
-0.00406852    0.833946     3.63051   0.242877 -0.0860867 -0.0141088 0.362004 0.414006  1.73381 -0.00548875  -0.0137127   0.0415024 -0.00630004   0.0090228  0.00125491  -0.00169831 -0.00367023   0.0103854  0.00172806 0.000759958 -0.00230069  1.80649 0.297296 -9.63023 11.0147
0.0773547  0.895021   3.54372   0.243157 -0.0860147 -0.0143342  0.36149 0.411312   1.7336 -0.00548861  -0.0137104   0.0415011 -0.00406459  0.00832395  -0.0003442  -0.00174776 -0.00371453   0.0104479  0.00172619 0.000760048 -0.00229644  1.80649 0.297296 -9.63024 11.015
-0.173234   1.09275    3.8147   0.242574 -0.0858885 -0.0139453 0.361511 0.414912  1.73379 -0.00549202  -0.0137104   0.0414979 -0.00787078  0.00751907  0.00187981  -0.00156646 -0.00385631   0.0102526   0.0017289 0.000760239 -0.00230342  1.80649 0.297295 -9.63023 11.0157
-0.350607  0.924046   3.85628   0.242202 -0.0858419 -0.0138659 0.360307 0.416067  1.73361 -0.00549317  -0.0137092   0.0414971 -0.00850266  0.00661083  0.00124517  -0.00144022 -0.00374647   0.0102212  0.00172947 0.000760676 -0.00230411  1.80649 0.297295 -9.63022 11.0161
-0.207481  0.975458   3.85064   0.242037 -0.0856184 -0.0146294 0.361256 0.417116  1.73383 -0.00549195  -0.0137085   0.0414972 -0.00870034  0.00755099   -0.002628  -0.00154025 -0.00378101    0.010224  0.00172773 0.000760143 -0.00229386  1.80649 0.297296 -9.63025 11.0169
-0.192129   1.15512    3.4482   0.241918 -0.0860603 -0.0145611 0.357561 0.416974  1.73288 -0.00549083  -0.0137077   0.0414954 -0.00832328  0.00490302 -0.00193329  -0.00155987 -0.00390752   0.0105013  0.00172801 0.000761549  -0.0022959  1.80649 0.297295 -9.63024 11.0174
-0.217777   1.08221   3.38576   0.242206 -0.0861239 -0.0146257  0.35687 0.414238  1.73266 -0.00548927  -0.0137024   0.0414967 -0.00544393  0.00450721 -0.00235603  -0.00155202 -0.00385341   0.0105441  0.00172651 0.000761865 -0.00229426  1.80649 0.297295 -9.63025 11.0177
-0.161833   1.11857    3.7259   0.241955 -0.0860567  -0.014321 0.356567 0.414802  1.73272 -0.00549138  -0.0137033   0.0414961  -0.00609598   0.00499469 -0.000735164  -0.00157862 -0.00387772   0.0103085  0.00172775 0.000762117 -0.00229937  1.80649 0.297295 -9.63023 11.0181
-0.332577  0.974673    4.0337   0.242444 -0.0858238 -0.0146132  0.35637 0.409448  1.73264 -0.0054933 -0.0137154  0.0414934 -0.00140389  0.00587653 -0.00243926  -0.00146951 -0.00377787   0.0101026   0.0017247 0.000761953 -0.00229364  1.80649 0.297296 -9.63025 11.0187
-0.293076  0.983005   3.86563    0.24207 -0.0867133 -0.0151024 0.350123 0.413314  1.73133 -0.00549867  -0.0137104   0.0414906 -0.00374666 0.000905245 -0.00482201  -0.00150015 -0.00378252   0.0102187  0.00172518 0.000764108 -0.00228931   1.8065 0.297296 -9.63026 11.0198
-0.189055   1.10788   3.59072   0.241298 -0.0867573 -0.0151684 0.350329 0.419031  1.73137 -0.00549999  -0.0137129   0.0414879  -0.0086403 0.000890579 -0.00466494   -0.0015746 -0.00387445   0.0104174  0.00172782 0.000764207 -0.00229194  1.80649 0.297296 -9.63025 11.0206
-0.128715   1.07262   3.53807   0.241322 -0.0871294 -0.0154203 0.347831 0.417919   1.7308 -0.00549834  -0.0137121    0.041489 -0.00763196 -0.00115107 -0.00574838  -0.00161275 -0.00385151   0.0104507  0.00172693  0.00076506 -0.00228922   1.8065 0.297296 -9.63026 11.021
-0.137772   1.12694   3.75588   0.240729 -0.0866893 -0.0154754 0.351177 0.421013  1.73166 -0.00549664  -0.0137095   0.0414867   -0.010578  0.00138221 -0.00551195   -0.0016081 -0.00388569   0.0103075  0.00172846 0.000763932 -0.00229117  1.80649 0.297296 -9.63025 11.0218
-0.314319   1.06463    3.9213   0.240869 -0.0864153 -0.0151261 0.352245 0.416599  1.73189 -0.00549625  -0.0137165   0.0414871 -0.00741492  0.00220167 -0.00295119  -0.00149821 -0.00384272    0.010197  0.00172795 0.000763561  -0.0022963  1.80649 0.297296 -9.63024 11.0222
-0.200341   1.08546   3.89776     0.2403 -0.0860877 -0.0154966 0.354579 0.420439  1.73245 -0.00549367   -0.013712   0.0414872 -0.00987383  0.00371135 -0.00482522  -0.00158142 -0.00385689   0.0102091  0.00172873 0.000762708 -0.00229329  1.80649 0.297296 -9.63025 11.023
-0.0819768    1.05765    3.66742   0.240771 -0.0864373 -0.0152389 0.351534 0.415141  1.73163 -0.00549319  -0.0137097   0.0414871 -0.00545589  0.00132514 -0.00321626  -0.00166671 -0.00383592   0.0103717  0.00172733 0.000763826 -0.00229605  1.80649 0.297295 -9.63024 11.0236
-0.114126   1.10304   3.52224   0.240386 -0.0865489 -0.0153815 0.350929 0.417851  1.73148 -0.00549332  -0.0137135   0.0414872 -0.00731918 0.000497619  -0.0035875  -0.00165141 -0.00386799   0.0104663  0.00172828 0.000764063 -0.00229589  1.80649 0.297296 -9.63024 11.0241
-0.162111   1.01814   3.76317     0.2408 -0.0865528 -0.0162082 0.350309 0.413828  1.73138 -0.00549496  -0.0137167   0.0414836 -0.00313757 0.000925886 -0.00773514  -0.00161169 -0.00380886   0.0103053  0.00172441 0.000764019 -0.00228436   1.8065 0.297297 -9.63027 11.025
-0.327886   1.12973   3.90522   0.240946  -0.086819 -0.0167113 0.348079 0.412249  1.73095 -0.00549682  -0.0137188   0.0414826 -0.00168186 4.02112e-05 -0.00913635  -0.00150693 -0.00387847   0.0102087  0.00172302 0.000764724 -0.00228051   1.8065 0.297297 -9.63028 11.0256
-0.131153    1.0668   3.95411   0.240678 -0.0866897 -0.0170841 0.349166 0.414355  1.73123 -0.00549624  -0.0137178   0.0414826 -0.00302004 0.000962095  -0.0105929  -0.00164107 -0.00383487   0.0101742  0.00172328 0.000764324 -0.00227801   1.8065 0.297297 -9.63028 11.026
-0.019446   1.01147   3.55927   0.241765 -0.0868953 -0.0168458 0.347105 0.404845   1.7305 -0.00549493  -0.0137065    0.041478   0.00417883 -0.000248204  -0.00871235  -0.00173261 -0.00379279   0.0104572  0.00172018  0.00076505 -0.00228026   1.8065 0.297296 -9.63028 11.0272
-0.101379   1.13375   3.52514   0.241912 -0.0872119 -0.0168698 0.344715 0.404024  1.72998 -0.0054939 -0.0137058  0.0414785  0.00459528 -0.00187742 -0.00819382  -0.00168003 -0.00387408   0.0104804  0.00172027 0.000765829 -0.00228194   1.8065 0.297296 -9.63028 11.0275
-0.124086    1.0369   3.78963   0.242356 -0.0875904  -0.016544 0.342198 0.400819   1.7295 -0.00549537  -0.0137084   0.0414773  0.00689278 -0.00421353 -0.00615291  -0.00165274 -0.00380915    0.010307  0.00172021 0.000766833  -0.0022875   1.8065 0.297296 -9.63026 11.0282
-0.282755   1.15829   3.75318   0.242669 -0.0879812 -0.0162611 0.340363 0.399639  1.72906 -0.00549715  -0.0137109   0.0414764  0.00751957 -0.00600495 -0.00386253  -0.00153539 -0.00389189   0.0103266  0.00172099 0.000767599 -0.00229346  1.80649 0.297295 -9.63025 11.0288
-0.331192  0.942259   3.92237   0.242814 -0.0877411 -0.0164879 0.342425 0.399391   1.7296 -0.00549933  -0.0137104   0.0414773    0.007709 -0.00376909 -0.00530341  -0.00150094 -0.00374199   0.0102093  0.00172036 0.000766774 -0.00229063   1.8065 0.297296 -9.63026 11.0291
-0.285768  0.987395   3.57006   0.242854  -0.088192 -0.0169232 0.340493 0.400588   1.7291 -0.00550008  -0.0137111   0.0414758  0.00667874 -0.00565059 -0.00659198  -0.00153622  -0.0037729   0.0104608  0.00171999  0.00076756 -0.00228666   1.8065 0.297296 -9.63027 11.0298
-0.320806  0.962237   3.45618   0.243306 -0.0876304 -0.0170031 0.344373 0.397493  1.72989 -0.00550417  -0.0137069   0.0414765  0.00869602 -0.00154277 -0.00697607  -0.00150424  -0.0037598    0.010533  0.00171876 0.000766086 -0.00228578   1.8065 0.297296 -9.63027 11.0305
-0.11798  1.11904  3.78753   0.243098  -0.087496 -0.0169757 0.345701 0.400213  1.73032 -0.00550426  -0.0137056   0.0414753   0.00620911 -0.000854308  -0.00630739  -0.00163472 -0.00386052   0.0103124  0.00172036 0.000765748 -0.00228886   1.8065 0.297295 -9.63026 11.0307
-0.301672   1.12365   3.76621   0.243515 -0.0877267  -0.017291 0.343572 0.398533  1.72985 -0.00550515  -0.0137066   0.0414763  0.00860576 -0.00171521 -0.00729466   -0.0015067 -0.00386595    0.010323  0.00171933 0.000766225 -0.00228673   1.8065 0.297295 -9.63027 11.0313
-0.261084    1.0024   3.92403   0.243154 -0.0879827 -0.0178078 0.342582 0.403317  1.72978 -0.00550762  -0.0137011   0.0414757  0.00548768 -0.00255192 -0.00914016  -0.00153722 -0.00377833   0.0102151  0.00172032 0.000766575 -0.00228309   1.8065 0.297295 -9.63027 11.032
-0.200692   1.15828   3.47435   0.243397 -0.0872687 -0.0178697 0.347345 0.401676  1.73062 -0.00551369  -0.0136998   0.0414752   0.0065535  0.00180848 -0.00854784  -0.00158263 -0.00389242   0.0105391  0.00171995 0.000764858 -0.00228365   1.8065 0.297295 -9.63027 11.0327
